order_id,farm,rose_variety,stem_length_cm,grade,stems_per_bunch,num_bunches,total_stems,harvest_date,order_date,ship_date,delivery_date,destination_country,buyer,currency,price_per_stem,total_sale_value,shipping_method,freight_cost_usd,temp_at_shipping_c,rejected_stems,quality_issue,payment_status,customer_rating,duplicate_order_flag,negative_price_flag,cold_storage_flag,order_to_ship_days,ship_to_delivery_days,valid_temporal_sequence,had_unknown_value,harvest_year,harvest_month,harvest_quarter,order_year,order_month,order_quarter,shipping_year,delivery_year,delivery_month,harvest_to_order_days,total_supply_chain_days,revenue,total_freight_cost,net_sale_value,profit_margin_pct,calculated_total_stems,total_stems_final,rejection_rate_pct,quality_status,rejection_level,satisfaction_category
RB-000893,Rift Bloom - Timboroa Farm,Yellow Babe,80.0,A,40.0,185.0,7400.0,2022-04-13,2022-04-15,2022-04-19,2022-04-23,United Kingdom,Dubai Flower Centre,USD,0.414,3063.6,AIR FREIGHT,792.81,,0.0,,PAID,5.0,False,False,False,4.0,4.0,True,False,2022.0,4.0,2.0,2022.0,4.0,2.0,2022.0,2022.0,4.0,2.0,10.0,3063.6,792.81,2270.79,74.12162162162163,7400.0,7400.0,0.0,No Quality Issue,High Rejection,Excellent
RB-000644,Rift Bloom - Turbo Farm,Freedom,70.0,A,25.0,35.0,875.0,2023-04-08,2023-04-08,2023-04-10,2023-04-12,United Kingdom,Aalsmeer Direct,EUR,0.398,348.25,AIR FREIGHT,,1.0,0.0,,NAN,5.0,False,False,False,2.0,2.0,True,False,2023.0,4.0,2.0,2023.0,4.0,2.0,2023.0,2023.0,4.0,0.0,4.0,348.25,,,,875.0,875.0,0.0,No Quality Issue,High Rejection,Excellent
RB-002255,Rift Bloom - Ziwa Farm,Red Naomi,40.0,PREMIUM,10.0,113.0,1130.0,2024-03-21,2024-03-23,2024-03-25,2024-03-28,France,Carrefour Flowers,USD,0.28,316.4,NAN,267.85,,0.0,,NAN,5.0,False,False,False,2.0,3.0,True,False,2024.0,3.0,1.0,2024.0,3.0,1.0,2024.0,2024.0,3.0,2.0,7.0,316.4,267.85,48.549999999999955,15.344500632111238,1130.0,1130.0,0.0,No Quality Issue,High Rejection,Excellent
RB-000445,Rift Bloom - Timboroa Farm,Yellow Babe,80.0,B,20.0,66.0,1320.0,2026-06-15,2026-06-17,2026-06-19,2026-06-21,Poland,Tokyo Flower Market,EUR,0.279,368.28,NAN,571.54,2.2,0.0,,PAID,1.0,False,False,False,2.0,2.0,True,False,2026.0,6.0,2.0,2026.0,6.0,2.0,2026.0,2026.0,6.0,2.0,6.0,368.28,571.54,-203.26,-55.19170196589551,1320.0,1320.0,0.0,No Quality Issue,High Rejection,Poor
RB-001236,Rift Bloom - Kesses Farm,Red Naomi,50.0,PREMIUM,25.0,131.0,3275.0,,2024-08-26,2024-08-27,2024-08-30,Japan,M-Farm Traders,EUR,0.35,1146.25,UNKNOWN,,2.5,0.0,,OVERDUE,4.0,False,False,False,1.0,3.0,True,False,,,,2024.0,8.0,3.0,2024.0,2024.0,8.0,,,1146.25,,,,3275.0,3275.0,0.0,No Quality Issue,High Rejection,Good
RB-001814,Rift Bloom - Timboroa Farm,Peach Avalanche,70.0,B,20.0,11.0,220.0,,2022-10-02,2022-12-02,2022-02-16,uae,Bloomon BV,USD,0.364,80.08,AIR FREIGHT,347.23,2.3,0.0,,NAN,4.0,False,False,False,61.0,-289.0,False,False,,,,2022.0,10.0,4.0,2022.0,2022.0,2.0,,,80.08,347.23,-267.15000000000003,-333.60389610389615,220.0,220.0,0.0,No Quality Issue,High Rejection,Good
RB-001671,Rift Bloom - Moiben Farm,Pink Floyd,70.0,STANDARD,10.0,191.0,1910.0,2022-06-06,2022-06-07,2022-08-06,2022-06-14,Netherlands,FloraHolland Auction,USD,0.387,739.17,AIR FREIGHT,524.65,3.5,0.0,,PAID,5.0,False,False,False,60.0,-53.0,False,False,2022.0,6.0,2.0,2022.0,6.0,2.0,2022.0,2022.0,6.0,1.0,8.0,739.17,524.65,214.51999999999998,29.0217406009443,1910.0,1910.0,0.0,No Quality Issue,High Rejection,Excellent
RB-000276,Rift Bloom - Ziwa Farm,Sweetness,90.0,PREMIUM,10.0,104.0,1040.0,2026-08-04,2026-06-08,2026-08-08,2026-08-10,Australia,Aalsmeer Direct,NAN,0.561,583.44,AIR FREIGHT,163.72,,9.0,,PAID,4.0,False,False,False,61.0,2.0,True,False,2026.0,8.0,3.0,2026.0,6.0,2.0,2026.0,2026.0,8.0,-57.0,6.0,583.44,163.72,419.72,71.93884546825723,1040.0,1040.0,0.8653846153846154,No Quality Issue,High Rejection,Good
RB-002879,Rift Bloom - Kapseret Farm,Sweetness,50.0,C,40.0,110.0,4400.0,2023-03-23,2023-03-24,2023-03-25,2023-03-31,United Arab Emirates,Whole Foods Market,NAN,0.287,1262.8,ROAD THEN AIR,418.22,0.0,0.0,,PENDING,5.0,False,False,False,1.0,6.0,True,False,2023.0,3.0,1.0,2023.0,3.0,1.0,2023.0,2023.0,3.0,1.0,8.0,1262.8,418.22,844.5799999999999,66.88153310104529,4400.0,4400.0,0.0,No Quality Issue,High Rejection,Excellent
RB-002392,Rift Bloom - Moiben Farm,Yellow Babe,80.0,PREMIUM,10.0,168.0,1680.0,2024-01-27,2024-01-27,2024-01-28,2024-01-30,Poland,Interflora Russia,USD,0.147,246.96,ROAD THEN AIR,98.91,2.9,0.0,,PENDING,4.0,False,False,False,1.0,2.0,True,False,2024.0,1.0,1.0,2024.0,1.0,1.0,2024.0,2024.0,1.0,0.0,3.0,246.96,98.91,148.05,59.94897959183674,1680.0,1680.0,0.0,No Quality Issue,High Rejection,Good
RB-002142,Rift Bloom - Turbo Farm,Vendela,40.0,STANDARD,10.0,33.0,330.0,2025-07-21,2025-07-22,2025-07-24,2025-07-27,Switzerland,Bloomon BV,NAN,0.378,124.74,AIR FREIGHT,23.26,4.9,14.0,Petal Bruising,PAID,3.0,False,False,False,2.0,3.0,True,False,2025.0,7.0,3.0,2025.0,7.0,3.0,2025.0,2025.0,7.0,1.0,6.0,124.74,23.26,101.47999999999999,81.35321468654801,330.0,330.0,4.242424242424243,Quality Issue,High Rejection,Average
RB-000225,Rift Bloom - Turbo Farm,Explorer,50.0,B,10.0,111.0,1110.0,2023-08-01,2023-08-03,2023-05-08,2023-09-08,Australia,Aalsmeer Direct,USD,0.329,365.19,NAN,175.25,2.1,4.0,Bud Blast,PAID,2.0,False,False,False,-87.0,123.0,False,False,2023.0,8.0,3.0,2023.0,8.0,3.0,2023.0,2023.0,9.0,2.0,38.0,365.19,175.25,189.94,52.01128179851584,1110.0,1110.0,0.36036036036036034,Quality Issue,High Rejection,Poor
RB-002586,Rift Bloom - Moiben Farm,Mondial,50.0,A,20.0,128.0,2560.0,2023-03-05,2023-03-05,2023-05-05,2023-06-05,Japan,Marks & Spencer Flowers,EUR,0.378,967.68,NAN,408.39,4.0,0.0,,PAID,5.0,False,False,False,61.0,31.0,True,False,2023.0,3.0,1.0,2023.0,3.0,1.0,2023.0,2023.0,6.0,0.0,92.0,967.68,408.39,559.29,57.79699900793651,2560.0,2560.0,0.0,No Quality Issue,High Rejection,Excellent
RB-000122,Rift Bloom - Ziwa Farm,Red Naomi,70.0,UNKNOWN,10.0,98.0,980.0,2023-03-24,2023-03-24,2023-03-28,2023-04-03,United kingdom,FloraHolland Auction,EUR,0.441,432.18,ROAD THEN AIR,22.56,2.0,0.0,,PENDING,5.0,False,False,False,4.0,6.0,True,False,2023.0,3.0,1.0,2023.0,3.0,1.0,2023.0,2023.0,4.0,0.0,10.0,432.18,22.56,409.62,94.7799527974455,980.0,980.0,0.0,No Quality Issue,High Rejection,Excellent
RB-002246,Rift Bloom - Kesses Farm,Avalanche,50.0,C,25.0,113.0,2825.0,2023-06-03,2023-08-03,2023-11-03,2023-03-17,Japan,Dubai Flower Centre,UNKNOWN,0.556,1570.7,ROAD THEN AIR,443.78,1.8,0.0,,OVERDUE,1.0,False,False,False,92.0,-231.0,False,False,2023.0,6.0,2.0,2023.0,8.0,3.0,2023.0,2023.0,3.0,61.0,-78.0,1570.7,443.78,1126.92,71.74635512828675,2825.0,2825.0,0.0,No Quality Issue,High Rejection,Poor
RB-000834,Rift Bloom - Timboroa Farm,Mondial,60.0,B,40.0,74.0,2960.0,2025-12-08,,2025-08-14,2025-08-18,Germany,M-Farm Traders,KES,49.92,147763.2,ROAD THEN AIR,133.88,2.2,0.0,,PAID,3.0,False,False,False,,4.0,False,False,2025.0,12.0,4.0,,,,2025.0,2025.0,8.0,,-112.0,147763.2,133.88,147629.32,99.90939557345807,2960.0,2960.0,0.0,No Quality Issue,High Rejection,Average
RB-001727,Rift Bloom - Moiben Farm,Avalanche,70.0,C,10.0,58.0,580.0,2022-02-08,2022-08-03,2022-07-08,2022-10-08,United Arab Emirates,Tokyo Flower Market,EUR,0.443,256.94,AIR FREIGHT,,-0.2,30.0,Undersized Stems,PAID,5.0,False,False,True,-26.0,92.0,False,False,2022.0,2.0,1.0,2022.0,8.0,3.0,2022.0,2022.0,10.0,176.0,242.0,256.94,,,,580.0,580.0,5.172413793103448,Quality Issue,High Rejection,Excellent
RB-001692,Rift Bloom - Timboroa Farm,RedNaomi,50.0,B,40.0,134.0,5360.0,2026-01-20,2026-01-22,2026-01-25,2026-01-26,NL,Local Wholesaler - Eldoret,EUR,0.268,1436.48,ROAD THEN AIR,32.63,1.0,0.0,,NAN,3.0,False,False,False,3.0,1.0,True,False,2026.0,1.0,1.0,2026.0,1.0,1.0,2026.0,2026.0,1.0,2.0,6.0,1436.48,32.63,1403.85,97.7284751615059,5360.0,5360.0,0.0,No Quality Issue,High Rejection,Average
RB-001124,Rift Bloom - Turbo Farm,Avalanche,60.0,B,25.0,43.0,1075.0,2024-08-01,2024-03-08,2024-05-08,2024-08-07,Poland,Interflora Russia,EUR,0.381,409.57,ROAD THEN AIR,171.88,0.0,6.0,,OVERDUE,5.0,False,False,False,61.0,91.0,True,False,2024.0,8.0,3.0,2024.0,3.0,1.0,2024.0,2024.0,8.0,-146.0,6.0,409.57,171.88,237.69,58.03403569597383,1075.0,1075.0,0.5581395348837209,No Quality Issue,High Rejection,Excellent
RB-002286,Rift Bloom - Moiben Farm,Peach Avalanche,50.0,C,40.0,72.0,2880.0,2023-06-18,2023-06-20,2023-06-23,2023-06-28,Russia,Local Wholesaler - Eldoret,EUR,0.492,1416.96,AIR FREIGHT,212.41,0.8,0.0,,UNKNOWN,3.0,False,False,False,3.0,5.0,True,False,2023.0,6.0,2.0,2023.0,6.0,2.0,2023.0,2023.0,6.0,2.0,10.0,1416.96,212.41,1204.55,85.00945686540197,2880.0,2880.0,0.0,No Quality Issue,High Rejection,Average
RB-001580,Rift Bloom - Kapseret Farm,Yellow Babe,70.0,STANDARD,20.0,337.0,6740.0,2023-02-12,2023-04-12,2023-06-12,2023-12-11,Australia,M-Farm Traders,USD,0.44,2965.6,ROAD THEN AIR,177.61,3.4,0.0,,PAID,4.0,False,False,False,61.0,182.0,True,False,2023.0,2.0,1.0,2023.0,4.0,2.0,2023.0,2023.0,12.0,59.0,302.0,2965.6,177.61,2787.99,94.01099271648232,6740.0,6740.0,0.0,No Quality Issue,High Rejection,Good
RB-002975,Rift Bloom - Kesses Farm,Red Naomi,60.0,C,40.0,83.0,3320.0,2024-11-29,2024-01-12,2024-04-12,2024-10-12,United Arab Emirates,M-Farm Traders,EUR,0.146,484.72,NAN,137.7,0.2,13.0,,PENDING,3.0,False,False,False,91.0,183.0,True,False,2024.0,11.0,4.0,2024.0,1.0,1.0,2024.0,2024.0,10.0,-322.0,-48.0,484.72,137.7,347.02000000000004,71.59184683941244,3320.0,3320.0,0.391566265060241,No Quality Issue,High Rejection,Average
RB-000685,Rift Bloom - Kapseret Farm,Freedom,80.0,B,25.0,76.0,1900.0,2024-02-21,2024-02-22,2024-02-23,2024-02-28,United Kingdom,Whole Foods Market,KES,65.39,124241.0,AIR FREIGHT,91.16,2.1,0.0,,PAID,4.0,False,False,False,1.0,5.0,True,False,2024.0,2.0,1.0,2024.0,2.0,1.0,2024.0,2024.0,2.0,1.0,7.0,124241.0,91.16,124149.84,99.92662647596204,1900.0,1900.0,0.0,No Quality Issue,High Rejection,Good
RB-000514,Rift Bloom - Turbo Farm,Mondial,70.0,C,10.0,126.0,1260.0,,2025-08-18,2025-08-22,2025-08-23,Australia,Whole Foods Market,USD,0.482,607.32,AIR FREIGHT,98.97,1.1,0.0,,OVERDUE,4.0,False,False,False,4.0,1.0,True,False,,,,2025.0,8.0,3.0,2025.0,2025.0,8.0,,,607.32,98.97,508.35,83.70381347559771,1260.0,1260.0,0.0,No Quality Issue,High Rejection,Good
RB-002721,Rift Bloom - Ziwa Farm,Pink Floyd,60.0,,40.0,38.0,1520.0,2024-11-18,2024-11-20,2024-11-23,2024-11-28,Poland,Whole Foods Market,KES,50.44,76668.8,AIR FREIGHT,356.79,-2.4,0.0,,PAID,3.0,False,False,True,3.0,5.0,True,False,2024.0,11.0,4.0,2024.0,11.0,4.0,2024.0,2024.0,11.0,2.0,10.0,76668.8,356.79,76312.01000000001,99.53463468842607,1520.0,1520.0,0.0,No Quality Issue,High Rejection,Average
RB-002269,Rift Bloom - Ziwa Farm,Pink Floyd,50.0,PREMIUM,10.0,103.0,1030.0,2022-01-12,2022-12-02,2022-03-12,2022-09-12,France,Interflora Russia,USD,0.403,415.09,ROAD THEN AIR,329.15,4.3,0.0,,PENDING,5.0,False,False,False,-265.0,184.0,False,False,2022.0,1.0,1.0,2022.0,12.0,4.0,2022.0,2022.0,9.0,324.0,243.0,415.09,329.15,85.94,20.703943723048017,1030.0,1030.0,0.0,No Quality Issue,High Rejection,Excellent
RB-001964,Rift Bloom - Timboroa Farm,Vendela,60.0,A,10.0,57.0,570.0,2023-03-08,2023-08-05,2023-07-08,2023-09-08,Poland,FloraHolland Auction,USD,0.233,132.81,AIR FREIGHT,248.52,1.1,0.0,,PAID,5.0,False,False,False,-28.0,62.0,False,False,2023.0,3.0,1.0,2023.0,8.0,3.0,2023.0,2023.0,9.0,150.0,184.0,132.81,248.52,-115.71000000000001,-87.12446351931331,570.0,570.0,0.0,No Quality Issue,High Rejection,Excellent
RB-002782,Rift Bloom - Moiben Farm,Red Naomi,50.0,C,25.0,128.0,3200.0,2024-01-08,2024-01-09,2024-01-11,2024-01-13,Australia,FloraHolland Auction,NAN,0.415,1328.0,UNKNOWN,105.61,-0.8,41.0,Petal Bruising,NAN,5.0,False,False,True,2.0,2.0,True,False,2024.0,1.0,1.0,2024.0,1.0,1.0,2024.0,2024.0,1.0,1.0,5.0,1328.0,105.61,1222.39,92.04743975903615,3200.0,3200.0,1.28125,Quality Issue,High Rejection,Excellent
RB-000706,Rift Bloom - Moiben Farm,Sweetness,60.0,B,20.0,113.0,2260.0,2022-02-24,2022-02-24,2022-02-27,2022-01-03,Norway,M-Farm Traders,USD,0.479,1082.54,AIR FREIGHT,207.25,1.2,17.0,,PAID,3.0,False,False,False,3.0,-55.0,False,False,2022.0,2.0,1.0,2022.0,2.0,1.0,2022.0,2022.0,1.0,0.0,-52.0,1082.54,207.25,875.29,80.85521089290003,2260.0,2260.0,0.7522123893805309,No Quality Issue,High Rejection,Average
RB-002347,Rift Bloom - Turbo Farm,Athena,60.0,A,40.0,35.0,1400.0,2025-09-30,2025-01-10,2025-04-10,2025-10-07,Switzerland,FloraHolland Auction,UNKNOWN,0.302,422.8,NAN,265.81,2.4,0.0,,NAN,2.0,False,False,False,90.0,180.0,True,False,2025.0,9.0,3.0,2025.0,1.0,1.0,2025.0,2025.0,10.0,-263.0,7.0,422.8,265.81,156.99,37.1310312204352,1400.0,1400.0,0.0,No Quality Issue,High Rejection,Poor
RB-000417,Rift Bloom - Timboroa Farm,Red Naomi,60.0,A,20.0,91.0,1820.0,,2024-10-25,2024-10-27,2024-01-11,Switzerland,Interflora Russia,NAN,0.43,782.6,AIR FREIGHT,562.92,1.1,0.0,,PENDING,5.0,False,False,False,2.0,-290.0,False,False,,,,2024.0,10.0,4.0,2024.0,2024.0,1.0,,,782.6,562.92,219.68000000000006,28.070534117045753,1820.0,1820.0,0.0,No Quality Issue,High Rejection,Excellent
RB-001130,Rift Bloom - Kapseret Farm,Vendela,60.0,PREMIUM,10.0,169.0,1690.0,2025-05-27,2025-05-28,2025-05-30,2025-03-06,United Arab Emirates,M-Farm Traders,EUR,0.26,439.4,AIR FREIGHT,371.67,1.8,95.0,Petal Bruising,PAID,4.0,True,False,False,2.0,-85.0,False,False,2025.0,5.0,2.0,2025.0,5.0,2.0,2025.0,2025.0,3.0,1.0,-82.0,439.4,371.67,67.72999999999996,15.414201183431944,1690.0,1690.0,5.621301775147929,Quality Issue,High Rejection,Good
RB-002831,Rift Bloom - Timboroa Farm,Tibet,40.0,A,20.0,72.0,1440.0,2025-03-08,2025-08-04,2025-06-08,2025-08-11,Norway,Dubai Flower Centre,USD,0.498,717.12,ROAD THEN AIR,733.25,2.0,0.0,,OVERDUE,3.0,False,False,False,-57.0,64.0,False,False,2025.0,3.0,1.0,2025.0,8.0,3.0,2025.0,2025.0,8.0,149.0,156.0,717.12,733.25,-16.129999999999995,-2.2492748772869247,1440.0,1440.0,0.0,No Quality Issue,High Rejection,Average
RB-000653,Rift Bloom - Kesses Farm,Mondial,40.0,B,20.0,43.0,860.0,2023-09-16,2023-09-17,2023-09-19,2023-09-21,uk,FloraHolland Auction,USD,0.243,208.98,NAN,156.24,0.9,0.0,,PAID,5.0,False,False,False,2.0,2.0,True,False,2023.0,9.0,3.0,2023.0,9.0,3.0,2023.0,2023.0,9.0,1.0,5.0,208.98,156.24,52.73999999999998,25.236864771748486,860.0,860.0,0.0,No Quality Issue,High Rejection,Excellent
RB-000126,Rift Bloom - Turbo Farm,Vendela,40.0,,10.0,243.0,2430.0,2025-02-19,2025-02-20,2025-02-24,2025-03-02,France,FloraHolland Auction,EUR,0.434,1054.62,AIR FREIGHT,849.04,1.8,0.0,,NAN,5.0,False,False,False,4.0,6.0,True,False,2025.0,2.0,1.0,2025.0,2.0,1.0,2025.0,2025.0,3.0,1.0,11.0,1054.62,849.04,205.57999999999993,19.493277199370386,2430.0,2430.0,0.0,No Quality Issue,High Rejection,Excellent
RB-000420,Rift Bloom - Timboroa Farm,Circus,70.0,A,10.0,125.0,1250.0,2025-08-21,2025-08-21,2025-08-25,2025-08-29,UAE,Carrefour Flowers,EUR,0.289,361.25,UNKNOWN,669.46,2.6,0.0,,NAN,3.0,False,False,False,4.0,4.0,True,False,2025.0,8.0,3.0,2025.0,8.0,3.0,2025.0,2025.0,8.0,0.0,8.0,361.25,669.46,-308.21000000000004,-85.31764705882354,1250.0,1250.0,0.0,No Quality Issue,High Rejection,Average
RB-001397,Rift Bloom - Moiben Farm,Vendela,70.0,PREMIUM,20.0,102.0,2040.0,,2022-12-27,2022-12-31,2023-02-01,Australia,Bloomon BV,EUR,0.476,971.04,AIR FREIGHT,348.47,2.4,0.0,Undersized Stems,PAID,5.0,False,False,False,4.0,32.0,True,False,,,,2022.0,12.0,4.0,2022.0,2023.0,2.0,,,971.04,348.47,622.5699999999999,64.11373372878563,2040.0,2040.0,0.0,Quality Issue,High Rejection,Excellent
RB-000207,Rift Bloom - Timboroa Farm,Sweetness,50.0,B,20.0,157.0,3140.0,2022-01-19,2022-01-20,2022-01-24,2022-01-30,Poland,Tokyo Flower Market,USD,0.199,624.86,AIR FREIGHT,274.56,3.9,0.0,,NAN,4.0,False,False,False,4.0,6.0,True,False,2022.0,1.0,1.0,2022.0,1.0,1.0,2022.0,2022.0,1.0,1.0,11.0,624.86,274.56,350.3,56.060557564894545,3140.0,3140.0,0.0,No Quality Issue,High Rejection,Good
RB-001960,Rift Bloom - Ziwa Farm,Athena,40.0,A,25.0,74.0,1850.0,2025-05-28,2025-05-30,2025-03-06,2025-06-04,Poland,Carrefour Flowers,EUR,0.263,486.55,AIR FREIGHT,671.28,3.6,0.0,,NAN,4.0,False,False,False,-85.0,90.0,False,False,2025.0,5.0,2.0,2025.0,5.0,2.0,2025.0,2025.0,6.0,2.0,7.0,486.55,671.28,-184.72999999999996,-37.96732093310039,1850.0,1850.0,0.0,No Quality Issue,High Rejection,Good
RB-002107,Rift Bloom - Kesses Farm,Tibet,50.0,PREMIUM,20.0,82.0,1640.0,2025-01-21,2025-01-21,2025-01-24,2025-01-27,Norway,Tokyo Flower Market,EUR,0.158,259.12,ROAD THEN AIR,372.84,2.7,0.0,,PAID,4.0,False,False,False,3.0,3.0,True,False,2025.0,1.0,1.0,2025.0,1.0,1.0,2025.0,2025.0,1.0,0.0,6.0,259.12,372.84,-113.71999999999997,-43.88700216116084,1640.0,1640.0,0.0,No Quality Issue,High Rejection,Good
RB-001431,Rift Bloom - Moiben Farm,Peach Avalanche,60.0,PREMIUM,40.0,211.0,8440.0,2025-11-19,2025-11-21,2025-11-25,2025-11-26,Holland,FloraHolland Auction,EUR,0.496,4186.24,ROAD THEN AIR,163.63,0.8,0.0,,PENDING,5.0,False,False,False,4.0,1.0,True,False,2025.0,11.0,4.0,2025.0,11.0,4.0,2025.0,2025.0,11.0,2.0,7.0,4186.24,163.63,4022.6099999999997,96.09124178260204,8440.0,8440.0,0.0,No Quality Issue,High Rejection,Excellent
RB-000799,Rift Bloom - Kapseret Farm,Peach Avalanche,50.0,B,10.0,120.0,1200.0,2023-06-21,2023-06-21,2023-06-22,2023-06-24,Japan,Carrefour Flowers,KES,70.98,851760.0,AIR FREIGHT,211.29,,0.0,,OVERDUE,3.0,False,False,False,1.0,2.0,True,False,2023.0,6.0,2.0,2023.0,6.0,2.0,2023.0,2023.0,6.0,0.0,3.0,851760.0,211.29,851548.71,99.97519371653986,1200.0,1200.0,0.0,No Quality Issue,High Rejection,Average
RB-002504,Rift Bloom - Moiben Farm,Tibet,50.0,PREMIUM,10.0,118.0,1180.0,2023-10-16,2023-10-18,2023-10-22,2023-10-27,Poland,Aalsmeer Direct,NAN,0.276,325.68,NAN,174.11,2.6,0.0,,PAID,4.0,False,False,False,4.0,5.0,True,False,2023.0,10.0,4.0,2023.0,10.0,4.0,2023.0,2023.0,10.0,2.0,11.0,325.68,174.11,151.57,46.539548022598865,1180.0,1180.0,0.0,No Quality Issue,High Rejection,Good
RB-000736,Rift Bloom - Kapseret Farm,Sweetness,40.0,PREMIUM,10.0,152.0,1520.0,2022-08-06,2022-08-06,2022-06-12,2022-06-17,Netherlands,Interflora Russia,KES,35.23,53549.6,AIR FREIGHT,186.99,0.3,22.0,Stem Bent,PENDING,5.0,False,False,False,-55.0,5.0,False,False,2022.0,8.0,3.0,2022.0,8.0,3.0,2022.0,2022.0,6.0,0.0,-50.0,53549.6,186.99,53362.61,99.6508097165992,1520.0,1520.0,1.4473684210526316,Quality Issue,High Rejection,Excellent
RB-002415,Rift Bloom - Ziwa Farm,Mondial,60.0,B,25.0,92.0,2300.0,2022-11-25,2022-11-25,2022-11-27,2022-11-29,United Kingdom,Whole Foods Market,EUR,0.503,11569.0,AIR FREIGHT,288.44,0.0,0.0,,PENDING,5.0,False,False,False,2.0,2.0,True,False,2022.0,11.0,4.0,2022.0,11.0,4.0,2022.0,2022.0,11.0,0.0,4.0,11569.0,288.44,11280.56,97.50678537470827,2300.0,2300.0,0.0,No Quality Issue,High Rejection,Excellent
RB-002833,Rift Bloom - Timboroa Farm,Avalanche+,50.0,A,20.0,113.0,2260.0,2023-07-03,2023-04-07,2023-06-07,2023-11-07,France,Aalsmeer Direct,EUR,0.2,452.0,AIR FREIGHT,395.56,,0.0,,PENDING,4.0,False,False,False,61.0,153.0,True,False,2023.0,7.0,3.0,2023.0,4.0,2.0,2023.0,2023.0,11.0,-87.0,127.0,452.0,395.56,56.44,12.486725663716813,2260.0,2260.0,0.0,No Quality Issue,High Rejection,Good
RB-001096,Rift Bloom - Timboroa Farm,Avalanche,80.0,PREMIUM,20.0,132.0,2640.0,2023-10-23,2023-10-23,2023-10-26,2023-10-30,United Arab Emirates,Dubai Flower Centre,USD,0.181,477.84,NAN,194.52,4.7,0.0,,PENDING,2.0,False,False,False,3.0,4.0,True,False,2023.0,10.0,4.0,2023.0,10.0,4.0,2023.0,2023.0,10.0,0.0,7.0,477.84,194.52,283.31999999999994,59.29181315921647,2640.0,2640.0,0.0,No Quality Issue,High Rejection,Poor
RB-001293,Rift Bloom - Timboroa Farm,Mondial,80.0,B,40.0,97.0,3880.0,2025-11-02,2025-04-11,2025-06-11,2025-11-11,Switzerland,Bloomon BV,USD,0.458,1777.04,AIR FREIGHT,254.27,4.0,6.0,Undersized Stems,OVERDUE,3.0,False,False,False,61.0,153.0,True,False,2025.0,11.0,4.0,2025.0,4.0,2.0,2025.0,2025.0,11.0,-205.0,9.0,1777.04,254.27,1522.77,85.69137442038446,3880.0,3880.0,0.15463917525773196,Quality Issue,High Rejection,Average
RB-000469,Rift Bloom - Turbo Farm,Yellow Babe,70.0,B,10.0,150.0,1500.0,2024-05-19,2024-05-19,2024-05-21,2024-05-25,Russia,Local Wholesaler - Eldoret,USD,0.186,279.0,AIR FREIGHT,490.26,1.4,0.0,,OVERDUE,4.0,True,False,False,2.0,4.0,True,False,2024.0,5.0,2.0,2024.0,5.0,2.0,2024.0,2024.0,5.0,0.0,6.0,279.0,490.26,-211.26,-75.72043010752688,1500.0,1500.0,0.0,No Quality Issue,High Rejection,Good
RB-002034,Rift Bloom - Kesses Farm,Freedom,50.0,A,25.0,105.0,2625.0,2026-04-27,2026-04-29,2026-04-30,2026-01-05,Germany,Whole Foods Market,NAN,0.365,958.12,AIR FREIGHT,185.08,4.0,0.0,,PENDING,5.0,False,False,False,1.0,-115.0,False,False,2026.0,4.0,2.0,2026.0,4.0,2.0,2026.0,2026.0,1.0,2.0,-112.0,958.12,185.08,773.04,80.68300421659082,2625.0,2625.0,0.0,No Quality Issue,High Rejection,Excellent
RB-001959,Rift Bloom - Moiben Farm,High & Magic,40.0,PREMIUM,25.0,155.0,3875.0,2023-02-25,2023-02-25,2023-01-03,2023-02-03,USA,Tokyo Flower Market,KES,56.42,218627.5,ROAD THEN AIR,340.22,2.0,0.0,,UNKNOWN,4.0,False,False,False,-53.0,31.0,False,False,2023.0,2.0,1.0,2023.0,2.0,1.0,2023.0,2023.0,2.0,0.0,-22.0,218627.5,340.22,218287.28,99.8443837120216,3875.0,3875.0,0.0,No Quality Issue,High Rejection,Good
RB-002616,Rift Bloom - Kesses Farm,Mondial,-50.0,STANDARD,25.0,51.0,1275.0,2023-01-27,2023-01-28,2023-01-29,2023-02-02,France,Blume2000,EUR,0.334,425.85,NAN,,2.3,0.0,,PAID,4.0,False,False,False,1.0,4.0,True,False,2023.0,1.0,1.0,2023.0,1.0,1.0,2023.0,2023.0,2.0,1.0,6.0,425.85,,,,1275.0,1275.0,0.0,No Quality Issue,High Rejection,Good
RB-002068,Rift Bloom - Kapseret Farm,Pink Floyd,70.0,C,25.0,239.0,5975.0,2025-06-08,2025-08-06,2025-09-06,2025-06-10,Russia,Tokyo Flower Market,EUR,0.442,2640.95,AIR FREIGHT,690.96,2.1,0.0,,PAID,5.0,False,False,False,31.0,-88.0,False,False,2025.0,6.0,2.0,2025.0,8.0,3.0,2025.0,2025.0,6.0,59.0,2.0,2640.95,690.96,1949.9899999999998,73.83668755561446,5975.0,5975.0,0.0,No Quality Issue,High Rejection,Excellent
RB-000842,Rift Bloom - Timboroa Farm,Tibet,60.0,B,20.0,78.0,1560.0,2025-12-03,2025-03-13,2025-03-15,2025-03-20,Germany,Aalsmeer Direct,USD,0.396,617.76,AIR FREIGHT,250.59,2.3,29.0,Cold Chain Break,PENDING,3.0,False,False,False,2.0,5.0,True,False,2025.0,12.0,4.0,2025.0,3.0,1.0,2025.0,2025.0,3.0,-265.0,-258.0,617.76,250.59,367.16999999999996,59.43570318570318,1560.0,1560.0,1.858974358974359,Quality Issue,High Rejection,Average
RB-002862,Rift Bloom - Timboroa Farm,Cool Water,50.0,UNKNOWN,40.0,242.0,9680.0,2025-02-15,2025-02-16,2025-02-17,2025-02-19,Australia,Local Wholesaler - Eldoret,KES,20.8,201344.0,AIR FREIGHT,149.93,-0.5,0.0,,PENDING,5.0,False,False,True,1.0,2.0,True,False,2025.0,2.0,1.0,2025.0,2.0,1.0,2025.0,2025.0,2.0,1.0,4.0,201344.0,149.93,201194.07,99.9255354020979,9680.0,9680.0,0.0,No Quality Issue,High Rejection,Excellent
RB-000986,Rift Bloom - Kapseret Farm,Tibet,60.0,B,40.0,245.0,9800.0,2024-12-19,2024-12-20,2024-12-23,2024-12-26,Switzerland,Aalsmeer Direct,USD,0.363,35574.0,AIR FREIGHT,242.71,1.0,0.0,,PENDING,4.0,False,False,False,3.0,3.0,True,False,2024.0,12.0,4.0,2024.0,12.0,4.0,2024.0,2024.0,12.0,1.0,7.0,35574.0,242.71,35331.29,99.31773205149828,9800.0,9800.0,0.0,No Quality Issue,High Rejection,Good
RB-001636,Rift Bloom - Turbo Farm,Red Naomi,40.0,B,20.0,74.0,1480.0,2025-07-21,2025-07-23,2025-07-25,2025-07-29,Netherlands,Whole Foods Market,EUR,0.534,790.32,AIR FREIGHT,,,0.0,,OVERDUE,3.0,False,False,False,2.0,4.0,True,False,2025.0,7.0,3.0,2025.0,7.0,3.0,2025.0,2025.0,7.0,2.0,8.0,790.32,,,,1480.0,1480.0,0.0,No Quality Issue,High Rejection,Average
RB-000581,Rift Bloom - Kesses Farm,Circus,70.0,B,20.0,100.0,2000.0,2025-06-02,2025-06-04,2025-06-05,2025-08-06,Poland,Tokyo Flower Market,NAN,0.491,982.0,AIR FREIGHT,354.13,-2.0,0.0,,PAID,5.0,False,False,True,1.0,62.0,True,False,2025.0,6.0,2.0,2025.0,6.0,2.0,2025.0,2025.0,8.0,2.0,65.0,982.0,354.13,627.87,63.937881873727086,2000.0,2000.0,0.0,No Quality Issue,High Rejection,Excellent
RB-001359,Rift Bloom - Ziwa Farm,Cool Water,90.0,STANDARD,40.0,140.0,5600.0,2023-08-22,2023-08-23,2023-08-26,2023-08-31,France,Aalsmeer Direct,EUR,0.488,2732.8,ROAD THEN AIR,287.67,0.3,23.0,Petal Bruising,PAID,5.0,False,False,False,3.0,5.0,True,False,2023.0,8.0,3.0,2023.0,8.0,3.0,2023.0,2023.0,8.0,1.0,9.0,2732.8,287.67,2445.13,89.47343384074942,5600.0,5600.0,0.4107142857142857,Quality Issue,High Rejection,Excellent
RB-002590,Rift Bloom - Kapseret Farm,Vendela,60.0,C,20.0,133.0,2660.0,2023-04-13,2023-04-14,2023-04-16,2023-04-17,USA,M-Farm Traders,USD,0.144,383.04,AIR FREIGHT,,0.6,0.0,,PAID,5.0,False,False,False,2.0,1.0,True,False,2023.0,4.0,2.0,2023.0,4.0,2.0,2023.0,2023.0,4.0,1.0,4.0,383.04,,,,2660.0,2660.0,0.0,No Quality Issue,High Rejection,Excellent
RB-000691,Rift Bloom - Kesses Farm,Mondial,0.0,STANDARD,20.0,135.0,2700.0,2024-05-05,2024-05-05,2024-08-05,,United Arab Emirates,FloraHolland Auction,NAN,0.429,1158.3,NAN,309.91,,0.0,,OVERDUE,4.0,False,False,False,92.0,,False,False,2024.0,5.0,2.0,2024.0,5.0,2.0,2024.0,,,0.0,,1158.3,309.91,848.3899999999999,73.24440991107657,2700.0,2700.0,0.0,No Quality Issue,High Rejection,Good
RB-001553,Rift Bloom - Moiben Farm,Mondial,60.0,STANDARD,10.0,160.0,1600.0,2022-07-12,2022-08-12,2022-12-11,2022-12-14,Germany,Whole Foods Market,USD,0.553,884.8,AIR FREIGHT,528.87,3.7,26.0,,NAN,3.0,False,False,False,121.0,3.0,True,False,2022.0,7.0,3.0,2022.0,8.0,3.0,2022.0,2022.0,12.0,31.0,155.0,884.8,528.87,355.92999999999995,40.227169981916816,1600.0,1600.0,1.625,No Quality Issue,High Rejection,Average
RB-001843,Rift Bloom - Ziwa Farm,Pink Floyd,50.0,STANDARD,40.0,64.0,2560.0,2025-10-03,2025-03-11,2025-12-03,2025-03-15,NL,Tokyo Flower Market,KES,59.02,151091.2,AIR FREIGHT,210.35,-0.9,0.0,,PAID,3.0,False,False,True,267.0,-263.0,False,False,2025.0,10.0,4.0,2025.0,3.0,1.0,2025.0,2025.0,3.0,-206.0,-202.0,151091.2,210.35,150880.85,99.86077944976279,2560.0,2560.0,0.0,No Quality Issue,High Rejection,Average
RB-000675,Rift Bloom - Turbo Farm,Cool Water,70.0,,40.0,182.0,7280.0,2022-09-15,2022-09-17,2022-09-21,2022-09-26,Netherlands,Tokyo Flower Market,EUR,0.458,3334.24,NAN,,2.0,0.0,,PAID,5.0,False,False,False,4.0,5.0,True,False,2022.0,9.0,3.0,2022.0,9.0,3.0,2022.0,2022.0,9.0,2.0,11.0,3334.24,,,,7280.0,7280.0,0.0,No Quality Issue,High Rejection,Excellent
RB-002540,Rift Bloom - Kesses Farm,Avalanche+,70.0,B,40.0,65.0,2600.0,2022-05-26,2022-05-28,2022-05-30,2022-01-06,Norway,Bloomon BV,EUR,0.269,699.4,NAN,313.48,1.1,0.0,,OVERDUE,3.0,False,False,False,2.0,-144.0,False,False,2022.0,5.0,2.0,2022.0,5.0,2.0,2022.0,2022.0,1.0,2.0,-140.0,699.4,313.48,385.91999999999996,55.178724621103804,2600.0,2600.0,0.0,No Quality Issue,High Rejection,Average
RB-002931,Rift Bloom - Kapseret Farm,Yellow Babe,70.0,PREMIUM,25.0,181.0,4525.0,2023-11-08,2023-11-08,2023-12-08,2023-08-14,Japan,M-Farm Traders,UNKNOWN,0.506,2289.65,NAN,191.81,1.2,28.0,Stem Bent,PAID,4.0,False,False,False,30.0,-116.0,False,False,2023.0,11.0,4.0,2023.0,11.0,4.0,2023.0,2023.0,8.0,0.0,-86.0,2289.65,191.81,2097.84,91.6227370995567,4525.0,4525.0,0.6187845303867403,Quality Issue,High Rejection,Good
RB-000962,Rift Bloom - Turbo Farm,Vendela,90.0,A,40.0,140.0,5600.0,2024-09-09,2024-09-10,2024-09-12,2024-09-15,USA,Whole Foods Market,EUR,0.425,2380.0,AIR FREIGHT,423.11,4.4,0.0,,OVERDUE,2.0,False,False,False,2.0,3.0,True,False,2024.0,9.0,3.0,2024.0,9.0,3.0,2024.0,2024.0,9.0,1.0,6.0,2380.0,423.11,1956.8899999999999,82.22226890756302,5600.0,5600.0,0.0,No Quality Issue,High Rejection,Poor
RB-001574,Rift Bloom - Moiben Farm,High & Magic,70.0,C,40.0,-270.0,-10800.0,2025-03-17,2025-03-17,2025-03-20,2025-03-21,Switzerland,Blume2000,NAN,0.258,-2786.4,ROAD THEN AIR,194.86,1.4,0.0,,PAID,5.0,False,False,False,3.0,1.0,True,False,2025.0,3.0,1.0,2025.0,3.0,1.0,2025.0,2025.0,3.0,0.0,4.0,-2786.4,194.86,-2981.26,,-10800.0,-10800.0,0.0,No Quality Issue,High Rejection,Excellent
RB-000864,Rift Bloom - Moiben Farm,Pink Floyd,50.0,C,25.0,157.0,3925.0,2025-06-17,2025-06-19,2025-06-20,2025-06-25,Australia,FloraHolland Auction,KES,35.23,138277.75,ROAD THEN AIR,,2.0,0.0,,PAID,5.0,False,False,False,1.0,5.0,True,False,2025.0,6.0,2.0,2025.0,6.0,2.0,2025.0,2025.0,6.0,2.0,8.0,138277.75,,,,3925.0,3925.0,0.0,No Quality Issue,High Rejection,Excellent
RB-002854,Rift Bloom - Moiben Farm,Red-Naomi,60.0,A,40.0,102.0,4080.0,2024-04-14,2024-04-16,2024-04-17,2024-04-19,France,Local Wholesaler - Eldoret,NAN,0.262,1068.96,AIR FREIGHT,,3.6,0.0,,PAID,5.0,False,False,False,1.0,2.0,True,False,2024.0,4.0,2.0,2024.0,4.0,2.0,2024.0,2024.0,4.0,2.0,5.0,1068.96,,,,4080.0,4080.0,0.0,No Quality Issue,High Rejection,Excellent
RB-002533,Rift Bloom - Kesses Farm,Mondial,90.0,STANDARD,10.0,91.0,910.0,2023-05-20,2023-05-22,2023-05-26,2023-05-31,France,Dubai Flower Centre,KES,88.4,80444.0,NAN,131.09,-0.1,0.0,,PAID,4.0,False,False,True,4.0,5.0,True,False,2023.0,5.0,2.0,2023.0,5.0,2.0,2023.0,2023.0,5.0,2.0,11.0,80444.0,131.09,80312.91,99.83704191735866,910.0,910.0,0.0,No Quality Issue,High Rejection,Good
RB-002124,Rift Bloom - Kapseret Farm,Explorer,50.0,A,40.0,77.0,3080.0,2023-11-06,2023-11-08,2023-12-11,2023-11-13,Australia,Marks & Spencer Flowers,USD,0.438,1349.04,ROAD THEN AIR,496.66,1.3,0.0,,PAID,4.0,False,False,False,33.0,-28.0,False,False,2023.0,11.0,4.0,2023.0,11.0,4.0,2023.0,2023.0,11.0,2.0,7.0,1349.04,496.66,852.3799999999999,63.18419023898475,3080.0,3080.0,0.0,No Quality Issue,High Rejection,Good
RB-000359,Rift Bloom - Kapseret Farm,High & Magic,60.0,C,20.0,155.0,3100.0,,2022-09-03,2022-09-07,2022-11-09,Norway,Interflora Russia,USD,0.393,1218.3,NAN,,4.2,0.0,,PAID,3.0,False,False,False,4.0,63.0,True,False,,,,2022.0,9.0,3.0,2022.0,2022.0,11.0,,,1218.3,,,,3100.0,3100.0,0.0,No Quality Issue,High Rejection,Average
RB-001783,Rift Bloom - Turbo Farm,High & Magic,80.0,A,40.0,78.0,3120.0,2024-05-30,2024-05-30,2024-06-01,2024-06-03,United Kingdom,Interflora Russia,EUR,0.283,882.96,AIR FREIGHT,150.58,,0.0,,NAN,3.0,False,False,False,2.0,2.0,True,False,2024.0,5.0,2.0,2024.0,5.0,2.0,2024.0,2024.0,6.0,0.0,4.0,882.96,150.58,732.38,82.94599981879134,3120.0,3120.0,0.0,No Quality Issue,High Rejection,Average
RB-002758,Rift Bloom - Moiben Farm,Vendela,40.0,B,10.0,148.0,1480.0,2026-10-05,2026-05-11,2026-05-13,2026-05-16,Australia,Aalsmeer Direct,USD,0.351,519.48,ROAD THEN AIR,63.55,1.0,0.0,,PENDING,5.0,False,False,False,2.0,3.0,True,False,2026.0,10.0,4.0,2026.0,5.0,2.0,2026.0,2026.0,5.0,-147.0,-142.0,519.48,63.55,455.93,87.76661276661277,1480.0,1480.0,0.0,No Quality Issue,High Rejection,Excellent
RB-002607,Rift Bloom - Kapseret Farm,Explorer,70.0,PREMIUM,25.0,98.0,2450.0,2022-02-01,2022-01-02,2022-01-03,2022-01-07,United Kingdom,Bloomon BV,UNKNOWN,0.322,788.9,AIR FREIGHT,213.25,2.7,0.0,,OVERDUE,5.0,False,False,False,1.0,4.0,True,False,2022.0,2.0,1.0,2022.0,1.0,1.0,2022.0,2022.0,1.0,-30.0,-25.0,788.9,213.25,575.65,72.9686905818228,2450.0,2450.0,0.0,No Quality Issue,High Rejection,Excellent
RB-002544,Rift Bloom - Kapseret Farm,Avalanche,50.0,B,10.0,137.0,1370.0,2024-03-11,2024-12-03,2024-03-14,2024-03-17,USA,M-Farm Traders,USD,0.345,472.65,UNKNOWN,119.97,4.5,0.0,,OVERDUE,4.0,False,False,False,-264.0,3.0,False,False,2024.0,3.0,1.0,2024.0,12.0,4.0,2024.0,2024.0,3.0,267.0,6.0,472.65,119.97,352.67999999999995,74.61758172008885,1370.0,1370.0,0.0,No Quality Issue,High Rejection,Good
RB-002832,Rift Bloom - Ziwa Farm,Athena,80.0,A,20.0,49.0,980.0,2024-01-09,2024-09-01,2024-05-09,2024-10-09,U.K.,M-Farm Traders,USD,0.26,2548.0,ROAD THEN AIR,233.14,2.1,48.0,Cold Chain Break,PAID,4.0,False,False,False,-115.0,153.0,False,False,2024.0,1.0,1.0,2024.0,9.0,3.0,2024.0,2024.0,10.0,236.0,274.0,2548.0,233.14,2314.86,90.85007849293564,980.0,980.0,4.8979591836734695,Quality Issue,High Rejection,Good
RB-002903,Rift Bloom - Timboroa Farm,AVALANCHE,70.0,PREMIUM,25.0,68.0,1700.0,2024-10-15,2024-10-16,2024-10-18,2024-10-24,Russia,Carrefour Flowers,NAN,0.183,311.1,AIR FREIGHT,466.37,3.7,0.0,,PENDING,5.0,False,False,False,2.0,6.0,True,False,2024.0,10.0,4.0,2024.0,10.0,4.0,2024.0,2024.0,10.0,1.0,9.0,311.1,466.37,-155.26999999999998,-49.909996785599475,1700.0,1700.0,0.0,No Quality Issue,High Rejection,Excellent
RB-001141,Rift Bloom - Timboroa Farm,Explorer,80.0,PREMIUM,10.0,95.0,950.0,2025-01-29,2025-01-29,2025-01-30,2025-03-02,Russia,Bloomon BV,KES,63.05,59897.5,AIR FREIGHT,820.85,3.2,42.0,Undersized Stems,PAID,5.0,False,False,False,1.0,31.0,True,False,2025.0,1.0,1.0,2025.0,1.0,1.0,2025.0,2025.0,3.0,0.0,32.0,59897.5,820.85,59076.65,98.62957552485496,950.0,950.0,4.421052631578947,Quality Issue,High Rejection,Excellent
RB-002155,Rift Bloom - Moiben Farm,High & Magic,50.0,A,10.0,48.0,480.0,2022-09-02,2022-09-02,2022-04-09,2022-09-09,Norway,Bloomon BV,EUR,0.252,120.96,ROAD THEN AIR,,3.8,0.0,,PAID,4.0,False,False,False,-146.0,153.0,False,False,2022.0,9.0,3.0,2022.0,9.0,3.0,2022.0,2022.0,9.0,0.0,7.0,120.96,,,,480.0,480.0,0.0,No Quality Issue,High Rejection,Good
RB-001206,Rift Bloom - Kesses Farm,Red Naomi,50.0,B,10.0,124.0,1240.0,2026-05-01,2026-06-01,2026-09-01,2026-01-13,Japan,Aalsmeer Direct,NAN,0.368,456.32,AIR FREIGHT,117.97,0.3,15.0,-,PAID,1.0,False,False,False,92.0,-231.0,False,True,2026.0,5.0,2.0,2026.0,6.0,2.0,2026.0,2026.0,1.0,31.0,-108.0,456.32,117.97,338.35,74.14752805049089,1240.0,1240.0,1.2096774193548387,Quality Issue,High Rejection,Poor
RB-001839,rift bloom turbo farm,RedNaomi,50.0,A,10.0,269.0,2690.0,,2022-06-12,2022-12-10,2022-11-12,Japan,Whole Foods Market,USD,0.328,882.32,AIR FREIGHT,421.65,2.5,0.0,,NAN,4.0,False,False,False,181.0,-28.0,False,False,,,,2022.0,6.0,2.0,2022.0,2022.0,11.0,,,882.32,421.65,460.6700000000001,52.21121588539306,2690.0,2690.0,0.0,No Quality Issue,High Rejection,Good
RB-001544,Rift Bloom - Timboroa Farm,Pink Floyd,50.0,A,20.0,182.0,3640.0,2023-03-13,2023-03-15,2023-03-18,2023-03-23,Poland,Aalsmeer Direct,EUR,0.492,1790.88,AIR FREIGHT,164.8,4.4,0.0,,PAID,4.0,False,False,False,3.0,5.0,True,False,2023.0,3.0,1.0,2023.0,3.0,1.0,2023.0,2023.0,3.0,2.0,10.0,1790.88,164.8,1626.0800000000002,90.79782006611275,3640.0,3640.0,0.0,No Quality Issue,High Rejection,Good
RB-002046,Rift Bloom - Timboroa Farm,Red Naomi,90.0,B,20.0,79.0,1580.0,2024-11-23,2024-11-24,2024-11-25,2024-01-12,Poland,Interflora Russia,EUR,0.256,404.48,AIR FREIGHT,444.39,1.1,0.0,,PAID,3.0,False,False,False,1.0,-318.0,False,False,2024.0,11.0,4.0,2024.0,11.0,4.0,2024.0,2024.0,1.0,1.0,-316.0,404.48,444.39,-39.90999999999997,-9.866989715189865,1580.0,1580.0,0.0,No Quality Issue,High Rejection,Average
RB-001262,Rift Bloom - Kapseret Farm,Explorer,60.0,B,40.0,175.0,7000.0,2023-11-30,2023-02-12,2023-12-05,2023-08-12,Norway,Local Wholesaler - Eldoret,EUR,0.416,2912.0,ROAD THEN AIR,62.45,1.6,0.0,,PAID,4.0,False,False,False,296.0,-115.0,False,False,2023.0,11.0,4.0,2023.0,2.0,1.0,2023.0,2023.0,8.0,-291.0,-110.0,2912.0,62.45,2849.55,97.85542582417584,7000.0,7000.0,0.0,No Quality Issue,High Rejection,Good
RB-002495,Rift Bloom - Ziwa Farm,Peach Avalanche,60.0,B,10.0,81.0,810.0,2023-02-21,2023-02-23,2023-02-27,2023-05-03,USA,M-Farm Traders,EUR,0.271,219.51,AIR FREIGHT,460.09,0.4,0.0,,NAN,5.0,False,False,False,4.0,65.0,True,False,2023.0,2.0,1.0,2023.0,2.0,1.0,2023.0,2023.0,5.0,2.0,71.0,219.51,460.09,-240.57999999999998,-109.59865154207098,810.0,810.0,0.0,No Quality Issue,High Rejection,Excellent
RB-002322,Rift Bloom - Kesses Farm,Red Naomi,50.0,B,40.0,16.0,640.0,2022-11-18,2022-11-18,2022-11-22,2022-11-27,Germany,M-Farm Traders,USD,0.462,295.68,AIR FREIGHT,93.66,0.8,0.0,,NAN,4.0,False,False,False,4.0,5.0,True,False,2022.0,11.0,4.0,2022.0,11.0,4.0,2022.0,2022.0,11.0,0.0,9.0,295.68,93.66,202.02,68.32386363636364,640.0,640.0,0.0,No Quality Issue,High Rejection,Good
RB-000181,Rift Bloom - Turbo Farm,Freedom,90.0,STANDARD,10.0,193.0,1930.0,,2024-02-12,2024-03-12,2024-08-12,France,Whole Foods Market,USD,0.262,505.66,AIR FREIGHT,675.96,7.1,29.0,Wilting,PAID,4.0,False,False,False,29.0,153.0,True,False,,,,2024.0,2.0,1.0,2024.0,2024.0,8.0,,,505.66,675.96,-170.3,-33.678756476683944,1930.0,1930.0,1.5025906735751295,Quality Issue,High Rejection,Good
RB-001268,Rift Bloom - Kesses Farm,Circus,70.0,A,20.0,109.0,2180.0,,2022-02-19,2022-02-22,2022-02-25,Germany,M-Farm Traders,USD,0.414,902.52,ROAD THEN AIR,,1.0,25.0,Bud Blast,PAID,5.0,False,False,False,3.0,3.0,True,False,,,,2022.0,2.0,1.0,2022.0,2022.0,2.0,,,902.52,,,,2180.0,2180.0,1.146788990825688,Quality Issue,High Rejection,Excellent
RB-000753,Rift Bloom - Kapseret Farm,Explorer,70.0,STANDARD,40.0,61.0,2440.0,2025-05-18,,2025-05-21,2025-05-25,Russia,M-Farm Traders,USD,0.413,1007.72,AIR FREIGHT,357.25,5.9,0.0,,UNKNOWN,5.0,False,False,False,,4.0,False,False,2025.0,5.0,2.0,,,,2025.0,2025.0,5.0,,7.0,1007.72,357.25,650.47,64.54868415829795,2440.0,2440.0,0.0,No Quality Issue,High Rejection,Excellent
RB-002277,Rift Bloom - Kesses Farm,Vendela,80.0,B,25.0,129.0,3225.0,,2022-11-29,2022-03-12,2022-04-12,United Arab Emirates,Interflora Russia,USD,0.308,993.3,ROAD THEN AIR,165.4,1.4,0.0,,PAID,4.0,False,False,False,-262.0,31.0,False,False,,,,2022.0,11.0,4.0,2022.0,2022.0,4.0,,,993.3,165.4,827.9,83.34843451122521,3225.0,3225.0,0.0,No Quality Issue,High Rejection,Good
RB-001601,Rift Bloom - Timboroa Farm,Tibet,60.0,PREMIUM,10.0,97.0,970.0,2024-06-26,2024-06-27,2024-06-29,2024-07-04,Netherlands,Dubai Flower Centre,USD,0.139,134.83,ROAD THEN AIR,215.6,1.4,0.0,,OVERDUE,3.0,False,False,False,2.0,5.0,True,False,2024.0,6.0,2.0,2024.0,6.0,2.0,2024.0,2024.0,7.0,1.0,8.0,134.83,215.6,-80.76999999999998,-59.90506563821106,970.0,970.0,0.0,No Quality Issue,High Rejection,Average
RB-001210,Rift Bloom - Kapseret Farm,Athena,0.0,A,10.0,111.0,1110.0,2025-03-21,2025-03-21,2025-03-22,2025-03-23,Netherlands,Aalsmeer Direct,USD,0.345,382.95,AIR FREIGHT,58.9,3.5,0.0,,PENDING,5.0,False,False,False,1.0,1.0,True,False,2025.0,3.0,1.0,2025.0,3.0,1.0,2025.0,2025.0,3.0,0.0,2.0,382.95,58.9,324.05,84.61940201070637,1110.0,1110.0,0.0,No Quality Issue,High Rejection,Excellent
RB-001490,Rift Bloom - Ziwa Farm,Avalanche+,70.0,PREMIUM,10.0,35.0,350.0,2023-03-25,2023-03-27,2023-03-31,2023-04-03,France,M-Farm Traders,EUR,0.187,65.45,AIR FREIGHT,68.54,2.2,6.0,Cold Chain Break,PAID,4.0,False,False,False,4.0,3.0,True,False,2023.0,3.0,1.0,2023.0,3.0,1.0,2023.0,2023.0,4.0,2.0,9.0,65.45,68.54,-3.0900000000000034,-4.721161191749432,350.0,350.0,1.7142857142857144,Quality Issue,High Rejection,Good
RB-002760,Rift Bloom - Kesses Farm,Avalanche,90.0,UNKNOWN,20.0,58.0,1160.0,2024-03-05,2024-05-05,2024-05-09,2024-11-05,Japan,FloraHolland Auction,USD,0.453,525.48,AIR FREIGHT,169.84,3.1,0.0,,PAID,5.0,False,False,False,4.0,180.0,True,False,2024.0,3.0,1.0,2024.0,5.0,2.0,2024.0,2024.0,11.0,61.0,245.0,525.48,169.84,355.64,67.67907437009971,1160.0,1160.0,0.0,No Quality Issue,High Rejection,Excellent
RB-001430,rift bloom turbo farm,Athena,50.0,UNKNOWN,40.0,124.0,4960.0,2025-11-09,2025-09-11,2025-09-13,2025-09-15,Poland,Blume2000,USD,0.277,1373.92,AIR FREIGHT,429.81,1.1,0.0,,PENDING,4.0,False,False,False,2.0,2.0,True,False,2025.0,11.0,4.0,2025.0,9.0,3.0,2025.0,2025.0,9.0,-59.0,-55.0,1373.92,429.81,944.1100000000001,68.71651915686503,4960.0,4960.0,0.0,No Quality Issue,High Rejection,Good
RB-001772,Rift Bloom - Timboroa Farm,Red Naomi,40.0,A,40.0,54.0,2160.0,2023-11-09,2023-11-11,2023-12-11,2023-11-13,Switzerland,Marks & Spencer Flowers,USD,0.374,807.84,UNKNOWN,495.15,2.0,0.0,,NAN,5.0,True,False,False,30.0,-28.0,False,False,2023.0,11.0,4.0,2023.0,11.0,4.0,2023.0,2023.0,11.0,2.0,4.0,807.84,495.15,312.69000000000005,38.70692216280452,2160.0,2160.0,0.0,No Quality Issue,High Rejection,Excellent
RB-002718,Rift Bloom - Turbo Farm,Pink Floyd,500.0,STANDARD,10.0,236.0,2360.0,2023-03-28,2023-03-28,2023-03-30,2023-01-04,Russia,FloraHolland Auction,NAN,0.362,854.32,AIR FREIGHT,147.85,1.2,0.0,,PENDING,4.0,False,False,False,2.0,-85.0,False,False,2023.0,3.0,1.0,2023.0,3.0,1.0,2023.0,2023.0,1.0,0.0,-83.0,854.32,147.85,706.47,82.69383837437962,2360.0,2360.0,0.0,No Quality Issue,High Rejection,Good
RB-002733,Rift Bloom - Timboroa Farm,Athena,90.0,B,20.0,49.0,980.0,2024-08-15,2024-08-15,2024-08-19,2024-08-24,United Arab Emirates,M-Farm Traders,KES,85.67,83956.6,AIR FREIGHT,617.47,-0.3,0.0,,OVERDUE,5.0,False,False,True,4.0,5.0,True,False,2024.0,8.0,3.0,2024.0,8.0,3.0,2024.0,2024.0,8.0,0.0,9.0,83956.6,617.47,83339.13,99.26453667728326,980.0,980.0,0.0,No Quality Issue,High Rejection,Excellent
RB-000341,Rift Bloom - Ziwa Farm,Circus,50.0,A,10.0,56.0,560.0,2022-10-25,2022-10-25,2022-10-26,2022-10-28,Russia,Tokyo Flower Market,KES,61.1,34216.0,NAN,114.07,,0.0,,PAID,5.0,False,False,False,1.0,2.0,True,False,2022.0,10.0,4.0,2022.0,10.0,4.0,2022.0,2022.0,10.0,0.0,3.0,34216.0,114.07,34101.93,99.66661795651157,560.0,560.0,0.0,No Quality Issue,High Rejection,Excellent
RB-000486,Rift Bloom - Ziwa Farm,Red Naomi,40.0,STANDARD,20.0,162.0,3240.0,2022-08-04,2022-10-04,2022-12-04,2022-04-15,Japan,Tokyo Flower Market,NAN,0.211,683.64,AIR FREIGHT,175.0,2.6,0.0,,PAID,4.0,False,False,False,61.0,-233.0,False,False,2022.0,8.0,3.0,2022.0,10.0,4.0,2022.0,2022.0,4.0,61.0,-111.0,683.64,175.0,508.64,74.40173190568136,3240.0,3240.0,0.0,No Quality Issue,High Rejection,Good
RB-002266,Rift Bloom - Moiben Farm,Yellow Babe,90.0,B,25.0,228.0,5700.0,2024-10-10,2024-10-10,2024-10-11,2024-10-15,USA,M-Farm Traders,EUR,0.338,1926.6,AIR FREIGHT,148.58,0.4,0.0,,OVERDUE,4.0,False,False,False,1.0,4.0,True,False,2024.0,10.0,4.0,2024.0,10.0,4.0,2024.0,2024.0,10.0,0.0,5.0,1926.6,148.58,1778.02,92.2879684418146,5700.0,5700.0,0.0,No Quality Issue,High Rejection,Good
RB-001117,Rift Bloom - Timboroa Farm,Yellow Babe,70.0,PREMIUM,20.0,153.0,3060.0,,2023-04-05,2023-08-05,2023-05-12,Germany,FloraHolland Auction,NAN,0.346,1058.76,AIR FREIGHT,304.56,3.6,0.0,,NAN,4.0,False,False,False,122.0,-85.0,False,False,,,,2023.0,4.0,2.0,2023.0,2023.0,5.0,,,1058.76,304.56,754.2,71.2342740564434,3060.0,3060.0,0.0,No Quality Issue,High Rejection,Good
RB-000428,Rift Bloom - Turbo Farm,High & Magic,90.0,PREMIUM,10.0,167.0,1670.0,2026-06-23,2026-06-24,2026-06-28,2026-04-07,Norway,Marks & Spencer Flowers,USD,0.194,323.98,AIR FREIGHT,378.07,1.9,0.0,,OVERDUE,5.0,False,False,False,4.0,-82.0,False,False,2026.0,6.0,2.0,2026.0,6.0,2.0,2026.0,2026.0,4.0,1.0,-77.0,323.98,378.07,-54.089999999999975,-16.69547502932279,1670.0,1670.0,0.0,No Quality Issue,High Rejection,Excellent
RB-002966,Rift Bloom - Kesses Farm,High & Magic,60.0,PREMIUM,40.0,104.0,4160.0,2025-09-06,2025-06-11,2025-06-14,2025-06-17,United Kingdom,Whole Foods Market,USD,0.43,1788.8,NAN,198.76,5.8,0.0,,PENDING,4.0,False,False,False,3.0,3.0,True,False,2025.0,9.0,3.0,2025.0,6.0,2.0,2025.0,2025.0,6.0,-87.0,-81.0,1788.8,198.76,1590.04,88.88864042933811,4160.0,4160.0,0.0,No Quality Issue,High Rejection,Good
RB-001398,Rift Bloom - Kesses Farm,Cool Water,90.0,,25.0,53.0,1325.0,2024-07-28,2024-07-30,2024-08-01,2024-08-04,UK,Bloomon BV,USD,0.256,339.2,AIR FREIGHT,,2.4,0.0,,PENDING,4.0,False,False,False,2.0,3.0,True,False,2024.0,7.0,3.0,2024.0,7.0,3.0,2024.0,2024.0,8.0,2.0,7.0,339.2,,,,1325.0,1325.0,0.0,No Quality Issue,High Rejection,Good
RB-001258,Rift Bloom - Moiben Farm,Peach Avalanche,90.0,,40.0,157.0,6280.0,2022-03-27,2022-03-28,2022-03-31,2022-01-04,Switzerland,Interflora Russia,USD,0.219,13753.2,AIR FREIGHT,348.92,1.3,0.0,,NAN,2.0,False,False,False,3.0,-86.0,False,False,2022.0,3.0,1.0,2022.0,3.0,1.0,2022.0,2022.0,1.0,1.0,-82.0,13753.2,348.92,13404.28,97.46299043131779,6280.0,6280.0,0.0,No Quality Issue,High Rejection,Poor
RB-000583,Rift Bloom - Timboroa Farm,Explorer,50.0,B,40.0,71.0,2840.0,2023-06-08,2023-06-09,2023-06-12,2023-06-16,UAE,Interflora Russia,EUR,0.428,1215.52,AIR FREIGHT,356.57,4.4,0.0,,PAID,4.0,False,False,False,3.0,4.0,True,False,2023.0,6.0,2.0,2023.0,6.0,2.0,2023.0,2023.0,6.0,1.0,8.0,1215.52,356.57,858.95,70.66522969593261,2840.0,2840.0,0.0,No Quality Issue,High Rejection,Good
RB-002876,Rift Bloom - Ziwa Farm,Sweetness,50.0,B,25.0,49.0,1225.0,2024-03-03,2024-03-05,2024-08-03,2024-12-03,Switzerland,M-Farm Traders,KES,69.94,85676.5,AIR FREIGHT,139.17,0.0,0.0,,UNKNOWN,4.0,False,False,False,151.0,122.0,True,False,2024.0,3.0,1.0,2024.0,3.0,1.0,2024.0,2024.0,12.0,2.0,275.0,85676.5,139.17,85537.33,99.83756339252888,1225.0,1225.0,0.0,No Quality Issue,High Rejection,Good
RB-000667,Rift Bloom - Kapseret Farm,Tibet,90.0,,20.0,127.0,2540.0,2024-09-07,2024-07-09,2024-10-07,2024-11-07,France,Whole Foods Market,EUR,0.237,601.98,AIR FREIGHT,,3.8,12.0,Petal Bruising,NAN,4.0,False,False,False,90.0,31.0,True,False,2024.0,9.0,3.0,2024.0,7.0,3.0,2024.0,2024.0,11.0,-60.0,61.0,601.98,,,,2540.0,2540.0,0.47244094488188976,Quality Issue,High Rejection,Good
RB-002440,Rift Bloom - Turbo Farm,Red-Naomi,50.0,PREMIUM,40.0,52.0,2080.0,2024-05-06,2024-06-07,2024-06-11,2024-06-13,Australia,Whole Foods Market,USD,0.342,711.36,AIR FREIGHT,222.18,3.8,0.0,,PAID,4.0,False,False,False,4.0,2.0,True,False,2024.0,5.0,2.0,2024.0,6.0,2.0,2024.0,2024.0,6.0,32.0,38.0,711.36,222.18,489.18,68.76686909581646,2080.0,2080.0,0.0,No Quality Issue,High Rejection,Good
RB-001488,Rift Bloom - Ziwa Farm,Mondial,50.0,A,10.0,60.0,600.0,2023-01-22,2023-01-23,2023-01-26,2023-01-27,Norway,Blume2000,KES,38.74,23244.0,AIR FREIGHT,285.24,1.7,0.0,,PAID,2.0,False,False,False,3.0,1.0,True,False,2023.0,1.0,1.0,2023.0,1.0,1.0,2023.0,2023.0,1.0,1.0,5.0,23244.0,285.24,22958.76,98.77284460505936,600.0,600.0,0.0,No Quality Issue,High Rejection,Poor
RB-001163,Rift Bloom - Kesses Farm,Yellow Babe,70.0,STANDARD,20.0,369.0,7380.0,2025-06-01,2025-08-01,2025-09-01,2025-01-14,Switzerland,Local Wholesaler - Eldoret,NAN,0.255,1881.9,AIR FREIGHT,,4.2,0.0,,NAN,4.0,False,False,False,31.0,-230.0,False,False,2025.0,6.0,2.0,2025.0,8.0,3.0,2025.0,2025.0,1.0,61.0,-138.0,1881.9,,,,7380.0,7380.0,0.0,No Quality Issue,High Rejection,Good
RB-000315,Rift Bloom - Kesses Farm,Vendela,50.0,PREMIUM,40.0,156.0,6240.0,2024-02-14,2024-02-15,2024-02-18,2024-02-23,Australia,Interflora Russia,USD,0.45,2808.0,AIR FREIGHT,393.83,4.1,0.0,,PAID,5.0,False,False,False,3.0,5.0,True,False,2024.0,2.0,1.0,2024.0,2.0,1.0,2024.0,2024.0,2.0,1.0,9.0,2808.0,393.83,2414.17,85.9747150997151,6240.0,6240.0,0.0,No Quality Issue,High Rejection,Excellent
RB-002769,Rift Bloom - Kesses Farm,Mondial,40.0,B,40.0,46.0,1840.0,2024-04-05,2024-04-06,2024-10-04,2024-04-15,Switzerland,Carrefour Flowers,USD,0.391,719.44,AIR FREIGHT,473.64,0.7,0.0,,PAID,5.0,False,False,False,181.0,-172.0,False,False,2024.0,4.0,2.0,2024.0,4.0,2.0,2024.0,2024.0,4.0,1.0,10.0,719.44,473.64,245.80000000000007,34.16546202602024,1840.0,1840.0,0.0,No Quality Issue,High Rejection,Excellent
RB-002446,Rift Bloom - Kapseret Farm,Tibet,80.0,B,40.0,47.0,1880.0,2022-02-02,2022-02-02,2022-02-03,2022-06-02,France,M-Farm Traders,EUR,0.5,9400.0,AIR FREIGHT,747.12,0.1,0.0,,PENDING,3.0,False,False,False,1.0,119.0,True,False,2022.0,2.0,1.0,2022.0,2.0,1.0,2022.0,2022.0,6.0,0.0,120.0,9400.0,747.12,8652.88,92.05191489361701,1880.0,1880.0,0.0,No Quality Issue,High Rejection,Average
RB-002163,Rift Bloom - Timboroa Farm,Vendela,60.0,PREMIUM,25.0,51.0,1275.0,2025-07-19,2025-07-21,2025-07-25,2025-07-27,Switzerland,Dubai Flower Centre,NAN,0.425,541.88,UNKNOWN,74.63,0.1,0.0,,PENDING,4.0,False,False,False,4.0,2.0,True,False,2025.0,7.0,3.0,2025.0,7.0,3.0,2025.0,2025.0,7.0,2.0,8.0,541.88,74.63,467.25,86.22757806156345,1275.0,1275.0,0.0,No Quality Issue,High Rejection,Good
RB-002707,Rift Bloom - Ziwa Farm,Cool Water,80.0,B,25.0,16.0,400.0,2022-12-23,2022-12-25,2022-12-28,2023-01-01,United Arab Emirates,Marks & Spencer Flowers,UNKNOWN,0.154,61.6,AIR FREIGHT,685.3,0.2,0.0,,PENDING,5.0,False,False,False,3.0,4.0,True,False,2022.0,12.0,4.0,2022.0,12.0,4.0,2022.0,2023.0,1.0,2.0,9.0,61.6,685.3,-623.6999999999999,-1012.4999999999998,400.0,400.0,0.0,No Quality Issue,High Rejection,Excellent
RB-001785,Rift Bloom - Ziwa Farm,Yellow Babe,70.0,A,25.0,126.0,3150.0,2023-11-30,2023-12-02,2023-06-12,2023-11-12,France,Dubai Flower Centre,UNKNOWN,0.208,655.2,AIR FREIGHT,272.86,0.3,60.0,Botrytis,OVERDUE,4.0,False,False,False,-173.0,153.0,False,False,2023.0,11.0,4.0,2023.0,12.0,4.0,2023.0,2023.0,11.0,2.0,-18.0,655.2,272.86,382.34000000000003,58.35470085470086,3150.0,3150.0,1.9047619047619049,Quality Issue,High Rejection,Good
RB-000993,Rift Bloom - Kapseret Farm,Peach Avalanche,90.0,C,20.0,110.0,2200.0,2022-08-12,2022-08-12,2022-12-12,2022-12-18,U.A.E,Aalsmeer Direct,USD,0.427,939.4,AIR FREIGHT,34.88,,0.0,,PENDING,4.0,False,False,False,122.0,6.0,True,False,2022.0,8.0,3.0,2022.0,8.0,3.0,2022.0,2022.0,12.0,0.0,128.0,939.4,34.88,904.52,96.28699169682776,2200.0,2200.0,0.0,No Quality Issue,High Rejection,Good
RB-002973,Rift Bloom - Timboroa Farm,red naomi,90.0,,25.0,122.0,3050.0,2026-02-25,2026-02-26,2026-02-28,2026-06-03,Japan,Bloomon BV,KES,69.03,210541.5,ROAD THEN AIR,180.72,2.1,0.0,,PAID,5.0,False,False,False,2.0,95.0,True,False,2026.0,2.0,1.0,2026.0,2.0,1.0,2026.0,2026.0,6.0,1.0,98.0,210541.5,180.72,210360.78,99.91416419090773,3050.0,3050.0,0.0,No Quality Issue,High Rejection,Excellent
RB-001316,Rift Bloom - Turbo Farm,High & Magic,70.0,B,20.0,69.0,1380.0,2024-09-15,2024-09-16,2024-09-20,2024-09-26,Poland,Dubai Flower Centre,KES,46.15,63687.0,ROAD THEN AIR,241.59,3.2,0.0,,PENDING,4.0,False,False,False,4.0,6.0,True,False,2024.0,9.0,3.0,2024.0,9.0,3.0,2024.0,2024.0,9.0,1.0,11.0,63687.0,241.59,63445.41,99.62066041735362,1380.0,1380.0,0.0,No Quality Issue,High Rejection,Good
RB-000702,Rift Bloom - Moiben Farm,High & Magic,90.0,B,20.0,56.0,1120.0,2025-12-02,2025-02-14,2025-02-15,2025-02-20,Switzerland,M-Farm Traders,EUR,0.408,456.96,AIR FREIGHT,582.05,3.5,0.0,,PAID,4.0,False,False,False,1.0,5.0,True,False,2025.0,12.0,4.0,2025.0,2.0,1.0,2025.0,2025.0,2.0,-291.0,-285.0,456.96,582.05,-125.08999999999997,-27.374387254901954,1120.0,1120.0,0.0,No Quality Issue,High Rejection,Good
RB-002099,Rift Bloom - Moiben Farm,Mondial,50.0,C,10.0,122.0,1220.0,2022-06-20,2022-06-22,2022-06-23,,USA,Local Wholesaler - Eldoret,EUR,0.11,134.2,ROAD THEN AIR,698.35,1.4,0.0,,PAID,4.0,False,False,False,1.0,,False,False,2022.0,6.0,2.0,2022.0,6.0,2.0,2022.0,,,2.0,,134.2,698.35,-564.1500000000001,-420.3800298062594,1220.0,1220.0,0.0,No Quality Issue,High Rejection,Good
RB-002873,Rift Bloom - Turbo Farm,Pink Floyd,60.0,STANDARD,10.0,124.0,1240.0,2022-03-17,2022-03-17,2022-03-21,2022-03-24,Japan,FloraHolland Auction,EUR,0.1,124.0,AIR FREIGHT,81.61,2.7,0.0,,OVERDUE,4.0,False,False,False,4.0,3.0,True,False,2022.0,3.0,1.0,2022.0,3.0,1.0,2022.0,2022.0,3.0,0.0,7.0,124.0,81.61,42.39,34.185483870967744,1240.0,1240.0,0.0,No Quality Issue,High Rejection,Good
RB-000373,Rift Bloom - Timboroa Farm,Avalanche,40.0,STANDARD,20.0,54.0,1080.0,2026-06-01,2026-07-01,2026-01-10,2026-12-01,Japan,Aalsmeer Direct,USD,0.448,483.84,AIR FREIGHT,206.18,2.6,0.0,,PAID,3.0,False,False,False,-172.0,325.0,False,False,2026.0,6.0,2.0,2026.0,7.0,3.0,2026.0,2026.0,12.0,30.0,183.0,483.84,206.18,277.65999999999997,57.38673941798942,1080.0,1080.0,0.0,No Quality Issue,High Rejection,Average
RB-002348,Rift Bloom - Kapseret Farm,Tibet,70.0,B,20.0,80.0,1600.0,2024-05-08,2024-07-08,2024-08-08,2024-09-08,Germany,M-Farm Traders,USD,0.477,763.2,AIR FREIGHT,27.18,1.7,0.0,,PAID,5.0,False,False,False,31.0,31.0,True,False,2024.0,5.0,2.0,2024.0,7.0,3.0,2024.0,2024.0,9.0,61.0,123.0,763.2,27.18,736.0200000000001,96.43867924528303,1600.0,1600.0,0.0,No Quality Issue,High Rejection,Excellent
RB-000604,Rift Bloom - Moiben Farm,High & Magic,40.0,A,25.0,94.0,2350.0,2024-11-04,2024-04-13,2024-04-16,,Norway,FloraHolland Auction,EUR,0.443,1041.05,AIR FREIGHT,362.14,5.3,0.0,,UNKNOWN,5.0,False,False,False,3.0,,False,False,2024.0,11.0,4.0,2024.0,4.0,2.0,2024.0,,,-205.0,,1041.05,362.14,678.91,65.2139666682676,2350.0,2350.0,0.0,No Quality Issue,High Rejection,Excellent
RB-002928,Rift Bloom - Timboroa Farm,Circus,60.0,C,40.0,94.0,3760.0,2024-05-14,2024-05-16,2024-05-17,2024-05-18,Norway,Carrefour Flowers,EUR,0.315,1184.4,ROAD THEN AIR,469.79,2.3,0.0,,PAID,5.0,False,False,False,1.0,1.0,True,False,2024.0,5.0,2.0,2024.0,5.0,2.0,2024.0,2024.0,5.0,2.0,4.0,1184.4,469.79,714.6100000000001,60.33519081391422,3760.0,3760.0,0.0,No Quality Issue,High Rejection,Excellent
RB-002397,Rift Bloom - Moiben Farm,Circus,60.0,,25.0,76.0,1900.0,2024-05-18,2024-05-18,2024-05-21,2024-05-22,Switzerland,Dubai Flower Centre,USD,0.142,269.8,AIR FREIGHT,399.88,,0.0,,PENDING,4.0,False,False,False,3.0,1.0,True,False,2024.0,5.0,2.0,2024.0,5.0,2.0,2024.0,2024.0,5.0,0.0,4.0,269.8,399.88,-130.07999999999998,-48.213491475166784,1900.0,1900.0,0.0,No Quality Issue,High Rejection,Good
RB-002515,Rift Bloom - Kapseret Farm,Cool Water,70.0,C,40.0,160.0,6400.0,2026-04-17,2026-04-19,2026-04-20,2026-04-22,United Arab Emirates,Bloomon BV,USD,0.317,2028.8,AIR FREIGHT,192.29,2.9,0.0,,NAN,5.0,False,False,False,1.0,2.0,True,False,2026.0,4.0,2.0,2026.0,4.0,2.0,2026.0,2026.0,4.0,2.0,5.0,2028.8,192.29,1836.51,90.5219834384858,6400.0,6400.0,0.0,No Quality Issue,High Rejection,Excellent
RB-001235,Rift Bloom - Kapseret Farm,Explorer,50.0,,25.0,167.0,4175.0,2024-11-26,2024-11-27,2024-11-29,,United Arab Emirates,Dubai Flower Centre,KES,55.77,232839.75,AIR FREIGHT,138.94,1.8,0.0,,PAID,4.0,False,False,False,2.0,,False,False,2024.0,11.0,4.0,2024.0,11.0,4.0,2024.0,,,1.0,,232839.75,138.94,232700.81,99.94032805824607,4175.0,4175.0,0.0,No Quality Issue,High Rejection,Good
RB-000415,Rift Bloom - Timboroa Farm,Sweetness,60.0,PREMIUM,10.0,187.0,1870.0,2025-10-25,2025-10-25,2025-10-26,2025-10-28,Norway,FloraHolland Auction,NAN,0.324,605.88,AIR FREIGHT,,,0.0,,PENDING,1.0,False,False,False,1.0,2.0,True,False,2025.0,10.0,4.0,2025.0,10.0,4.0,2025.0,2025.0,10.0,0.0,3.0,605.88,,,,1870.0,1870.0,0.0,No Quality Issue,High Rejection,Poor
RB-000837,Rift Bloom - Kesses Farm,Avalanche,50.0,C,10.0,109.0,1090.0,,2025-03-14,2025-03-17,2025-03-18,Japan,Carrefour Flowers,KES,34.06,37125.4,AIR FREIGHT,306.59,-0.8,0.0,,PAID,4.0,False,False,True,3.0,1.0,True,False,,,,2025.0,3.0,1.0,2025.0,2025.0,3.0,,,37125.4,306.59,36818.810000000005,99.17417724792192,1090.0,1090.0,0.0,No Quality Issue,High Rejection,Good
RB-001365,Rift Bloom - Moiben Farm,Explorer,60.0,B,25.0,86.0,2150.0,2022-12-05,2022-12-07,2022-12-10,2022-12-12,United Arab Emirates,Dubai Flower Centre,USD,0.433,930.95,AIR FREIGHT,65.06,4.3,0.0,,OVERDUE,4.0,False,False,False,3.0,2.0,True,False,2022.0,12.0,4.0,2022.0,12.0,4.0,2022.0,2022.0,12.0,2.0,7.0,930.95,65.06,865.8900000000001,93.01143992695634,2150.0,2150.0,0.0,No Quality Issue,High Rejection,Good
RB-000738,Rift Bloom - Moiben Farm,Tibet,500.0,C,20.0,226.0,4520.0,2024-01-06,2024-08-01,2024-01-11,2024-01-16,Russia,Marks & Spencer Flowers,USD,0.128,578.56,AIR FREIGHT,18.11,2.0,0.0,,PENDING,5.0,False,False,False,-203.0,5.0,False,False,2024.0,1.0,1.0,2024.0,8.0,3.0,2024.0,2024.0,1.0,208.0,10.0,578.56,18.11,560.4499999999999,96.86981471238938,4520.0,4520.0,0.0,No Quality Issue,High Rejection,Excellent
RB-001891,Rift Bloom - Timboroa Farm,Mondial,90.0,B,40.0,35.0,1400.0,2023-10-18,2023-10-20,2023-10-22,2023-10-26,Poland,Dubai Flower Centre,USD,0.544,761.6,NAN,401.55,0.7,0.0,,PAID,4.0,False,False,False,2.0,4.0,True,False,2023.0,10.0,4.0,2023.0,10.0,4.0,2023.0,2023.0,10.0,2.0,8.0,761.6,401.55,360.05,47.275472689075634,1400.0,1400.0,0.0,No Quality Issue,High Rejection,Good
RB-001513,Rift Bloom - Moiben Farm,Tibet,50.0,,25.0,71.0,1775.0,2026-03-29,2026-03-29,2026-01-04,2026-05-04,Australia,Interflora Russia,EUR,0.31,550.25,AIR FREIGHT,417.74,4.4,0.0,,PAID,1.0,False,False,False,-84.0,120.0,False,False,2026.0,3.0,1.0,2026.0,3.0,1.0,2026.0,2026.0,5.0,0.0,36.0,550.25,417.74,132.51,24.08178100863244,1775.0,1775.0,0.0,No Quality Issue,High Rejection,Poor
RB-002911,Rift Bloom - Moiben Farm,Circus,90.0,C,20.0,172.0,3440.0,2024-05-31,2024-02-06,2024-04-06,2024-06-05,United kingdom,Bloomon BV,USD,0.501,1723.44,ROAD THEN AIR,260.74,1.7,0.0,,PENDING,3.0,False,False,False,60.0,60.0,True,False,2024.0,5.0,2.0,2024.0,2.0,1.0,2024.0,2024.0,6.0,-115.0,5.0,1723.44,260.74,1462.7,84.87095576289282,3440.0,3440.0,0.0,No Quality Issue,High Rejection,Average
RB-002270,Rift Bloom - Timboroa Farm,Pink Floyd,60.0,B,25.0,164.0,4100.0,2023-04-19,2023-04-21,2023-04-24,2023-04-25,U.K.,Marks & Spencer Flowers,KES,49.53,203073.0,AIR FREIGHT,306.48,0.5,0.0,,OVERDUE,4.0,False,False,False,3.0,1.0,True,False,2023.0,4.0,2.0,2023.0,4.0,2.0,2023.0,2023.0,4.0,2.0,6.0,203073.0,306.48,202766.52,99.84907890266061,4100.0,4100.0,0.0,No Quality Issue,High Rejection,Good
RB-001565,Rift Bloom - Timboroa Farm,Explorer,50.0,,40.0,62.0,2480.0,2026-05-06,2026-06-07,2026-06-11,2026-06-14,Poland,Tokyo Flower Market,USD,0.275,682.0,AIR FREIGHT,268.18,3.6,0.0,,NAN,4.0,False,False,False,4.0,3.0,True,False,2026.0,5.0,2.0,2026.0,6.0,2.0,2026.0,2026.0,6.0,32.0,39.0,682.0,268.18,413.82,60.67741935483871,2480.0,2480.0,0.0,No Quality Issue,High Rejection,Good
RB-002737,Rift Bloom - Timboroa Farm,Avalanche,60.0,PREMIUM,40.0,167.0,6680.0,2025-12-27,2025-12-29,2026-01-02,2026-05-01,uae,Aalsmeer Direct,UNKNOWN,0.347,2317.96,AIR FREIGHT,180.42,-0.4,17.0,Undersized Stems,NAN,5.0,False,False,True,4.0,119.0,True,False,2025.0,12.0,4.0,2025.0,12.0,4.0,2026.0,2026.0,5.0,2.0,125.0,2317.96,180.42,2137.54,92.21643168993425,6680.0,6680.0,0.25449101796407186,Quality Issue,High Rejection,Excellent
RB-002681,Rift Bloom - Kapseret Farm,Explorer,60.0,PREMIUM,40.0,251.0,10040.0,2023-07-04,2023-04-07,2023-07-07,2023-11-07,United Arab Emirates,Whole Foods Market,USD,0.332,3333.28,AIR FREIGHT,448.58,1.6,0.0,,PENDING,4.0,False,False,False,91.0,123.0,True,False,2023.0,7.0,3.0,2023.0,4.0,2.0,2023.0,2023.0,11.0,-88.0,126.0,3333.28,448.58,2884.7000000000003,86.54238467815485,10040.0,10040.0,0.0,No Quality Issue,High Rejection,Good
RB-000297,Rift Bloom - Ziwa Farm,Circus,40.0,A,25.0,15.0,375.0,2025-12-16,2025-12-17,2025-12-18,,Norway,Tokyo Flower Market,EUR,0.588,220.5,NAN,325.03,1.6,0.0,,NAN,3.0,False,False,False,1.0,,False,False,2025.0,12.0,4.0,2025.0,12.0,4.0,2025.0,,,1.0,,220.5,325.03,-104.52999999999997,-47.40589569160997,375.0,375.0,0.0,No Quality Issue,High Rejection,Average
RB-001730,Rift Bloom - Timboroa Farm,Sweetness,60.0,A,25.0,83.0,2075.0,2023-05-10,2023-05-10,2023-10-06,2023-10-09,Germany,Interflora Russia,NAN,0.208,431.6,AIR FREIGHT,266.07,1.8,0.0,,PENDING,4.0,False,False,False,149.0,3.0,True,False,2023.0,5.0,2.0,2023.0,5.0,2.0,2023.0,2023.0,10.0,0.0,152.0,431.6,266.07,165.53000000000003,38.35264133456905,2075.0,2075.0,0.0,No Quality Issue,High Rejection,Good
RB-000677,Rift Bloom - Kesses Farm,Sweetness,60.0,C,20.0,161.0,3220.0,2023-03-13,2023-03-15,2023-03-18,2023-03-19,U.A.E,Carrefour Flowers,UNKNOWN,0.4,1288.0,AIR FREIGHT,194.94,1.0,0.0,,PAID,4.0,False,False,False,3.0,1.0,True,False,2023.0,3.0,1.0,2023.0,3.0,1.0,2023.0,2023.0,3.0,2.0,6.0,1288.0,194.94,1093.06,84.86490683229813,3220.0,3220.0,0.0,No Quality Issue,High Rejection,Good
RB-001443,Rift Bloom - Timboroa Farm,Mondial,70.0,A,25.0,314.0,7850.0,2025-06-16,2025-06-18,2025-06-20,2025-06-25,Japan,Marks & Spencer Flowers,EUR,0.532,4176.2,AIR FREIGHT,211.05,1.6,0.0,,PENDING,3.0,False,False,False,2.0,5.0,True,False,2025.0,6.0,2.0,2025.0,6.0,2.0,2025.0,2025.0,6.0,2.0,9.0,4176.2,211.05,3965.1499999999996,94.94636272209185,7850.0,7850.0,0.0,No Quality Issue,High Rejection,Average
RB-000563,Rift Bloom - Moiben Farm,Cool Water,50.0,PREMIUM,25.0,66.0,1650.0,2025-05-27,2025-05-28,2025-05-30,2025-04-06,UAE,Local Wholesaler - Eldoret,EUR,0.241,397.65,AIR FREIGHT,108.13,1.6,0.0,,NAN,1.0,False,False,False,2.0,-54.0,False,False,2025.0,5.0,2.0,2025.0,5.0,2.0,2025.0,2025.0,4.0,1.0,-51.0,397.65,108.13,289.52,72.80774550484094,1650.0,1650.0,0.0,No Quality Issue,High Rejection,Poor
RB-000035,Rift Bloom - Kapseret Farm,High & Magic,90.0,B,25.0,134.0,3350.0,2024-03-16,2024-03-18,2024-03-21,2024-03-24,United Arab Emirates,Carrefour Flowers,EUR,0.491,1644.85,AIR FREIGHT,268.24,2.1,0.0,,OVERDUE,5.0,False,False,False,3.0,3.0,True,False,2024.0,3.0,1.0,2024.0,3.0,1.0,2024.0,2024.0,3.0,2.0,8.0,1644.85,268.24,1376.61,83.69212998145727,3350.0,3350.0,0.0,No Quality Issue,High Rejection,Excellent
RB-002775,Rift Bloom - Timboroa Farm,Peach Avalanche,60.0,PREMIUM,10.0,161.0,1610.0,2025-08-17,2025-08-17,2025-08-20,2025-08-23,Switzerland,Interflora Russia,EUR,0.282,454.02,ROAD THEN AIR,401.0,2.7,0.0,,PENDING,2.0,True,False,False,3.0,3.0,True,False,2025.0,8.0,3.0,2025.0,8.0,3.0,2025.0,2025.0,8.0,0.0,6.0,454.02,401.0,53.01999999999998,11.677899651997706,1610.0,1610.0,0.0,No Quality Issue,High Rejection,Poor
RB-001307,Rift Bloom - Turbo Farm,Explorer,90.0,B,20.0,218.0,4360.0,2023-03-30,2023-03-30,2023-03-04,2023-04-06,UAE,Bloomon BV,USD,0.51,2223.6,AIR FREIGHT,1014.53,1.7,0.0,,PENDING,5.0,False,False,False,-26.0,33.0,False,False,2023.0,3.0,1.0,2023.0,3.0,1.0,2023.0,2023.0,4.0,0.0,7.0,2223.6,1014.53,1209.07,54.37443784853391,4360.0,4360.0,0.0,No Quality Issue,High Rejection,Excellent
RB-002498,Rift Bloom - Timboroa Farm,Peach Avalanche,40.0,PREMIUM,25.0,135.0,3375.0,2022-01-07,2022-02-07,2022-05-07,2022-11-07,Japan,Bloomon BV,EUR,0.29,978.75,NAN,225.17,-0.1,0.0,,PENDING,5.0,False,False,True,89.0,184.0,True,False,2022.0,1.0,1.0,2022.0,2.0,1.0,2022.0,2022.0,11.0,31.0,304.0,978.75,225.17,753.58,76.99412515964241,3375.0,3375.0,0.0,No Quality Issue,High Rejection,Excellent
RB-002052,Rift Bloom - Ziwa Farm,Yellow Babe,50.0,STANDARD,40.0,63.0,2520.0,2024-06-26,2024-06-27,2024-06-30,2024-03-07,Norway,Marks & Spencer Flowers,USD,0.516,1300.32,ROAD THEN AIR,179.99,,0.0,,OVERDUE,5.0,False,False,False,3.0,-115.0,False,False,2024.0,6.0,2.0,2024.0,6.0,2.0,2024.0,2024.0,3.0,1.0,-111.0,1300.32,179.99,1120.33,86.15802264058078,2520.0,2520.0,0.0,No Quality Issue,High Rejection,Excellent
RB-000431,Rift Bloom - Kapseret Farm,Mondial,40.0,UNKNOWN,20.0,89.0,1780.0,2025-10-06,2025-06-11,2025-06-12,2025-06-15,France,Carrefour Flowers,NAN,0.35,623.0,AIR FREIGHT,181.68,3.9,0.0,,PAID,5.0,False,False,False,1.0,3.0,True,False,2025.0,10.0,4.0,2025.0,6.0,2.0,2025.0,2025.0,6.0,-117.0,-113.0,623.0,181.68,441.32,70.8378812199037,1780.0,1780.0,0.0,No Quality Issue,High Rejection,Excellent
RB-002363,Rift Bloom - Turbo Farm,Explorer,80.0,B,20.0,93.0,1860.0,2024-12-31,2025-02-01,2025-06-01,2025-08-01,NL,Blume2000,USD,0.344,6398.4,ROAD THEN AIR,266.95,2.6,0.0,,PAID,5.0,False,False,False,120.0,61.0,True,False,2024.0,12.0,4.0,2025.0,2.0,1.0,2025.0,2025.0,8.0,32.0,213.0,6398.4,266.95,6131.45,95.82786321580396,1860.0,1860.0,0.0,No Quality Issue,High Rejection,Excellent
RB-000031,Rift Bloom - Turbo Farm,Yellow Babe,70.0,C,20.0,-166.0,-3320.0,2025-08-04,2025-08-05,2025-06-08,2025-08-11,Switzerland,Tokyo Flower Market,NAN,0.297,-986.04,AIR FREIGHT,218.12,1.9,0.0,,PENDING,3.0,False,False,False,-58.0,64.0,False,False,2025.0,8.0,3.0,2025.0,8.0,3.0,2025.0,2025.0,8.0,1.0,7.0,-986.04,218.12,-1204.1599999999999,,-3320.0,-3320.0,0.0,No Quality Issue,High Rejection,Average
RB-000376,Rift Bloom - Ziwa Farm,Explorer,50.0,UNKNOWN,25.0,96.0,2400.0,2025-08-02,2025-08-02,2025-09-02,2025-02-14,Germany,Whole Foods Market,USD,0.21,504.0,AIR FREIGHT,81.91,1.3,0.0,,PAID,4.0,False,False,False,31.0,-200.0,False,False,2025.0,8.0,3.0,2025.0,8.0,3.0,2025.0,2025.0,2.0,0.0,-169.0,504.0,81.91,422.09000000000003,83.74801587301587,2400.0,2400.0,0.0,No Quality Issue,High Rejection,Good
RB-002362,Rift Bloom - Ziwa Farm,Explorer,50.0,STANDARD,40.0,238.0,9520.0,2022-07-11,2022-07-11,2022-08-11,2022-11-11,Poland,Whole Foods Market,USD,0.376,3579.52,AIR FREIGHT,434.93,,0.0,,OVERDUE,4.0,False,False,False,31.0,92.0,True,False,2022.0,7.0,3.0,2022.0,7.0,3.0,2022.0,2022.0,11.0,0.0,123.0,3579.52,434.93,3144.59,87.84948819953514,9520.0,9520.0,0.0,No Quality Issue,High Rejection,Good
RB-000934,Rift Bloom - Timboroa Farm,Red Naomi,70.0,STANDARD,40.0,191.0,7640.0,2024-01-22,2024-01-22,2024-01-25,2024-01-27,Japan,Dubai Flower Centre,USD,0.376,2872.64,AIR FREIGHT,178.47,1.7,0.0,,PAID,5.0,False,False,False,3.0,2.0,True,False,2024.0,1.0,1.0,2024.0,1.0,1.0,2024.0,2024.0,1.0,0.0,5.0,2872.64,178.47,2694.17,93.78724796702686,7640.0,7640.0,0.0,No Quality Issue,High Rejection,Excellent
RB-000119,Rift Bloom - Ziwa Farm,Yellow Babe,80.0,STANDARD,25.0,30.0,750.0,2024-08-24,2024-08-25,2024-08-26,2024-08-28,Switzerland,Whole Foods Market,KES,42.51,31882.5,AIR FREIGHT,,-0.3,0.0,,NAN,5.0,False,False,True,1.0,2.0,True,False,2024.0,8.0,3.0,2024.0,8.0,3.0,2024.0,2024.0,8.0,1.0,4.0,31882.5,,,,750.0,750.0,0.0,No Quality Issue,High Rejection,Excellent
RB-000853,Rift Bloom - Kesses Farm,FREEDOM,40.0,C,20.0,67.0,1340.0,2023-10-09,2023-09-11,2023-12-09,2023-09-17,United Arab Emirates,Tokyo Flower Market,USD,0.409,548.06,AIR FREIGHT,502.55,0.6,0.0,,NAN,5.0,False,False,False,89.0,-83.0,False,False,2023.0,10.0,4.0,2023.0,9.0,3.0,2023.0,2023.0,9.0,-28.0,-22.0,548.06,502.55,45.509999999999934,8.303835346494898,1340.0,1340.0,0.0,No Quality Issue,High Rejection,Excellent
RB-002001,Rift Bloom - Moiben Farm,Explorer,70.0,C,20.0,169.0,3380.0,2024-01-21,2024-01-22,2024-01-24,2024-01-25,United Kingdom,Local Wholesaler - Eldoret,USD,0.238,804.44,AIR FREIGHT,139.52,,0.0,,OVERDUE,5.0,False,False,False,2.0,1.0,True,False,2024.0,1.0,1.0,2024.0,1.0,1.0,2024.0,2024.0,1.0,1.0,4.0,804.44,139.52,664.9200000000001,82.65625776937995,3380.0,3380.0,0.0,No Quality Issue,High Rejection,Excellent
RB-001503,Rift Bloom - Kapseret Farm,Avalanche,50.0,STANDARD,10.0,126.0,1260.0,2024-02-20,2024-02-20,2024-02-22,2024-02-23,Australia,M-Farm Traders,KES,12.09,15233.4,AIR FREIGHT,459.31,1.7,0.0,,PENDING,5.0,False,False,False,2.0,1.0,True,False,2024.0,2.0,1.0,2024.0,2.0,1.0,2024.0,2024.0,2.0,0.0,3.0,15233.4,459.31,14774.09,96.98484908162328,1260.0,1260.0,0.0,No Quality Issue,High Rejection,Excellent
RB-001773,Rift Bloom - Moiben Farm,Sweetness,60.0,B,20.0,184.0,3680.0,2025-10-15,2025-10-15,2025-10-17,2025-10-22,Holland,FloraHolland Auction,USD,0.25,920.0,ROAD THEN AIR,218.3,-0.2,0.0,,PAID,3.0,False,False,True,2.0,5.0,True,False,2025.0,10.0,4.0,2025.0,10.0,4.0,2025.0,2025.0,10.0,0.0,7.0,920.0,218.3,701.7,76.2717391304348,3680.0,3680.0,0.0,No Quality Issue,High Rejection,Average
RB-001531,rift bloom turbo farm,Red Naomi,70.0,PREMIUM,10.0,-44.0,-440.0,2023-02-15,2023-02-15,2023-02-19,2023-02-23,USA,Carrefour Flowers,EUR,0.213,-93.72,AIR FREIGHT,202.36,3.1,0.0,,PENDING,4.0,False,False,False,4.0,4.0,True,False,2023.0,2.0,1.0,2023.0,2.0,1.0,2023.0,2023.0,2.0,0.0,8.0,-93.72,202.36,-296.08000000000004,,-440.0,-440.0,0.0,No Quality Issue,High Rejection,Good
RB-001299,Rift Bloom - Kesses Farm,Avalanche,50.0,,40.0,105.0,4200.0,2022-10-29,2022-10-30,2022-03-11,2022-11-04,Russia,Local Wholesaler - Eldoret,USD,0.383,1608.6,AIR FREIGHT,106.1,1.4,0.0,,PAID,5.0,False,False,False,-233.0,238.0,False,False,2022.0,10.0,4.0,2022.0,10.0,4.0,2022.0,2022.0,11.0,1.0,6.0,1608.6,106.1,1502.5,93.40420241203532,4200.0,4200.0,0.0,No Quality Issue,High Rejection,Excellent
RB-000641,Rift Bloom - Kapseret Farm,Pink Floyd,50.0,B,10.0,55.0,550.0,2026-01-20,2026-01-20,2026-01-22,2026-01-24,United Arab Emirates,Interflora Russia,USD,0.322,177.1,AIR FREIGHT,324.61,3.3,0.0,,PAID,5.0,False,False,False,2.0,2.0,True,False,2026.0,1.0,1.0,2026.0,1.0,1.0,2026.0,2026.0,1.0,0.0,4.0,177.1,324.61,-147.51000000000002,-83.29192546583852,550.0,550.0,0.0,No Quality Issue,High Rejection,Excellent
RB-002548,Rift Bloom - Moiben Farm,Athena,50.0,PREMIUM,10.0,156.0,1560.0,2026-03-05,,,2026-03-13,Poland,Carrefour Flowers,USD,0.394,614.64,AIR FREIGHT,112.86,,0.0,,PENDING,4.0,False,False,False,,,False,False,2026.0,3.0,1.0,,,,,2026.0,3.0,,8.0,614.64,112.86,501.78,81.63803201874268,1560.0,1560.0,0.0,No Quality Issue,High Rejection,Good
RB-002372,Rift Bloom - Moiben Farm,Cool Water,70.0,PREMIUM,20.0,80.0,1600.0,2022-12-30,2023-01-01,2023-01-03,2023-05-01,Holland,M-Farm Traders,EUR,0.179,286.4,NAN,429.86,0.2,0.0,,PAID,5.0,False,False,False,2.0,118.0,True,False,2022.0,12.0,4.0,2023.0,1.0,1.0,2023.0,2023.0,5.0,2.0,122.0,286.4,429.86,-143.46000000000004,-50.09078212290504,1600.0,1600.0,0.0,No Quality Issue,High Rejection,Excellent
RB-002828,Rift Bloom - Turbo Farm,Yellow Babe,60.0,PREMIUM,20.0,215.0,4300.0,2024-10-27,2024-10-27,2024-10-31,2024-11-04,Netherlands,Local Wholesaler - Eldoret,KES,51.87,223041.0,AIR FREIGHT,270.65,1.9,0.0,,OVERDUE,4.0,False,False,False,4.0,4.0,True,False,2024.0,10.0,4.0,2024.0,10.0,4.0,2024.0,2024.0,11.0,0.0,8.0,223041.0,270.65,222770.35,99.87865459713686,4300.0,4300.0,0.0,No Quality Issue,High Rejection,Good
RB-000260,Rift Bloom - Timboroa Farm,Vendela,50.0,PREMIUM,25.0,62.0,1550.0,,2024-03-29,2024-01-04,2024-04-04,Japan,Aalsmeer Direct,USD,0.338,523.9,AIR FREIGHT,608.22,-0.7,0.0,,NAN,4.0,False,False,True,-85.0,91.0,False,False,,,,2024.0,3.0,1.0,2024.0,2024.0,4.0,,,523.9,608.22,-84.32000000000005,-16.09467455621303,1550.0,1550.0,0.0,No Quality Issue,High Rejection,Good
RB-000839,Rift Bloom - Timboroa Farm,Vendela,50.0,STANDARD,25.0,157.0,3925.0,2024-07-09,2024-09-09,,2024-09-14,United Arab Emirates,Interflora Russia,USD,0.402,1577.85,AIR FREIGHT,267.73,2.3,0.0,,PAID,4.0,False,False,False,,,False,False,2024.0,7.0,3.0,2024.0,9.0,3.0,,2024.0,9.0,62.0,67.0,1577.85,267.73,1310.12,83.03197388851919,3925.0,3925.0,0.0,No Quality Issue,High Rejection,Good
RB-002245,Rift Bloom - Kapseret Farm,Peach Avalanche,40.0,B,40.0,14.0,560.0,2024-02-09,2024-09-02,2024-02-12,2024-02-17,Japan,Blume2000,USD,0.339,189.84,AIR FREIGHT,406.37,3.2,0.0,,PAID,5.0,False,False,False,-203.0,5.0,False,False,2024.0,2.0,1.0,2024.0,9.0,3.0,2024.0,2024.0,2.0,206.0,8.0,189.84,406.37,-216.53,-114.05920775389802,560.0,560.0,0.0,No Quality Issue,High Rejection,Excellent
RB-000080,Rift Bloom - Kesses Farm,Explorer,50.0,PREMIUM,40.0,124.0,4960.0,2024-11-19,2024-11-21,2024-11-25,2024-11-27,Norway,Tokyo Flower Market,NAN,0.371,1840.16,AIR FREIGHT,83.71,1.4,0.0,,PAID,3.0,False,False,False,4.0,2.0,True,False,2024.0,11.0,4.0,2024.0,11.0,4.0,2024.0,2024.0,11.0,2.0,8.0,1840.16,83.71,1756.45,95.45093904877837,4960.0,4960.0,0.0,No Quality Issue,High Rejection,Average
RB-000825,Rift Bloom - Kapseret Farm,Vendela,80.0,,40.0,155.0,6200.0,2022-05-10,2022-10-05,2022-09-10,2022-10-13,United Kingdom,M-Farm Traders,USD,0.504,3124.8,AIR FREIGHT,173.66,1.7,0.0,,PENDING,5.0,False,False,False,-25.0,33.0,False,False,2022.0,5.0,2.0,2022.0,10.0,4.0,2022.0,2022.0,10.0,148.0,156.0,3124.8,173.66,2951.1400000000003,94.44252432155659,6200.0,6200.0,0.0,No Quality Issue,High Rejection,Excellent
RB-002217,Rift Bloom - Kesses Farm,Vendela,50.0,B,20.0,39.0,780.0,2022-07-12,2022-12-07,2022-07-16,2022-07-21,U.S.A,Tokyo Flower Market,USD,0.27,210.6,AIR FREIGHT,232.08,1.9,0.0,,PAID,5.0,False,False,False,-144.0,5.0,False,False,2022.0,7.0,3.0,2022.0,12.0,4.0,2022.0,2022.0,7.0,148.0,9.0,210.6,232.08,-21.480000000000018,-10.199430199430209,780.0,780.0,0.0,No Quality Issue,High Rejection,Excellent
RB-001930,Rift Bloom - Moiben Farm,Vendela,70.0,,10.0,119.0,1190.0,2022-02-26,2022-02-26,2022-01-03,2022-07-03,Australia,Whole Foods Market,USD,0.461,548.59,NAN,74.6,1.5,0.0,,NAN,4.0,False,False,False,-54.0,181.0,False,False,2022.0,2.0,1.0,2022.0,2.0,1.0,2022.0,2022.0,7.0,0.0,127.0,548.59,74.6,473.99,86.40150203248326,1190.0,1190.0,0.0,No Quality Issue,High Rejection,Good
RB-002708,Rift Bloom - Turbo Farm,Sweetness,90.0,A,10.0,140.0,1400.0,2025-10-06,2025-12-06,2025-06-15,2025-06-19,USA,FloraHolland Auction,NAN,0.282,394.8,AIR FREIGHT,50.45,,0.0,,NAN,4.0,False,False,False,-174.0,4.0,False,False,2025.0,10.0,4.0,2025.0,12.0,4.0,2025.0,2025.0,6.0,61.0,-109.0,394.8,50.45,344.35,87.22137791286728,1400.0,1400.0,0.0,No Quality Issue,High Rejection,Good
RB-001822,Rift Bloom - Kapseret Farm,Mondial,50.0,PREMIUM,40.0,34.0,1360.0,2024-12-07,2024-07-13,2024-07-14,2024-07-19,US,Blume2000,EUR,0.167,227.12,AIR FREIGHT,306.85,2.1,0.0,,NAN,5.0,False,False,False,1.0,5.0,True,False,2024.0,12.0,4.0,2024.0,7.0,3.0,2024.0,2024.0,7.0,-147.0,-141.0,227.12,306.85,-79.73000000000002,-35.10479041916169,1360.0,1360.0,0.0,No Quality Issue,High Rejection,Excellent
RB-002061,Rift Bloom - Kapseret Farm,Red Naomi,80.0,PREMIUM,25.0,112.0,2800.0,2022-01-31,2022-01-31,2022-01-02,2022-02-04,Switzerland,Carrefour Flowers,USD,0.177,495.6,NAN,234.19,3.6,0.0,,OVERDUE,3.0,False,False,False,-29.0,33.0,False,False,2022.0,1.0,1.0,2022.0,1.0,1.0,2022.0,2022.0,2.0,0.0,4.0,495.6,234.19,261.41,52.74616626311543,2800.0,2800.0,0.0,No Quality Issue,High Rejection,Average
RB-001869,Rift Bloom - Ziwa Farm,Cool Water,50.0,C,10.0,105.0,1050.0,2025-07-09,2025-09-09,2025-09-13,2025-09-17,Switzerland,Dubai Flower Centre,EUR,0.261,274.05,AIR FREIGHT,38.76,1.8,0.0,,PAID,4.0,False,False,False,4.0,4.0,True,False,2025.0,7.0,3.0,2025.0,9.0,3.0,2025.0,2025.0,9.0,62.0,70.0,274.05,38.76,235.29000000000002,85.85659551176794,1050.0,1050.0,0.0,No Quality Issue,High Rejection,Good
RB-002310,Rift Bloom - Kesses Farm,Circus,90.0,C,40.0,64.0,2560.0,2023-01-30,2023-01-02,2023-02-02,2023-02-03,Netherlands,Marks & Spencer Flowers,USD,0.075,192.0,AIR FREIGHT,388.45,4.1,0.0,,OVERDUE,5.0,False,False,False,31.0,1.0,True,False,2023.0,1.0,1.0,2023.0,1.0,1.0,2023.0,2023.0,2.0,-28.0,4.0,192.0,388.45,-196.45,-102.31770833333333,2560.0,2560.0,0.0,No Quality Issue,High Rejection,Excellent
RB-000741,Rift Bloom - Kapseret Farm,Yellow Babe,40.0,C,10.0,89.0,890.0,2023-05-20,2023-05-22,2023-05-24,2023-05-29,United Arab Emirates,Blume2000,USD,0.345,307.05,NAN,92.42,2.2,0.0,,PAID,3.0,False,False,False,2.0,5.0,True,False,2023.0,5.0,2.0,2023.0,5.0,2.0,2023.0,2023.0,5.0,2.0,9.0,307.05,92.42,214.63,69.90066764370624,890.0,890.0,0.0,No Quality Issue,High Rejection,Average
RB-000921,Rift Bloom - Kesses Farm,Tibet,80.0,PREMIUM,20.0,38.0,760.0,2024-12-12,2024-12-12,2024-12-14,2024-12-18,United Arab Emirates,FloraHolland Auction,NAN,0.446,338.96,AIR FREIGHT,460.77,3.0,0.0,,OVERDUE,5.0,False,False,False,2.0,4.0,True,False,2024.0,12.0,4.0,2024.0,12.0,4.0,2024.0,2024.0,12.0,0.0,6.0,338.96,460.77,-121.81,-35.93639367476989,760.0,760.0,0.0,No Quality Issue,High Rejection,Excellent
RB-002623,Rift Bloom - Moiben Farm,Circus,40.0,B,10.0,166.0,1660.0,2026-04-30,2026-05-01,2026-05-04,2026-05-05,US,Whole Foods Market,EUR,0.382,634.12,AIR FREIGHT,45.06,1.4,0.0,,NAN,5.0,False,False,False,3.0,1.0,True,False,2026.0,4.0,2.0,2026.0,5.0,2.0,2026.0,2026.0,5.0,1.0,5.0,634.12,45.06,589.06,92.89408944679239,1660.0,1660.0,0.0,No Quality Issue,High Rejection,Excellent
RB-000204,Rift Bloom - Timboroa Farm,AVALANCHE,90.0,B,10.0,53.0,530.0,2024-10-13,2024-10-14,2024-10-16,2024-10-20,Netherlands,Dubai Flower Centre,NAN,0.325,172.25,AIR FREIGHT,102.32,2.2,0.0,,NAN,3.0,False,False,False,2.0,4.0,True,False,2024.0,10.0,4.0,2024.0,10.0,4.0,2024.0,2024.0,10.0,1.0,7.0,172.25,102.32,69.93,40.59796806966619,530.0,530.0,0.0,No Quality Issue,High Rejection,Average
RB-001225,Rift Bloom - Moiben Farm,Explorer,90.0,PREMIUM,25.0,80.0,2000.0,2026-07-19,2026-07-19,2026-07-22,2026-07-26,usa,Bloomon BV,USD,0.476,952.0,AIR FREIGHT,335.09,3.3,0.0,,PAID,4.0,False,False,False,3.0,4.0,True,False,2026.0,7.0,3.0,2026.0,7.0,3.0,2026.0,2026.0,7.0,0.0,7.0,952.0,335.09,616.9100000000001,64.8014705882353,2000.0,2000.0,0.0,No Quality Issue,High Rejection,Good
RB-001152,Rift Bloom - Kapseret Farm,Yellow Babe,60.0,PREMIUM,40.0,34.0,1360.0,2022-11-17,2022-11-17,2022-11-19,2022-11-24,Japan,Aalsmeer Direct,EUR,0.509,692.24,AIR FREIGHT,256.93,2.7,0.0,,PAID,5.0,False,False,False,2.0,5.0,True,False,2022.0,11.0,4.0,2022.0,11.0,4.0,2022.0,2022.0,11.0,0.0,7.0,692.24,256.93,435.31,62.884259794291,1360.0,1360.0,0.0,No Quality Issue,High Rejection,Excellent
RB-001223,Rift Bloom - Timboroa Farm,Vendela,70.0,A,20.0,71.0,1420.0,2022-06-25,2022-06-25,2022-06-29,2022-06-30,U.A.E,Tokyo Flower Market,EUR,0.581,825.02,AIR FREIGHT,269.07,,0.0,,NAN,4.0,False,False,False,4.0,1.0,True,False,2022.0,6.0,2.0,2022.0,6.0,2.0,2022.0,2022.0,6.0,0.0,5.0,825.02,269.07,555.95,67.386245181935,1420.0,1420.0,0.0,No Quality Issue,High Rejection,Good
RB-000187,Rift Bloom - Turbo Farm,Vendela,60.0,UNKNOWN,10.0,143.0,1430.0,2024-01-06,2024-01-06,2024-06-02,2024-06-05,Norway,Whole Foods Market,NAN,0.458,654.94,AIR FREIGHT,210.11,2.4,0.0,,PAID,4.0,False,False,False,148.0,3.0,True,False,2024.0,1.0,1.0,2024.0,1.0,1.0,2024.0,2024.0,6.0,0.0,151.0,654.94,210.11,444.83000000000004,67.9191987052249,1430.0,1430.0,0.0,No Quality Issue,High Rejection,Good
RB-001023,Rift Bloom - Turbo Farm,Vendela,70.0,A,25.0,105.0,2625.0,2023-03-02,2023-04-02,2023-08-02,2023-09-02,France,Dubai Flower Centre,KES,26.26,68932.5,AIR FREIGHT,398.81,3.6,8.0,Botrytis,PENDING,5.0,False,False,False,122.0,31.0,True,False,2023.0,3.0,1.0,2023.0,4.0,2.0,2023.0,2023.0,9.0,31.0,184.0,68932.5,398.81,68533.69,99.42144851847823,2625.0,2625.0,0.3047619047619048,Quality Issue,High Rejection,Excellent
RB-000695,Rift Bloom - Kesses Farm,Peach Avalanche,50.0,PREMIUM,10.0,153.0,1530.0,2024-12-22,2024-12-22,2024-12-26,2024-12-27,Australia,Interflora Russia,EUR,0.401,613.53,NAN,125.19,4.7,0.0,,PENDING,4.0,False,False,False,4.0,1.0,True,False,2024.0,12.0,4.0,2024.0,12.0,4.0,2024.0,2024.0,12.0,0.0,5.0,613.53,125.19,488.34,79.59512982250257,1530.0,1530.0,0.0,No Quality Issue,High Rejection,Good
RB-001627,Rift Bloom - Timboroa Farm,Circus,70.0,STANDARD,20.0,33.0,660.0,2024-03-31,2024-01-04,2024-04-05,2024-07-04,United Arab Emirates,Bloomon BV,USD,0.455,300.3,AIR FREIGHT,17.11,1.1,0.0,,UNKNOWN,4.0,False,False,False,92.0,90.0,True,False,2024.0,3.0,1.0,2024.0,1.0,1.0,2024.0,2024.0,7.0,-87.0,95.0,300.3,17.11,283.19,94.3023643023643,660.0,660.0,0.0,No Quality Issue,High Rejection,Good
RB-002786,Rift Bloom - Moiben Farm,Mondial,70.0,PREMIUM,10.0,25.0,250.0,2025-06-10,2025-11-06,2025-06-13,2025-06-18,Russia,M-Farm Traders,KES,42.64,10660.0,AIR FREIGHT,,3.3,0.0,,NAN,5.0,False,False,False,-146.0,5.0,False,False,2025.0,6.0,2.0,2025.0,11.0,4.0,2025.0,2025.0,6.0,149.0,8.0,10660.0,,,,250.0,250.0,0.0,No Quality Issue,High Rejection,Excellent
RB-002649,Rift Bloom - Ziwa Farm,Vendela,50.0,,10.0,104.0,1040.0,2022-05-24,2022-05-24,,2022-05-30,Russia,Dubai Flower Centre,EUR,0.499,518.96,AIR FREIGHT,185.57,2.3,5.0,Undersized Stems,PAID,4.0,False,False,False,,,False,False,2022.0,5.0,2.0,2022.0,5.0,2.0,,2022.0,5.0,0.0,6.0,518.96,185.57,333.39000000000004,64.24194542932018,1040.0,1040.0,0.4807692307692308,Quality Issue,High Rejection,Good
RB-002089,Rift Bloom - Kesses Farm,Tibet,90.0,B,25.0,138.0,3450.0,2024-09-09,,2024-12-09,2024-09-15,Japan,Marks & Spencer Flowers,USD,0.363,1252.35,AIR FREIGHT,619.66,,0.0,,NAN,5.0,False,False,False,,-85.0,False,False,2024.0,9.0,3.0,,,,2024.0,2024.0,9.0,,6.0,1252.35,619.66,632.6899999999999,50.520221982672574,3450.0,3450.0,0.0,No Quality Issue,High Rejection,Excellent
RB-001734,Rift Bloom - Kapseret Farm,Tibet,500.0,PREMIUM,20.0,151.0,3020.0,2023-01-06,2023-08-01,2023-11-01,,Poland,Bloomon BV,NAN,0.218,658.36,AIR FREIGHT,88.85,1.0,0.0,,PAID,5.0,False,False,False,92.0,,False,False,2023.0,1.0,1.0,2023.0,8.0,3.0,2023.0,,,207.0,,658.36,88.85,569.51,86.5043441278328,3020.0,3020.0,0.0,No Quality Issue,High Rejection,Excellent
RB-000892,Rift Bloom - Turbo Farm,Pink Floyd,80.0,B,40.0,318.0,12720.0,2022-05-23,2022-05-24,2022-05-25,2022-05-31,The Netherlands,Carrefour Flowers,EUR,0.298,3790.56,AIR FREIGHT,234.47,18.7,0.0,,PAID,3.0,False,False,False,1.0,6.0,True,False,2022.0,5.0,2.0,2022.0,5.0,2.0,2022.0,2022.0,5.0,1.0,8.0,3790.56,234.47,3556.09,93.81437043603057,12720.0,12720.0,0.0,No Quality Issue,High Rejection,Average
RB-002722,Rift Bloom - Ziwa Farm,Sweetness,50.0,C,20.0,136.0,2720.0,2024-05-17,2024-05-19,2024-05-21,2024-05-25,France,Whole Foods Market,KES,73.06,198723.2,AIR FREIGHT,155.03,1.4,0.0,,NAN,4.0,False,False,False,2.0,4.0,True,False,2024.0,5.0,2.0,2024.0,5.0,2.0,2024.0,2024.0,5.0,2.0,8.0,198723.2,155.03,198568.17,99.92198696478317,2720.0,2720.0,0.0,No Quality Issue,High Rejection,Good
RB-000670,Rift Bloom - Turbo Farm,Circus,60.0,B,10.0,197.0,1970.0,2022-12-03,2022-03-13,2022-03-16,2022-03-18,Poland,Tokyo Flower Market,EUR,0.468,921.96,AIR FREIGHT,262.55,3.3,0.0,,PENDING,4.0,False,False,False,3.0,2.0,True,False,2022.0,12.0,4.0,2022.0,3.0,1.0,2022.0,2022.0,3.0,-265.0,-260.0,921.96,262.55,659.4100000000001,71.52262571044298,1970.0,1970.0,0.0,No Quality Issue,High Rejection,Good
RB-000191,Rift Bloom - Timboroa Farm,Red-Naomi,70.0,B,25.0,127.0,3175.0,2026-12-01,,2026-01-16,2026-01-18,United Arab Emirates,Aalsmeer Direct,USD,0.391,1241.42,ROAD THEN AIR,356.36,2.5,0.0,,PAID,4.0,False,False,False,,2.0,False,False,2026.0,12.0,4.0,,,,2026.0,2026.0,1.0,,-317.0,1241.42,356.36,885.0600000000001,71.29416313576388,3175.0,3175.0,0.0,No Quality Issue,High Rejection,Good
RB-001455,Rift Bloom - Kesses Farm,Mondial,60.0,B,10.0,85.0,850.0,2023-10-10,2023-10-12,2023-10-16,2023-10-20,Switzerland,Bloomon BV,USD,0.424,360.4,AIR FREIGHT,115.72,2.5,17.0,Stem Bent,PAID,4.0,False,False,False,4.0,4.0,True,False,2023.0,10.0,4.0,2023.0,10.0,4.0,2023.0,2023.0,10.0,2.0,10.0,360.4,115.72,244.67999999999998,67.8912319644839,850.0,850.0,2.0,Quality Issue,High Rejection,Good
RB-001465,Rift Bloom - Kapseret Farm,Tibet,0.0,PREMIUM,25.0,202.0,5050.0,2022-10-17,2022-10-18,2022-10-19,2022-10-22,Poland,Local Wholesaler - Eldoret,KES,6.5,32825.0,AIR FREIGHT,481.45,4.9,0.0,,PAID,5.0,False,False,False,1.0,3.0,True,False,2022.0,10.0,4.0,2022.0,10.0,4.0,2022.0,2022.0,10.0,1.0,5.0,32825.0,481.45,32343.55,98.53328255902512,5050.0,5050.0,0.0,No Quality Issue,High Rejection,Excellent
RB-002642,rift bloom turbo farm,Yellow Babe,50.0,B,40.0,85.0,3400.0,2022-06-09,2022-09-06,2022-10-09,2022-09-16,Poland,M-Farm Traders,EUR,0.222,754.8,AIR FREIGHT,896.83,3.1,0.0,,PAID,4.0,False,False,False,33.0,-23.0,False,False,2022.0,6.0,2.0,2022.0,9.0,3.0,2022.0,2022.0,9.0,89.0,99.0,754.8,896.83,-142.0300000000001,-18.816905140434564,3400.0,3400.0,0.0,No Quality Issue,High Rejection,Good
RB-002460,Rift Bloom - Kapseret Farm,Tibet,60.0,A,25.0,25.0,625.0,2023-11-21,2023-11-23,2023-11-26,2023-12-02,Norway,Local Wholesaler - Eldoret,KES,51.87,32418.75,NAN,356.44,4.8,0.0,,NAN,4.0,False,False,False,3.0,6.0,True,False,2023.0,11.0,4.0,2023.0,11.0,4.0,2023.0,2023.0,12.0,2.0,11.0,32418.75,356.44,32062.31,98.90051282051282,625.0,625.0,0.0,No Quality Issue,High Rejection,Good
RB-001682,Rift Bloom - Kesses Farm,Peach Avalanche,60.0,C,25.0,102.0,2550.0,2026-05-29,2026-05-31,2026-02-06,2026-07-06,Switzerland,Blume2000,USD,0.444,1132.2,AIR FREIGHT,,0.8,0.0,,PAID,3.0,False,False,False,-114.0,150.0,False,False,2026.0,5.0,2.0,2026.0,5.0,2.0,2026.0,2026.0,7.0,2.0,38.0,1132.2,,,,2550.0,2550.0,0.0,No Quality Issue,High Rejection,Average
RB-001788,Rift Bloom - Timboroa Farm,Red Naomi,50.0,,25.0,42.0,1050.0,2022-02-13,2022-02-15,2022-02-18,2022-02-20,Germany,Local Wholesaler - Eldoret,USD,0.19,199.5,AIR FREIGHT,236.97,3.2,0.0,,NAN,4.0,False,False,False,3.0,2.0,True,False,2022.0,2.0,1.0,2022.0,2.0,1.0,2022.0,2022.0,2.0,2.0,7.0,199.5,236.97,-37.47,-18.781954887218046,1050.0,1050.0,0.0,No Quality Issue,High Rejection,Good
RB-000848,Rift Bloom - Ziwa Farm,Explorer,60.0,,20.0,125.0,2500.0,,2022-03-05,2022-05-05,2022-11-05,Japan,Local Wholesaler - Eldoret,USD,0.346,865.0,NAN,,0.7,0.0,,NAN,4.0,False,False,False,61.0,184.0,True,False,,,,2022.0,3.0,1.0,2022.0,2022.0,11.0,,,865.0,,,,2500.0,2500.0,0.0,No Quality Issue,High Rejection,Good
RB-001645,Rift Bloom - Moiben Farm,Pink Floyd,60.0,C,40.0,76.0,3040.0,2025-01-24,2025-01-26,2025-01-28,2025-01-31,France,M-Farm Traders,EUR,0.357,1085.28,AIR FREIGHT,,-0.4,54.0,Undersized Stems,PAID,5.0,False,False,True,2.0,3.0,True,False,2025.0,1.0,1.0,2025.0,1.0,1.0,2025.0,2025.0,1.0,2.0,7.0,1085.28,,,,3040.0,3040.0,1.776315789473684,Quality Issue,High Rejection,Excellent
RB-000413,Rift Bloom - Ziwa Farm,Red Naomi,80.0,A,40.0,58.0,2320.0,,2023-06-05,2023-07-06,2023-12-06,Norway,Blume2000,EUR,0.48,1113.6,AIR FREIGHT,633.94,0.3,0.0,,PAID,4.0,False,False,False,31.0,153.0,True,False,,,,2023.0,6.0,2.0,2023.0,2023.0,12.0,,,1113.6,633.94,479.65999999999985,43.07291666666666,2320.0,2320.0,0.0,No Quality Issue,High Rejection,Good
RB-000451,Rift Bloom - Kapseret Farm,Freedom,0.0,A,25.0,158.0,3950.0,2025-11-14,2025-11-16,2025-11-17,2025-11-23,Russia,Marks & Spencer Flowers,NAN,0.416,1643.2,ROAD THEN AIR,114.28,-0.6,0.0,,OVERDUE,3.0,False,False,True,1.0,6.0,True,False,2025.0,11.0,4.0,2025.0,11.0,4.0,2025.0,2025.0,11.0,2.0,9.0,1643.2,114.28,1528.92,93.04527750730283,3950.0,3950.0,0.0,No Quality Issue,High Rejection,Average
RB-001597,Rift Bloom - Kesses Farm,Mondial,80.0,STANDARD,25.0,80.0,2000.0,2024-10-21,2024-10-21,2024-10-23,2024-10-28,United Arab Emirates,Dubai Flower Centre,NAN,0.224,448.0,AIR FREIGHT,376.09,2.2,0.0,,PENDING,3.0,False,False,False,2.0,5.0,True,False,2024.0,10.0,4.0,2024.0,10.0,4.0,2024.0,2024.0,10.0,0.0,7.0,448.0,376.09,71.91000000000003,16.051339285714292,2000.0,2000.0,0.0,No Quality Issue,High Rejection,Average
RB-002545,Rift Bloom - Kesses Farm,Sweetness,60.0,,20.0,197.0,3940.0,2023-06-12,2023-06-14,,2023-06-19,Japan,Bloomon BV,NAN,0.339,1335.66,AIR FREIGHT,389.25,4.7,0.0,,PAID,4.0,False,False,False,,,False,False,2023.0,6.0,2.0,2023.0,6.0,2.0,,2023.0,6.0,2.0,7.0,1335.66,389.25,946.4100000000001,70.85710435290419,3940.0,3940.0,0.0,No Quality Issue,High Rejection,Good
RB-002806,rift bloom turbo farm,Tibet,70.0,PREMIUM,25.0,68.0,1700.0,2024-12-27,2024-12-29,2025-01-01,2025-01-03,Russia,Tokyo Flower Market,EUR,0.477,810.9,AIR FREIGHT,221.76,1.8,0.0,,PAID,5.0,False,False,False,3.0,2.0,True,False,2024.0,12.0,4.0,2024.0,12.0,4.0,2025.0,2025.0,1.0,2.0,7.0,810.9,221.76,589.14,72.65260821309656,1700.0,1700.0,0.0,No Quality Issue,High Rejection,Excellent
RB-000717,Rift Bloom - Moiben Farm,Vendela,50.0,A,20.0,9.0,180.0,2026-06-16,2026-06-17,2026-06-19,2026-06-20,uae,Marks & Spencer Flowers,USD,0.455,81.9,AIR FREIGHT,128.89,2.0,0.0,,OVERDUE,3.0,False,False,False,2.0,1.0,True,False,2026.0,6.0,2.0,2026.0,6.0,2.0,2026.0,2026.0,6.0,1.0,4.0,81.9,128.89,-46.98999999999998,-57.37484737484735,180.0,180.0,0.0,No Quality Issue,High Rejection,Average
RB-002970,Rift Bloom - Kapseret Farm,Circus,70.0,A,10.0,39.0,390.0,2022-11-15,2022-11-15,2022-11-16,2022-11-19,USA,Local Wholesaler - Eldoret,USD,0.307,119.73,AIR FREIGHT,,0.4,0.0,,PAID,4.0,False,False,False,1.0,3.0,True,False,2022.0,11.0,4.0,2022.0,11.0,4.0,2022.0,2022.0,11.0,0.0,4.0,119.73,,,,390.0,390.0,0.0,No Quality Issue,High Rejection,Good
RB-002325,Rift Bloom - Kesses Farm,Peach Avalanche,40.0,C,25.0,214.0,5350.0,2025-12-23,2025-12-25,2025-12-26,2025-12-27,Russia,Local Wholesaler - Eldoret,NAN,0.278,1487.3,AIR FREIGHT,450.11,,0.0,,NAN,3.0,False,False,False,1.0,1.0,True,False,2025.0,12.0,4.0,2025.0,12.0,4.0,2025.0,2025.0,12.0,2.0,4.0,1487.3,450.11,1037.19,69.73643515094467,5350.0,5350.0,0.0,No Quality Issue,High Rejection,Average
RB-002620,Rift Bloom - Moiben Farm,Tibet,70.0,,25.0,89.0,2225.0,2023-09-02,2023-04-09,2023-05-09,2023-06-09,Russia,Interflora Russia,EUR,0.397,883.33,ROAD THEN AIR,262.33,2.9,0.0,,PENDING,5.0,False,False,False,30.0,31.0,True,False,2023.0,9.0,3.0,2023.0,4.0,2.0,2023.0,2023.0,6.0,-146.0,-85.0,883.33,262.33,621.0,70.30215208359276,2225.0,2225.0,0.0,No Quality Issue,High Rejection,Excellent
RB-001423,Rift Bloom - Ziwa Farm,Sweetness,60.0,A,40.0,50.0,2000.0,2025-09-28,2025-09-30,2025-10-01,2025-10-05,Germany,Dubai Flower Centre,KES,43.81,87620.0,ROAD THEN AIR,49.87,2.5,32.0,,NAN,5.0,False,False,False,1.0,4.0,True,False,2025.0,9.0,3.0,2025.0,9.0,3.0,2025.0,2025.0,10.0,2.0,7.0,87620.0,49.87,87570.13,99.94308377082858,2000.0,2000.0,1.6,No Quality Issue,High Rejection,Excellent
RB-000457,Rift Bloom - Kesses Farm,Vendela,70.0,B,20.0,72.0,1440.0,2024-04-16,2024-04-17,2024-04-18,2024-04-22,France,Marks & Spencer Flowers,NAN,0.22,316.8,AIR FREIGHT,146.6,2.4,16.0,Petal Bruising,PENDING,4.0,False,False,False,1.0,4.0,True,False,2024.0,4.0,2.0,2024.0,4.0,2.0,2024.0,2024.0,4.0,1.0,6.0,316.8,146.6,170.20000000000002,53.72474747474748,1440.0,1440.0,1.1111111111111112,Quality Issue,High Rejection,Good
RB-001912,Rift Bloom - Turbo Farm,Sweetness,80.0,C,20.0,241.0,4820.0,2023-02-02,2023-02-02,2023-05-02,2023-09-02,Netherlands,Tokyo Flower Market,EUR,0.532,2564.24,AIR FREIGHT,87.92,1.9,0.0,,NAN,4.0,False,False,False,89.0,123.0,True,False,2023.0,2.0,1.0,2023.0,2.0,1.0,2023.0,2023.0,9.0,0.0,212.0,2564.24,87.92,2476.3199999999997,96.5713037781175,4820.0,4820.0,0.0,No Quality Issue,High Rejection,Good
RB-001103,Rift Bloom - Kapseret Farm,Yellow Babe,90.0,A,25.0,139.0,3475.0,2024-03-19,2024-03-19,2024-03-21,2024-03-22,Switzerland,Bloomon BV,EUR,0.275,955.63,AIR FREIGHT,171.8,1.0,0.0,,PAID,4.0,False,False,False,2.0,1.0,True,False,2024.0,3.0,1.0,2024.0,3.0,1.0,2024.0,2024.0,3.0,0.0,3.0,955.63,171.8,783.8299999999999,82.02233081841298,3475.0,3475.0,0.0,No Quality Issue,High Rejection,Good
RB-001209,Rift Bloom - Turbo Farm,Avalanche,70.0,B,20.0,347.0,6940.0,2024-04-06,2024-06-06,2024-10-06,2024-12-06,Poland,Blume2000,USD,0.266,1846.04,AIR FREIGHT,180.47,2.8,9.0,Undersized Stems,NAN,3.0,False,False,False,122.0,61.0,True,False,2024.0,4.0,2.0,2024.0,6.0,2.0,2024.0,2024.0,12.0,61.0,244.0,1846.04,180.47,1665.57,90.22393880955993,6940.0,6940.0,0.12968299711815562,Quality Issue,High Rejection,Average
RB-000152,Rift Bloom - Kapseret Farm,RedNaomi,90.0,A,10.0,286.0,2860.0,2026-06-30,2026-06-30,2026-02-07,2026-07-05,Poland,Dubai Flower Centre,EUR,0.455,1301.3,AIR FREIGHT,93.48,-0.2,0.0,,PAID,5.0,False,False,True,-143.0,148.0,False,False,2026.0,6.0,2.0,2026.0,6.0,2.0,2026.0,2026.0,7.0,0.0,5.0,1301.3,93.48,1207.82,92.81641435487589,2860.0,2860.0,0.0,No Quality Issue,High Rejection,Excellent
RB-002643,Rift Bloom - Moiben Farm,Yellow Babe,50.0,STANDARD,25.0,143.0,3575.0,2022-12-15,2022-12-16,2022-12-17,2022-12-22,Russia,FloraHolland Auction,NAN,0.215,768.62,NAN,254.32,,0.0,-,PENDING,4.0,False,False,False,1.0,5.0,True,True,2022.0,12.0,4.0,2022.0,12.0,4.0,2022.0,2022.0,12.0,1.0,7.0,768.62,254.32,514.3,66.91212822981447,3575.0,3575.0,0.0,Quality Issue,High Rejection,Good
RB-000940,Rift Bloom - Ziwa Farm,Explorer,70.0,STANDARD,25.0,20.0,500.0,2026-07-26,2026-07-26,2026-07-28,2026-01-08,Russia,Dubai Flower Centre,KES,39.78,19890.0,NAN,131.45,0.7,0.0,,OVERDUE,3.0,False,False,False,2.0,-201.0,False,False,2026.0,7.0,3.0,2026.0,7.0,3.0,2026.0,2026.0,1.0,0.0,-199.0,19890.0,131.45,19758.55,99.33911513323278,500.0,500.0,0.0,No Quality Issue,High Rejection,Average
RB-000387,Rift Bloom - Kapseret Farm,Avalanche,70.0,STANDARD,20.0,-183.0,-3660.0,2026-01-19,2026-01-20,2026-01-21,2026-01-25,netherlands,M-Farm Traders,EUR,0.47,-1720.2,ROAD THEN AIR,394.65,3.2,0.0,,NAN,3.0,False,False,False,1.0,4.0,True,False,2026.0,1.0,1.0,2026.0,1.0,1.0,2026.0,2026.0,1.0,1.0,6.0,-1720.2,394.65,-2114.85,,-3660.0,-3660.0,0.0,No Quality Issue,High Rejection,Average
RB-001264,Rift Bloom - Kapseret Farm,Peach Avalanche,60.0,C,10.0,135.0,1350.0,2022-12-29,2022-12-31,2023-01-01,2023-06-01,Switzerland,Local Wholesaler - Eldoret,USD,0.227,306.45,AIR FREIGHT,292.17,3.2,0.0,,OVERDUE,3.0,False,False,False,1.0,151.0,True,False,2022.0,12.0,4.0,2022.0,12.0,4.0,2023.0,2023.0,6.0,2.0,154.0,306.45,292.17,14.279999999999973,4.659813999021039,1350.0,1350.0,0.0,No Quality Issue,High Rejection,Average
RB-002994,Rift Bloom - Ziwa Farm,Avalanche,50.0,A,10.0,121.0,1210.0,2025-09-19,2025-09-19,2025-09-20,2025-09-25,Norway,Marks & Spencer Flowers,USD,0.326,394.46,AIR FREIGHT,,1.4,0.0,,PENDING,4.0,False,False,False,1.0,5.0,True,False,2025.0,9.0,3.0,2025.0,9.0,3.0,2025.0,2025.0,9.0,0.0,6.0,394.46,,,,1210.0,1210.0,0.0,No Quality Issue,High Rejection,Good
RB-002366,Rift Bloom - Moiben Farm,Vendela,90.0,A,25.0,133.0,3325.0,2026-02-10,2026-12-02,2026-02-16,2026-02-19,Poland,Local Wholesaler - Eldoret,EUR,0.281,934.33,AIR FREIGHT,141.0,0.7,0.0,,PAID,5.0,False,False,False,-289.0,3.0,False,False,2026.0,2.0,1.0,2026.0,12.0,4.0,2026.0,2026.0,2.0,295.0,9.0,934.33,141.0,793.33,84.90897220468143,3325.0,3325.0,0.0,No Quality Issue,High Rejection,Excellent
RB-002818,Rift Bloom - Ziwa Farm,Tibet,60.0,STANDARD,10.0,51.0,510.0,2023-02-14,2023-02-16,2023-02-19,2023-02-22,Norway,Dubai Flower Centre,KES,29.12,14851.2,ROAD THEN AIR,138.66,2.4,0.0,,OVERDUE,4.0,False,False,False,3.0,3.0,True,False,2023.0,2.0,1.0,2023.0,2.0,1.0,2023.0,2023.0,2.0,2.0,8.0,14851.2,138.66,14712.54,99.06633807369101,510.0,510.0,0.0,No Quality Issue,High Rejection,Good
RB-000143,Rift Bloom - Ziwa Farm,Yellow Babe,-50.0,B,10.0,242.0,2420.0,2023-11-18,2023-11-18,2023-11-21,2023-11-24,Russia,Dubai Flower Centre,NAN,0.41,992.2,AIR FREIGHT,330.22,,70.0,Petal Bruising,OVERDUE,3.0,False,False,False,3.0,3.0,True,False,2023.0,11.0,4.0,2023.0,11.0,4.0,2023.0,2023.0,11.0,0.0,6.0,992.2,330.22,661.98,66.71840354767184,2420.0,2420.0,2.8925619834710745,Quality Issue,High Rejection,Average
RB-002594,Rift Bloom - Turbo Farm,Avalanche,80.0,,40.0,334.0,13360.0,2023-01-23,2023-01-24,2023-01-25,2023-01-29,Japan,Marks & Spencer Flowers,KES,39.52,527987.2,NAN,209.22,,0.0,,NAN,5.0,False,False,False,1.0,4.0,True,False,2023.0,1.0,1.0,2023.0,1.0,1.0,2023.0,2023.0,1.0,1.0,6.0,527987.2,209.22,527777.98,99.96037403937066,13360.0,13360.0,0.0,No Quality Issue,High Rejection,Excellent
RB-002223,Rift Bloom - Kapseret Farm,Avalanche+,60.0,B,25.0,98.0,2450.0,2022-03-10,2022-10-03,2022-10-07,2022-11-10,Russia,Aalsmeer Direct,NAN,0.248,607.6,AIR FREIGHT,371.05,,19.0,Botrytis,PAID,4.0,False,False,False,4.0,34.0,True,False,2022.0,3.0,1.0,2022.0,10.0,4.0,2022.0,2022.0,11.0,207.0,245.0,607.6,371.05,236.55,38.93186306780777,2450.0,2450.0,0.7755102040816326,Quality Issue,High Rejection,Good
RB-000100,Rift Bloom - Timboroa Farm,Freedom,80.0,,40.0,49.0,1960.0,2026-02-03,2026-03-03,2026-03-06,2026-12-03,Germany,Dubai Flower Centre,KES,48.88,95804.8,AIR FREIGHT,98.67,1.9,0.0,,NAN,4.0,False,False,False,3.0,272.0,True,False,2026.0,2.0,1.0,2026.0,3.0,1.0,2026.0,2026.0,12.0,28.0,303.0,95804.8,98.67,95706.13,99.89700933564916,1960.0,1960.0,0.0,No Quality Issue,High Rejection,Good
RB-001584,Rift Bloom - Timboroa Farm,Pink Floyd,70.0,,40.0,65.0,2600.0,2022-01-12,2022-01-12,2022-01-14,2022-01-19,Russia,Tokyo Flower Market,USD,0.225,585.0,AIR FREIGHT,272.03,2.6,23.0,Petal Bruising,OVERDUE,4.0,False,False,False,2.0,5.0,True,False,2022.0,1.0,1.0,2022.0,1.0,1.0,2022.0,2022.0,1.0,0.0,7.0,585.0,272.03,312.97,53.4991452991453,2600.0,2600.0,0.8846153846153846,Quality Issue,High Rejection,Good
RB-000378,Rift Bloom - Moiben Farm,Red Naomi,60.0,A,25.0,115.0,2875.0,2025-06-10,2025-12-06,2025-06-15,2025-06-19,Australia,Dubai Flower Centre,KES,34.06,97922.5,AIR FREIGHT,474.13,4.2,0.0,,PAID,5.0,False,False,False,-174.0,4.0,False,False,2025.0,6.0,2.0,2025.0,12.0,4.0,2025.0,2025.0,6.0,179.0,9.0,97922.5,474.13,97448.37,99.51581097296331,2875.0,2875.0,0.0,No Quality Issue,High Rejection,Excellent
RB-000808,Rift Bloom - Timboroa Farm,Sweetness,70.0,C,40.0,122.0,4880.0,2023-04-30,2023-05-02,2023-04-05,2023-05-10,United kingdom,Tokyo Flower Market,USD,0.405,1976.4,AIR FREIGHT,64.91,0.7,0.0,,PENDING,4.0,False,False,False,-27.0,35.0,False,False,2023.0,4.0,2.0,2023.0,5.0,2.0,2023.0,2023.0,5.0,2.0,10.0,1976.4,64.91,1911.49,96.71574580044525,4880.0,4880.0,0.0,No Quality Issue,High Rejection,Good
RB-001708,Rift Bloom - Timboroa Farm,Explorer,50.0,A,20.0,114.0,2280.0,2022-06-14,2022-06-14,2022-06-15,2022-06-21,Poland,Whole Foods Market,EUR,0.196,446.88,NAN,546.77,,0.0,,PENDING,4.0,False,False,False,1.0,6.0,True,False,2022.0,6.0,2.0,2022.0,6.0,2.0,2022.0,2022.0,6.0,0.0,7.0,446.88,546.77,-99.88999999999999,-22.352756892230573,2280.0,2280.0,0.0,No Quality Issue,High Rejection,Good
RB-000503,Rift Bloom - Timboroa Farm,Peach Avalanche,80.0,C,20.0,177.0,3540.0,2025-04-16,2025-04-18,2025-04-19,2025-04-21,United Arab Emirates,Tokyo Flower Market,KES,50.18,177637.2,NAN,84.32,4.8,0.0,,PAID,4.0,False,False,False,1.0,2.0,True,False,2025.0,4.0,2.0,2025.0,4.0,2.0,2025.0,2025.0,4.0,2.0,5.0,177637.2,84.32,177552.88,99.95253246504673,3540.0,3540.0,0.0,No Quality Issue,High Rejection,Good
RB-000659,Rift Bloom - Turbo Farm,Sweetness,60.0,A,10.0,89.0,890.0,2026-09-02,2026-02-10,2026-02-14,2026-02-15,Switzerland,Whole Foods Market,USD,0.242,215.38,AIR FREIGHT,163.17,2.0,0.0,,NAN,4.0,False,False,False,4.0,1.0,True,False,2026.0,9.0,3.0,2026.0,2.0,1.0,2026.0,2026.0,2.0,-204.0,-199.0,215.38,163.17,52.21000000000001,24.24087659021265,890.0,890.0,0.0,No Quality Issue,High Rejection,Good
RB-001577,Rift Bloom - Moiben Farm,Mondial,50.0,B,25.0,155.0,3875.0,2024-06-06,2024-07-06,2024-09-06,2024-06-13,uae,Aalsmeer Direct,USD,0.223,864.12,AIR FREIGHT,882.21,0.9,0.0,,NAN,5.0,False,False,False,62.0,-85.0,False,False,2024.0,6.0,2.0,2024.0,7.0,3.0,2024.0,2024.0,6.0,30.0,7.0,864.12,882.21,-18.090000000000032,-2.09345924177198,3875.0,3875.0,0.0,No Quality Issue,High Rejection,Excellent
RB-001074,Rift Bloom - Moiben Farm,Peach Avalanche,40.0,B,40.0,129.0,5160.0,2023-12-24,2023-12-24,2023-12-28,2024-01-03,United Kingdom,Aalsmeer Direct,EUR,0.549,2832.84,NAN,211.87,1.3,0.0,,PENDING,4.0,False,False,False,4.0,6.0,True,False,2023.0,12.0,4.0,2023.0,12.0,4.0,2023.0,2024.0,1.0,0.0,10.0,2832.84,211.87,2620.9700000000003,92.52093305657927,5160.0,5160.0,0.0,No Quality Issue,High Rejection,Good
RB-000527,Rift Bloom - Kesses Farm,Vendela,70.0,,10.0,35.0,350.0,2025-10-17,2025-10-18,2025-10-20,2025-10-26,Japan,Carrefour Flowers,NAN,0.52,182.0,AIR FREIGHT,456.97,2.1,9.0,Botrytis,PAID,3.0,False,False,False,2.0,6.0,True,False,2025.0,10.0,4.0,2025.0,10.0,4.0,2025.0,2025.0,10.0,1.0,9.0,182.0,456.97,-274.97,-151.0824175824176,350.0,350.0,2.571428571428571,Quality Issue,High Rejection,Average
RB-000037,Rift Bloom - Timboroa Farm,Tibet,80.0,,40.0,69.0,2760.0,2022-01-04,2022-01-04,2022-04-02,2022-06-04,United Kingdom,Bloomon BV,USD,0.422,1164.72,ROAD THEN AIR,219.04,1.7,0.0,,PAID,4.0,False,False,False,88.0,63.0,True,False,2022.0,1.0,1.0,2022.0,1.0,1.0,2022.0,2022.0,6.0,0.0,151.0,1164.72,219.04,945.6800000000001,81.19376330791951,2760.0,2760.0,0.0,No Quality Issue,High Rejection,Good
RB-000770,Rift Bloom - Moiben Farm,Cool Water,70.0,STANDARD,10.0,49.0,490.0,2023-09-17,2023-09-19,2023-09-22,2023-09-26,Germany,Interflora Russia,EUR,0.241,118.09,NAN,135.56,,0.0,,PENDING,4.0,False,False,False,3.0,4.0,True,False,2023.0,9.0,3.0,2023.0,9.0,3.0,2023.0,2023.0,9.0,2.0,9.0,118.09,135.56,-17.47,-14.79380133796257,490.0,490.0,0.0,No Quality Issue,High Rejection,Good
RB-002929,Rift Bloom - Ziwa Farm,Explorer,70.0,B,20.0,160.0,3200.0,,2024-12-13,2024-12-16,2024-12-19,Norway,Dubai Flower Centre,EUR,0.4,1280.0,AIR FREIGHT,,3.0,0.0,,OVERDUE,4.0,False,False,False,3.0,3.0,True,False,,,,2024.0,12.0,4.0,2024.0,2024.0,12.0,,,1280.0,,,,3200.0,3200.0,0.0,No Quality Issue,High Rejection,Good
RB-002009,Rift Bloom - Kesses Farm,Mondial,70.0,A,40.0,47.0,1880.0,2022-05-02,2022-04-05,2022-07-05,2022-09-05,Japan,Interflora Russia,NAN,0.605,1137.4,AIR FREIGHT,336.8,2.3,0.0,,PAID,4.0,False,False,False,91.0,62.0,True,False,2022.0,5.0,2.0,2022.0,4.0,2.0,2022.0,2022.0,9.0,-27.0,126.0,1137.4,336.8,800.6000000000001,70.38860559170037,1880.0,1880.0,0.0,No Quality Issue,High Rejection,Good
RB-000537,Rift Bloom - Ziwa Farm,Tibet,90.0,PREMIUM,10.0,134.0,1340.0,2025-03-08,2025-08-04,2025-08-08,2025-12-08,Germany,Interflora Russia,EUR,0.265,355.1,AIR FREIGHT,232.01,1.8,0.0,,PENDING,4.0,False,False,False,4.0,122.0,True,False,2025.0,3.0,1.0,2025.0,8.0,3.0,2025.0,2025.0,12.0,149.0,275.0,355.1,232.01,123.09000000000003,34.66347507744298,1340.0,1340.0,0.0,No Quality Issue,High Rejection,Good
RB-000357,Rift Bloom - Moiben Farm,Mondial,70.0,A,20.0,158.0,3160.0,2023-04-06,2023-06-05,2023-06-06,2023-07-06,United Kingdom,FloraHolland Auction,EUR,0.192,606.72,AIR FREIGHT,353.95,1.8,0.0,,PENDING,5.0,False,False,False,1.0,30.0,True,False,2023.0,4.0,2.0,2023.0,6.0,2.0,2023.0,2023.0,7.0,60.0,91.0,606.72,353.95,252.77000000000004,41.66172204641351,3160.0,3160.0,0.0,No Quality Issue,High Rejection,Excellent
RB-001592,Rift Bloom - Turbo Farm,Avalanche,70.0,PREMIUM,20.0,24.0,480.0,2024-03-01,2024-03-01,2024-01-04,2024-01-08,The Netherlands,Dubai Flower Centre,KES,45.63,21902.4,AIR FREIGHT,,2.6,0.0,,OVERDUE,3.0,False,False,False,-57.0,4.0,False,False,2024.0,3.0,1.0,2024.0,3.0,1.0,2024.0,2024.0,1.0,0.0,-53.0,21902.4,,,,480.0,480.0,0.0,No Quality Issue,High Rejection,Average
RB-001478,Rift Bloom - Kapseret Farm,Tibet,80.0,STANDARD,40.0,61.0,2440.0,2025-04-25,2025-04-25,2025-04-26,2025-04-28,France,Interflora Russia,KES,54.6,1332240.0,AIR FREIGHT,108.69,3.9,0.0,,PAID,3.0,False,False,False,1.0,2.0,True,False,2025.0,4.0,2.0,2025.0,4.0,2.0,2025.0,2025.0,4.0,0.0,3.0,1332240.0,108.69,1332131.31,99.99184156007927,2440.0,2440.0,0.0,No Quality Issue,High Rejection,Average
RB-002676,Rift Bloom - Ziwa Farm,Yellow Babe,70.0,STANDARD,10.0,183.0,1830.0,2023-10-27,2023-10-28,2023-10-29,2023-10-31,Russia,Whole Foods Market,EUR,0.522,955.26,NAN,100.44,3.5,0.0,,PAID,4.0,False,False,False,1.0,2.0,True,False,2023.0,10.0,4.0,2023.0,10.0,4.0,2023.0,2023.0,10.0,1.0,4.0,955.26,100.44,854.8199999999999,89.4855850763143,1830.0,1830.0,0.0,No Quality Issue,High Rejection,Good
RB-002278,Rift Bloom - Moiben Farm,High & Magic,80.0,PREMIUM,20.0,66.0,1320.0,2024-03-26,2024-03-27,2024-03-30,2024-04-03,Japan,Aalsmeer Direct,EUR,0.243,320.76,AIR FREIGHT,937.69,3.0,25.0,,PENDING,3.0,False,False,False,3.0,4.0,True,False,2024.0,3.0,1.0,2024.0,3.0,1.0,2024.0,2024.0,4.0,1.0,8.0,320.76,937.69,-616.9300000000001,-192.333832148647,1320.0,1320.0,1.893939393939394,No Quality Issue,High Rejection,Average
RB-001367,Rift Bloom - Ziwa Farm,Explorer,40.0,PREMIUM,25.0,165.0,4125.0,2025-04-30,2025-01-05,2025-05-04,,Netherlands,FloraHolland Auction,NAN,0.408,1683.0,AIR FREIGHT,294.78,2.7,0.0,,OVERDUE,5.0,False,False,False,119.0,,False,False,2025.0,4.0,2.0,2025.0,1.0,1.0,2025.0,,,-115.0,,1683.0,294.78,1388.22,82.48484848484848,4125.0,4125.0,0.0,No Quality Issue,High Rejection,Excellent
RB-002691,Rift Bloom - Turbo Farm,Sweetness,70.0,,25.0,69.0,1725.0,2022-11-06,2022-11-06,2022-06-14,,Norway,M-Farm Traders,EUR,0.361,622.73,AIR FREIGHT,89.41,1.5,0.0,,PENDING,4.0,False,False,False,-145.0,,False,False,2022.0,11.0,4.0,2022.0,11.0,4.0,2022.0,,,0.0,,622.73,89.41,533.32,85.64225266166719,1725.0,1725.0,0.0,No Quality Issue,High Rejection,Good
RB-001831,Rift Bloom - Kapseret Farm,Athena,60.0,,25.0,160.0,4000.0,2022-11-18,2022-11-20,2022-11-23,2022-11-27,uae,Whole Foods Market,EUR,0.385,1540.0,NAN,148.86,1.1,0.0,,OVERDUE,5.0,False,False,False,3.0,4.0,True,False,2022.0,11.0,4.0,2022.0,11.0,4.0,2022.0,2022.0,11.0,2.0,9.0,1540.0,148.86,1391.1399999999999,90.33376623376623,4000.0,4000.0,0.0,No Quality Issue,High Rejection,Excellent
RB-001662,Rift Bloom - Kapseret Farm,avalanche,70.0,B,10.0,62.0,620.0,2022-12-02,2022-02-12,2022-02-13,2022-02-14,uae,Dubai Flower Centre,USD,0.443,274.66,AIR FREIGHT,141.53,23.8,0.0,,PAID,5.0,False,False,False,1.0,1.0,True,False,2022.0,12.0,4.0,2022.0,2.0,1.0,2022.0,2022.0,2.0,-293.0,-291.0,274.66,141.53,133.13000000000002,48.470836670792984,620.0,620.0,0.0,No Quality Issue,High Rejection,Excellent
RB-001193,Rift Bloom - Timboroa Farm,Sweetness,60.0,B,25.0,114.0,2850.0,2024-01-24,2024-01-25,2024-01-28,2024-01-31,Russia,FloraHolland Auction,USD,0.464,1322.4,AIR FREIGHT,41.25,4.0,38.0,,NAN,5.0,False,False,False,3.0,3.0,True,False,2024.0,1.0,1.0,2024.0,1.0,1.0,2024.0,2024.0,1.0,1.0,7.0,1322.4,41.25,1281.15,96.88067150635209,2850.0,2850.0,1.3333333333333335,No Quality Issue,High Rejection,Excellent
RB-001194,Rift Bloom - Kapseret Farm,FREEDOM,50.0,B,25.0,147.0,3675.0,2026-03-17,2026-03-18,2026-03-21,2026-03-26,United kingdom,Local Wholesaler - Eldoret,KES,24.96,91728.0,ROAD THEN AIR,809.19,2.4,3.0,,OVERDUE,3.0,False,False,False,3.0,5.0,True,False,2026.0,3.0,1.0,2026.0,3.0,1.0,2026.0,2026.0,3.0,1.0,9.0,91728.0,809.19,90918.81,99.11783751962324,3675.0,3675.0,0.0816326530612245,No Quality Issue,High Rejection,Average
RB-002909,Rift Bloom - Ziwa Farm,Yellow Babe,50.0,C,10.0,153.0,1530.0,2023-02-22,2023-02-24,2023-02-28,2023-03-05,Japan,Interflora Russia,UNKNOWN,0.241,368.73,ROAD THEN AIR,102.18,1.5,0.0,,OVERDUE,4.0,False,False,False,4.0,5.0,True,False,2023.0,2.0,1.0,2023.0,2.0,1.0,2023.0,2023.0,3.0,2.0,11.0,368.73,102.18,266.55,72.28866650394598,1530.0,1530.0,0.0,No Quality Issue,High Rejection,Good
RB-001128,Rift Bloom - Kesses Farm,Mondial,50.0,A,10.0,74.0,740.0,2026-06-22,2026-06-24,2026-06-28,2026-06-30,Russia,Tokyo Flower Market,EUR,0.395,292.3,ROAD THEN AIR,565.49,1.2,0.0,,OVERDUE,4.0,False,False,False,4.0,2.0,True,False,2026.0,6.0,2.0,2026.0,6.0,2.0,2026.0,2026.0,6.0,2.0,8.0,292.3,565.49,-273.19,-93.46219637358878,740.0,740.0,0.0,No Quality Issue,High Rejection,Good
RB-002318,Rift Bloom - Moiben Farm,Red Naomi,60.0,B,10.0,88.0,880.0,2025-04-03,2025-05-03,2025-03-08,2025-10-03,Netherlands,Dubai Flower Centre,NAN,0.413,3634.4,AIR FREIGHT,102.64,1.1,0.0,,PENDING,4.0,False,False,False,-56.0,209.0,False,False,2025.0,4.0,2.0,2025.0,5.0,2.0,2025.0,2025.0,10.0,30.0,183.0,3634.4,102.64,3531.76,97.17587497248515,880.0,880.0,0.0,No Quality Issue,High Rejection,Good
RB-000072,Rift Bloom - Timboroa Farm,Tibet,40.0,A,10.0,46.0,460.0,2022-01-08,2022-09-01,2022-01-13,2022-01-14,Switzerland,FloraHolland Auction,NAN,0.479,220.34,AIR FREIGHT,469.13,0.4,0.0,,NAN,4.0,False,False,False,-231.0,1.0,False,False,2022.0,1.0,1.0,2022.0,9.0,3.0,2022.0,2022.0,1.0,236.0,6.0,220.34,469.13,-248.79,-112.91186348370698,460.0,460.0,0.0,No Quality Issue,High Rejection,Good
RB-000841,Rift Bloom - Timboroa Farm,Circus,90.0,PREMIUM,25.0,145.0,3625.0,2026-03-28,2026-03-30,2026-02-04,2026-04-05,Australia,Dubai Flower Centre,EUR,0.136,493.0,AIR FREIGHT,383.47,0.6,0.0,,NAN,4.0,False,False,False,-54.0,60.0,False,False,2026.0,3.0,1.0,2026.0,3.0,1.0,2026.0,2026.0,4.0,2.0,8.0,493.0,383.47,109.52999999999997,22.217038539553748,3625.0,3625.0,0.0,No Quality Issue,High Rejection,Good
RB-000597,Rift Bloom - Kapseret Farm,Explorer,-50.0,,20.0,209.0,4180.0,2022-08-07,2022-07-09,2022-07-13,2022-07-16,Switzerland,Marks & Spencer Flowers,KES,69.68,291262.4,AIR FREIGHT,451.98,2.2,0.0,,OVERDUE,4.0,False,False,False,4.0,3.0,True,False,2022.0,8.0,3.0,2022.0,7.0,3.0,2022.0,2022.0,7.0,-29.0,-22.0,291262.4,451.98,290810.42000000004,99.84482034069623,4180.0,4180.0,0.0,No Quality Issue,High Rejection,Good
RB-000421,Rift Bloom - Ziwa Farm,Athena,90.0,A,40.0,137.0,5480.0,2022-03-22,2022-03-24,2022-03-27,2022-03-30,Switzerland,M-Farm Traders,UNKNOWN,0.199,10905.2,AIR FREIGHT,318.94,0.8,0.0,,PAID,4.0,False,False,False,3.0,3.0,True,False,2022.0,3.0,1.0,2022.0,3.0,1.0,2022.0,2022.0,3.0,2.0,8.0,10905.2,318.94,10586.26,97.075340204673,5480.0,5480.0,0.0,No Quality Issue,High Rejection,Good
RB-000721,Rift Bloom - Kesses Farm,Peach Avalanche,70.0,C,40.0,135.0,5400.0,2023-07-26,2023-07-27,2023-07-28,2023-08-02,Norway,Bloomon BV,EUR,0.223,1204.2,AIR FREIGHT,184.02,3.2,0.0,,PAID,5.0,False,False,False,1.0,5.0,True,False,2023.0,7.0,3.0,2023.0,7.0,3.0,2023.0,2023.0,8.0,1.0,7.0,1204.2,184.02,1020.1800000000001,84.71848530144494,5400.0,5400.0,0.0,No Quality Issue,High Rejection,Excellent
RB-001164,Rift Bloom - Kesses Farm,Explorer,70.0,C,40.0,104.0,4160.0,2023-06-22,2023-06-22,2023-06-25,2023-06-28,Japan,Tokyo Flower Market,EUR,0.38,15808.0,NAN,370.69,,0.0,,NAN,4.0,False,False,False,3.0,3.0,True,False,2023.0,6.0,2.0,2023.0,6.0,2.0,2023.0,2023.0,6.0,0.0,6.0,15808.0,370.69,15437.31,97.65504807692308,4160.0,4160.0,0.0,No Quality Issue,High Rejection,Good
RB-001620,Rift Bloom - Kesses Farm,freedom,50.0,A,40.0,25.0,1000.0,2024-10-23,2024-10-24,2024-10-25,2024-10-31,Australia,Aalsmeer Direct,USD,0.307,307.0,AIR FREIGHT,19.99,,0.0,,PAID,5.0,False,False,False,1.0,6.0,True,False,2024.0,10.0,4.0,2024.0,10.0,4.0,2024.0,2024.0,10.0,1.0,8.0,307.0,19.99,287.01,93.4885993485342,1000.0,1000.0,0.0,No Quality Issue,High Rejection,Excellent
RB-000179,Rift Bloom - Kapseret Farm,Freedom,70.0,A,20.0,50.0,1000.0,2024-12-23,2024-12-24,2024-12-27,2024-12-31,Russia,Blume2000,EUR,0.336,336.0,AIR FREIGHT,278.71,1.6,0.0,,NAN,2.0,False,False,False,3.0,4.0,True,False,2024.0,12.0,4.0,2024.0,12.0,4.0,2024.0,2024.0,12.0,1.0,8.0,336.0,278.71,57.29000000000002,17.050595238095244,1000.0,1000.0,0.0,No Quality Issue,High Rejection,Poor
RB-002978,Rift Bloom - Kesses Farm,Yellow Babe,60.0,A,10.0,57.0,570.0,2026-09-02,2026-11-02,2026-02-13,2026-02-18,USA,M-Farm Traders,USD,0.378,215.46,AIR FREIGHT,78.59,,0.0,,PAID,4.0,False,False,False,-262.0,5.0,False,False,2026.0,9.0,3.0,2026.0,11.0,4.0,2026.0,2026.0,2.0,61.0,-196.0,215.46,78.59,136.87,63.52455212104336,570.0,570.0,0.0,No Quality Issue,High Rejection,Good
RB-000548,Rift Bloom - Kesses Farm,Circus,60.0,,10.0,99.0,990.0,2025-09-18,2025-09-20,2025-09-21,,France,Carrefour Flowers,EUR,0.565,5593.5,NAN,154.43,0.3,0.0,,NAN,4.0,False,False,False,1.0,,False,False,2025.0,9.0,3.0,2025.0,9.0,3.0,2025.0,,,2.0,,5593.5,154.43,5439.07,97.23911683203717,990.0,990.0,0.0,No Quality Issue,High Rejection,Good
RB-000633,Rift Bloom - Kesses Farm,Explorer,90.0,A,10.0,146.0,1460.0,2023-06-04,2023-06-06,2023-08-06,2023-06-14,The Netherlands,Whole Foods Market,EUR,0.232,338.72,AIR FREIGHT,584.57,3.4,0.0,,OVERDUE,4.0,False,False,False,61.0,-53.0,False,False,2023.0,6.0,2.0,2023.0,6.0,2.0,2023.0,2023.0,6.0,2.0,10.0,338.72,584.57,-245.85000000000002,-72.5820736891828,1460.0,1460.0,0.0,No Quality Issue,High Rejection,Good
RB-002216,Rift Bloom - Ziwa Farm,Circus,50.0,C,10.0,37.0,370.0,2024-09-10,2024-10-09,2024-11-10,2024-10-15,United Arab Emirates,Tokyo Flower Market,KES,60.71,22462.7,NAN,116.56,1.5,0.0,,PAID,5.0,False,False,False,32.0,-26.0,False,False,2024.0,9.0,3.0,2024.0,10.0,4.0,2024.0,2024.0,10.0,29.0,35.0,22462.7,116.56,22346.14,99.48109532691973,370.0,370.0,0.0,No Quality Issue,High Rejection,Excellent
RB-000718,Rift Bloom - Moiben Farm,Tibet,40.0,B,20.0,195.0,3900.0,2023-09-25,2023-09-27,2023-09-29,2023-09-30,Switzerland,Marks & Spencer Flowers,USD,0.411,1602.9,AIR FREIGHT,130.28,4.2,0.0,,OVERDUE,5.0,False,False,False,2.0,1.0,True,False,2023.0,9.0,3.0,2023.0,9.0,3.0,2023.0,2023.0,9.0,2.0,5.0,1602.9,130.28,1472.6200000000001,91.87223158026077,3900.0,3900.0,0.0,No Quality Issue,High Rejection,Excellent
RB-000638,Rift Bloom - Turbo Farm,Freedom,80.0,C,40.0,152.0,6080.0,2025-10-31,2025-10-31,2025-04-11,2025-11-07,Japan,Local Wholesaler - Eldoret,USD,0.497,3021.76,AIR FREIGHT,222.89,2.8,0.0,,PAID,4.0,False,False,False,-203.0,210.0,False,False,2025.0,10.0,4.0,2025.0,10.0,4.0,2025.0,2025.0,11.0,0.0,7.0,3021.76,222.89,2798.8700000000003,92.62383511595893,6080.0,6080.0,0.0,No Quality Issue,High Rejection,Good
RB-002422,Rift Bloom - Ziwa Farm,Peach Avalanche,60.0,STANDARD,40.0,89.0,3560.0,,2023-06-26,2023-06-29,2023-07-05,France,M-Farm Traders,UNKNOWN,0.486,1730.16,AIR FREIGHT,,1.3,0.0,,PENDING,4.0,False,False,False,3.0,6.0,True,False,,,,2023.0,6.0,2.0,2023.0,2023.0,7.0,,,1730.16,,,,3560.0,3560.0,0.0,No Quality Issue,High Rejection,Good
RB-000430,Rift Bloom - Kesses Farm,Sweetness,80.0,STANDARD,25.0,84.0,2100.0,2024-12-15,2024-12-16,2024-12-19,2024-12-20,Germany,Aalsmeer Direct,NAN,0.349,732.9,AIR FREIGHT,87.95,2.5,0.0,,OVERDUE,3.0,False,False,False,3.0,1.0,True,False,2024.0,12.0,4.0,2024.0,12.0,4.0,2024.0,2024.0,12.0,1.0,5.0,732.9,87.95,644.9499999999999,87.99972711147495,2100.0,2100.0,0.0,No Quality Issue,High Rejection,Average
RB-002283,Rift Bloom - Moiben Farm,Peach Avalanche,50.0,PREMIUM,25.0,186.0,4650.0,2023-05-26,2023-05-27,2023-05-29,2023-02-06,Australia,FloraHolland Auction,EUR,0.268,1246.2,NAN,171.07,2.2,0.0,,PAID,5.0,False,False,False,2.0,-112.0,False,False,2023.0,5.0,2.0,2023.0,5.0,2.0,2023.0,2023.0,2.0,1.0,-109.0,1246.2,171.07,1075.13,86.27266891349704,4650.0,4650.0,0.0,No Quality Issue,High Rejection,Excellent
RB-002650,Rift Bloom - Ziwa Farm,Circus,40.0,B,10.0,85.0,850.0,2022-08-12,2022-12-08,2022-08-13,2022-08-14,Germany,Bloomon BV,KES,46.02,39117.0,AIR FREIGHT,166.12,3.1,0.0,,PENDING,5.0,False,False,False,-117.0,1.0,False,False,2022.0,8.0,3.0,2022.0,12.0,4.0,2022.0,2022.0,8.0,118.0,2.0,39117.0,166.12,38950.88,99.57532530613288,850.0,850.0,0.0,No Quality Issue,High Rejection,Excellent
RB-001983,Rift Bloom - Timboroa Farm,Freedom,80.0,B,20.0,127.0,2540.0,2024-01-26,2024-01-27,2024-01-31,2024-03-02,France,Aalsmeer Direct,EUR,0.407,1033.78,AIR FREIGHT,413.06,-0.7,0.0,,PAID,5.0,False,False,True,4.0,31.0,True,False,2024.0,1.0,1.0,2024.0,1.0,1.0,2024.0,2024.0,3.0,1.0,36.0,1033.78,413.06,620.72,60.04372303584903,2540.0,2540.0,0.0,No Quality Issue,High Rejection,Excellent
RB-000692,Rift Bloom - Turbo Farm,Circus,60.0,C,20.0,187.0,3740.0,2025-01-21,2025-01-22,2025-01-23,2025-01-26,Australia,Bloomon BV,USD,0.317,1185.58,ROAD THEN AIR,1159.14,2.2,9.0,Wilting,NAN,5.0,False,False,False,1.0,3.0,True,False,2025.0,1.0,1.0,2025.0,1.0,1.0,2025.0,2025.0,1.0,1.0,5.0,1185.58,1159.14,26.439999999999827,2.230132087248421,3740.0,3740.0,0.24064171122994654,Quality Issue,High Rejection,Excellent
RB-000880,Rift Bloom - Timboroa Farm,Cool Water,40.0,C,10.0,157.0,1570.0,2023-04-23,2023-04-23,2023-04-24,2023-04-30,United Arab Emirates,Dubai Flower Centre,EUR,0.162,254.34,AIR FREIGHT,296.43,0.0,0.0,,PAID,4.0,False,False,False,1.0,6.0,True,False,2023.0,4.0,2.0,2023.0,4.0,2.0,2023.0,2023.0,4.0,0.0,7.0,254.34,296.43,-42.09,-16.54871431941496,1570.0,1570.0,0.0,No Quality Issue,High Rejection,Good
RB-002095,Rift Bloom - Ziwa Farm,Sweetness,70.0,STANDARD,25.0,116.0,2900.0,2026-01-07,2026-02-07,2026-07-05,2026-11-07,uae,Marks & Spencer Flowers,EUR,0.487,1412.3,UNKNOWN,423.02,-0.4,0.0,,PAID,4.0,False,False,True,148.0,125.0,True,False,2026.0,1.0,1.0,2026.0,2.0,1.0,2026.0,2026.0,11.0,31.0,304.0,1412.3,423.02,989.28,70.04744034553565,2900.0,2900.0,0.0,No Quality Issue,High Rejection,Good
RB-001458,Rift Bloom - Ziwa Farm,Avalanche,80.0,B,40.0,99.0,3960.0,2025-04-27,2025-04-29,2025-05-02,2025-05-05,uk,Whole Foods Market,USD,0.376,1488.96,ROAD THEN AIR,171.2,1.7,0.0,,NAN,4.0,False,False,False,3.0,3.0,True,False,2025.0,4.0,2.0,2025.0,4.0,2.0,2025.0,2025.0,5.0,2.0,8.0,1488.96,171.2,1317.76,88.50204169353105,3960.0,3960.0,0.0,No Quality Issue,High Rejection,Good
RB-000652,Rift Bloom - Ziwa Farm,Avalanche,40.0,STANDARD,40.0,77.0,3080.0,2023-03-03,2023-04-03,2023-07-03,2023-08-03,Switzerland,Blume2000,KES,39.91,122922.8,AIR FREIGHT,173.95,0.5,0.0,,NAN,4.0,False,False,False,91.0,31.0,True,False,2023.0,3.0,1.0,2023.0,4.0,2.0,2023.0,2023.0,8.0,31.0,153.0,122922.8,173.95,122748.85,99.85848841712034,3080.0,3080.0,0.0,No Quality Issue,High Rejection,Good
RB-000856,Rift Bloom - Moiben Farm,High & Magic,60.0,C,40.0,57.0,2280.0,2022-04-05,2022-05-04,2022-07-05,2022-05-09,USA,Carrefour Flowers,KES,59.54,135751.2,UNKNOWN,74.57,,0.0,,OVERDUE,5.0,False,False,False,62.0,-57.0,False,False,2022.0,4.0,2.0,2022.0,5.0,2.0,2022.0,2022.0,5.0,29.0,34.0,135751.2,74.57,135676.63,99.94506862554438,2280.0,2280.0,0.0,No Quality Issue,High Rejection,Excellent
RB-001749,Rift Bloom - Kapseret Farm,Athena,80.0,A,10.0,82.0,820.0,2026-04-19,2026-04-19,2026-04-22,2026-04-27,netherlands,Carrefour Flowers,KES,55.38,45411.6,AIR FREIGHT,236.02,,0.0,,PAID,3.0,False,False,False,3.0,5.0,True,False,2026.0,4.0,2.0,2026.0,4.0,2.0,2026.0,2026.0,4.0,0.0,8.0,45411.6,236.02,45175.58,99.48026495432886,820.0,820.0,0.0,No Quality Issue,High Rejection,Average
RB-002514,Rift Bloom - Kesses Farm,FREEDOM,40.0,B,25.0,278.0,6950.0,2023-03-07,2023-05-07,2023-07-07,2023-12-07,Australia,Whole Foods Market,USD,0.259,1800.05,ROAD THEN AIR,429.54,2.7,0.0,,PAID,4.0,False,False,False,61.0,153.0,True,False,2023.0,3.0,1.0,2023.0,5.0,2.0,2023.0,2023.0,12.0,61.0,275.0,1800.05,429.54,1370.51,76.13732951862448,6950.0,6950.0,0.0,No Quality Issue,High Rejection,Good
RB-000865,Rift Bloom - Ziwa Farm,Tibet,60.0,PREMIUM,40.0,91.0,3640.0,2026-12-05,2026-05-13,2026-05-17,2026-05-18,Netherlands,Carrefour Flowers,USD,0.213,775.32,AIR FREIGHT,341.23,0.4,0.0,,PENDING,4.0,False,False,False,4.0,1.0,True,False,2026.0,12.0,4.0,2026.0,5.0,2.0,2026.0,2026.0,5.0,-206.0,-201.0,775.32,341.23,434.09000000000003,55.98849507300212,3640.0,3640.0,0.0,No Quality Issue,High Rejection,Good
RB-001171,Rift Bloom - Timboroa Farm,Vendela,60.0,,25.0,200.0,5000.0,2026-03-25,2026-03-25,2026-03-27,2026-03-31,Netherlands,FloraHolland Auction,EUR,0.47,2350.0,AIR FREIGHT,215.51,2.5,0.0,,NAN,5.0,False,False,False,2.0,4.0,True,False,2026.0,3.0,1.0,2026.0,3.0,1.0,2026.0,2026.0,3.0,0.0,6.0,2350.0,215.51,2134.49,90.82936170212766,5000.0,5000.0,0.0,No Quality Issue,High Rejection,Excellent
RB-002224,Rift Bloom - Turbo Farm,High & Magic,80.0,PREMIUM,25.0,57.0,1425.0,2023-10-03,2023-10-03,2023-10-04,2023-10-10,NL,Tokyo Flower Market,USD,0.257,366.23,NAN,553.38,,0.0,,PAID,5.0,False,False,False,1.0,6.0,True,False,2023.0,10.0,4.0,2023.0,10.0,4.0,2023.0,2023.0,10.0,0.0,7.0,366.23,553.38,-187.14999999999998,-51.10176664937334,1425.0,1425.0,0.0,No Quality Issue,High Rejection,Excellent
RB-000227,Rift Bloom - Kapseret Farm,Red-Naomi,70.0,PREMIUM,10.0,57.0,570.0,2025-02-17,2025-02-18,2025-02-21,,Switzerland,Aalsmeer Direct,USD,0.371,211.47,AIR FREIGHT,757.65,0.0,0.0,,NAN,4.0,False,False,False,3.0,,False,False,2025.0,2.0,1.0,2025.0,2.0,1.0,2025.0,,,1.0,,211.47,757.65,-546.18,-258.27776989643917,570.0,570.0,0.0,No Quality Issue,High Rejection,Good
RB-001158,Rift Bloom - Ziwa Farm,Pink Floyd,60.0,A,10.0,100.0,1000.0,2023-04-04,2023-04-06,2023-04-07,2023-11-04,Australia,Marks & Spencer Flowers,EUR,0.168,168.0,AIR FREIGHT,216.87,2.7,0.0,,PAID,5.0,False,False,False,1.0,211.0,True,False,2023.0,4.0,2.0,2023.0,4.0,2.0,2023.0,2023.0,11.0,2.0,214.0,168.0,216.87,-48.870000000000005,-29.08928571428572,1000.0,1000.0,0.0,No Quality Issue,High Rejection,Excellent
RB-002064,Rift Bloom - Kesses Farm,Circus,70.0,A,20.0,211.0,4220.0,2022-09-14,2022-09-14,2022-09-17,2022-09-18,USA,Whole Foods Market,USD,0.217,915.74,AIR FREIGHT,645.31,2.7,71.0,Bud Blast,OVERDUE,3.0,False,False,False,3.0,1.0,True,False,2022.0,9.0,3.0,2022.0,9.0,3.0,2022.0,2022.0,9.0,0.0,4.0,915.74,645.31,270.43000000000006,29.531308013191527,4220.0,4220.0,1.6824644549763033,Quality Issue,High Rejection,Average
RB-000401,Rift Bloom - Kesses Farm,High & Magic,50.0,PREMIUM,25.0,94.0,2350.0,2024-10-24,2024-10-25,2024-10-29,2024-10-30,USA,Interflora Russia,KES,61.23,143890.5,ROAD THEN AIR,219.74,3.3,0.0,,PENDING,2.0,False,False,False,4.0,1.0,True,False,2024.0,10.0,4.0,2024.0,10.0,4.0,2024.0,2024.0,10.0,1.0,6.0,143890.5,219.74,143670.76,99.84728665200274,2350.0,2350.0,0.0,No Quality Issue,High Rejection,Poor
RB-000849,Rift Bloom - Ziwa Farm,Cool Water,40.0,B,25.0,359.0,8975.0,2022-11-07,2022-07-13,2022-07-15,2022-07-21,Germany,Tokyo Flower Market,USD,0.346,3105.35,AIR FREIGHT,586.69,,0.0,,PAID,5.0,False,False,False,2.0,6.0,True,False,2022.0,11.0,4.0,2022.0,7.0,3.0,2022.0,2022.0,7.0,-117.0,-109.0,3105.35,586.69,2518.66,81.10712158049816,8975.0,8975.0,0.0,No Quality Issue,High Rejection,Excellent
RB-002416,Rift Bloom - Ziwa Farm,freedom,60.0,C,20.0,61.0,1220.0,2025-07-18,2025-07-20,2025-07-21,2025-07-23,Germany,Local Wholesaler - Eldoret,NAN,0.255,311.1,AIR FREIGHT,100.52,,0.0,,OVERDUE,4.0,False,False,False,1.0,2.0,True,False,2025.0,7.0,3.0,2025.0,7.0,3.0,2025.0,2025.0,7.0,2.0,5.0,311.1,100.52,210.58000000000004,67.68884603021537,1220.0,1220.0,0.0,No Quality Issue,High Rejection,Good
RB-002086,Rift Bloom - Timboroa Farm,Freedom,70.0,PREMIUM,25.0,55.0,1375.0,2025-08-02,2025-09-02,2025-02-12,2025-02-13,Poland,Dubai Flower Centre,USD,0.32,440.0,AIR FREIGHT,,20.1,0.0,Bud Blast,NAN,5.0,False,False,False,-202.0,1.0,False,False,2025.0,8.0,3.0,2025.0,9.0,3.0,2025.0,2025.0,2.0,31.0,-170.0,440.0,,,,1375.0,1375.0,0.0,Quality Issue,High Rejection,Excellent
RB-001059,Rift Bloom - Ziwa Farm,Explorer,70.0,A,40.0,66.0,2640.0,2026-08-02,2026-08-04,2026-07-08,2026-12-08,Japan,Dubai Flower Centre,USD,0.445,1174.8,ROAD THEN AIR,224.37,3.6,0.0,,NAN,4.0,False,False,False,-27.0,153.0,False,False,2026.0,8.0,3.0,2026.0,8.0,3.0,2026.0,2026.0,12.0,2.0,128.0,1174.8,224.37,950.43,80.90143003064352,2640.0,2640.0,0.0,No Quality Issue,High Rejection,Good
RB-002781,Rift Bloom - Moiben Farm,Mondial,60.0,,10.0,104.0,1040.0,2024-04-12,2024-12-04,2024-12-05,2024-12-10,Russia,Tokyo Flower Market,KES,36.79,38261.6,NAN,124.6,-1.1,16.0,Botrytis,PENDING,3.0,False,False,True,1.0,5.0,True,False,2024.0,4.0,2.0,2024.0,12.0,4.0,2024.0,2024.0,12.0,236.0,242.0,38261.6,124.6,38137.0,99.67434712610033,1040.0,1040.0,1.5384615384615385,Quality Issue,High Rejection,Average
RB-001901,Rift Bloom - Ziwa Farm,Freedom,80.0,C,10.0,86.0,860.0,2025-02-16,2025-02-17,2025-02-19,2025-02-22,Germany,FloraHolland Auction,USD,0.421,362.06,NAN,283.57,4.5,0.0,,NAN,5.0,False,False,False,2.0,3.0,True,False,2025.0,2.0,1.0,2025.0,2.0,1.0,2025.0,2025.0,2.0,1.0,6.0,362.06,283.57,78.49000000000001,21.67872728277081,860.0,860.0,0.0,No Quality Issue,High Rejection,Excellent
RB-000515,Rift Bloom - Turbo Farm,High & Magic,40.0,PREMIUM,40.0,86.0,3440.0,2022-09-07,,2022-07-15,2022-07-20,Japan,Local Wholesaler - Eldoret,EUR,0.182,626.08,AIR FREIGHT,261.75,2.1,0.0,,NAN,1.0,False,False,False,,5.0,False,False,2022.0,9.0,3.0,,,,2022.0,2022.0,7.0,,-49.0,626.08,261.75,364.33000000000004,58.19224380270892,3440.0,3440.0,0.0,No Quality Issue,High Rejection,Poor
RB-001099,Rift Bloom - Timboroa Farm,Explorer,50.0,PREMIUM,25.0,270.0,6750.0,2024-08-22,2024-08-22,2024-08-26,2024-08-30,Japan,Tokyo Flower Market,KES,40.3,2720250.0,AIR FREIGHT,181.31,0.9,0.0,,PENDING,5.0,False,False,False,4.0,4.0,True,False,2024.0,8.0,3.0,2024.0,8.0,3.0,2024.0,2024.0,8.0,0.0,8.0,2720250.0,181.31,2720068.69,99.99333480378641,6750.0,6750.0,0.0,No Quality Issue,High Rejection,Excellent
RB-000339,Rift Bloom - Timboroa Farm,Pink Floyd,70.0,A,25.0,87.0,2175.0,,2024-02-27,2024-02-03,2024-03-05,Japan,Blume2000,KES,37.57,81714.75,AIR FREIGHT,82.47,2.6,0.0,,NAN,5.0,False,False,False,-24.0,31.0,False,False,,,,2024.0,2.0,1.0,2024.0,2024.0,3.0,,,81714.75,82.47,81632.28,99.89907574825843,2175.0,2175.0,0.0,No Quality Issue,High Rejection,Excellent
RB-000027,Rift Bloom - Moiben Farm,Circus,70.0,B,40.0,78.0,3120.0,2022-01-16,2022-01-18,2022-01-21,2022-01-27,United Kingdom,Tokyo Flower Market,USD,0.396,1235.52,AIR FREIGHT,46.24,3.0,3.0,,OVERDUE,4.0,False,False,False,3.0,6.0,True,False,2022.0,1.0,1.0,2022.0,1.0,1.0,2022.0,2022.0,1.0,2.0,11.0,1235.52,46.24,1189.28,96.25744625744626,3120.0,3120.0,0.09615384615384616,No Quality Issue,High Rejection,Good
RB-001816,Rift Bloom - Kapseret Farm,RedNaomi,70.0,A,40.0,97.0,3880.0,2023-03-15,2023-03-16,2023-03-19,2023-03-22,Norway,Dubai Flower Centre,USD,0.627,2432.76,UNKNOWN,255.69,1.4,0.0,,OVERDUE,5.0,False,False,False,3.0,3.0,True,False,2023.0,3.0,1.0,2023.0,3.0,1.0,2023.0,2023.0,3.0,1.0,7.0,2432.76,255.69,2177.07,89.48971538499481,3880.0,3880.0,0.0,No Quality Issue,High Rejection,Excellent
RB-001826,Rift Bloom - Timboroa Farm,Mondial,50.0,C,20.0,226.0,4520.0,2023-07-03,2023-03-08,2023-03-10,2023-03-13,Japan,M-Farm Traders,USD,0.398,1798.96,AIR FREIGHT,81.28,2.6,0.0,,OVERDUE,5.0,False,False,False,2.0,3.0,True,False,2023.0,7.0,3.0,2023.0,3.0,1.0,2023.0,2023.0,3.0,-117.0,-112.0,1798.96,81.28,1717.68,95.48183394850358,4520.0,4520.0,0.0,No Quality Issue,High Rejection,Excellent
RB-000025,Rift Bloom - Kesses Farm,Freedom,50.0,A,20.0,140.0,2800.0,2024-04-30,2024-04-30,2024-01-05,2024-03-05,U.A.E,M-Farm Traders,USD,0.483,1352.4,AIR FREIGHT,152.97,0.6,0.0,,OVERDUE,4.0,False,False,False,-116.0,60.0,False,False,2024.0,4.0,2.0,2024.0,4.0,2.0,2024.0,2024.0,3.0,0.0,-56.0,1352.4,152.97,1199.43,88.68899733806566,2800.0,2800.0,0.0,No Quality Issue,High Rejection,Good
RB-000869,Rift Bloom - Timboroa Farm,Red Naomi,70.0,C,10.0,407.0,4070.0,2023-09-07,2023-07-09,2023-10-07,2023-12-07,Russia,Whole Foods Market,USD,0.377,1534.39,ROAD THEN AIR,,3.0,0.0,,NAN,3.0,False,False,False,90.0,61.0,True,False,2023.0,9.0,3.0,2023.0,7.0,3.0,2023.0,2023.0,12.0,-60.0,91.0,1534.39,,,,4070.0,4070.0,0.0,No Quality Issue,High Rejection,Average
RB-001612,Rift Bloom - Moiben Farm,AVALANCHE,50.0,,25.0,58.0,1450.0,2026-05-24,2026-05-24,2026-05-28,,United Kingdom,Aalsmeer Direct,USD,0.12,174.0,AIR FREIGHT,161.72,4.2,0.0,,PAID,4.0,False,False,False,4.0,,False,False,2026.0,5.0,2.0,2026.0,5.0,2.0,2026.0,,,0.0,,174.0,161.72,12.280000000000001,7.057471264367816,1450.0,1450.0,0.0,No Quality Issue,High Rejection,Good
RB-002115,Rift Bloom - Moiben Farm,Explorer,90.0,B,40.0,87.0,3480.0,2023-05-23,2023-05-25,2023-05-29,2023-06-02,United Arab Emirates,Interflora Russia,EUR,0.283,984.84,AIR FREIGHT,168.21,1.3,0.0,,OVERDUE,5.0,False,False,False,4.0,4.0,True,False,2023.0,5.0,2.0,2023.0,5.0,2.0,2023.0,2023.0,6.0,2.0,10.0,984.84,168.21,816.63,82.92006823443401,3480.0,3480.0,0.0,No Quality Issue,High Rejection,Excellent
RB-000878,Rift Bloom - Timboroa Farm,Avalanche,60.0,,25.0,131.0,3275.0,2025-12-25,2025-12-27,2025-12-30,2025-12-31,Japan,M-Farm Traders,KES,67.08,219687.0,AIR FREIGHT,385.75,1.8,0.0,,NAN,3.0,False,False,False,3.0,1.0,True,False,2025.0,12.0,4.0,2025.0,12.0,4.0,2025.0,2025.0,12.0,2.0,6.0,219687.0,385.75,219301.25,99.82440927319323,3275.0,3275.0,0.0,No Quality Issue,High Rejection,Average
RB-001768,Rift Bloom - Kesses Farm,Freedom,70.0,B,25.0,184.0,4600.0,2023-09-06,2023-06-10,2023-06-13,2023-06-18,USA,FloraHolland Auction,NAN,0.323,1485.8,AIR FREIGHT,350.73,-0.6,0.0,,PAID,3.0,False,False,True,3.0,5.0,True,False,2023.0,9.0,3.0,2023.0,6.0,2.0,2023.0,2023.0,6.0,-88.0,-80.0,1485.8,350.73,1135.07,76.39453493067707,4600.0,4600.0,0.0,No Quality Issue,High Rejection,Average
RB-000737,Rift Bloom - Kesses Farm,Athena,70.0,PREMIUM,25.0,49.0,1225.0,2025-12-27,2025-12-29,2026-01-01,2026-05-01,France,Interflora Russia,KES,44.33,54304.25,AIR FREIGHT,282.73,3.8,0.0,,PAID,4.0,False,False,False,3.0,120.0,True,False,2025.0,12.0,4.0,2025.0,12.0,4.0,2026.0,2026.0,5.0,2.0,125.0,54304.25,282.73,54021.52,99.47935935032709,1225.0,1225.0,0.0,No Quality Issue,High Rejection,Good
RB-001539,Rift Bloom - Kapseret Farm,Circus,50.0,A,10.0,189.0,1890.0,2024-11-07,2024-08-11,2024-11-10,2024-11-16,Norway,M-Farm Traders,KES,57.72,109090.8,AIR FREIGHT,195.92,1.6,0.0,,PENDING,2.0,False,False,False,91.0,6.0,True,False,2024.0,11.0,4.0,2024.0,8.0,3.0,2024.0,2024.0,11.0,-88.0,9.0,109090.8,195.92,108894.88,99.82040648707316,1890.0,1890.0,0.0,No Quality Issue,High Rejection,Poor
RB-002377,Rift Bloom - Moiben Farm,Peach Avalanche,70.0,PREMIUM,25.0,164.0,4100.0,2024-08-18,2024-08-19,2024-08-21,2024-08-23,Poland,Interflora Russia,EUR,0.219,897.9,AIR FREIGHT,340.57,2.9,0.0,,PAID,5.0,False,False,False,2.0,2.0,True,False,2024.0,8.0,3.0,2024.0,8.0,3.0,2024.0,2024.0,8.0,1.0,5.0,897.9,340.57,557.3299999999999,62.07038645728923,4100.0,4100.0,0.0,No Quality Issue,High Rejection,Excellent
RB-000859,Rift Bloom - Kesses Farm,Athena,60.0,A,10.0,160.0,1600.0,2022-04-16,2022-04-17,2022-04-21,2022-04-26,Germany,Blume2000,EUR,0.05,80.0,ROAD THEN AIR,513.7,2.9,0.0,,PENDING,5.0,False,False,False,4.0,5.0,True,False,2022.0,4.0,2.0,2022.0,4.0,2.0,2022.0,2022.0,4.0,1.0,10.0,80.0,513.7,-433.70000000000005,-542.125,1600.0,1600.0,0.0,No Quality Issue,High Rejection,Excellent
RB-000768,Rift Bloom - Ziwa Farm,Red Naomi,90.0,B,10.0,155.0,1550.0,2026-05-14,2026-05-14,2026-05-17,2026-05-18,Australia,Carrefour Flowers,EUR,0.36,558.0,NAN,151.62,2.1,0.0,,NAN,5.0,False,False,False,3.0,1.0,True,False,2026.0,5.0,2.0,2026.0,5.0,2.0,2026.0,2026.0,5.0,0.0,4.0,558.0,151.62,406.38,72.82795698924731,1550.0,1550.0,0.0,No Quality Issue,High Rejection,Excellent
RB-000585,Rift Bloom - Kesses Farm,Circus,60.0,B,20.0,128.0,2560.0,2023-01-28,2023-01-28,2023-01-29,2023-01-02,Switzerland,Tokyo Flower Market,KES,50.83,130124.8,AIR FREIGHT,331.5,1.2,70.0,-,NAN,5.0,False,False,False,1.0,-27.0,False,True,2023.0,1.0,1.0,2023.0,1.0,1.0,2023.0,2023.0,1.0,0.0,-26.0,130124.8,331.5,129793.3,99.74524456521739,2560.0,2560.0,2.734375,Quality Issue,High Rejection,Excellent
RB-000434,Rift Bloom - Kapseret Farm,Circus,50.0,UNKNOWN,40.0,147.0,5880.0,2023-06-17,2023-06-17,2023-06-20,2023-06-22,Switzerland,Whole Foods Market,NAN,0.17,999.6,ROAD THEN AIR,,2.3,0.0,,PAID,4.0,False,False,False,3.0,2.0,True,False,2023.0,6.0,2.0,2023.0,6.0,2.0,2023.0,2023.0,6.0,0.0,5.0,999.6,,,,5880.0,5880.0,0.0,No Quality Issue,High Rejection,Good
RB-001491,Rift Bloom - Timboroa Farm,Pink Floyd,50.0,PREMIUM,10.0,120.0,1200.0,2022-07-23,2022-07-24,2022-07-27,2022-07-31,USA,FloraHolland Auction,USD,0.197,236.4,ROAD THEN AIR,192.57,2.9,0.0,,OVERDUE,4.0,False,False,False,3.0,4.0,True,False,2022.0,7.0,3.0,2022.0,7.0,3.0,2022.0,2022.0,7.0,1.0,8.0,236.4,192.57,43.83000000000001,18.540609137055842,1200.0,1200.0,0.0,No Quality Issue,High Rejection,Good
RB-000802,Rift Bloom - Moiben Farm,Cool Water,60.0,B,25.0,102.0,2550.0,2022-04-16,2022-04-18,2022-04-21,,Norway,FloraHolland Auction,USD,0.146,372.3,AIR FREIGHT,204.94,2.7,0.0,,NAN,4.0,False,False,False,3.0,,False,False,2022.0,4.0,2.0,2022.0,4.0,2.0,2022.0,,,2.0,,372.3,204.94,167.36,44.95299489658878,2550.0,2550.0,0.0,No Quality Issue,High Rejection,Good
RB-001154,Rift Bloom - Ziwa Farm,Athena,50.0,,25.0,82.0,2050.0,2025-02-25,2025-02-25,2025-02-28,,Australia,Tokyo Flower Market,EUR,0.541,1109.05,AIR FREIGHT,338.28,3.3,21.0,Wilting,NAN,5.0,False,False,False,3.0,,False,False,2025.0,2.0,1.0,2025.0,2.0,1.0,2025.0,,,0.0,,1109.05,338.28,770.77,69.49821919660971,2050.0,2050.0,1.024390243902439,Quality Issue,High Rejection,Excellent
RB-000424,Rift Bloom - Turbo Farm,Circus,90.0,A,25.0,65.0,1625.0,2024-04-07,2024-08-04,2024-09-04,2024-04-11,NL,Carrefour Flowers,EUR,0.312,507.0,ROAD THEN AIR,249.96,1.4,0.0,,NAN,5.0,False,False,False,31.0,-146.0,False,False,2024.0,4.0,2.0,2024.0,8.0,3.0,2024.0,2024.0,4.0,119.0,4.0,507.0,249.96,257.03999999999996,50.69822485207099,1625.0,1625.0,0.0,No Quality Issue,High Rejection,Excellent
RB-000242,Rift Bloom - Timboroa Farm,High & Magic,50.0,,10.0,54.0,540.0,2023-03-20,2023-03-20,2023-03-24,2023-03-28,France,Dubai Flower Centre,EUR,0.2,108.0,ROAD THEN AIR,180.0,2.7,0.0,,PENDING,5.0,False,False,False,4.0,4.0,True,False,2023.0,3.0,1.0,2023.0,3.0,1.0,2023.0,2023.0,3.0,0.0,8.0,108.0,180.0,-72.0,-66.66666666666666,540.0,540.0,0.0,No Quality Issue,High Rejection,Excellent
RB-002186,Rift Bloom - Moiben Farm,Peach Avalanche,80.0,B,40.0,177.0,7080.0,2026-07-18,2026-07-19,2026-07-20,2026-07-26,France,Tokyo Flower Market,NAN,0.205,1451.4,AIR FREIGHT,75.44,,0.0,,OVERDUE,4.0,False,False,False,1.0,6.0,True,False,2026.0,7.0,3.0,2026.0,7.0,3.0,2026.0,2026.0,7.0,1.0,8.0,1451.4,75.44,1375.96,94.80225988700565,7080.0,7080.0,0.0,No Quality Issue,High Rejection,Good
RB-000890,Rift Bloom - Ziwa Farm,Pink Floyd,60.0,STANDARD,20.0,78.0,1560.0,2024-09-23,2024-09-24,2024-09-25,2024-09-26,Switzerland,FloraHolland Auction,NAN,0.339,528.84,AIR FREIGHT,530.74,2.8,0.0,,PAID,2.0,False,False,False,1.0,1.0,True,False,2024.0,9.0,3.0,2024.0,9.0,3.0,2024.0,2024.0,9.0,1.0,3.0,528.84,530.74,-1.8999999999999773,-0.35927690794947,1560.0,1560.0,0.0,No Quality Issue,High Rejection,Poor
RB-000132,Rift Bloom - Timboroa Farm,Tibet,50.0,STANDARD,40.0,205.0,8200.0,2022-02-26,2022-02-26,2022-02-28,2022-06-03,Russia,Carrefour Flowers,NAN,0.404,3312.8,AIR FREIGHT,,,0.0,,PAID,4.0,False,False,False,2.0,95.0,True,False,2022.0,2.0,1.0,2022.0,2.0,1.0,2022.0,2022.0,6.0,0.0,97.0,3312.8,,,,8200.0,8200.0,0.0,No Quality Issue,High Rejection,Good
RB-000569,Rift Bloom - Kapseret Farm,Avalanche,50.0,A,25.0,161.0,4025.0,2022-04-07,2022-06-07,2022-08-07,2022-11-07,uae,Marks & Spencer Flowers,USD,0.338,1360.45,AIR FREIGHT,407.44,1.3,32.0,,PAID,4.0,False,False,False,61.0,92.0,True,False,2022.0,4.0,2.0,2022.0,6.0,2.0,2022.0,2022.0,11.0,61.0,214.0,1360.45,407.44,953.01,70.0510860377081,4025.0,4025.0,0.7950310559006212,No Quality Issue,High Rejection,Good
RB-001644,Rift Bloom - Moiben Farm,Peach Avalanche,60.0,B,25.0,10.0,250.0,2024-10-11,2024-10-11,2024-11-11,2024-11-14,Australia,M-Farm Traders,USD,0.278,69.5,AIR FREIGHT,535.14,3.7,0.0,,OVERDUE,1.0,False,False,False,31.0,3.0,True,False,2024.0,10.0,4.0,2024.0,10.0,4.0,2024.0,2024.0,11.0,0.0,34.0,69.5,535.14,-465.64,-669.9856115107914,250.0,250.0,0.0,No Quality Issue,High Rejection,Poor
RB-002140,Rift Bloom - Moiben Farm,Sweetness,40.0,,25.0,197.0,4925.0,2026-06-16,2026-06-18,2026-06-20,2026-06-24,USA,Dubai Flower Centre,USD,0.319,1571.08,AIR FREIGHT,595.37,3.1,0.0,,PAID,4.0,False,False,False,2.0,4.0,True,False,2026.0,6.0,2.0,2026.0,6.0,2.0,2026.0,2026.0,6.0,2.0,8.0,1571.08,595.37,975.7099999999999,62.10441225144486,4925.0,4925.0,0.0,No Quality Issue,High Rejection,Good
RB-001071,Rift Bloom - Kapseret Farm,Peach Avalanche,70.0,PREMIUM,40.0,76.0,3040.0,2026-01-06,2026-01-06,2026-07-01,2026-10-01,Switzerland,FloraHolland Auction,USD,0.587,1784.48,AIR FREIGHT,528.87,3.2,0.0,,UNKNOWN,2.0,False,False,False,176.0,92.0,True,False,2026.0,1.0,1.0,2026.0,1.0,1.0,2026.0,2026.0,10.0,0.0,268.0,1784.48,528.87,1255.6100000000001,70.3627947637407,3040.0,3040.0,0.0,No Quality Issue,High Rejection,Poor
RB-001068,rift bloom turbo farm,Freedom,60.0,B,25.0,37.0,925.0,2025-10-14,2025-10-16,2025-10-18,2025-10-19,France,Carrefour Flowers,USD,0.377,348.73,NAN,207.82,1.0,0.0,,OVERDUE,3.0,False,False,False,2.0,1.0,True,False,2025.0,10.0,4.0,2025.0,10.0,4.0,2025.0,2025.0,10.0,2.0,5.0,348.73,207.82,140.91000000000003,40.406618300691086,925.0,925.0,0.0,No Quality Issue,High Rejection,Average
RB-000714,Rift Bloom - Kapseret Farm,avalanche,60.0,A,20.0,165.0,3300.0,2026-03-03,2026-03-05,2026-03-09,2026-12-03,United Arab Emirates,Interflora Russia,USD,0.488,1610.4,AIR FREIGHT,168.14,4.1,0.0,,PAID,4.0,False,False,False,4.0,269.0,True,False,2026.0,3.0,1.0,2026.0,3.0,1.0,2026.0,2026.0,12.0,2.0,275.0,1610.4,168.14,1442.2600000000002,89.55911574764035,3300.0,3300.0,0.0,No Quality Issue,High Rejection,Good
RB-002878,Rift Bloom - Turbo Farm,Circus,50.0,B,40.0,156.0,6240.0,2026-07-22,2026-07-23,,2026-07-28,Poland,Marks & Spencer Flowers,NAN,0.27,1684.8,AIR FREIGHT,244.11,,0.0,,NAN,4.0,False,False,False,,,False,False,2026.0,7.0,3.0,2026.0,7.0,3.0,,2026.0,7.0,1.0,6.0,1684.8,244.11,1440.69,85.5110398860399,6240.0,6240.0,0.0,No Quality Issue,High Rejection,Good
RB-000171,Rift Bloom - Timboroa Farm,Peach Avalanche,80.0,B,40.0,124.0,4960.0,2022-02-19,2022-02-21,2022-02-23,2022-02-28,Poland,FloraHolland Auction,NAN,0.337,1671.52,AIR FREIGHT,,1.2,0.0,,OVERDUE,5.0,False,False,False,2.0,5.0,True,False,2022.0,2.0,1.0,2022.0,2.0,1.0,2022.0,2022.0,2.0,2.0,9.0,1671.52,,,,4960.0,4960.0,0.0,No Quality Issue,High Rejection,Excellent
RB-001167,Rift Bloom - Ziwa Farm,Cool Water,60.0,B,25.0,254.0,6350.0,2023-03-30,2023-03-30,2023-03-31,2023-06-04,Norway,Bloomon BV,USD,0.371,2355.85,AIR FREIGHT,198.11,3.0,7.0,,PENDING,4.0,False,False,False,1.0,65.0,True,False,2023.0,3.0,1.0,2023.0,3.0,1.0,2023.0,2023.0,6.0,0.0,66.0,2355.85,198.11,2157.74,91.59072097119935,6350.0,6350.0,0.11023622047244094,No Quality Issue,High Rejection,Good
RB-001538,Rift Bloom - Kapseret Farm,Red Naomi,90.0,PREMIUM,20.0,232.0,4640.0,2024-06-02,2024-08-02,2024-12-02,2024-02-18,Japan,Interflora Russia,NAN,0.355,1647.2,NAN,111.76,-0.5,0.0,,NAN,5.0,False,False,True,122.0,-288.0,False,False,2024.0,6.0,2.0,2024.0,8.0,3.0,2024.0,2024.0,2.0,61.0,-105.0,1647.2,111.76,1535.44,93.21515298688684,4640.0,4640.0,0.0,No Quality Issue,High Rejection,Excellent
RB-000620,Rift Bloom - Ziwa Farm,Pink Floyd,70.0,A,20.0,158.0,3160.0,2024-12-12,2024-12-12,2024-12-15,2024-12-19,United Kingdom,Tokyo Flower Market,NAN,0.28,884.8,AIR FREIGHT,331.37,1.8,11.0,Petal Bruising,PENDING,5.0,False,False,False,3.0,4.0,True,False,2024.0,12.0,4.0,2024.0,12.0,4.0,2024.0,2024.0,12.0,0.0,7.0,884.8,331.37,553.43,62.54859855334539,3160.0,3160.0,0.3481012658227848,Quality Issue,High Rejection,Excellent
RB-001399,Rift Bloom - Moiben Farm,Sweetness,70.0,B,25.0,162.0,4050.0,2023-09-14,2023-09-14,2023-09-17,2023-09-20,Netherlands,Carrefour Flowers,USD,0.361,1462.05,NAN,383.06,1.0,0.0,,OVERDUE,4.0,False,False,False,3.0,3.0,True,False,2023.0,9.0,3.0,2023.0,9.0,3.0,2023.0,2023.0,9.0,0.0,6.0,1462.05,383.06,1078.99,73.79980164837045,4050.0,4050.0,0.0,No Quality Issue,High Rejection,Good
RB-001442,Rift Bloom - Turbo Farm,Mondial,70.0,A,20.0,157.0,3140.0,2024-04-27,2024-04-27,2024-04-30,2024-05-05,Poland,Bloomon BV,NAN,0.397,1246.58,ROAD THEN AIR,225.95,-1.2,0.0,,PENDING,4.0,False,False,True,3.0,5.0,True,False,2024.0,4.0,2.0,2024.0,4.0,2.0,2024.0,2024.0,5.0,0.0,8.0,1246.58,225.95,1020.6299999999999,81.87440838133132,3140.0,3140.0,0.0,No Quality Issue,High Rejection,Good
RB-002980,Rift Bloom - Kapseret Farm,Avalanche,60.0,C,40.0,107.0,4280.0,2023-07-06,2023-06-07,2023-07-08,2023-10-07,United Kingdom,Whole Foods Market,USD,0.133,569.24,AIR FREIGHT,271.96,1.1,0.0,,PAID,5.0,False,False,False,31.0,91.0,True,False,2023.0,7.0,3.0,2023.0,6.0,2.0,2023.0,2023.0,10.0,-29.0,93.0,569.24,271.96,297.28000000000003,52.22401798889749,4280.0,4280.0,0.0,No Quality Issue,High Rejection,Excellent
RB-002315,Rift Bloom - Ziwa Farm,Explorer,60.0,PREMIUM,40.0,106.0,4240.0,2024-12-17,2024-12-18,2024-12-21,2024-12-25,Australia,Blume2000,KES,43.81,185754.4,AIR FREIGHT,515.86,,0.0,,NAN,4.0,False,False,False,3.0,4.0,True,False,2024.0,12.0,4.0,2024.0,12.0,4.0,2024.0,2024.0,12.0,1.0,8.0,185754.4,515.86,185238.54,99.72228921629852,4240.0,4240.0,0.0,No Quality Issue,High Rejection,Good
RB-002938,Rift Bloom - Kesses Farm,Cool Water,50.0,PREMIUM,10.0,180.0,1800.0,2024-05-19,2024-05-19,,2024-05-27,Japan,Aalsmeer Direct,EUR,0.446,802.8,AIR FREIGHT,178.93,0.4,0.0,,NAN,3.0,False,False,False,,,False,False,2024.0,5.0,2.0,2024.0,5.0,2.0,,2024.0,5.0,0.0,8.0,802.8,178.93,623.8699999999999,77.71175884404583,1800.0,1800.0,0.0,No Quality Issue,High Rejection,Average
RB-002895,Rift Bloom - Kapseret Farm,avalanche,50.0,B,40.0,311.0,12440.0,2026-07-14,2026-07-14,2026-07-17,,Germany,Aalsmeer Direct,EUR,0.353,4391.32,AIR FREIGHT,258.22,-0.5,6.0,,PENDING,3.0,False,False,True,3.0,,False,False,2026.0,7.0,3.0,2026.0,7.0,3.0,2026.0,,,0.0,,4391.32,258.22,4133.099999999999,94.1197635335161,12440.0,12440.0,0.04823151125401929,No Quality Issue,High Rejection,Average
RB-002374,Rift Bloom - Kapseret Farm,Mondial,60.0,PREMIUM,10.0,-202.0,-2020.0,2022-06-12,2022-07-12,2022-11-12,2022-12-17,Russia,Bloomon BV,USD,0.31,-626.2,ROAD THEN AIR,136.45,1.5,0.0,,NAN,5.0,False,False,False,123.0,35.0,True,False,2022.0,6.0,2.0,2022.0,7.0,3.0,2022.0,2022.0,12.0,30.0,188.0,-626.2,136.45,-762.6500000000001,,-2020.0,-2020.0,0.0,No Quality Issue,High Rejection,Excellent
RB-002587,Rift Bloom - Kapseret Farm,Vendela,50.0,PREMIUM,20.0,121.0,2420.0,2022-04-26,2022-04-28,2022-05-01,2022-02-05,United Arab Emirates,Local Wholesaler - Eldoret,USD,0.178,430.76,ROAD THEN AIR,342.01,4.1,0.0,,UNKNOWN,4.0,True,False,False,3.0,-85.0,False,False,2022.0,4.0,2.0,2022.0,4.0,2.0,2022.0,2022.0,2.0,2.0,-80.0,430.76,342.01,88.75,20.603120066858576,2420.0,2420.0,0.0,No Quality Issue,High Rejection,Good
RB-001674,Rift Bloom - Kesses Farm,Sweetness,60.0,C,20.0,74.0,1480.0,2024-05-13,2024-05-14,2024-05-15,2024-05-18,Switzerland,Marks & Spencer Flowers,USD,0.49,725.2,AIR FREIGHT,274.63,3.1,0.0,,PAID,3.0,False,False,False,1.0,3.0,True,False,2024.0,5.0,2.0,2024.0,5.0,2.0,2024.0,2024.0,5.0,1.0,5.0,725.2,274.63,450.57000000000005,62.130446773303916,1480.0,1480.0,0.0,No Quality Issue,High Rejection,Average
RB-001114,Rift Bloom - Turbo Farm,Yellow Babe,50.0,PREMIUM,10.0,77.0,770.0,2025-06-11,2025-08-11,2025-11-11,2025-11-15,netherlands,Dubai Flower Centre,USD,0.163,125.51,AIR FREIGHT,562.44,,0.0,,PAID,3.0,False,False,False,92.0,4.0,True,False,2025.0,6.0,2.0,2025.0,8.0,3.0,2025.0,2025.0,11.0,61.0,157.0,125.51,562.44,-436.93000000000006,-348.1236554856187,770.0,770.0,0.0,No Quality Issue,High Rejection,Average
RB-002465,Rift Bloom - Timboroa Farm,Mondial,70.0,PREMIUM,20.0,53.0,1060.0,2025-05-03,2025-05-04,2025-08-05,2025-05-09,Switzerland,FloraHolland Auction,USD,0.247,261.82,AIR FREIGHT,300.36,-0.3,0.0,,OVERDUE,5.0,False,False,True,93.0,-88.0,False,False,2025.0,5.0,2.0,2025.0,5.0,2.0,2025.0,2025.0,5.0,1.0,6.0,261.82,300.36,-38.54000000000002,-14.720036666412048,1060.0,1060.0,0.0,No Quality Issue,High Rejection,Excellent
RB-000540,Rift Bloom - Kesses Farm,Freedom,50.0,C,20.0,87.0,1740.0,2023-03-23,2023-03-24,2023-03-26,2023-01-04,Switzerland,Tokyo Flower Market,NAN,0.331,575.94,NAN,271.27,1.6,0.0,,NAN,2.0,False,False,False,2.0,-81.0,False,False,2023.0,3.0,1.0,2023.0,3.0,1.0,2023.0,2023.0,1.0,1.0,-78.0,575.94,271.27,304.6700000000001,52.89960759801369,1740.0,1740.0,0.0,No Quality Issue,High Rejection,Poor
RB-000708,Rift Bloom - Moiben Farm,Mondial,70.0,PREMIUM,25.0,197.0,4925.0,2023-02-25,2023-02-27,2023-03-03,2023-05-03,Russia,M-Farm Traders,KES,42.38,208721.5,AIR FREIGHT,98.34,2.9,0.0,,UNKNOWN,3.0,False,False,False,4.0,61.0,True,False,2023.0,2.0,1.0,2023.0,2.0,1.0,2023.0,2023.0,5.0,2.0,67.0,208721.5,98.34,208623.16,99.9528845854404,4925.0,4925.0,0.0,No Quality Issue,High Rejection,Average
RB-001147,Rift Bloom - Kapseret Farm,AVALANCHE,500.0,PREMIUM,10.0,56.0,560.0,2024-06-29,2024-01-07,2024-02-07,2024-07-07,Australia,Tokyo Flower Market,KES,70.33,39384.8,NAN,448.28,4.9,5.0,-,NAN,5.0,False,False,False,31.0,151.0,True,True,2024.0,6.0,2.0,2024.0,1.0,1.0,2024.0,2024.0,7.0,-174.0,8.0,39384.8,448.28,38936.520000000004,98.86179439783876,560.0,560.0,0.8928571428571428,Quality Issue,High Rejection,Excellent
RB-002473,Rift Bloom - Turbo Farm,Cool Water,70.0,PREMIUM,20.0,105.0,2100.0,2022-08-17,2022-08-18,2022-08-19,,Holland,Bloomon BV,EUR,0.299,627.9,AIR FREIGHT,,2.5,0.0,,NAN,5.0,False,False,False,1.0,,False,False,2022.0,8.0,3.0,2022.0,8.0,3.0,2022.0,,,1.0,,627.9,,,,2100.0,2100.0,0.0,No Quality Issue,High Rejection,Excellent
RB-001588,Rift Bloom - Kapseret Farm,Red Naomi,50.0,PREMIUM,20.0,76.0,1520.0,2023-09-24,2023-09-25,2023-09-28,2023-02-10,U.K.,M-Farm Traders,NAN,0.402,611.04,AIR FREIGHT,200.13,,0.0,,PAID,5.0,False,False,False,3.0,-230.0,False,False,2023.0,9.0,3.0,2023.0,9.0,3.0,2023.0,2023.0,2.0,1.0,-226.0,611.04,200.13,410.90999999999997,67.24764336213669,1520.0,1520.0,0.0,No Quality Issue,High Rejection,Excellent
RB-000254,Rift Bloom - Turbo Farm,Peach Avalanche,70.0,B,40.0,94.0,3760.0,2025-10-04,2025-04-10,2025-04-11,2025-04-17,U.S.A,Interflora Russia,USD,0.232,872.32,ROAD THEN AIR,362.31,1.7,0.0,,PENDING,3.0,False,False,False,1.0,6.0,True,False,2025.0,10.0,4.0,2025.0,4.0,2.0,2025.0,2025.0,4.0,-177.0,-170.0,872.32,362.31,510.01000000000005,58.465929933969186,3760.0,3760.0,0.0,No Quality Issue,High Rejection,Average
RB-002420,Rift Bloom - Kesses Farm,Athena,60.0,PREMIUM,10.0,86.0,860.0,2026-01-27,2026-01-28,2026-01-02,2026-05-02,United Kingdom,M-Farm Traders,EUR,0.361,310.46,NAN,214.65,-1.2,0.0,,PAID,5.0,False,False,True,-26.0,120.0,False,False,2026.0,1.0,1.0,2026.0,1.0,1.0,2026.0,2026.0,5.0,1.0,95.0,310.46,214.65,95.80999999999997,30.860658377890864,860.0,860.0,0.0,No Quality Issue,High Rejection,Excellent
RB-000730,Rift Bloom - Ziwa Farm,Yellow Babe,80.0,A,40.0,168.0,6720.0,2026-03-22,2026-03-24,2026-03-27,2026-04-02,United Arab Emirates,Tokyo Flower Market,EUR,0.304,2042.88,AIR FREIGHT,196.24,1.6,0.0,,PENDING,5.0,False,False,False,3.0,6.0,True,False,2026.0,3.0,1.0,2026.0,3.0,1.0,2026.0,2026.0,4.0,2.0,11.0,2042.88,196.24,1846.64,90.39395363408521,6720.0,6720.0,0.0,No Quality Issue,High Rejection,Excellent
RB-002740,Rift Bloom - Kesses Farm,Vendela,90.0,PREMIUM,20.0,153.0,3060.0,2022-11-08,2022-11-09,2022-11-10,2022-11-15,Australia,Bloomon BV,USD,0.076,232.56,AIR FREIGHT,356.71,4.5,0.0,,UNKNOWN,4.0,False,False,False,1.0,5.0,True,False,2022.0,11.0,4.0,2022.0,11.0,4.0,2022.0,2022.0,11.0,1.0,7.0,232.56,356.71,-124.14999999999998,-53.38407292741657,3060.0,3060.0,0.0,No Quality Issue,High Rejection,Good
RB-002955,Rift Bloom - Timboroa Farm,High & Magic,50.0,PREMIUM,25.0,120.0,3000.0,2022-08-16,2022-08-18,2022-08-21,2022-08-27,Australia,Whole Foods Market,USD,0.308,924.0,NAN,137.09,2.6,0.0,,PAID,3.0,False,False,False,3.0,6.0,True,False,2022.0,8.0,3.0,2022.0,8.0,3.0,2022.0,2022.0,8.0,2.0,11.0,924.0,137.09,786.91,85.16341991341992,3000.0,3000.0,0.0,No Quality Issue,High Rejection,Average
RB-000296,Rift Bloom - Kesses Farm,Explorer,70.0,STANDARD,10.0,162.0,1620.0,2024-01-18,2024-01-20,2024-01-23,,UAE,Blume2000,NAN,0.391,633.42,NAN,496.61,-0.4,45.0,Petal Bruising,OVERDUE,5.0,False,False,True,3.0,,False,False,2024.0,1.0,1.0,2024.0,1.0,1.0,2024.0,,,2.0,,633.42,496.61,136.80999999999995,21.598623346278924,1620.0,1620.0,2.7777777777777777,Quality Issue,High Rejection,Excellent
RB-000960,Rift Bloom - Kapseret Farm,Pink Floyd,50.0,PREMIUM,40.0,244.0,9760.0,2025-02-03,2025-03-03,2025-07-03,2025-03-13,Russia,Local Wholesaler - Eldoret,NAN,0.173,1688.48,AIR FREIGHT,479.83,0.5,0.0,,PAID,4.0,False,False,False,122.0,-112.0,False,False,2025.0,2.0,1.0,2025.0,3.0,1.0,2025.0,2025.0,3.0,28.0,38.0,1688.48,479.83,1208.65,71.58213304273666,9760.0,9760.0,0.0,No Quality Issue,High Rejection,Good
RB-002702,Rift Bloom - Moiben Farm,Explorer,70.0,PREMIUM,40.0,17.0,680.0,2023-12-01,,2023-01-17,2023-01-20,USA,Interflora Russia,EUR,0.321,218.28,NAN,195.23,-0.4,0.0,,OVERDUE,5.0,False,False,True,,3.0,False,False,2023.0,12.0,4.0,,,,2023.0,2023.0,1.0,,-315.0,218.28,195.23,23.05000000000001,10.559831409199198,680.0,680.0,0.0,No Quality Issue,High Rejection,Excellent
RB-000329,Rift Bloom - Moiben Farm,AVALANCHE,70.0,STANDARD,25.0,102.0,2550.0,2024-05-22,2024-05-24,2024-05-26,2024-06-01,Russia,Blume2000,UNKNOWN,0.192,4896.0,AIR FREIGHT,218.11,3.9,0.0,,NAN,3.0,False,False,False,2.0,6.0,True,False,2024.0,5.0,2.0,2024.0,5.0,2.0,2024.0,2024.0,6.0,2.0,10.0,4896.0,218.11,4677.89,95.54513888888889,2550.0,2550.0,0.0,No Quality Issue,High Rejection,Average
RB-001748,Rift Bloom - Moiben Farm,Red-Naomi,40.0,,20.0,126.0,2520.0,2025-02-21,,2025-02-25,2025-03-02,NL,Interflora Russia,EUR,0.155,390.6,AIR FREIGHT,210.34,2.2,0.0,,PENDING,4.0,False,False,False,,5.0,False,False,2025.0,2.0,1.0,,,,2025.0,2025.0,3.0,,9.0,390.6,210.34,180.26000000000002,46.149513568868414,2520.0,2520.0,0.0,No Quality Issue,High Rejection,Good
RB-000271,Rift Bloom - Moiben Farm,Vendela,50.0,STANDARD,10.0,58.0,580.0,2025-09-24,2025-09-26,2025-09-27,2025-01-10,Russia,Dubai Flower Centre,EUR,0.466,270.28,ROAD THEN AIR,228.75,2.9,0.0,,PENDING,5.0,False,False,False,1.0,-260.0,False,False,2025.0,9.0,3.0,2025.0,9.0,3.0,2025.0,2025.0,1.0,2.0,-257.0,270.28,228.75,41.52999999999997,15.36554684031374,580.0,580.0,0.0,No Quality Issue,High Rejection,Excellent
RB-000302,Rift Bloom - Kesses Farm,Avalanche,50.0,A,25.0,63.0,1575.0,2023-08-20,2023-08-20,2023-08-24,2023-08-29,USA,Marks & Spencer Flowers,USD,0.138,217.35,AIR FREIGHT,58.97,1.9,21.0,Botrytis,PAID,4.0,False,False,False,4.0,5.0,True,False,2023.0,8.0,3.0,2023.0,8.0,3.0,2023.0,2023.0,8.0,0.0,9.0,217.35,58.97,158.38,72.86864504255809,1575.0,1575.0,1.3333333333333335,Quality Issue,High Rejection,Good
RB-000366,Rift Bloom - Ziwa Farm,Explorer,70.0,C,40.0,184.0,7360.0,2024-12-24,2024-12-26,2024-12-28,2024-12-31,Germany,Blume2000,USD,0.642,4725.12,AIR FREIGHT,304.75,1.3,0.0,,NAN,5.0,True,False,False,2.0,3.0,True,False,2024.0,12.0,4.0,2024.0,12.0,4.0,2024.0,2024.0,12.0,2.0,7.0,4725.12,304.75,4420.37,93.55042834890965,7360.0,7360.0,0.0,No Quality Issue,High Rejection,Excellent
RB-001516,Rift Bloom - Kesses Farm,Pink Floyd,70.0,B,10.0,64.0,640.0,2022-03-01,2022-01-05,2022-01-09,2022-01-13,uae,Tokyo Flower Market,KES,32.76,20966.4,AIR FREIGHT,86.88,0.8,8.0,Botrytis,PENDING,4.0,False,False,False,4.0,4.0,True,False,2022.0,3.0,1.0,2022.0,1.0,1.0,2022.0,2022.0,1.0,-55.0,-47.0,20966.4,86.88,20879.52,99.5856227106227,640.0,640.0,1.25,Quality Issue,High Rejection,Good
RB-001294,Rift Bloom - Moiben Farm,Yellow Babe,70.0,PREMIUM,10.0,69.0,690.0,2024-11-06,2024-06-12,2024-06-16,2024-06-21,Russia,Blume2000,KES,30.68,21169.2,AIR FREIGHT,369.04,1.4,0.0,,NAN,4.0,False,False,False,4.0,5.0,True,False,2024.0,11.0,4.0,2024.0,6.0,2.0,2024.0,2024.0,6.0,-147.0,-138.0,21169.2,369.04,20800.16,98.25671258243108,690.0,690.0,0.0,No Quality Issue,High Rejection,Good
RB-001540,Rift Bloom - Timboroa Farm,Athena,70.0,A,25.0,265.0,6625.0,2024-08-12,2024-09-12,2024-10-12,2024-12-16,The Netherlands,M-Farm Traders,USD,0.231,1530.38,NAN,311.32,3.8,0.0,,NAN,5.0,False,False,False,30.0,65.0,True,False,2024.0,8.0,3.0,2024.0,9.0,3.0,2024.0,2024.0,12.0,31.0,126.0,1530.38,311.32,1219.0600000000002,79.65734000705707,6625.0,6625.0,0.0,No Quality Issue,High Rejection,Excellent
RB-000700,Rift Bloom - Ziwa Farm,Peach Avalanche,80.0,B,40.0,183.0,7320.0,2025-03-19,2025-03-19,2025-03-22,2025-03-25,Japan,Blume2000,EUR,0.221,1617.72,AIR FREIGHT,355.3,2.1,0.0,,NAN,4.0,False,False,False,3.0,3.0,True,False,2025.0,3.0,1.0,2025.0,3.0,1.0,2025.0,2025.0,3.0,0.0,6.0,1617.72,355.3,1262.42,78.03699033207229,7320.0,7320.0,0.0,No Quality Issue,High Rejection,Good
RB-000562,Rift Bloom - Kapseret Farm,Circus,50.0,A,20.0,86.0,1720.0,2023-10-09,2023-10-09,2023-09-13,2023-09-19,Norway,Bloomon BV,KES,36.66,63055.2,ROAD THEN AIR,471.25,1.6,0.0,,NAN,5.0,False,False,False,-26.0,6.0,False,False,2023.0,10.0,4.0,2023.0,10.0,4.0,2023.0,2023.0,9.0,0.0,-20.0,63055.2,471.25,62583.95,99.25263895761174,1720.0,1720.0,0.0,No Quality Issue,High Rejection,Excellent
RB-000192,Rift Bloom - Kapseret Farm,Vendela,50.0,B,25.0,100.0,2500.0,2024-08-30,2024-01-09,2024-09-05,2024-06-09,France,Dubai Flower Centre,EUR,0.301,752.5,AIR FREIGHT,112.5,1.5,0.0,,PENDING,5.0,False,False,False,240.0,-88.0,False,False,2024.0,8.0,3.0,2024.0,1.0,1.0,2024.0,2024.0,6.0,-234.0,-82.0,752.5,112.5,640.0,85.04983388704319,2500.0,2500.0,0.0,No Quality Issue,High Rejection,Excellent
RB-001850,Rift Bloom - Kapseret Farm,Mondial,70.0,,20.0,119.0,2380.0,2024-04-18,2024-04-20,2024-04-22,2024-04-25,Russia,Tokyo Flower Market,USD,0.363,863.94,NAN,38.2,1.4,0.0,,PAID,4.0,False,False,False,2.0,3.0,True,False,2024.0,4.0,2.0,2024.0,4.0,2.0,2024.0,2024.0,4.0,2.0,7.0,863.94,38.2,825.74,95.57839664791537,2380.0,2380.0,0.0,No Quality Issue,High Rejection,Good
RB-002754,Rift Bloom - Kesses Farm,Freedom,50.0,PREMIUM,10.0,60.0,600.0,2026-05-07,2026-09-05,2026-10-05,2026-12-05,Australia,Tokyo Flower Market,USD,0.408,244.8,AIR FREIGHT,202.06,0.3,2.0,Stem Bent,PAID,5.0,False,False,False,30.0,61.0,True,False,2026.0,5.0,2.0,2026.0,9.0,3.0,2026.0,2026.0,12.0,121.0,212.0,244.8,202.06,42.74000000000001,17.45915032679739,600.0,600.0,0.33333333333333337,Quality Issue,High Rejection,Excellent
RB-000375,Rift Bloom - Kesses Farm,Tibet,40.0,STANDARD,40.0,138.0,5520.0,2022-06-21,2022-06-22,2022-06-24,2022-06-28,France,Marks & Spencer Flowers,EUR,0.686,3786.72,AIR FREIGHT,104.68,,0.0,,PAID,5.0,False,False,False,2.0,4.0,True,False,2022.0,6.0,2.0,2022.0,6.0,2.0,2022.0,2022.0,6.0,1.0,7.0,3786.72,104.68,3682.04,97.23560231546034,5520.0,5520.0,0.0,No Quality Issue,High Rejection,Excellent
RB-000948,Rift Bloom - Kesses Farm,Peach Avalanche,90.0,PREMIUM,20.0,147.0,2940.0,2023-10-10,2023-10-10,2023-10-13,2023-10-18,Australia,Whole Foods Market,KES,33.54,98607.6,ROAD THEN AIR,18.22,22.0,0.0,,PAID,5.0,False,False,False,3.0,5.0,True,False,2023.0,10.0,4.0,2023.0,10.0,4.0,2023.0,2023.0,10.0,0.0,8.0,98607.6,18.22,98589.38,99.9815227223865,2940.0,2940.0,0.0,No Quality Issue,High Rejection,Excellent
RB-000292,Rift Bloom - Turbo Farm,High & Magic,70.0,C,40.0,103.0,4120.0,2023-10-16,2023-10-17,2023-10-21,2023-10-27,Poland,Dubai Flower Centre,USD,0.341,1404.92,AIR FREIGHT,209.86,3.4,0.0,,OVERDUE,4.0,False,False,False,4.0,6.0,True,False,2023.0,10.0,4.0,2023.0,10.0,4.0,2023.0,2023.0,10.0,1.0,11.0,1404.92,209.86,1195.06,85.06249466161773,4120.0,4120.0,0.0,No Quality Issue,High Rejection,Good
RB-001446,Rift Bloom - Moiben Farm,Sweetness,70.0,PREMIUM,40.0,101.0,4040.0,2023-12-24,2023-12-26,2023-12-30,2024-05-01,Poland,Interflora Russia,EUR,0.161,650.44,AIR FREIGHT,109.21,1.9,0.0,,NAN,4.0,False,False,False,4.0,123.0,True,False,2023.0,12.0,4.0,2023.0,12.0,4.0,2023.0,2024.0,5.0,2.0,129.0,650.44,109.21,541.23,83.20982719389951,4040.0,4040.0,0.0,No Quality Issue,High Rejection,Good
RB-000613,Rift Bloom - Turbo Farm,Circus,60.0,A,20.0,163.0,3260.0,2023-09-16,,2023-09-20,2023-09-26,France,Aalsmeer Direct,USD,0.512,1669.12,AIR FREIGHT,,1.6,0.0,,PAID,5.0,False,False,False,,6.0,False,False,2023.0,9.0,3.0,,,,2023.0,2023.0,9.0,,10.0,1669.12,,,,3260.0,3260.0,0.0,No Quality Issue,High Rejection,Excellent
RB-002703,Rift Bloom - Ziwa Farm,Peach Avalanche,50.0,A,20.0,161.0,3220.0,2025-05-15,2025-05-17,2025-05-20,2025-05-21,France,Whole Foods Market,EUR,0.397,1278.34,AIR FREIGHT,213.17,4.1,0.0,,PENDING,5.0,False,False,False,3.0,1.0,True,False,2025.0,5.0,2.0,2025.0,5.0,2.0,2025.0,2025.0,5.0,2.0,6.0,1278.34,213.17,1065.1699999999998,83.32446766900824,3220.0,3220.0,0.0,No Quality Issue,High Rejection,Excellent
RB-001091,Rift Bloom - Timboroa Farm,Cool Water,60.0,PREMIUM,10.0,124.0,1240.0,2025-01-03,2025-03-03,2025-03-05,2025-06-03,United Kingdom,Aalsmeer Direct,EUR,0.279,345.96,AIR FREIGHT,296.21,2.1,0.0,,PENDING,5.0,False,False,False,2.0,90.0,True,False,2025.0,1.0,1.0,2025.0,3.0,1.0,2025.0,2025.0,6.0,59.0,151.0,345.96,296.21,49.75,14.380275176320964,1240.0,1240.0,0.0,No Quality Issue,High Rejection,Excellent
RB-002636,Rift Bloom - Moiben Farm,Pink Floyd,70.0,B,25.0,66.0,1650.0,2024-06-04,2024-04-07,2024-09-04,2024-04-13,Switzerland,Bloomon BV,KES,49.4,81510.0,AIR FREIGHT,223.24,3.1,0.0,,PENDING,4.0,False,False,False,150.0,-144.0,False,False,2024.0,6.0,2.0,2024.0,4.0,2.0,2024.0,2024.0,4.0,-58.0,-52.0,81510.0,223.24,81286.76,99.72611949454054,1650.0,1650.0,0.0,No Quality Issue,High Rejection,Good
RB-001055,Rift Bloom - Timboroa Farm,Tibet,70.0,B,25.0,60.0,1500.0,2022-07-19,2022-07-21,2022-07-23,2022-07-27,Poland,Whole Foods Market,NAN,0.404,606.0,ROAD THEN AIR,,0.2,0.0,,PENDING,1.0,False,False,False,2.0,4.0,True,False,2022.0,7.0,3.0,2022.0,7.0,3.0,2022.0,2022.0,7.0,2.0,8.0,606.0,,,,1500.0,1500.0,0.0,No Quality Issue,High Rejection,Poor
RB-001436,Rift Bloom - Kapseret Farm,High & Magic,60.0,B,10.0,87.0,870.0,2022-06-11,2022-11-06,2022-07-11,2022-09-11,France,Dubai Flower Centre,USD,0.535,465.45,ROAD THEN AIR,311.0,3.0,7.0,Petal Bruising,UNKNOWN,4.0,False,False,False,-118.0,62.0,False,False,2022.0,6.0,2.0,2022.0,11.0,4.0,2022.0,2022.0,9.0,148.0,92.0,465.45,311.0,154.45,33.18294123966054,870.0,870.0,0.8045977011494253,Quality Issue,High Rejection,Good
RB-001510,Rift Bloom - Ziwa Farm,Avalanche,50.0,A,25.0,128.0,3200.0,2022-07-05,2022-07-05,2022-07-07,2022-07-10,Switzerland,Bloomon BV,USD,0.482,1542.4,AIR FREIGHT,438.66,2.9,0.0,,PAID,5.0,False,False,False,2.0,3.0,True,False,2022.0,7.0,3.0,2022.0,7.0,3.0,2022.0,2022.0,7.0,0.0,5.0,1542.4,438.66,1103.74,71.55990663900414,3200.0,3200.0,0.0,No Quality Issue,High Rejection,Excellent
RB-002609,Rift Bloom - Ziwa Farm,freedom,60.0,PREMIUM,40.0,102.0,4080.0,2024-07-01,2024-03-07,2024-06-07,2024-07-11,Switzerland,Aalsmeer Direct,NAN,0.41,1672.8,AIR FREIGHT,343.9,2.2,0.0,,PAID,3.0,False,False,False,92.0,34.0,True,False,2024.0,7.0,3.0,2024.0,3.0,1.0,2024.0,2024.0,7.0,-116.0,10.0,1672.8,343.9,1328.9,79.44165471066476,4080.0,4080.0,0.0,No Quality Issue,High Rejection,Average
RB-001390,Rift Bloom - Moiben Farm,High & Magic,50.0,C,20.0,128.0,2560.0,2024-11-29,2024-11-29,2024-11-30,2024-02-12,Australia,FloraHolland Auction,KES,66.82,171059.2,NAN,154.37,1.7,0.0,,PAID,4.0,False,False,False,1.0,-292.0,False,False,2024.0,11.0,4.0,2024.0,11.0,4.0,2024.0,2024.0,2.0,0.0,-291.0,171059.2,154.37,170904.83000000002,99.90975638843162,2560.0,2560.0,0.0,No Quality Issue,High Rejection,Good
RB-002773,Rift Bloom - Timboroa Farm,Pink Floyd,70.0,B,10.0,197.0,1970.0,2025-03-19,2025-03-20,2025-03-21,,Australia,M-Farm Traders,EUR,0.178,350.66,AIR FREIGHT,84.88,1.6,0.0,,PAID,5.0,False,False,False,1.0,,False,False,2025.0,3.0,1.0,2025.0,3.0,1.0,2025.0,,,1.0,,350.66,84.88,265.78000000000003,75.79421662008784,1970.0,1970.0,0.0,No Quality Issue,High Rejection,Excellent
RB-001319,Rift Bloom - Moiben Farm,Avalanche,70.0,A,40.0,183.0,7320.0,2023-12-13,2023-12-14,2023-12-18,,Netherlands,Bloomon BV,KES,33.67,246464.4,AIR FREIGHT,32.59,2.2,0.0,,PENDING,2.0,False,False,False,4.0,,False,False,2023.0,12.0,4.0,2023.0,12.0,4.0,2023.0,,,1.0,,246464.4,32.59,246431.81,99.98677699497371,7320.0,7320.0,0.0,No Quality Issue,High Rejection,Poor
RB-000489,Rift Bloom - Moiben Farm,High & Magic,60.0,PREMIUM,25.0,107.0,2675.0,2023-12-19,2023-12-19,2023-12-23,2023-12-29,Poland,Dubai Flower Centre,EUR,0.504,1348.2,ROAD THEN AIR,,1.7,0.0,,OVERDUE,4.0,False,False,False,4.0,6.0,True,False,2023.0,12.0,4.0,2023.0,12.0,4.0,2023.0,2023.0,12.0,0.0,10.0,1348.2,,,,2675.0,2675.0,0.0,No Quality Issue,High Rejection,Good
RB-001766,Rift Bloom - Kapseret Farm,Avalanche,50.0,,10.0,230.0,2300.0,2023-10-12,2023-10-13,2023-10-14,2023-10-15,uae,Tokyo Flower Market,KES,49.27,113321.0,AIR FREIGHT,66.23,3.8,0.0,,NAN,4.0,False,False,False,1.0,1.0,True,False,2023.0,10.0,4.0,2023.0,10.0,4.0,2023.0,2023.0,10.0,1.0,3.0,113321.0,66.23,113254.77,99.94155540455874,2300.0,2300.0,0.0,No Quality Issue,High Rejection,Good
RB-000593,Rift Bloom - Kesses Farm,Pink Floyd,60.0,C,10.0,36.0,360.0,2026-05-18,2026-05-19,2026-05-20,2026-05-24,Japan,Tokyo Flower Market,NAN,0.277,99.72,AIR FREIGHT,238.61,-0.7,0.0,,PENDING,4.0,False,False,True,1.0,4.0,True,False,2026.0,5.0,2.0,2026.0,5.0,2.0,2026.0,2026.0,5.0,1.0,6.0,99.72,238.61,-138.89000000000001,-139.27998395507421,360.0,360.0,0.0,No Quality Issue,High Rejection,Good
RB-000052,Rift Bloom - Moiben Farm,Pink Floyd,50.0,A,25.0,38.0,950.0,2023-09-24,2023-09-26,2023-09-29,2023-10-02,U.K.,FloraHolland Auction,EUR,0.272,258.4,ROAD THEN AIR,336.05,1.5,0.0,,NAN,4.0,False,False,False,3.0,3.0,True,False,2023.0,9.0,3.0,2023.0,9.0,3.0,2023.0,2023.0,10.0,2.0,8.0,258.4,336.05,-77.65000000000003,-30.050309597523235,950.0,950.0,0.0,No Quality Issue,High Rejection,Good
RB-002228,Rift Bloom - Kapseret Farm,Vendela,500.0,PREMIUM,10.0,66.0,660.0,2025-01-06,2025-03-06,2025-05-06,2025-08-06,Poland,FloraHolland Auction,EUR,0.193,127.38,AIR FREIGHT,308.25,-0.7,21.0,Petal Bruising,OVERDUE,4.0,False,False,True,61.0,92.0,True,False,2025.0,1.0,1.0,2025.0,3.0,1.0,2025.0,2025.0,8.0,59.0,212.0,127.38,308.25,-180.87,-141.99246349505415,660.0,660.0,3.1818181818181817,Quality Issue,High Rejection,Good
RB-001085,rift bloom turbo farm,Tibet,70.0,A,40.0,86.0,3440.0,2026-02-18,2026-02-18,2026-02-22,2026-02-25,USA,M-Farm Traders,EUR,0.255,877.2,AIR FREIGHT,549.98,0.7,0.0,,NAN,2.0,False,False,False,4.0,3.0,True,False,2026.0,2.0,1.0,2026.0,2.0,1.0,2026.0,2026.0,2.0,0.0,7.0,877.2,549.98,327.22,37.30278157774738,3440.0,3440.0,0.0,No Quality Issue,High Rejection,Poor
RB-002727,rift bloom turbo farm,Peach Avalanche,40.0,STANDARD,25.0,72.0,1800.0,2025-11-30,2025-11-30,2025-02-12,2025-12-03,Australia,Bloomon BV,NAN,0.619,1114.2,NAN,27.66,,0.0,,PAID,4.0,False,False,False,-291.0,294.0,False,False,2025.0,11.0,4.0,2025.0,11.0,4.0,2025.0,2025.0,12.0,0.0,3.0,1114.2,27.66,1086.54,97.51750134625739,1800.0,1800.0,0.0,No Quality Issue,High Rejection,Good
RB-002532,Rift Bloom - Moiben Farm,High & Magic,70.0,A,20.0,252.0,5040.0,2024-02-04,2024-06-02,2024-08-02,2024-10-02,USA,Marks & Spencer Flowers,NAN,0.309,1557.36,AIR FREIGHT,168.41,2.3,0.0,,PAID,5.0,False,False,False,61.0,61.0,True,False,2024.0,2.0,1.0,2024.0,6.0,2.0,2024.0,2024.0,10.0,119.0,241.0,1557.36,168.41,1388.9499999999998,89.18618688036163,5040.0,5040.0,0.0,No Quality Issue,High Rejection,Excellent
RB-000064,Rift Bloom - Kesses Farm,Vendela,50.0,B,20.0,91.0,1820.0,2024-05-10,2024-07-10,2024-10-10,2024-11-10,Germany,Bloomon BV,EUR,0.174,316.68,AIR FREIGHT,247.47,2.5,0.0,,NAN,4.0,False,False,False,92.0,31.0,True,False,2024.0,5.0,2.0,2024.0,7.0,3.0,2024.0,2024.0,11.0,61.0,184.0,316.68,247.47,69.21000000000001,21.854869268662373,1820.0,1820.0,0.0,No Quality Issue,High Rejection,Good
RB-002719,Rift Bloom - Kesses Farm,Cool Water,90.0,,10.0,100.0,1000.0,2023-10-10,2023-10-12,2023-10-16,2023-10-19,Poland,FloraHolland Auction,USD,0.408,408.0,AIR FREIGHT,284.75,2.2,21.0,Petal Bruising,PENDING,1.0,False,False,False,4.0,3.0,True,False,2023.0,10.0,4.0,2023.0,10.0,4.0,2023.0,2023.0,10.0,2.0,9.0,408.0,284.75,123.25,30.208333333333332,1000.0,1000.0,2.1,Quality Issue,High Rejection,Poor
RB-002334,Rift Bloom - Kapseret Farm,Mondial,70.0,B,20.0,71.0,1420.0,2022-12-27,2022-12-28,2022-12-30,2023-01-02,Switzerland,Local Wholesaler - Eldoret,USD,0.44,624.8,NAN,159.5,24.4,0.0,,PAID,3.0,False,False,False,2.0,3.0,True,False,2022.0,12.0,4.0,2022.0,12.0,4.0,2022.0,2023.0,1.0,1.0,6.0,624.8,159.5,465.29999999999995,74.47183098591549,1420.0,1420.0,0.0,No Quality Issue,High Rejection,Average
RB-001569,Rift Bloom - Turbo Farm,Vendela,50.0,UNKNOWN,25.0,155.0,3875.0,2022-01-19,2022-01-20,2022-01-24,2022-01-28,US,Marks & Spencer Flowers,KES,41.6,161200.0,AIR FREIGHT,507.57,3.0,0.0,,PENDING,3.0,False,False,False,4.0,4.0,True,False,2022.0,1.0,1.0,2022.0,1.0,1.0,2022.0,2022.0,1.0,1.0,9.0,161200.0,507.57,160692.43,99.68513027295285,3875.0,3875.0,0.0,No Quality Issue,High Rejection,Average
RB-002562,Rift Bloom - Timboroa Farm,Vendela,60.0,A,40.0,157.0,6280.0,2026-07-17,2026-07-19,2026-07-21,2026-07-22,Russia,Dubai Flower Centre,NAN,0.32,2009.6,NAN,307.27,0.6,0.0,,NAN,3.0,False,False,False,2.0,1.0,True,False,2026.0,7.0,3.0,2026.0,7.0,3.0,2026.0,2026.0,7.0,2.0,5.0,2009.6,307.27,1702.33,84.70989251592357,6280.0,6280.0,0.0,No Quality Issue,High Rejection,Average
RB-000211,Rift Bloom - Kapseret Farm,Cool Water,80.0,A,20.0,59.0,1180.0,2024-11-25,2024-11-26,2024-11-28,2024-11-29,Poland,Tokyo Flower Market,USD,0.321,378.78,AIR FREIGHT,253.01,0.8,19.0,-,NAN,5.0,False,False,False,2.0,1.0,True,True,2024.0,11.0,4.0,2024.0,11.0,4.0,2024.0,2024.0,11.0,1.0,4.0,378.78,253.01,125.76999999999998,33.20397064258936,1180.0,1180.0,1.6101694915254237,Quality Issue,High Rejection,Excellent
RB-002680,Rift Bloom - Kesses Farm,Yellow Babe,60.0,B,25.0,73.0,1825.0,2023-11-28,2023-11-29,2023-11-30,2023-01-12,France,Bloomon BV,EUR,0.443,808.48,AIR FREIGHT,,4.5,0.0,,UNKNOWN,5.0,False,False,False,1.0,-322.0,False,False,2023.0,11.0,4.0,2023.0,11.0,4.0,2023.0,2023.0,1.0,1.0,-320.0,808.48,,,,1825.0,1825.0,0.0,No Quality Issue,High Rejection,Excellent
RB-001338,Rift Bloom - Kapseret Farm,Vendela,70.0,C,20.0,142.0,2840.0,2024-01-03,2024-02-03,2024-05-03,2024-03-11,Japan,Dubai Flower Centre,KES,31.33,88977.2,AIR FREIGHT,292.1,-0.5,0.0,,PENDING,5.0,False,False,True,90.0,-53.0,False,False,2024.0,1.0,1.0,2024.0,2.0,1.0,2024.0,2024.0,3.0,31.0,68.0,88977.2,292.1,88685.09999999999,99.67171365248625,2840.0,2840.0,0.0,No Quality Issue,High Rejection,Excellent
RB-001219,Rift Bloom - Turbo Farm,Avalanche,70.0,C,40.0,36.0,1440.0,2024-11-25,2024-11-26,2024-11-28,2024-02-12,United Arab Emirates,Whole Foods Market,USD,0.136,195.84,UNKNOWN,225.11,0.1,0.0,,NAN,5.0,False,False,False,2.0,-290.0,False,False,2024.0,11.0,4.0,2024.0,11.0,4.0,2024.0,2024.0,2.0,1.0,-287.0,195.84,225.11,-29.27000000000001,-14.945874183006541,1440.0,1440.0,0.0,No Quality Issue,High Rejection,Excellent
RB-002741,Rift Bloom - Timboroa Farm,Mondial,40.0,,20.0,38.0,760.0,2024-07-16,2024-07-17,2024-07-20,2024-07-23,Poland,Carrefour Flowers,NAN,0.352,267.52,AIR FREIGHT,610.96,0.7,0.0,,OVERDUE,5.0,False,False,False,3.0,3.0,True,False,2024.0,7.0,3.0,2024.0,7.0,3.0,2024.0,2024.0,7.0,1.0,7.0,267.52,610.96,-343.44000000000005,-128.37918660287085,760.0,760.0,0.0,No Quality Issue,High Rejection,Excellent
RB-001700,Rift Bloom - Timboroa Farm,FREEDOM,80.0,B,10.0,142.0,1420.0,2023-04-23,2023-04-23,2023-04-26,2023-04-30,USA,Aalsmeer Direct,EUR,0.262,372.04,AIR FREIGHT,86.99,2.6,0.0,,OVERDUE,5.0,False,False,False,3.0,4.0,True,False,2023.0,4.0,2.0,2023.0,4.0,2.0,2023.0,2023.0,4.0,0.0,7.0,372.04,86.99,285.05,76.61810558004515,1420.0,1420.0,0.0,No Quality Issue,High Rejection,Excellent
RB-002067,Rift Bloom - Timboroa Farm,Vendela,50.0,STANDARD,40.0,94.0,3760.0,2026-03-11,2026-11-03,2026-12-03,2026-03-17,Germany,Carrefour Flowers,EUR,0.228,857.28,AIR FREIGHT,631.96,3.4,0.0,,PAID,3.0,False,False,False,30.0,-261.0,False,False,2026.0,3.0,1.0,2026.0,11.0,4.0,2026.0,2026.0,3.0,237.0,6.0,857.28,631.96,225.31999999999994,26.28312803284807,3760.0,3760.0,0.0,No Quality Issue,High Rejection,Average
RB-002610,Rift Bloom - Kapseret Farm,Tibet,60.0,PREMIUM,25.0,36.0,900.0,2024-01-27,2024-01-29,2024-01-30,2024-01-31,France,Blume2000,EUR,0.206,185.4,NAN,,1.3,0.0,,NAN,5.0,False,False,False,1.0,1.0,True,False,2024.0,1.0,1.0,2024.0,1.0,1.0,2024.0,2024.0,1.0,2.0,4.0,185.4,,,,900.0,900.0,0.0,No Quality Issue,High Rejection,Excellent
RB-000340,Rift Bloom - Moiben Farm,freedom,50.0,B,20.0,33.0,660.0,2025-07-01,2025-07-01,2025-05-07,2025-07-08,Norway,Carrefour Flowers,USD,0.294,194.04,ROAD THEN AIR,259.78,,0.0,,PENDING,4.0,False,False,False,-55.0,62.0,False,False,2025.0,7.0,3.0,2025.0,7.0,3.0,2025.0,2025.0,7.0,0.0,7.0,194.04,259.78,-65.73999999999998,-33.87961245104101,660.0,660.0,0.0,No Quality Issue,High Rejection,Good
RB-000663,Rift Bloom - Kesses Farm,Pink Floyd,60.0,PREMIUM,40.0,117.0,4680.0,2025-01-03,2025-01-03,2025-04-03,2025-03-08,Netherlands,Whole Foods Market,EUR,0.433,2026.44,AIR FREIGHT,345.0,3.3,0.0,,OVERDUE,5.0,False,False,False,90.0,-26.0,False,False,2025.0,1.0,1.0,2025.0,1.0,1.0,2025.0,2025.0,3.0,0.0,64.0,2026.44,345.0,1681.44,82.9750695801504,4680.0,4680.0,0.0,No Quality Issue,High Rejection,Excellent
RB-001017,Rift Bloom - Ziwa Farm,Mondial,70.0,B,40.0,142.0,5680.0,2025-11-17,,2025-11-21,2025-11-24,Poland,FloraHolland Auction,EUR,0.141,800.88,AIR FREIGHT,26.1,0.2,0.0,,PENDING,3.0,False,False,False,,3.0,False,False,2025.0,11.0,4.0,,,,2025.0,2025.0,11.0,,7.0,800.88,26.1,774.78,96.74108480671262,5680.0,5680.0,0.0,No Quality Issue,High Rejection,Average
RB-000944,Rift Bloom - Ziwa Farm,Avalanche,50.0,A,10.0,351.0,3510.0,2023-02-09,2023-09-03,2023-07-09,2023-09-09,France,Tokyo Flower Market,EUR,0.352,1235.52,AIR FREIGHT,,3.4,0.0,,PENDING,4.0,False,False,False,-56.0,62.0,False,False,2023.0,2.0,1.0,2023.0,9.0,3.0,2023.0,2023.0,9.0,206.0,212.0,1235.52,,,,3510.0,3510.0,0.0,No Quality Issue,High Rejection,Good
RB-002029,Rift Bloom - Kesses Farm,Peach Avalanche,70.0,PREMIUM,20.0,33.0,660.0,,2024-11-06,,2024-06-14,Norway,Aalsmeer Direct,NAN,0.534,352.44,ROAD THEN AIR,544.33,,0.0,,NAN,5.0,False,False,False,,,False,False,,,,2024.0,11.0,4.0,,2024.0,6.0,,,352.44,544.33,-191.89000000000004,-54.44614686187721,660.0,660.0,0.0,No Quality Issue,High Rejection,Excellent
RB-001696,Rift Bloom - Moiben Farm,Mondial,90.0,A,40.0,77.0,3080.0,2024-08-06,2024-06-10,2024-06-13,2024-06-16,Poland,Whole Foods Market,USD,0.444,1367.52,AIR FREIGHT,273.12,2.8,0.0,,PAID,5.0,False,False,False,3.0,3.0,True,False,2024.0,8.0,3.0,2024.0,6.0,2.0,2024.0,2024.0,6.0,-57.0,-51.0,1367.52,273.12,1094.4,80.02808002808004,3080.0,3080.0,0.0,No Quality Issue,High Rejection,Excellent
RB-000978,Rift Bloom - Timboroa Farm,Peach Avalanche,40.0,B,40.0,168.0,6720.0,2025-07-06,2025-07-06,2025-07-08,2025-07-14,U.S.A,Carrefour Flowers,EUR,0.376,2526.72,ROAD THEN AIR,261.36,1.4,0.0,,NAN,5.0,False,False,False,2.0,6.0,True,False,2025.0,7.0,3.0,2025.0,7.0,3.0,2025.0,2025.0,7.0,0.0,8.0,2526.72,261.36,2265.3599999999997,89.65615501519756,6720.0,6720.0,0.0,No Quality Issue,High Rejection,Excellent
RB-001864,Rift Bloom - Ziwa Farm,Sweetness,60.0,,10.0,44.0,440.0,2022-10-25,2022-10-26,2022-10-28,2022-03-11,Germany,Tokyo Flower Market,KES,58.11,25568.4,AIR FREIGHT,130.63,3.8,0.0,,OVERDUE,3.0,False,False,False,2.0,-231.0,False,False,2022.0,10.0,4.0,2022.0,10.0,4.0,2022.0,2022.0,3.0,1.0,-228.0,25568.4,130.63,25437.77,99.48909591527041,440.0,440.0,0.0,No Quality Issue,High Rejection,Average
RB-001934,Rift Bloom - Turbo Farm,High & Magic,70.0,PREMIUM,10.0,-181.0,-1810.0,2024-08-11,2024-09-11,2024-11-11,2024-11-16,Germany,Blume2000,NAN,0.244,-441.64,AIR FREIGHT,447.42,0.1,0.0,,OVERDUE,4.0,False,False,False,61.0,5.0,True,False,2024.0,8.0,3.0,2024.0,9.0,3.0,2024.0,2024.0,11.0,31.0,97.0,-441.64,447.42,-889.06,,-1810.0,-1810.0,0.0,No Quality Issue,High Rejection,Good
RB-002462,Rift Bloom - Moiben Farm,Vendela,60.0,B,20.0,87.0,1740.0,2024-09-02,2024-03-09,2024-07-09,2024-12-09,Japan,Marks & Spencer Flowers,USD,0.511,889.14,AIR FREIGHT,177.17,1.5,20.0,Petal Bruising,NAN,3.0,False,False,False,122.0,153.0,True,False,2024.0,9.0,3.0,2024.0,3.0,1.0,2024.0,2024.0,12.0,-177.0,98.0,889.14,177.17,711.97,80.0740040938435,1740.0,1740.0,1.1494252873563218,Quality Issue,High Rejection,Average
RB-002787,Rift Bloom - Kapseret Farm,Cool Water,40.0,STANDARD,40.0,43.0,1720.0,2023-04-25,2023-04-27,2023-04-28,2023-04-30,Russia,Blume2000,EUR,0.365,627.8,ROAD THEN AIR,262.48,0.9,0.0,,PENDING,4.0,False,False,False,1.0,2.0,True,False,2023.0,4.0,2.0,2023.0,4.0,2.0,2023.0,2023.0,4.0,2.0,5.0,627.8,262.48,365.31999999999994,58.19050653074227,1720.0,1720.0,0.0,No Quality Issue,High Rejection,Good
RB-001322,Rift Bloom - Kapseret Farm,Tibet,70.0,B,10.0,74.0,740.0,2024-06-27,2024-06-27,2024-01-07,2024-07-05,usa,M-Farm Traders,USD,0.413,305.62,AIR FREIGHT,152.14,1.3,22.0,-,OVERDUE,4.0,False,False,False,-172.0,180.0,False,True,2024.0,6.0,2.0,2024.0,6.0,2.0,2024.0,2024.0,7.0,0.0,8.0,305.62,152.14,153.48000000000002,50.219226490412936,740.0,740.0,2.9729729729729732,Quality Issue,High Rejection,Good
RB-000355,Rift Bloom - Moiben Farm,Peach Avalanche,50.0,,40.0,127.0,5080.0,2024-11-05,2024-06-11,2024-11-07,2024-11-12,Poland,Dubai Flower Centre,USD,0.272,1381.76,AIR FREIGHT,91.09,1.9,20.0,Botrytis,PENDING,4.0,False,False,False,149.0,5.0,True,False,2024.0,11.0,4.0,2024.0,6.0,2.0,2024.0,2024.0,11.0,-147.0,7.0,1381.76,91.09,1290.67,93.4076829550718,5080.0,5080.0,0.39370078740157477,Quality Issue,High Rejection,Good
RB-002835,Rift Bloom - Turbo Farm,Red-Naomi,70.0,PREMIUM,20.0,299.0,5980.0,2023-12-09,2023-09-12,2023-09-14,2023-09-20,Germany,Marks & Spencer Flowers,KES,75.53,451669.4,AIR FREIGHT,504.52,0.9,0.0,,PAID,4.0,False,False,False,2.0,6.0,True,False,2023.0,12.0,4.0,2023.0,9.0,3.0,2023.0,2023.0,9.0,-88.0,-80.0,451669.4,504.52,451164.88,99.8882988309591,5980.0,5980.0,0.0,No Quality Issue,High Rejection,Good
RB-002437,Rift Bloom - Kapseret Farm,Mondial,60.0,,40.0,97.0,3880.0,2022-07-27,2022-07-29,2022-07-30,2022-03-08,Germany,Interflora Russia,KES,44.33,172000.4,NAN,349.37,2.7,0.0,,PENDING,5.0,False,False,False,1.0,-144.0,False,False,2022.0,7.0,3.0,2022.0,7.0,3.0,2022.0,2022.0,3.0,2.0,-141.0,172000.4,349.37,171651.03,99.7968783793526,3880.0,3880.0,0.0,No Quality Issue,High Rejection,Excellent
RB-002537,Rift Bloom - Timboroa Farm,Circus,80.0,B,40.0,210.0,8400.0,2022-03-27,2022-03-29,2022-03-30,2022-03-04,usa,Dubai Flower Centre,USD,0.342,2872.8,AIR FREIGHT,486.72,1.7,0.0,,PENDING,5.0,False,False,False,1.0,-26.0,False,False,2022.0,3.0,1.0,2022.0,3.0,1.0,2022.0,2022.0,3.0,2.0,-23.0,2872.8,486.72,2386.08,83.05764411027569,8400.0,8400.0,0.0,No Quality Issue,High Rejection,Excellent
RB-002083,Rift Bloom - Moiben Farm,Mondial,50.0,A,10.0,120.0,1200.0,2024-10-14,2024-10-15,2024-10-19,2024-10-24,Netherlands,Aalsmeer Direct,KES,50.44,60528.0,AIR FREIGHT,1051.74,,0.0,,NAN,5.0,False,False,False,4.0,5.0,True,False,2024.0,10.0,4.0,2024.0,10.0,4.0,2024.0,2024.0,10.0,1.0,10.0,60528.0,1051.74,59476.26,98.26239095955592,1200.0,1200.0,0.0,No Quality Issue,High Rejection,Excellent
RB-002174,Rift Bloom - Ziwa Farm,Athena,60.0,B,10.0,179.0,1790.0,2025-05-14,2025-05-16,,2025-05-20,Norway,Interflora Russia,USD,0.365,653.35,AIR FREIGHT,222.66,,0.0,,NAN,4.0,False,False,False,,,False,False,2025.0,5.0,2.0,2025.0,5.0,2.0,,2025.0,5.0,2.0,6.0,653.35,222.66,430.69000000000005,65.92025713629755,1790.0,1790.0,0.0,No Quality Issue,High Rejection,Good
RB-002297,Rift Bloom - Ziwa Farm,Tibet,60.0,B,40.0,246.0,9840.0,2025-02-24,2025-02-25,2025-02-26,2025-01-03,Switzerland,Interflora Russia,EUR,0.35,3444.0,AIR FREIGHT,250.2,0.7,0.0,,PAID,5.0,False,False,False,1.0,-54.0,False,False,2025.0,2.0,1.0,2025.0,2.0,1.0,2025.0,2025.0,1.0,1.0,-52.0,3444.0,250.2,3193.8,92.73519163763066,9840.0,9840.0,0.0,No Quality Issue,High Rejection,Excellent
RB-000059,Rift Bloom - Ziwa Farm,Explorer,70.0,PREMIUM,40.0,104.0,4160.0,2022-10-19,2022-10-21,2022-10-22,2022-10-26,Poland,Blume2000,USD,0.433,1801.28,AIR FREIGHT,277.02,0.7,0.0,,NAN,5.0,False,False,False,1.0,4.0,True,False,2022.0,10.0,4.0,2022.0,10.0,4.0,2022.0,2022.0,10.0,2.0,7.0,1801.28,277.02,1524.26,84.62093622313022,4160.0,4160.0,0.0,No Quality Issue,High Rejection,Excellent
RB-001998,Rift Bloom - Moiben Farm,High & Magic,70.0,B,20.0,174.0,3480.0,2025-04-25,,2025-04-26,2025-04-28,UAE,Interflora Russia,USD,0.449,1562.52,ROAD THEN AIR,6.65,0.9,0.0,,PENDING,5.0,False,False,False,,2.0,False,False,2025.0,4.0,2.0,,,,2025.0,2025.0,4.0,,3.0,1562.52,6.65,1555.87,99.57440544761027,3480.0,3480.0,0.0,No Quality Issue,High Rejection,Excellent
RB-002093,Rift Bloom - Kapseret Farm,Athena,50.0,PREMIUM,40.0,217.0,8680.0,2023-08-09,2023-10-09,2023-09-13,2023-09-15,Switzerland,Blume2000,USD,0.37,3211.6,AIR FREIGHT,325.26,1.0,0.0,,PENDING,5.0,False,False,False,-26.0,2.0,False,False,2023.0,8.0,3.0,2023.0,10.0,4.0,2023.0,2023.0,9.0,61.0,37.0,3211.6,325.26,2886.34,89.8723377755636,8680.0,8680.0,0.0,No Quality Issue,High Rejection,Excellent
RB-001819,Rift Bloom - Kesses Farm,Circus,80.0,PREMIUM,20.0,147.0,2940.0,2024-08-24,2024-08-25,2024-08-29,2024-08-30,Switzerland,Blume2000,USD,0.273,802.62,AIR FREIGHT,633.82,0.9,0.0,,NAN,5.0,False,False,False,4.0,1.0,True,False,2024.0,8.0,3.0,2024.0,8.0,3.0,2024.0,2024.0,8.0,1.0,6.0,802.62,633.82,168.79999999999995,21.03112307193939,2940.0,2940.0,0.0,No Quality Issue,High Rejection,Excellent
RB-000215,Rift Bloom - Ziwa Farm,Sweetness,50.0,C,10.0,252.0,2520.0,2025-09-04,2025-06-09,2025-08-09,2025-09-12,Russia,M-Farm Traders,UNKNOWN,0.37,932.4,ROAD THEN AIR,400.74,-0.6,0.0,,PAID,3.0,False,False,True,61.0,34.0,True,False,2025.0,9.0,3.0,2025.0,6.0,2.0,2025.0,2025.0,9.0,-87.0,8.0,932.4,400.74,531.66,57.02059202059202,2520.0,2520.0,0.0,No Quality Issue,High Rejection,Average
RB-000796,Rift Bloom - Timboroa Farm,Cool Water,70.0,A,10.0,103.0,1030.0,2025-07-19,2025-07-21,2025-07-22,2025-07-24,United kingdom,Local Wholesaler - Eldoret,USD,0.333,342.99,AIR FREIGHT,291.06,3.2,22.0,Stem Bent,PENDING,3.0,False,False,False,1.0,2.0,True,False,2025.0,7.0,3.0,2025.0,7.0,3.0,2025.0,2025.0,7.0,2.0,5.0,342.99,291.06,51.93000000000001,15.140383101548153,1030.0,1030.0,2.1359223300970873,Quality Issue,High Rejection,Average
RB-001086,Rift Bloom - Kesses Farm,avalanche,40.0,PREMIUM,20.0,58.0,1160.0,2026-01-05,2026-06-01,2026-01-09,2026-01-14,Poland,Blume2000,USD,0.486,563.76,ROAD THEN AIR,58.47,1.2,0.0,,PAID,5.0,False,False,False,-143.0,5.0,False,False,2026.0,1.0,1.0,2026.0,6.0,2.0,2026.0,2026.0,1.0,147.0,9.0,563.76,58.47,505.28999999999996,89.62856534695615,1160.0,1160.0,0.0,No Quality Issue,High Rejection,Excellent
RB-002705,Rift Bloom - Timboroa Farm,Freedom,60.0,PREMIUM,20.0,28.0,560.0,2023-07-08,2023-09-08,2023-08-13,2023-08-17,Russia,Bloomon BV,NAN,0.4,224.0,ROAD THEN AIR,565.71,5.3,0.0,,NAN,4.0,False,False,False,-26.0,4.0,False,False,2023.0,7.0,3.0,2023.0,9.0,3.0,2023.0,2023.0,8.0,62.0,40.0,224.0,565.71,-341.71000000000004,-152.54910714285717,560.0,560.0,0.0,No Quality Issue,High Rejection,Good
RB-002181,Rift Bloom - Kesses Farm,Cool Water,40.0,PREMIUM,40.0,7.0,280.0,2024-01-18,2024-01-18,2024-01-21,2024-01-25,Switzerland,M-Farm Traders,KES,20.8,5824.0,AIR FREIGHT,382.73,1.0,0.0,,PAID,2.0,False,False,False,3.0,4.0,True,False,2024.0,1.0,1.0,2024.0,1.0,1.0,2024.0,2024.0,1.0,0.0,7.0,5824.0,382.73,5441.27,93.42839972527473,280.0,280.0,0.0,No Quality Issue,High Rejection,Poor
RB-000454,Rift Bloom - Kesses Farm,Vendela,90.0,B,40.0,272.0,10880.0,2025-02-08,2025-03-08,2025-05-08,2025-07-08,Poland,M-Farm Traders,NAN,0.403,4384.64,AIR FREIGHT,61.76,2.7,0.0,,PENDING,4.0,False,False,False,61.0,61.0,True,False,2025.0,2.0,1.0,2025.0,3.0,1.0,2025.0,2025.0,7.0,28.0,150.0,4384.64,61.76,4322.88,98.59144650415998,10880.0,10880.0,0.0,No Quality Issue,High Rejection,Good
RB-001716,Rift Bloom - Timboroa Farm,Explorer,0.0,A,20.0,199.0,3980.0,2025-11-30,2025-12-02,2025-12-05,2025-08-12,Netherlands,Carrefour Flowers,USD,0.483,1922.34,AIR FREIGHT,32.44,24.4,0.0,,PAID,5.0,False,False,False,3.0,-115.0,False,False,2025.0,11.0,4.0,2025.0,12.0,4.0,2025.0,2025.0,8.0,2.0,-110.0,1922.34,32.44,1889.8999999999999,98.3124733397838,3980.0,3980.0,0.0,No Quality Issue,High Rejection,Excellent
RB-002303,Rift Bloom - Moiben Farm,Cool Water,60.0,A,40.0,86.0,3440.0,2026-01-27,2026-01-29,,2026-01-02,United Arab Emirates,Dubai Flower Centre,USD,0.488,1678.72,ROAD THEN AIR,208.62,2.7,0.0,,PAID,3.0,False,False,False,,,False,False,2026.0,1.0,1.0,2026.0,1.0,1.0,,2026.0,1.0,2.0,-25.0,1678.72,208.62,1470.1,87.57267441860465,3440.0,3440.0,0.0,No Quality Issue,High Rejection,Average
RB-000747,Rift Bloom - Turbo Farm,High & Magic,80.0,C,10.0,91.0,910.0,2025-01-06,2025-03-06,2025-06-05,2025-11-06,USA,Marks & Spencer Flowers,NAN,0.345,313.95,AIR FREIGHT,978.27,4.6,0.0,,NAN,5.0,False,False,False,91.0,154.0,True,False,2025.0,1.0,1.0,2025.0,3.0,1.0,2025.0,2025.0,11.0,59.0,304.0,313.95,978.27,-664.3199999999999,-211.60057333970377,910.0,910.0,0.0,No Quality Issue,High Rejection,Excellent
RB-000214,Rift Bloom - Turbo Farm,Mondial,40.0,B,40.0,77.0,3080.0,2026-07-02,2026-02-07,2026-02-11,2026-02-17,United Kingdom,Whole Foods Market,EUR,0.327,1007.16,AIR FREIGHT,37.95,2.6,33.0,Botrytis,OVERDUE,3.0,False,False,False,4.0,6.0,True,False,2026.0,7.0,3.0,2026.0,2.0,1.0,2026.0,2026.0,2.0,-145.0,-135.0,1007.16,37.95,969.2099999999999,96.23197903014416,3080.0,3080.0,1.0714285714285714,Quality Issue,High Rejection,Average
RB-001184,Rift Bloom - Timboroa Farm,Sweetness,50.0,B,25.0,45.0,1125.0,2024-07-20,2024-07-20,2024-07-21,2024-07-24,USA,Dubai Flower Centre,USD,0.517,581.62,AIR FREIGHT,271.8,1.1,0.0,,PENDING,4.0,False,False,False,1.0,3.0,True,False,2024.0,7.0,3.0,2024.0,7.0,3.0,2024.0,2024.0,7.0,0.0,4.0,581.62,271.8,309.82,53.268457068188845,1125.0,1125.0,0.0,No Quality Issue,High Rejection,Good
RB-002834,Rift Bloom - Kapseret Farm,Red Naomi,40.0,STANDARD,25.0,87.0,2175.0,2022-05-19,2022-05-20,2022-05-22,2022-05-24,Norway,Local Wholesaler - Eldoret,KES,44.85,97548.75,ROAD THEN AIR,429.8,0.3,0.0,,NAN,2.0,False,False,False,2.0,2.0,True,False,2022.0,5.0,2.0,2022.0,5.0,2.0,2022.0,2022.0,5.0,1.0,5.0,97548.75,429.8,97118.95,99.55939978728584,2175.0,2175.0,0.0,No Quality Issue,High Rejection,Poor
RB-001217,Rift Bloom - Moiben Farm,Tibet,60.0,B,25.0,207.0,5175.0,2025-11-12,2025-11-12,2025-11-16,2025-11-19,Norway,M-Farm Traders,EUR,0.362,1873.35,AIR FREIGHT,,0.5,0.0,,PAID,4.0,False,False,False,4.0,3.0,True,False,2025.0,11.0,4.0,2025.0,11.0,4.0,2025.0,2025.0,11.0,0.0,7.0,1873.35,,,,5175.0,5175.0,0.0,No Quality Issue,High Rejection,Good
RB-000342,Rift Bloom - Ziwa Farm,Vendela,90.0,PREMIUM,25.0,32.0,800.0,2025-09-19,2025-09-21,2025-09-23,2025-09-26,Japan,Whole Foods Market,UNKNOWN,0.44,352.0,AIR FREIGHT,85.54,2.8,0.0,,NAN,4.0,False,False,False,2.0,3.0,True,False,2025.0,9.0,3.0,2025.0,9.0,3.0,2025.0,2025.0,9.0,2.0,7.0,352.0,85.54,266.46,75.69886363636364,800.0,800.0,0.0,No Quality Issue,High Rejection,Good
RB-002484,Rift Bloom - Moiben Farm,Pink Floyd,80.0,A,20.0,151.0,3020.0,2025-01-30,2025-01-30,2025-01-31,2025-02-06,United Arab Emirates,Tokyo Flower Market,NAN,0.48,1449.6,UNKNOWN,112.42,,0.0,,PAID,5.0,False,False,False,1.0,6.0,True,False,2025.0,1.0,1.0,2025.0,1.0,1.0,2025.0,2025.0,2.0,0.0,7.0,1449.6,112.42,1337.1799999999998,92.24475717439293,3020.0,3020.0,0.0,No Quality Issue,High Rejection,Excellent
RB-001082,Rift Bloom - Turbo Farm,Athena,40.0,A,20.0,137.0,2740.0,2023-12-10,2023-10-12,2023-10-13,2023-10-16,Norway,Whole Foods Market,EUR,0.543,1487.82,AIR FREIGHT,153.15,1.9,0.0,,PENDING,4.0,False,False,False,1.0,3.0,True,False,2023.0,12.0,4.0,2023.0,10.0,4.0,2023.0,2023.0,10.0,-59.0,-55.0,1487.82,153.15,1334.6699999999998,89.7064160987216,2740.0,2740.0,0.0,No Quality Issue,High Rejection,Good
RB-000218,Rift Bloom - Timboroa Farm,Yellow Babe,50.0,PREMIUM,25.0,136.0,3400.0,2022-03-07,2022-07-04,2022-06-07,2022-12-07,Poland,Aalsmeer Direct,USD,0.324,1101.6,AIR FREIGHT,,1.7,0.0,,PAID,4.0,False,False,False,-27.0,183.0,False,False,2022.0,3.0,1.0,2022.0,7.0,3.0,2022.0,2022.0,12.0,119.0,275.0,1101.6,,,,3400.0,3400.0,0.0,No Quality Issue,High Rejection,Good
RB-001852,Rift Bloom - Turbo Farm,Freedom,80.0,B,25.0,149.0,3725.0,2025-04-15,2025-04-17,2025-04-19,2025-04-23,Japan,Local Wholesaler - Eldoret,USD,0.286,1065.35,AIR FREIGHT,341.29,6.5,0.0,,NAN,4.0,False,False,False,2.0,4.0,True,False,2025.0,4.0,2.0,2025.0,4.0,2.0,2025.0,2025.0,4.0,2.0,8.0,1065.35,341.29,724.06,67.96451870277373,3725.0,3725.0,0.0,No Quality Issue,High Rejection,Good
RB-000453,Rift Bloom - Ziwa Farm,Freedom,90.0,PREMIUM,40.0,26.0,1040.0,2025-03-12,2025-05-12,2025-08-12,2025-12-14,Switzerland,Blume2000,EUR,0.354,368.16,AIR FREIGHT,76.74,1.3,0.0,,PAID,1.0,False,False,False,92.0,124.0,True,False,2025.0,3.0,1.0,2025.0,5.0,2.0,2025.0,2025.0,12.0,61.0,277.0,368.16,76.74,291.42,79.15580182529335,1040.0,1040.0,0.0,No Quality Issue,High Rejection,Poor
RB-000898,Rift Bloom - Ziwa Farm,Tibet,60.0,A,20.0,77.0,1540.0,2023-08-20,2023-08-22,2023-08-25,2023-08-31,United Kingdom,Tokyo Flower Market,EUR,0.261,401.94,AIR FREIGHT,217.17,2.7,0.0,,OVERDUE,4.0,False,False,False,3.0,6.0,True,False,2023.0,8.0,3.0,2023.0,8.0,3.0,2023.0,2023.0,8.0,2.0,11.0,401.94,217.17,184.77,45.96954769368563,1540.0,1540.0,0.0,No Quality Issue,High Rejection,Good
RB-001304,Rift Bloom - Turbo Farm,Explorer,70.0,A,40.0,184.0,7360.0,2024-09-14,2024-09-14,2024-09-17,2024-09-22,Netherlands,Whole Foods Market,USD,0.411,3024.96,AIR FREIGHT,335.22,0.8,0.0,,PENDING,4.0,False,False,False,3.0,5.0,True,False,2024.0,9.0,3.0,2024.0,9.0,3.0,2024.0,2024.0,9.0,0.0,8.0,3024.96,335.22,2689.74,88.91820057124721,7360.0,7360.0,0.0,No Quality Issue,High Rejection,Good
RB-000884,Rift Bloom - Kesses Farm,High & Magic,90.0,C,20.0,91.0,1820.0,2023-07-21,2023-07-22,2023-07-26,2023-07-27,France,Local Wholesaler - Eldoret,KES,55.77,101501.4,ROAD THEN AIR,669.8,2.5,48.0,Cold Chain Break,UNKNOWN,5.0,False,False,False,4.0,1.0,True,False,2023.0,7.0,3.0,2023.0,7.0,3.0,2023.0,2023.0,7.0,1.0,6.0,101501.4,669.8,100831.59999999999,99.34010762413129,1820.0,1820.0,2.6373626373626373,Quality Issue,High Rejection,Excellent
RB-001135,Rift Bloom - Timboroa Farm,RedNaomi,70.0,PREMIUM,10.0,152.0,1520.0,2026-08-03,2026-05-08,2026-08-07,2026-08-12,Australia,Bloomon BV,EUR,0.337,512.24,AIR FREIGHT,305.34,6.5,0.0,,NAN,4.0,False,False,False,91.0,5.0,True,False,2026.0,8.0,3.0,2026.0,5.0,2.0,2026.0,2026.0,8.0,-87.0,9.0,512.24,305.34,206.90000000000003,40.39122286428237,1520.0,1520.0,0.0,No Quality Issue,High Rejection,Good
RB-000804,Rift Bloom - Moiben Farm,Circus,60.0,PREMIUM,10.0,133.0,1330.0,2023-08-16,2023-08-18,2023-08-20,2023-08-22,United Kingdom,Marks & Spencer Flowers,USD,0.527,700.91,NAN,159.43,0.2,0.0,,PAID,3.0,False,False,False,2.0,2.0,True,False,2023.0,8.0,3.0,2023.0,8.0,3.0,2023.0,2023.0,8.0,2.0,6.0,700.91,159.43,541.48,77.25385570187329,1330.0,1330.0,0.0,No Quality Issue,High Rejection,Average
RB-002280,Rift Bloom - Kesses Farm,High & Magic,60.0,STANDARD,10.0,155.0,1550.0,2026-06-02,2026-04-06,2026-05-06,2026-06-06,France,Interflora Russia,EUR,0.336,520.8,AIR FREIGHT,117.16,,0.0,,OVERDUE,1.0,False,False,False,30.0,31.0,True,False,2026.0,6.0,2.0,2026.0,4.0,2.0,2026.0,2026.0,6.0,-57.0,4.0,520.8,117.16,403.64,77.50384024577573,1550.0,1550.0,0.0,No Quality Issue,High Rejection,Poor
RB-001105,Rift Bloom - Turbo Farm,RedNaomi,80.0,PREMIUM,25.0,79.0,1975.0,2023-08-05,2023-08-06,2023-08-07,2023-08-09,Norway,Interflora Russia,USD,0.437,863.08,AIR FREIGHT,484.35,0.9,0.0,,PAID,3.0,False,False,False,1.0,2.0,True,False,2023.0,8.0,3.0,2023.0,8.0,3.0,2023.0,2023.0,8.0,1.0,4.0,863.08,484.35,378.73,43.88121610974649,1975.0,1975.0,0.0,No Quality Issue,High Rejection,Average
RB-001419,Rift Bloom - Moiben Farm,Pink Floyd,50.0,B,10.0,106.0,1060.0,2024-03-05,2024-05-05,2024-06-05,2024-05-08,Australia,Interflora Russia,USD,0.42,445.2,AIR FREIGHT,986.7,0.6,24.0,,NAN,5.0,False,False,False,31.0,-28.0,False,False,2024.0,3.0,1.0,2024.0,5.0,2.0,2024.0,2024.0,5.0,61.0,64.0,445.2,986.7,-541.5,-121.63072776280323,1060.0,1060.0,2.2641509433962264,No Quality Issue,High Rejection,Excellent
RB-001921,Rift Bloom - Turbo Farm,Freedom,70.0,B,25.0,236.0,5900.0,2024-09-21,2024-09-21,2024-09-24,2024-09-27,USA,Dubai Flower Centre,USD,0.248,1463.2,NAN,447.81,1.7,6.0,Wilting,PENDING,4.0,False,False,False,3.0,3.0,True,False,2024.0,9.0,3.0,2024.0,9.0,3.0,2024.0,2024.0,9.0,0.0,6.0,1463.2,447.81,1015.3900000000001,69.39516129032258,5900.0,5900.0,0.1016949152542373,Quality Issue,High Rejection,Good
RB-001973,Rift Bloom - Turbo Farm,AVALANCHE,60.0,STANDARD,25.0,108.0,2700.0,2024-12-25,2024-12-26,2024-12-29,2025-01-01,United Arab Emirates,Carrefour Flowers,EUR,0.256,691.2,AIR FREIGHT,333.1,2.9,0.0,,UNKNOWN,3.0,True,False,False,3.0,3.0,True,False,2024.0,12.0,4.0,2024.0,12.0,4.0,2024.0,2025.0,1.0,1.0,7.0,691.2,333.1,358.1,51.80844907407407,2700.0,2700.0,0.0,No Quality Issue,High Rejection,Average
RB-002457,Rift Bloom - Ziwa Farm,Tibet,40.0,C,20.0,191.0,3820.0,2024-07-07,2024-07-07,2024-09-07,2024-07-13,USA,Carrefour Flowers,USD,0.426,1627.32,UNKNOWN,446.24,1.1,0.0,,OVERDUE,4.0,False,False,False,62.0,-56.0,False,False,2024.0,7.0,3.0,2024.0,7.0,3.0,2024.0,2024.0,7.0,0.0,6.0,1627.32,446.24,1181.08,72.57822677776959,3820.0,3820.0,0.0,No Quality Issue,High Rejection,Good
RB-002072,Rift Bloom - Timboroa Farm,High & Magic,40.0,B,25.0,285.0,7125.0,2022-10-06,2022-07-10,2022-10-11,2022-10-15,Norway,M-Farm Traders,USD,0.562,4004.25,AIR FREIGHT,35.66,2.9,0.0,,PENDING,5.0,False,False,False,93.0,4.0,True,False,2022.0,10.0,4.0,2022.0,7.0,3.0,2022.0,2022.0,10.0,-88.0,9.0,4004.25,35.66,3968.59,99.10944621339827,7125.0,7125.0,0.0,No Quality Issue,High Rejection,Excellent
RB-001947,Rift Bloom - Kapseret Farm,Yellow Babe,80.0,A,25.0,90.0,2250.0,2022-10-30,2022-11-01,2022-11-03,2022-11-05,Switzerland,Carrefour Flowers,USD,0.367,825.75,AIR FREIGHT,822.49,,0.0,,NAN,4.0,False,False,False,2.0,2.0,True,False,2022.0,10.0,4.0,2022.0,11.0,4.0,2022.0,2022.0,11.0,2.0,6.0,825.75,822.49,3.259999999999991,0.3947926127762629,2250.0,2250.0,0.0,No Quality Issue,High Rejection,Good
RB-002793,Rift Bloom - Turbo Farm,Explorer,60.0,STANDARD,10.0,70.0,700.0,2022-10-07,2022-11-07,2022-07-15,2022-07-19,France,Whole Foods Market,EUR,0.39,273.0,ROAD THEN AIR,135.23,2.6,0.0,,NAN,5.0,False,False,False,-115.0,4.0,False,False,2022.0,10.0,4.0,2022.0,11.0,4.0,2022.0,2022.0,7.0,31.0,-80.0,273.0,135.23,137.77,50.46520146520147,700.0,700.0,0.0,No Quality Issue,High Rejection,Excellent
RB-002165,Rift Bloom - Moiben Farm,Circus,90.0,PREMIUM,10.0,175.0,1750.0,2022-11-11,2022-11-13,2022-11-14,,U.A.E,FloraHolland Auction,NAN,0.182,318.5,AIR FREIGHT,194.33,3.0,47.0,Bud Blast,PAID,4.0,False,False,False,1.0,,False,False,2022.0,11.0,4.0,2022.0,11.0,4.0,2022.0,,,2.0,,318.5,194.33,124.16999999999999,38.98587127158555,1750.0,1750.0,2.685714285714286,Quality Issue,High Rejection,Good
RB-001241,Rift Bloom - Timboroa Farm,Red-Naomi,70.0,PREMIUM,20.0,59.0,1180.0,2026-07-25,2026-07-26,2026-07-28,2026-02-08,Switzerland,Blume2000,UNKNOWN,0.307,362.26,AIR FREIGHT,315.98,0.2,0.0,,PAID,5.0,False,False,False,2.0,-170.0,False,False,2026.0,7.0,3.0,2026.0,7.0,3.0,2026.0,2026.0,2.0,1.0,-167.0,362.26,315.98,46.27999999999997,12.775354717606133,1180.0,1180.0,0.0,No Quality Issue,High Rejection,Excellent
RB-001058,Rift Bloom - Ziwa Farm,Tibet,40.0,A,25.0,67.0,1675.0,2024-01-31,2024-02-02,2024-04-02,2024-02-09,Switzerland,Dubai Flower Centre,KES,58.37,97769.75,NAN,44.96,,1.0,Cold Chain Break,OVERDUE,1.0,False,False,False,60.0,-53.0,False,False,2024.0,1.0,1.0,2024.0,2.0,1.0,2024.0,2024.0,2.0,2.0,9.0,97769.75,44.96,97724.79,99.95401440629642,1675.0,1675.0,0.05970149253731343,Quality Issue,High Rejection,Poor
RB-000151,Rift Bloom - Kapseret Farm,Pink Floyd,60.0,PREMIUM,25.0,137.0,3425.0,2023-09-29,2023-01-10,2023-04-10,2023-09-10,Germany,Carrefour Flowers,KES,29.38,100626.5,ROAD THEN AIR,521.98,2.2,0.0,,OVERDUE,4.0,False,False,False,90.0,153.0,True,False,2023.0,9.0,3.0,2023.0,1.0,1.0,2023.0,2023.0,9.0,-262.0,-19.0,100626.5,521.98,100104.52,99.48126984442467,3425.0,3425.0,0.0,No Quality Issue,High Rejection,Good
RB-002407,Rift Bloom - Timboroa Farm,freedom,70.0,B,10.0,133.0,1330.0,2024-07-19,2024-07-20,2024-07-22,2024-07-25,Switzerland,Marks & Spencer Flowers,NAN,0.382,508.06,ROAD THEN AIR,117.69,6.3,0.0,,NAN,3.0,False,False,False,2.0,3.0,True,False,2024.0,7.0,3.0,2024.0,7.0,3.0,2024.0,2024.0,7.0,1.0,6.0,508.06,117.69,390.37,76.8354131401803,1330.0,1330.0,0.0,No Quality Issue,High Rejection,Average
RB-002942,Rift Bloom - Timboroa Farm,Peach Avalanche,40.0,A,25.0,48.0,1200.0,2024-04-03,2024-03-06,2024-08-03,2024-09-03,Russia,Local Wholesaler - Eldoret,USD,0.408,489.6,AIR FREIGHT,411.72,3.6,0.0,,PAID,4.0,False,False,False,150.0,31.0,True,False,2024.0,4.0,2.0,2024.0,3.0,1.0,2024.0,2024.0,9.0,-28.0,153.0,489.6,411.72,77.88,15.906862745098039,1200.0,1200.0,0.0,No Quality Issue,High Rejection,Good
RB-002394,Rift Bloom - Kesses Farm,Circus,-50.0,,40.0,57.0,2280.0,2024-10-26,2024-10-26,2024-10-29,2024-11-02,France,Interflora Russia,USD,0.263,599.64,AIR FREIGHT,373.17,2.3,0.0,,PAID,4.0,False,False,False,3.0,4.0,True,False,2024.0,10.0,4.0,2024.0,10.0,4.0,2024.0,2024.0,11.0,0.0,7.0,599.64,373.17,226.46999999999997,37.767660596357814,2280.0,2280.0,0.0,No Quality Issue,High Rejection,Good
RB-002516,Rift Bloom - Kesses Farm,Red Naomi,90.0,A,10.0,222.0,2220.0,2024-09-16,2024-09-17,2024-09-19,2024-09-24,Holland,Dubai Flower Centre,EUR,0.451,1001.22,AIR FREIGHT,213.1,3.8,5.0,Botrytis,NAN,5.0,False,False,False,2.0,5.0,True,False,2024.0,9.0,3.0,2024.0,9.0,3.0,2024.0,2024.0,9.0,1.0,8.0,1001.22,213.1,788.12,78.71596652084457,2220.0,2220.0,0.22522522522522523,Quality Issue,High Rejection,Excellent
RB-002102,Rift Bloom - Kesses Farm,Pink Floyd,40.0,PREMIUM,20.0,172.0,3440.0,2025-07-05,2025-06-07,2025-09-07,2025-07-10,Russia,Bloomon BV,KES,53.82,185140.8,NAN,498.24,1.2,0.0,,PAID,1.0,False,False,False,92.0,-59.0,False,False,2025.0,7.0,3.0,2025.0,6.0,2.0,2025.0,2025.0,7.0,-28.0,5.0,185140.8,498.24,184642.56,99.73088589873221,3440.0,3440.0,0.0,No Quality Issue,High Rejection,Poor
RB-001975,Rift Bloom - Kesses Farm,Avalanche,90.0,PREMIUM,25.0,48.0,1200.0,2025-02-07,2025-07-03,2025-07-06,2025-12-07,Norway,FloraHolland Auction,EUR,0.34,408.0,AIR FREIGHT,329.76,0.6,0.0,,OVERDUE,3.0,False,False,False,3.0,154.0,True,False,2025.0,2.0,1.0,2025.0,7.0,3.0,2025.0,2025.0,12.0,146.0,303.0,408.0,329.76,78.24000000000001,19.176470588235297,1200.0,1200.0,0.0,No Quality Issue,High Rejection,Average
RB-000728,Rift Bloom - Kapseret Farm,Sweetness,40.0,A,10.0,159.0,1590.0,2025-11-11,2025-11-11,2025-11-13,2025-11-19,Germany,Interflora Russia,EUR,0.273,434.07,ROAD THEN AIR,142.52,0.4,0.0,,NAN,4.0,False,False,False,2.0,6.0,True,False,2025.0,11.0,4.0,2025.0,11.0,4.0,2025.0,2025.0,11.0,0.0,8.0,434.07,142.52,291.54999999999995,67.16658603451056,1590.0,1590.0,0.0,No Quality Issue,High Rejection,Good
RB-001833,Rift Bloom - Kesses Farm,High & Magic,80.0,C,20.0,205.0,4100.0,2022-10-03,2022-03-11,2022-03-13,2022-03-18,Russia,Blume2000,EUR,0.331,1357.1,ROAD THEN AIR,476.31,2.9,0.0,,PENDING,4.0,False,False,False,2.0,5.0,True,False,2022.0,10.0,4.0,2022.0,3.0,1.0,2022.0,2022.0,3.0,-206.0,-199.0,1357.1,476.31,880.79,64.90236533785277,4100.0,4100.0,0.0,No Quality Issue,High Rejection,Good
RB-000650,Rift Bloom - Moiben Farm,Vendela,50.0,C,40.0,181.0,7240.0,2022-01-25,2022-01-26,2022-01-30,2022-01-02,Norway,Whole Foods Market,KES,53.95,390598.0,ROAD THEN AIR,420.76,2.5,0.0,Wilting,PAID,3.0,False,False,False,4.0,-28.0,False,False,2022.0,1.0,1.0,2022.0,1.0,1.0,2022.0,2022.0,1.0,1.0,-23.0,390598.0,420.76,390177.24,99.89227799425497,7240.0,7240.0,0.0,Quality Issue,High Rejection,Average
RB-000998,Rift Bloom - Ziwa Farm,Mondial,50.0,C,40.0,179.0,7160.0,2022-09-20,2022-09-20,2022-09-24,2022-09-30,US,Dubai Flower Centre,EUR,0.397,2842.52,AIR FREIGHT,161.0,,0.0,,PAID,5.0,False,False,False,4.0,6.0,True,False,2022.0,9.0,3.0,2022.0,9.0,3.0,2022.0,2022.0,9.0,0.0,10.0,2842.52,161.0,2681.52,94.33601170792114,7160.0,7160.0,0.0,No Quality Issue,High Rejection,Excellent
RB-002320,Rift Bloom - Kesses Farm,Vendela,60.0,A,40.0,390.0,15600.0,2024-08-23,2024-08-24,2024-08-26,2024-08-27,Netherlands,Whole Foods Market,EUR,0.324,5054.4,AIR FREIGHT,175.69,0.8,0.0,,NAN,3.0,False,False,False,2.0,1.0,True,False,2024.0,8.0,3.0,2024.0,8.0,3.0,2024.0,2024.0,8.0,1.0,4.0,5054.4,175.69,4878.71,96.52401867679646,15600.0,15600.0,0.0,No Quality Issue,High Rejection,Average
RB-000740,Rift Bloom - Moiben Farm,Freedom,60.0,C,40.0,141.0,5640.0,2024-05-26,2024-05-27,2024-05-30,2024-05-31,Japan,Whole Foods Market,USD,0.521,2938.44,AIR FREIGHT,305.69,1.5,0.0,,NAN,5.0,False,False,False,3.0,1.0,True,False,2024.0,5.0,2.0,2024.0,5.0,2.0,2024.0,2024.0,5.0,1.0,5.0,2938.44,305.69,2632.75,89.59686091939942,5640.0,5640.0,0.0,No Quality Issue,High Rejection,Excellent
RB-002778,Rift Bloom - Moiben Farm,Mondial,70.0,STANDARD,10.0,92.0,920.0,2022-04-17,2022-04-18,2022-04-21,2022-04-23,United Arab Emirates,Marks & Spencer Flowers,USD,0.285,262.2,AIR FREIGHT,421.59,2.6,0.0,,PENDING,4.0,False,False,False,3.0,2.0,True,False,2022.0,4.0,2.0,2022.0,4.0,2.0,2022.0,2022.0,4.0,1.0,6.0,262.2,421.59,-159.39,-60.78947368421053,920.0,920.0,0.0,No Quality Issue,High Rejection,Good
RB-000518,Rift Bloom - Timboroa Farm,Circus,90.0,PREMIUM,20.0,57.0,1140.0,2024-04-14,2024-04-14,2024-04-18,2024-04-22,Netherlands,Blume2000,NAN,0.327,372.78,AIR FREIGHT,483.61,0.6,0.0,,PAID,5.0,False,False,False,4.0,4.0,True,False,2024.0,4.0,2.0,2024.0,4.0,2.0,2024.0,2024.0,4.0,0.0,8.0,372.78,483.61,-110.83000000000004,-29.730672246365163,1140.0,1140.0,0.0,No Quality Issue,High Rejection,Excellent
RB-001182,Rift Bloom - Kesses Farm,High & Magic,50.0,STANDARD,40.0,123.0,4920.0,2024-02-29,2024-01-03,2024-05-03,2024-03-07,UAE,Tokyo Flower Market,USD,0.487,2396.04,AIR FREIGHT,,3.4,0.0,,PAID,2.0,False,False,False,121.0,-57.0,False,False,2024.0,2.0,1.0,2024.0,1.0,1.0,2024.0,2024.0,3.0,-57.0,7.0,2396.04,,,,4920.0,4920.0,0.0,No Quality Issue,High Rejection,Poor
RB-001732,Rift Bloom - Kapseret Farm,Pink Floyd,60.0,STANDARD,20.0,423.0,8460.0,2023-03-02,2023-02-04,2023-02-08,2023-11-02,Poland,Carrefour Flowers,KES,71.89,608189.4,AIR FREIGHT,195.56,4.2,0.0,,PENDING,4.0,False,False,False,4.0,267.0,True,False,2023.0,3.0,1.0,2023.0,2.0,1.0,2023.0,2023.0,11.0,-26.0,245.0,608189.4,195.56,607993.84,99.96784554285226,8460.0,8460.0,0.0,No Quality Issue,High Rejection,Good
RB-002596,Rift Bloom - Turbo Farm,Yellow Babe,80.0,C,20.0,-285.0,-5700.0,2025-12-10,2025-10-14,2025-10-17,2025-10-21,Netherlands,Interflora Russia,EUR,0.401,-2285.7,NAN,35.17,0.6,0.0,,PAID,3.0,False,False,False,3.0,4.0,True,False,2025.0,12.0,4.0,2025.0,10.0,4.0,2025.0,2025.0,10.0,-57.0,-50.0,-2285.7,35.17,-2320.87,,-5700.0,-5700.0,0.0,No Quality Issue,High Rejection,Average
RB-001011,Rift Bloom - Kesses Farm,Sweetness,70.0,PREMIUM,10.0,141.0,1410.0,2023-08-31,2023-01-09,2023-03-09,2023-09-07,Australia,Dubai Flower Centre,USD,0.456,642.96,AIR FREIGHT,291.43,3.0,0.0,,PAID,3.0,False,False,False,59.0,182.0,True,False,2023.0,8.0,3.0,2023.0,1.0,1.0,2023.0,2023.0,9.0,-234.0,7.0,642.96,291.43,351.53000000000003,54.67369665297996,1410.0,1410.0,0.0,No Quality Issue,High Rejection,Average
RB-001333,Rift Bloom - Timboroa Farm,Tibet,60.0,PREMIUM,20.0,54.0,1080.0,2022-01-22,2022-01-22,2022-01-24,2022-01-27,Norway,Tokyo Flower Market,USD,0.299,322.92,AIR FREIGHT,36.46,-0.6,0.0,,PAID,5.0,False,False,True,2.0,3.0,True,False,2022.0,1.0,1.0,2022.0,1.0,1.0,2022.0,2022.0,1.0,0.0,5.0,322.92,36.46,286.46000000000004,88.70927783971263,1080.0,1080.0,0.0,No Quality Issue,High Rejection,Excellent
RB-000193,Rift Bloom - Kesses Farm,Red Naomi,50.0,STANDARD,40.0,41.0,1640.0,2024-01-25,2024-01-25,2024-01-27,2024-01-29,Germany,Marks & Spencer Flowers,KES,47.06,77178.4,AIR FREIGHT,719.15,2.6,0.0,,PENDING,4.0,False,False,False,2.0,2.0,True,False,2024.0,1.0,1.0,2024.0,1.0,1.0,2024.0,2024.0,1.0,0.0,4.0,77178.4,719.15,76459.25,99.06819783773699,1640.0,1640.0,0.0,No Quality Issue,High Rejection,Good
RB-001052,Rift Bloom - Moiben Farm,Sweetness,70.0,B,40.0,19.0,760.0,2024-04-02,2024-04-02,2024-02-06,2024-02-07,Japan,Aalsmeer Direct,EUR,0.5,380.0,AIR FREIGHT,379.98,15.9,0.0,,PENDING,3.0,False,False,False,-56.0,1.0,False,False,2024.0,4.0,2.0,2024.0,4.0,2.0,2024.0,2024.0,2.0,0.0,-55.0,380.0,379.98,0.01999999999998181,0.005263157894732055,760.0,760.0,0.0,No Quality Issue,High Rejection,Average
RB-000963,Rift Bloom - Turbo Farm,Vendela,40.0,PREMIUM,20.0,63.0,1260.0,2026-07-02,2026-02-08,2026-12-02,2026-02-16,Japan,Carrefour Flowers,USD,0.342,430.92,AIR FREIGHT,103.91,-1.0,0.0,,NAN,5.0,False,False,True,297.0,-289.0,False,False,2026.0,7.0,3.0,2026.0,2.0,1.0,2026.0,2026.0,2.0,-144.0,-136.0,430.92,103.91,327.01,75.88647544787895,1260.0,1260.0,0.0,No Quality Issue,High Rejection,Excellent
RB-002750,Rift Bloom - Moiben Farm,Mondial,80.0,B,25.0,80.0,2000.0,2026-02-02,2026-02-04,2026-08-02,2026-02-09,Norway,Interflora Russia,KES,22.75,45500.0,ROAD THEN AIR,217.77,3.5,0.0,,OVERDUE,3.0,False,False,False,179.0,-174.0,False,False,2026.0,2.0,1.0,2026.0,2.0,1.0,2026.0,2026.0,2.0,2.0,7.0,45500.0,217.77,45282.23,99.52138461538462,2000.0,2000.0,0.0,No Quality Issue,High Rejection,Average
RB-000073,Rift Bloom - Kapseret Farm,Athena,70.0,A,10.0,90.0,900.0,2022-10-20,2022-10-22,2022-10-24,2022-10-27,Russia,Marks & Spencer Flowers,USD,0.363,326.7,AIR FREIGHT,,1.1,33.0,Bud Blast,PAID,5.0,False,False,False,2.0,3.0,True,False,2022.0,10.0,4.0,2022.0,10.0,4.0,2022.0,2022.0,10.0,2.0,7.0,326.7,,,,900.0,900.0,3.6666666666666665,Quality Issue,High Rejection,Excellent
RB-001226,Rift Bloom - Turbo Farm,Peach Avalanche,80.0,A,20.0,84.0,1680.0,,2022-10-27,2022-10-30,2022-10-31,Russia,Aalsmeer Direct,EUR,0.56,940.8,AIR FREIGHT,171.62,1.7,0.0,,NAN,3.0,False,False,False,3.0,1.0,True,False,,,,2022.0,10.0,4.0,2022.0,2022.0,10.0,,,940.8,171.62,769.18,81.75807823129252,1680.0,1680.0,0.0,No Quality Issue,High Rejection,Average
RB-000090,Rift Bloom - Ziwa Farm,Circus,60.0,C,10.0,25.0,250.0,,2026-02-23,2026-02-25,2026-02-28,Australia,M-Farm Traders,EUR,0.136,34.0,ROAD THEN AIR,671.45,3.6,0.0,,PENDING,5.0,False,False,False,2.0,3.0,True,False,,,,2026.0,2.0,1.0,2026.0,2026.0,2.0,,,34.0,671.45,-637.45,-1874.8529411764707,250.0,250.0,0.0,No Quality Issue,High Rejection,Excellent
RB-001603,Rift Bloom - Kapseret Farm,Peach Avalanche,40.0,B,25.0,98.0,2450.0,2025-08-27,2025-08-28,2025-08-30,2025-02-09,Norway,Tokyo Flower Market,KES,58.24,142688.0,AIR FREIGHT,144.67,2.7,0.0,,PENDING,5.0,False,False,False,2.0,-202.0,False,False,2025.0,8.0,3.0,2025.0,8.0,3.0,2025.0,2025.0,2.0,1.0,-199.0,142688.0,144.67,142543.33,99.89861095537115,2450.0,2450.0,0.0,No Quality Issue,High Rejection,Excellent
RB-000018,Rift Bloom - Turbo Farm,High & Magic,60.0,B,40.0,173.0,6920.0,2026-08-05,2026-08-07,,2026-08-14,UAE,Bloomon BV,KES,35.88,248289.6,AIR FREIGHT,254.33,1.4,0.0,,PENDING,4.0,False,False,False,,,False,False,2026.0,8.0,3.0,2026.0,8.0,3.0,,2026.0,8.0,2.0,9.0,248289.6,254.33,248035.27000000002,99.89756719572628,6920.0,6920.0,0.0,No Quality Issue,High Rejection,Good
RB-001687,Rift Bloom - Kesses Farm,Explorer,90.0,B,40.0,112.0,4480.0,2024-12-10,2024-10-13,2024-10-14,2024-10-15,Poland,FloraHolland Auction,EUR,0.257,1151.36,ROAD THEN AIR,321.16,3.7,0.0,,PENDING,5.0,False,False,False,1.0,1.0,True,False,2024.0,12.0,4.0,2024.0,10.0,4.0,2024.0,2024.0,10.0,-58.0,-56.0,1151.36,321.16,830.1999999999998,72.10603112840465,4480.0,4480.0,0.0,No Quality Issue,High Rejection,Excellent
RB-002629,Rift Bloom - Kesses Farm,Athena,50.0,B,10.0,65.0,650.0,2023-04-27,2023-04-28,2023-05-02,2023-05-07,Switzerland,Marks & Spencer Flowers,USD,0.329,213.85,ROAD THEN AIR,,1.4,0.0,,PENDING,1.0,False,False,False,4.0,5.0,True,False,2023.0,4.0,2.0,2023.0,4.0,2.0,2023.0,2023.0,5.0,1.0,10.0,213.85,,,,650.0,650.0,0.0,No Quality Issue,High Rejection,Poor
RB-002640,Rift Bloom - Kapseret Farm,Peach Avalanche,70.0,A,10.0,59.0,590.0,2025-09-02,2025-04-09,2025-08-09,2025-09-09,Australia,Tokyo Flower Market,KES,26.91,15876.9,AIR FREIGHT,,0.9,0.0,,PENDING,4.0,False,False,False,122.0,31.0,True,False,2025.0,9.0,3.0,2025.0,4.0,2.0,2025.0,2025.0,9.0,-146.0,7.0,15876.9,,,,590.0,590.0,0.0,No Quality Issue,High Rejection,Good
RB-002281,Rift Bloom - Timboroa Farm,Sweetness,40.0,STANDARD,40.0,183.0,7320.0,2026-01-25,2026-01-27,2026-01-29,2026-02-01,France,Marks & Spencer Flowers,EUR,0.338,2474.16,UNKNOWN,320.63,0.0,0.0,,PAID,4.0,False,False,False,2.0,3.0,True,False,2026.0,1.0,1.0,2026.0,1.0,1.0,2026.0,2026.0,2.0,2.0,7.0,2474.16,320.63,2153.5299999999997,87.04085426973195,7320.0,7320.0,0.0,No Quality Issue,High Rejection,Good
RB-001280,Rift Bloom - Timboroa Farm,Peach Avalanche,0.0,PREMIUM,10.0,27.0,270.0,2023-03-08,2023-08-04,2023-05-08,2023-07-08,Australia,Blume2000,NAN,0.199,53.73,AIR FREIGHT,89.34,2.0,0.0,,NAN,3.0,False,False,False,-88.0,61.0,False,False,2023.0,3.0,1.0,2023.0,8.0,3.0,2023.0,2023.0,7.0,149.0,122.0,53.73,89.34,-35.61000000000001,-66.27582356225574,270.0,270.0,0.0,No Quality Issue,High Rejection,Average
RB-002109,Rift Bloom - Kapseret Farm,Red-Naomi,60.0,B,20.0,101.0,2020.0,2025-03-06,2025-03-07,2025-03-11,2025-03-13,Russia,Dubai Flower Centre,USD,0.376,759.52,ROAD THEN AIR,218.99,3.5,53.0,Wilting,NAN,5.0,False,False,False,4.0,2.0,True,False,2025.0,3.0,1.0,2025.0,3.0,1.0,2025.0,2025.0,3.0,1.0,7.0,759.52,218.99,540.53,71.16731619970508,2020.0,2020.0,2.623762376237624,Quality Issue,High Rejection,Excellent
RB-000525,Rift Bloom - Moiben Farm,Yellow Babe,60.0,B,25.0,253.0,6325.0,2023-08-30,2023-01-09,2023-04-09,2023-09-09,USA,Carrefour Flowers,USD,0.424,2681.8,ROAD THEN AIR,176.89,1.7,0.0,,OVERDUE,4.0,False,False,False,90.0,153.0,True,False,2023.0,8.0,3.0,2023.0,1.0,1.0,2023.0,2023.0,9.0,-233.0,10.0,2681.8,176.89,2504.9100000000003,93.40405697665747,6325.0,6325.0,0.0,No Quality Issue,High Rejection,Good
RB-002367,Rift Bloom - Kesses Farm,Sweetness,40.0,B,40.0,61.0,2440.0,2024-12-06,2024-07-12,2024-12-09,2024-12-13,Japan,Tokyo Flower Market,NAN,0.276,673.44,NAN,283.7,0.7,0.0,,PAID,4.0,False,False,False,150.0,4.0,True,False,2024.0,12.0,4.0,2024.0,7.0,3.0,2024.0,2024.0,12.0,-147.0,7.0,673.44,283.7,389.74000000000007,57.87301021620338,2440.0,2440.0,0.0,No Quality Issue,High Rejection,Good
RB-001402,Rift Bloom - Timboroa Farm,Athena,0.0,C,10.0,60.0,600.0,2023-10-26,2023-10-26,2023-10-29,2023-11-02,Poland,Marks & Spencer Flowers,USD,0.418,250.8,AIR FREIGHT,563.21,1.2,12.0,-,PAID,3.0,False,False,False,3.0,4.0,True,True,2023.0,10.0,4.0,2023.0,10.0,4.0,2023.0,2023.0,11.0,0.0,7.0,250.8,563.21,-312.41,-124.56539074960129,600.0,600.0,2.0,Quality Issue,High Rejection,Average
RB-002137,Rift Bloom - Ziwa Farm,Explorer,90.0,STANDARD,10.0,99.0,990.0,2026-08-08,2026-09-08,2026-11-08,2026-08-14,United kingdom,Blume2000,EUR,0.419,414.81,AIR FREIGHT,361.12,2.4,0.0,,PENDING,4.0,False,False,False,61.0,-86.0,False,False,2026.0,8.0,3.0,2026.0,9.0,3.0,2026.0,2026.0,8.0,31.0,6.0,414.81,361.12,53.69,12.943275234444684,990.0,990.0,0.0,No Quality Issue,High Rejection,Good
RB-000299,Rift Bloom - Kesses Farm,Yellow Babe,50.0,A,40.0,185.0,7400.0,2025-08-22,2025-08-24,2025-08-27,2025-08-30,Switzerland,Local Wholesaler - Eldoret,EUR,0.324,2397.6,NAN,64.39,1.7,0.0,,PAID,4.0,False,False,False,3.0,3.0,True,False,2025.0,8.0,3.0,2025.0,8.0,3.0,2025.0,2025.0,8.0,2.0,8.0,2397.6,64.39,2333.21,97.3143977310644,7400.0,7400.0,0.0,No Quality Issue,High Rejection,Good
RB-002491,Rift Bloom - Kapseret Farm,Explorer,50.0,B,10.0,183.0,1830.0,2022-06-21,2022-06-23,2022-06-25,2022-06-28,Norway,Blume2000,EUR,0.421,770.43,AIR FREIGHT,251.06,0.9,0.0,,PAID,2.0,False,False,False,2.0,3.0,True,False,2022.0,6.0,2.0,2022.0,6.0,2.0,2022.0,2022.0,6.0,2.0,7.0,770.43,251.06,519.3699999999999,67.41300312812325,1830.0,1830.0,0.0,No Quality Issue,High Rejection,Poor
RB-001168,Rift Bloom - Turbo Farm,Pink Floyd,40.0,B,25.0,120.0,3000.0,2025-06-16,2025-06-17,2025-06-20,2025-06-21,United Arab Emirates,Carrefour Flowers,EUR,0.37,1110.0,AIR FREIGHT,241.46,2.9,0.0,,OVERDUE,4.0,False,False,False,3.0,1.0,True,False,2025.0,6.0,2.0,2025.0,6.0,2.0,2025.0,2025.0,6.0,1.0,5.0,1110.0,241.46,868.54,78.24684684684684,3000.0,3000.0,0.0,No Quality Issue,High Rejection,Good
RB-000513,Rift Bloom - Timboroa Farm,Sweetness,50.0,B,40.0,-113.0,-4520.0,2026-08-05,2026-09-05,2026-05-11,2026-05-13,Norway,FloraHolland Auction,KES,50.96,-230339.2,ROAD THEN AIR,91.35,4.2,0.0,,PAID,4.0,False,False,False,-117.0,2.0,False,False,2026.0,8.0,3.0,2026.0,9.0,3.0,2026.0,2026.0,5.0,31.0,-84.0,-230339.2,91.35,-230430.55000000002,,-4520.0,-4520.0,0.0,No Quality Issue,High Rejection,Good
RB-000038,Rift Bloom - Kapseret Farm,Mondial,80.0,PREMIUM,20.0,110.0,2200.0,2023-04-19,,2023-04-22,2023-04-23,Japan,M-Farm Traders,NAN,0.467,1027.4,UNKNOWN,108.25,2.7,0.0,,PENDING,4.0,False,False,False,,1.0,False,False,2023.0,4.0,2.0,,,,2023.0,2023.0,4.0,,4.0,1027.4,108.25,919.1500000000001,89.46369476348063,2200.0,2200.0,0.0,No Quality Issue,High Rejection,Good
RB-002888,Rift Bloom - Moiben Farm,Sweetness,60.0,STANDARD,25.0,139.0,3475.0,2025-06-01,2025-06-01,2025-06-04,2025-06-06,France,Bloomon BV,USD,0.266,924.35,ROAD THEN AIR,271.24,1.5,0.0,,NAN,4.0,False,False,False,3.0,2.0,True,False,2025.0,6.0,2.0,2025.0,6.0,2.0,2025.0,2025.0,6.0,0.0,5.0,924.35,271.24,653.11,70.65613674473956,3475.0,3475.0,0.0,No Quality Issue,High Rejection,Good
RB-000399,Rift Bloom - Timboroa Farm,Yellow Babe,70.0,A,40.0,58.0,2320.0,2023-01-29,2023-01-30,2023-01-02,2023-02-05,Switzerland,FloraHolland Auction,NAN,0.098,227.36,AIR FREIGHT,242.65,1.5,0.0,,PENDING,5.0,False,False,False,-28.0,34.0,False,False,2023.0,1.0,1.0,2023.0,1.0,1.0,2023.0,2023.0,2.0,1.0,7.0,227.36,242.65,-15.289999999999992,-6.72501759324419,2320.0,2320.0,0.0,No Quality Issue,High Rejection,Excellent
RB-001982,Rift Bloom - Ziwa Farm,Circus,60.0,PREMIUM,40.0,19.0,760.0,2025-08-01,2025-10-01,2025-11-01,2025-01-16,United Kingdom,Interflora Russia,USD,0.513,389.88,AIR FREIGHT,,,0.0,,NAN,4.0,False,False,False,31.0,-289.0,False,False,2025.0,8.0,3.0,2025.0,10.0,4.0,2025.0,2025.0,1.0,61.0,-197.0,389.88,,,,760.0,760.0,0.0,No Quality Issue,High Rejection,Good
RB-001224,Rift Bloom - Ziwa Farm,Red Naomi,40.0,PREMIUM,25.0,80.0,2000.0,2022-12-31,2023-02-01,2023-06-01,,Germany,Aalsmeer Direct,USD,0.498,996.0,ROAD THEN AIR,44.29,1.5,23.0,,PAID,4.0,False,False,False,120.0,,False,False,2022.0,12.0,4.0,2023.0,2.0,1.0,2023.0,,,32.0,,996.0,44.29,951.71,95.55321285140562,2000.0,2000.0,1.15,No Quality Issue,High Rejection,Good
RB-001479,Rift Bloom - Kesses Farm,freedom,70.0,STANDARD,40.0,130.0,5200.0,2026-02-18,2026-02-19,2026-02-23,2026-02-27,Japan,Interflora Russia,EUR,0.71,3692.0,AIR FREIGHT,,,0.0,,OVERDUE,2.0,False,False,False,4.0,4.0,True,False,2026.0,2.0,1.0,2026.0,2.0,1.0,2026.0,2026.0,2.0,1.0,9.0,3692.0,,,,5200.0,5200.0,0.0,No Quality Issue,High Rejection,Poor
RB-001334,Rift Bloom - Turbo Farm,Cool Water,50.0,A,20.0,42.0,840.0,2023-10-13,2023-10-15,2023-10-16,2023-10-19,Switzerland,Dubai Flower Centre,USD,0.5,420.0,NAN,113.27,5.4,0.0,,PENDING,5.0,False,False,False,1.0,3.0,True,False,2023.0,10.0,4.0,2023.0,10.0,4.0,2023.0,2023.0,10.0,2.0,6.0,420.0,113.27,306.73,73.03095238095239,840.0,840.0,0.0,No Quality Issue,High Rejection,Excellent
RB-002864,Rift Bloom - Kesses Farm,Red Naomi,50.0,C,20.0,203.0,4060.0,2024-01-28,2024-01-28,2024-01-29,2024-03-02,United Arab Emirates,Bloomon BV,USD,0.283,1148.98,AIR FREIGHT,434.21,4.3,0.0,,PAID,5.0,False,False,False,1.0,33.0,True,False,2024.0,1.0,1.0,2024.0,1.0,1.0,2024.0,2024.0,3.0,0.0,34.0,1148.98,434.21,714.77,62.20908980138905,4060.0,4060.0,0.0,No Quality Issue,High Rejection,Excellent
RB-001257,Rift Bloom - Kapseret Farm,Pink Floyd,40.0,B,20.0,114.0,2280.0,2025-07-08,2025-08-08,2025-08-10,2025-12-08,United Arab Emirates,Carrefour Flowers,USD,0.421,959.88,AIR FREIGHT,447.25,1.5,0.0,,OVERDUE,4.0,False,False,False,2.0,120.0,True,False,2025.0,7.0,3.0,2025.0,8.0,3.0,2025.0,2025.0,12.0,31.0,153.0,959.88,447.25,512.63,53.40563403758804,2280.0,2280.0,0.0,No Quality Issue,High Rejection,Good
RB-000095,Rift Bloom - Moiben Farm,Peach Avalanche,50.0,A,20.0,48.0,960.0,2023-03-11,2023-03-13,2023-03-16,2023-03-20,USA,Bloomon BV,NAN,0.44,422.4,ROAD THEN AIR,211.81,3.5,0.0,,NAN,4.0,False,False,False,3.0,4.0,True,False,2023.0,3.0,1.0,2023.0,3.0,1.0,2023.0,2023.0,3.0,2.0,9.0,422.4,211.81,210.58999999999997,49.85558712121212,960.0,960.0,0.0,No Quality Issue,High Rejection,Good
RB-002179,Rift Bloom - Turbo Farm,Explorer,50.0,STANDARD,25.0,147.0,3675.0,2024-09-03,2024-03-09,2024-03-10,2024-03-16,Russia,Aalsmeer Direct,USD,0.648,2381.4,AIR FREIGHT,259.74,2.9,0.0,,PENDING,5.0,False,False,False,1.0,6.0,True,False,2024.0,9.0,3.0,2024.0,3.0,1.0,2024.0,2024.0,3.0,-178.0,-171.0,2381.4,259.74,2121.66,89.09297052154194,3675.0,3675.0,0.0,No Quality Issue,High Rejection,Excellent
RB-000733,Rift Bloom - Ziwa Farm,Pink Floyd,50.0,C,20.0,200.0,4000.0,2024-11-23,2024-11-23,2024-11-27,2024-02-12,Japan,Local Wholesaler - Eldoret,EUR,0.322,1288.0,AIR FREIGHT,101.44,0.9,0.0,,PENDING,4.0,False,False,False,4.0,-289.0,False,False,2024.0,11.0,4.0,2024.0,11.0,4.0,2024.0,2024.0,2.0,0.0,-285.0,1288.0,101.44,1186.56,92.12422360248446,4000.0,4000.0,0.0,No Quality Issue,High Rejection,Good
RB-001377,Rift Bloom - Moiben Farm,Pink Floyd,90.0,PREMIUM,20.0,19.0,380.0,2026-03-16,,2026-03-18,2026-03-21,Switzerland,Bloomon BV,USD,0.291,110.58,AIR FREIGHT,254.25,,0.0,,NAN,3.0,False,False,False,,3.0,False,False,2026.0,3.0,1.0,,,,2026.0,2026.0,3.0,,5.0,110.58,254.25,-143.67000000000002,-129.92403689636464,380.0,380.0,0.0,No Quality Issue,High Rejection,Average
RB-001855,Rift Bloom - Kesses Farm,Freedom,60.0,,10.0,58.0,580.0,2025-09-07,2025-10-07,2025-12-07,2025-07-18,United Arab Emirates,Carrefour Flowers,USD,0.275,159.5,ROAD THEN AIR,,1.4,0.0,,PAID,5.0,False,False,False,61.0,-142.0,False,False,2025.0,9.0,3.0,2025.0,10.0,4.0,2025.0,2025.0,7.0,30.0,-51.0,159.5,,,,580.0,580.0,0.0,No Quality Issue,High Rejection,Excellent
RB-000965,Rift Bloom - Moiben Farm,Explorer,70.0,STANDARD,20.0,122.0,2440.0,2022-06-01,2022-01-06,2022-05-06,2022-06-06,Norway,M-Farm Traders,EUR,0.219,534.36,AIR FREIGHT,88.78,0.8,0.0,,PAID,1.0,False,False,False,120.0,31.0,True,False,2022.0,6.0,2.0,2022.0,1.0,1.0,2022.0,2022.0,6.0,-146.0,5.0,534.36,88.78,445.58000000000004,83.38573246500486,2440.0,2440.0,0.0,No Quality Issue,High Rejection,Poor
RB-002464,Rift Bloom - Moiben Farm,Tibet,90.0,C,25.0,50.0,1250.0,2025-03-22,2025-03-22,2025-03-24,2025-03-26,France,Tokyo Flower Market,EUR,0.382,477.5,ROAD THEN AIR,142.01,2.2,0.0,,PAID,5.0,False,False,False,2.0,2.0,True,False,2025.0,3.0,1.0,2025.0,3.0,1.0,2025.0,2025.0,3.0,0.0,4.0,477.5,142.01,335.49,70.25968586387434,1250.0,1250.0,0.0,No Quality Issue,High Rejection,Excellent
RB-002038,Rift Bloom - Turbo Farm,High & Magic,50.0,STANDARD,10.0,160.0,1600.0,2022-03-31,2022-02-04,2022-06-04,2022-10-04,France,Dubai Flower Centre,UNKNOWN,0.525,840.0,AIR FREIGHT,245.12,-0.4,0.0,,NAN,5.0,False,False,True,120.0,122.0,True,False,2022.0,3.0,1.0,2022.0,2.0,1.0,2022.0,2022.0,10.0,-55.0,187.0,840.0,245.12,594.88,70.81904761904761,1600.0,1600.0,0.0,No Quality Issue,High Rejection,Excellent
RB-002840,Rift Bloom - Kesses Farm,Explorer,50.0,A,10.0,46.0,460.0,2023-10-04,2023-10-06,2023-07-10,2023-10-11,Australia,Tokyo Flower Market,USD,0.43,197.8,NAN,464.13,2.7,0.0,,PAID,4.0,False,False,False,-88.0,93.0,False,False,2023.0,10.0,4.0,2023.0,10.0,4.0,2023.0,2023.0,10.0,2.0,7.0,197.8,464.13,-266.33,-134.64610717896863,460.0,460.0,0.0,No Quality Issue,High Rejection,Good
RB-001239,Rift Bloom - Ziwa Farm,Red-Naomi,60.0,B,20.0,51.0,1020.0,2023-08-31,2023-01-09,2023-03-09,2023-09-09,Switzerland,Dubai Flower Centre,USD,0.367,374.34,AIR FREIGHT,416.89,2.6,20.0,Bud Blast,PENDING,5.0,False,False,False,59.0,184.0,True,False,2023.0,8.0,3.0,2023.0,1.0,1.0,2023.0,2023.0,9.0,-234.0,9.0,374.34,416.89,-42.55000000000001,-11.366672009403219,1020.0,1020.0,1.9607843137254901,Quality Issue,High Rejection,Excellent
RB-000197,Rift Bloom - Turbo Farm,Pink Floyd,60.0,A,10.0,64.0,640.0,2024-05-15,2024-05-16,2024-05-20,,Germany,Carrefour Flowers,EUR,0.325,2080.0,AIR FREIGHT,40.79,1.3,0.0,,PAID,4.0,False,False,False,4.0,,False,False,2024.0,5.0,2.0,2024.0,5.0,2.0,2024.0,,,1.0,,2080.0,40.79,2039.21,98.03894230769231,640.0,640.0,0.0,No Quality Issue,High Rejection,Good
RB-000408,Rift Bloom - Timboroa Farm,High & Magic,70.0,A,40.0,46.0,1840.0,2024-11-02,2024-11-02,2024-04-11,2024-11-10,Netherlands,Marks & Spencer Flowers,EUR,0.294,540.96,NAN,309.3,,0.0,,PAID,3.0,False,False,False,-205.0,213.0,False,False,2024.0,11.0,4.0,2024.0,11.0,4.0,2024.0,2024.0,11.0,0.0,8.0,540.96,309.3,231.66000000000003,42.82386867790595,1840.0,1840.0,0.0,No Quality Issue,High Rejection,Average
RB-000662,Rift Bloom - Kapseret Farm,Freedom,40.0,PREMIUM,40.0,69.0,2760.0,2023-04-10,2023-06-10,2023-10-07,2023-10-13,Poland,Interflora Russia,NAN,0.426,1175.76,AIR FREIGHT,230.16,1.2,0.0,,NAN,5.0,False,False,False,119.0,6.0,True,False,2023.0,4.0,2.0,2023.0,6.0,2.0,2023.0,2023.0,10.0,61.0,186.0,1175.76,230.16,945.6,80.42457644417227,2760.0,2760.0,0.0,No Quality Issue,High Rejection,Excellent
RB-000579,Rift Bloom - Timboroa Farm,AVALANCHE,50.0,B,25.0,64.0,1600.0,2024-07-23,2024-07-24,2024-07-28,2024-01-08,Norway,Local Wholesaler - Eldoret,USD,0.302,483.2,AIR FREIGHT,118.99,2.3,0.0,,PAID,5.0,False,False,False,4.0,-202.0,False,False,2024.0,7.0,3.0,2024.0,7.0,3.0,2024.0,2024.0,1.0,1.0,-197.0,483.2,118.99,364.21,75.37458609271523,1600.0,1600.0,0.0,No Quality Issue,High Rejection,Excellent
RB-001590,Rift Bloom - Ziwa Farm,Sweetness,60.0,B,25.0,149.0,3725.0,2022-04-29,2022-01-05,2022-05-02,2022-08-05,Japan,Bloomon BV,EUR,0.292,1087.7,AIR FREIGHT,330.4,1.3,26.0,Botrytis,OVERDUE,5.0,False,False,False,117.0,95.0,True,False,2022.0,4.0,2.0,2022.0,1.0,1.0,2022.0,2022.0,8.0,-114.0,98.0,1087.7,330.4,757.3000000000001,69.62397719959547,3725.0,3725.0,0.697986577181208,Quality Issue,High Rejection,Excellent
RB-002675,Rift Bloom - Turbo Farm,Peach Avalanche,60.0,PREMIUM,25.0,134.0,3350.0,2026-04-22,2026-04-24,2026-04-27,2026-04-29,USA,Dubai Flower Centre,KES,42.51,142408.5,AIR FREIGHT,772.28,3.6,0.0,,PAID,5.0,False,False,False,3.0,2.0,True,False,2026.0,4.0,2.0,2026.0,4.0,2.0,2026.0,2026.0,4.0,2.0,7.0,142408.5,772.28,141636.22,99.45770090970694,3350.0,3350.0,0.0,No Quality Issue,High Rejection,Excellent
RB-000318,Rift Bloom - Ziwa Farm,Circus,50.0,PREMIUM,40.0,161.0,6440.0,2023-04-10,2023-10-04,,2023-04-18,Russia,Aalsmeer Direct,KES,60.32,3884608.0,AIR FREIGHT,81.92,2.0,4.0,Petal Bruising,NAN,4.0,False,False,False,,,False,False,2023.0,4.0,2.0,2023.0,10.0,4.0,,2023.0,4.0,177.0,8.0,3884608.0,81.92,3884526.08,99.99789116430796,6440.0,6440.0,0.062111801242236024,Quality Issue,High Rejection,Good
RB-000896,Rift Bloom - Timboroa Farm,Athena,70.0,A,20.0,44.0,880.0,2024-10-13,2024-10-15,2024-10-17,2024-10-21,Russia,Whole Foods Market,KES,39.78,35006.4,AIR FREIGHT,328.85,1.1,0.0,,PAID,5.0,False,False,False,2.0,4.0,True,False,2024.0,10.0,4.0,2024.0,10.0,4.0,2024.0,2024.0,10.0,2.0,8.0,35006.4,328.85,34677.55,99.06060034736505,880.0,880.0,0.0,No Quality Issue,High Rejection,Excellent
RB-002785,Rift Bloom - Moiben Farm,Tibet,50.0,STANDARD,40.0,69.0,2760.0,2025-09-18,2025-09-18,2025-09-19,2025-09-24,Japan,Aalsmeer Direct,KES,17.16,47361.6,AIR FREIGHT,367.66,1.9,0.0,,PAID,4.0,False,False,False,1.0,5.0,True,False,2025.0,9.0,3.0,2025.0,9.0,3.0,2025.0,2025.0,9.0,0.0,6.0,47361.6,367.66,46993.939999999995,99.22371710415187,2760.0,2760.0,0.0,No Quality Issue,High Rejection,Good
RB-001339,Rift Bloom - Timboroa Farm,Pink Floyd,50.0,B,40.0,71.0,2840.0,2024-10-23,2024-10-25,2024-10-28,2024-11-01,Germany,Marks & Spencer Flowers,KES,43.94,124789.6,AIR FREIGHT,66.48,-1.2,0.0,,PAID,5.0,False,False,True,3.0,4.0,True,False,2024.0,10.0,4.0,2024.0,10.0,4.0,2024.0,2024.0,11.0,2.0,9.0,124789.6,66.48,124723.12000000001,99.94672632975825,2840.0,2840.0,0.0,No Quality Issue,High Rejection,Excellent
RB-001079,Rift Bloom - Kapseret Farm,Red Naomi,40.0,,25.0,152.0,3800.0,2025-10-26,2025-10-26,2025-10-29,2025-11-03,Norway,Tokyo Flower Market,USD,0.335,1273.0,AIR FREIGHT,101.73,,0.0,,NAN,4.0,False,False,False,3.0,5.0,True,False,2025.0,10.0,4.0,2025.0,10.0,4.0,2025.0,2025.0,11.0,0.0,8.0,1273.0,101.73,1171.27,92.00864100549883,3800.0,3800.0,0.0,No Quality Issue,High Rejection,Good
RB-000855,Rift Bloom - Kapseret Farm,Freedom,70.0,B,25.0,184.0,4600.0,2025-10-25,2025-10-26,2025-10-27,2025-10-29,Poland,Whole Foods Market,EUR,0.269,1237.4,AIR FREIGHT,146.8,2.8,0.0,,PENDING,5.0,False,False,False,1.0,2.0,True,False,2025.0,10.0,4.0,2025.0,10.0,4.0,2025.0,2025.0,10.0,1.0,4.0,1237.4,146.8,1090.6000000000001,88.13641506384354,4600.0,4600.0,0.0,No Quality Issue,High Rejection,Excellent
RB-002621,Rift Bloom - Timboroa Farm,Mondial,70.0,C,20.0,150.0,3000.0,2023-11-25,2023-11-25,2023-11-29,2023-11-30,US,FloraHolland Auction,USD,0.254,762.0,AIR FREIGHT,97.41,1.8,0.0,,PAID,3.0,False,False,False,4.0,1.0,True,False,2023.0,11.0,4.0,2023.0,11.0,4.0,2023.0,2023.0,11.0,0.0,5.0,762.0,97.41,664.59,87.21653543307087,3000.0,3000.0,0.0,No Quality Issue,High Rejection,Average
RB-000547,Rift Bloom - Moiben Farm,High & Magic,60.0,,10.0,184.0,1840.0,2025-08-14,2025-08-14,2025-08-18,2025-08-19,Poland,Interflora Russia,NAN,0.185,340.4,AIR FREIGHT,118.99,2.7,0.0,,PAID,1.0,False,False,False,4.0,1.0,True,False,2025.0,8.0,3.0,2025.0,8.0,3.0,2025.0,2025.0,8.0,0.0,5.0,340.4,118.99,221.40999999999997,65.04406580493537,1840.0,1840.0,0.0,No Quality Issue,High Rejection,Poor
RB-002538,Rift Bloom - Kesses Farm,Peach Avalanche,90.0,A,20.0,126.0,2520.0,2026-04-06,2026-06-06,2026-08-06,2026-06-13,Germany,Bloomon BV,USD,0.302,761.04,AIR FREIGHT,268.67,3.3,0.0,,NAN,5.0,False,False,False,61.0,-54.0,False,False,2026.0,4.0,2.0,2026.0,6.0,2.0,2026.0,2026.0,6.0,61.0,68.0,761.04,268.67,492.36999999999995,64.69699358772206,2520.0,2520.0,0.0,No Quality Issue,High Rejection,Excellent
RB-001444,Rift Bloom - Timboroa Farm,Avalanche,50.0,A,25.0,99.0,2475.0,2024-02-05,2024-04-05,,2024-11-05,usa,Carrefour Flowers,USD,0.195,482.62,AIR FREIGHT,334.68,17.5,0.0,,NAN,5.0,False,False,False,,,False,False,2024.0,2.0,1.0,2024.0,4.0,2.0,,2024.0,11.0,60.0,274.0,482.62,334.68,147.94,30.653516223944305,2475.0,2475.0,0.0,No Quality Issue,High Rejection,Excellent
RB-002732,Rift Bloom - Timboroa Farm,Yellow Babe,0.0,A,25.0,42.0,1050.0,2022-08-15,2022-08-16,2022-08-20,2022-08-22,Netherlands,Dubai Flower Centre,EUR,0.597,626.85,ROAD THEN AIR,172.33,1.7,23.0,Bud Blast,PENDING,4.0,False,False,False,4.0,2.0,True,False,2022.0,8.0,3.0,2022.0,8.0,3.0,2022.0,2022.0,8.0,1.0,7.0,626.85,172.33,454.52,72.50857461912737,1050.0,1050.0,2.1904761904761907,Quality Issue,High Rejection,Good
RB-000636,Rift Bloom - Timboroa Farm,Mondial,70.0,STANDARD,20.0,76.0,1520.0,2024-12-05,2024-05-13,2024-05-17,2024-05-23,Australia,Aalsmeer Direct,NAN,0.416,632.32,AIR FREIGHT,463.79,-1.2,0.0,,OVERDUE,4.0,False,False,True,4.0,6.0,True,False,2024.0,12.0,4.0,2024.0,5.0,2.0,2024.0,2024.0,5.0,-206.0,-196.0,632.32,463.79,168.53000000000003,26.652644230769234,1520.0,1520.0,0.0,No Quality Issue,High Rejection,Good
RB-000591,Rift Bloom - Turbo Farm,Cool Water,70.0,B,25.0,206.0,5150.0,2026-03-06,2026-03-08,2026-10-03,2026-03-13,Netherlands,Tokyo Flower Market,NAN,0.238,1225.7,ROAD THEN AIR,,2.2,0.0,,PAID,2.0,False,False,False,209.0,-204.0,False,False,2026.0,3.0,1.0,2026.0,3.0,1.0,2026.0,2026.0,3.0,2.0,7.0,1225.7,,,,5150.0,5150.0,0.0,No Quality Issue,High Rejection,Poor
RB-001030,Rift Bloom - Moiben Farm,Pink Floyd,80.0,B,25.0,254.0,6350.0,2025-10-22,2025-10-22,2025-10-23,2025-10-29,United Kingdom,Dubai Flower Centre,USD,0.362,2298.7,AIR FREIGHT,129.37,2.7,0.0,,PENDING,5.0,False,False,False,1.0,6.0,True,False,2025.0,10.0,4.0,2025.0,10.0,4.0,2025.0,2025.0,10.0,0.0,7.0,2298.7,129.37,2169.33,94.37203636838213,6350.0,6350.0,0.0,No Quality Issue,High Rejection,Excellent
RB-001391,Rift Bloom - Ziwa Farm,Freedom,80.0,B,10.0,96.0,960.0,2026-04-29,2026-04-30,2026-01-05,2026-07-05,Switzerland,Local Wholesaler - Eldoret,EUR,0.352,337.92,NAN,,1.8,0.0,,PAID,5.0,False,False,False,-115.0,181.0,False,False,2026.0,4.0,2.0,2026.0,4.0,2.0,2026.0,2026.0,7.0,1.0,67.0,337.92,,,,960.0,960.0,0.0,No Quality Issue,High Rejection,Excellent
RB-002837,Rift Bloom - Turbo Farm,Vendela,80.0,A,20.0,142.0,2840.0,2025-01-06,2025-01-06,2025-01-08,2025-01-14,United Arab Emirates,Bloomon BV,USD,0.658,1868.72,ROAD THEN AIR,641.02,1.5,0.0,,NAN,4.0,False,False,False,2.0,6.0,True,False,2025.0,1.0,1.0,2025.0,1.0,1.0,2025.0,2025.0,1.0,0.0,8.0,1868.72,641.02,1227.7,65.69737574382465,2840.0,2840.0,0.0,No Quality Issue,High Rejection,Good
RB-000109,Rift Bloom - Turbo Farm,Peach Avalanche,60.0,,10.0,21.0,210.0,2026-04-22,2026-04-22,2026-04-25,2026-04-26,Switzerland,Carrefour Flowers,USD,0.248,52.08,NAN,436.75,3.2,0.0,,OVERDUE,4.0,False,False,False,3.0,1.0,True,False,2026.0,4.0,2.0,2026.0,4.0,2.0,2026.0,2026.0,4.0,0.0,4.0,52.08,436.75,-384.67,-738.6136712749616,210.0,210.0,0.0,No Quality Issue,High Rejection,Good
RB-000719,Rift Bloom - Moiben Farm,Pink Floyd,40.0,STANDARD,25.0,93.0,2325.0,2026-01-18,2026-01-20,2026-01-21,2026-01-27,Norway,Tokyo Flower Market,EUR,0.539,1253.18,UNKNOWN,117.02,2.0,0.0,,PAID,4.0,False,False,False,1.0,6.0,True,False,2026.0,1.0,1.0,2026.0,1.0,1.0,2026.0,2026.0,1.0,2.0,9.0,1253.18,117.02,1136.16,90.66215547646786,2325.0,2325.0,0.0,No Quality Issue,High Rejection,Good
RB-002904,Rift Bloom - Kesses Farm,Athena,70.0,B,10.0,226.0,2260.0,2022-07-02,2022-09-02,2022-02-13,2022-02-16,Switzerland,FloraHolland Auction,NAN,0.474,1071.24,AIR FREIGHT,45.3,1.9,43.0,,NAN,4.0,False,False,False,-201.0,3.0,False,False,2022.0,7.0,3.0,2022.0,9.0,3.0,2022.0,2022.0,2.0,62.0,-136.0,1071.24,45.3,1025.94,95.77125574101042,2260.0,2260.0,1.9026548672566372,No Quality Issue,High Rejection,Good
RB-002695,Rift Bloom - Timboroa Farm,Pink Floyd,60.0,UNKNOWN,10.0,88.0,880.0,2025-10-09,2025-10-09,2025-10-13,2025-10-14,Japan,M-Farm Traders,KES,48.75,42900.0,AIR FREIGHT,223.54,-0.9,0.0,,PENDING,3.0,False,False,True,4.0,1.0,True,False,2025.0,10.0,4.0,2025.0,10.0,4.0,2025.0,2025.0,10.0,0.0,5.0,42900.0,223.54,42676.46,99.47892773892774,880.0,880.0,0.0,No Quality Issue,High Rejection,Average
RB-002376,Rift Bloom - Kesses Farm,High & Magic,90.0,C,25.0,245.0,6125.0,2023-09-30,2023-02-10,2023-10-04,2023-10-06,France,Marks & Spencer Flowers,NAN,0.241,1476.12,ROAD THEN AIR,,3.1,107.0,,PAID,3.0,False,False,False,236.0,2.0,True,False,2023.0,9.0,3.0,2023.0,2.0,1.0,2023.0,2023.0,10.0,-232.0,6.0,1476.12,,,,6125.0,6125.0,1.746938775510204,No Quality Issue,High Rejection,Average
RB-001534,Rift Bloom - Timboroa Farm,Athena,60.0,A,20.0,105.0,2100.0,2022-08-30,2022-08-30,2022-08-31,,Norway,M-Farm Traders,EUR,0.121,254.1,NAN,366.52,0.8,0.0,,NAN,4.0,False,False,False,1.0,,False,False,2022.0,8.0,3.0,2022.0,8.0,3.0,2022.0,,,0.0,,254.1,366.52,-112.41999999999999,-44.242424242424235,2100.0,2100.0,0.0,No Quality Issue,High Rejection,Good
RB-001211,Rift Bloom - Kapseret Farm,AVALANCHE,60.0,A,25.0,209.0,5225.0,2022-04-07,2022-07-05,2022-07-07,2022-07-09,U.K.,Local Wholesaler - Eldoret,NAN,0.375,1959.38,ROAD THEN AIR,136.44,5.2,0.0,,PENDING,5.0,False,False,False,2.0,2.0,True,False,2022.0,4.0,2.0,2022.0,7.0,3.0,2022.0,2022.0,7.0,89.0,93.0,1959.38,136.44,1822.94,93.03657279343466,5225.0,5225.0,0.0,No Quality Issue,High Rejection,Excellent
RB-002915,Rift Bloom - Moiben Farm,Red Naomi,90.0,A,40.0,122.0,4880.0,2025-01-01,2025-01-02,2025-06-01,2025-12-01,Russia,Whole Foods Market,USD,0.361,17616.8,ROAD THEN AIR,207.26,3.2,0.0,,PENDING,5.0,False,False,False,150.0,183.0,True,False,2025.0,1.0,1.0,2025.0,1.0,1.0,2025.0,2025.0,12.0,1.0,334.0,17616.8,207.26,17409.54,98.82350937741248,4880.0,4880.0,0.0,No Quality Issue,High Rejection,Excellent
RB-002626,Rift Bloom - Moiben Farm,Circus,70.0,B,40.0,54.0,2160.0,2025-12-14,2025-12-16,2025-12-19,,United Arab Emirates,Blume2000,NAN,0.356,768.96,NAN,164.68,,0.0,,OVERDUE,4.0,False,False,False,3.0,,False,False,2025.0,12.0,4.0,2025.0,12.0,4.0,2025.0,,,2.0,,768.96,164.68,604.28,78.58406158967955,2160.0,2160.0,0.0,No Quality Issue,High Rejection,Good
RB-000713,Rift Bloom - Kapseret Farm,Freedom,80.0,UNKNOWN,25.0,175.0,4375.0,2022-08-06,2022-08-06,2022-06-12,2022-06-13,France,FloraHolland Auction,NAN,0.537,2349.38,AIR FREIGHT,522.93,0.0,44.0,Wilting,PAID,4.0,False,False,False,-55.0,1.0,False,False,2022.0,8.0,3.0,2022.0,8.0,3.0,2022.0,2022.0,6.0,0.0,-54.0,2349.38,522.93,1826.4500000000003,77.74178719491952,4375.0,4375.0,1.0057142857142856,Quality Issue,High Rejection,Good
RB-000288,Rift Bloom - Ziwa Farm,Vendela,70.0,C,25.0,138.0,3450.0,2025-10-05,2025-11-05,2025-12-05,2025-05-14,Germany,Interflora Russia,NAN,0.398,1373.1,AIR FREIGHT,123.0,1.6,0.0,,PENDING,4.0,False,False,False,30.0,-205.0,False,False,2025.0,10.0,4.0,2025.0,11.0,4.0,2025.0,2025.0,5.0,31.0,-144.0,1373.1,123.0,1250.1,91.04216735853178,3450.0,3450.0,0.0,No Quality Issue,High Rejection,Good
RB-001872,Rift Bloom - Ziwa Farm,Freedom,60.0,C,40.0,76.0,3040.0,2023-10-03,2023-03-10,2023-03-13,2023-03-14,Switzerland,Whole Foods Market,EUR,0.368,1118.72,AIR FREIGHT,286.75,2.9,0.0,,PAID,2.0,False,False,False,3.0,1.0,True,False,2023.0,10.0,4.0,2023.0,3.0,1.0,2023.0,2023.0,3.0,-207.0,-203.0,1118.72,286.75,831.97,74.36802774599542,3040.0,3040.0,0.0,No Quality Issue,High Rejection,Poor
RB-002048,Rift Bloom - Kapseret Farm,High & Magic,40.0,STANDARD,10.0,177.0,1770.0,2022-08-25,2022-08-25,2022-08-26,2022-09-01,Poland,Aalsmeer Direct,EUR,0.551,975.27,AIR FREIGHT,170.65,2.1,0.0,,OVERDUE,5.0,False,False,False,1.0,6.0,True,False,2022.0,8.0,3.0,2022.0,8.0,3.0,2022.0,2022.0,9.0,0.0,7.0,975.27,170.65,804.62,82.50228141950434,1770.0,1770.0,0.0,No Quality Issue,High Rejection,Excellent
RB-001760,Rift Bloom - Ziwa Farm,Tibet,70.0,B,25.0,260.0,6500.0,2023-10-06,,2023-06-11,2023-06-17,Germany,Interflora Russia,USD,0.31,2015.0,AIR FREIGHT,254.84,2.9,0.0,,NAN,4.0,False,False,False,,6.0,False,False,2023.0,10.0,4.0,,,,2023.0,2023.0,6.0,,-111.0,2015.0,254.84,1760.16,87.35285359801489,6500.0,6500.0,0.0,No Quality Issue,High Rejection,Good
RB-001272,Rift Bloom - Turbo Farm,Freedom,60.0,B,40.0,53.0,2120.0,2024-10-04,2024-12-04,2024-04-16,2024-04-21,United Kingdom,FloraHolland Auction,USD,0.45,954.0,NAN,410.01,3.2,0.0,,NAN,5.0,False,False,False,-232.0,5.0,False,False,2024.0,10.0,4.0,2024.0,12.0,4.0,2024.0,2024.0,4.0,61.0,-166.0,954.0,410.01,543.99,57.022012578616355,2120.0,2120.0,0.0,No Quality Issue,High Rejection,Excellent
RB-002976,Rift Bloom - Moiben Farm,Cool Water,60.0,PREMIUM,20.0,56.0,1120.0,2024-07-04,2024-05-07,2024-07-06,,Australia,Marks & Spencer Flowers,USD,0.271,303.52,AIR FREIGHT,714.37,1.5,0.0,,PAID,5.0,False,False,False,60.0,,False,False,2024.0,7.0,3.0,2024.0,5.0,2.0,2024.0,,,-58.0,,303.52,714.37,-410.85,-135.36175540326835,1120.0,1120.0,0.0,No Quality Issue,High Rejection,Excellent
RB-002706,Rift Bloom - Turbo Farm,Explorer,90.0,B,20.0,137.0,2740.0,2025-09-03,,2025-12-03,2025-03-14,USA,Blume2000,EUR,0.479,1312.46,AIR FREIGHT,652.67,3.3,0.0,,PENDING,5.0,False,False,False,,-264.0,False,False,2025.0,9.0,3.0,,,,2025.0,2025.0,3.0,,-173.0,1312.46,652.67,659.7900000000001,50.271246361793885,2740.0,2740.0,0.0,No Quality Issue,High Rejection,Excellent
RB-000858,Rift Bloom - Timboroa Farm,Mondial,50.0,PREMIUM,10.0,116.0,1160.0,2024-10-11,2024-11-11,2024-12-11,2024-11-15,Japan,Marks & Spencer Flowers,KES,86.84,100734.4,AIR FREIGHT,63.24,-0.1,0.0,,PAID,3.0,False,False,True,30.0,-26.0,False,False,2024.0,10.0,4.0,2024.0,11.0,4.0,2024.0,2024.0,11.0,31.0,35.0,100734.4,63.24,100671.15999999999,99.93722104861894,1160.0,1160.0,0.0,No Quality Issue,High Rejection,Average
RB-000201,Rift Bloom - Moiben Farm,Tibet,90.0,A,20.0,85.0,1700.0,2025-10-30,2025-10-31,2025-02-11,2025-11-08,Switzerland,Whole Foods Market,USD,0.288,489.6,AIR FREIGHT,57.9,0.5,0.0,,PAID,4.0,False,False,False,-262.0,270.0,False,False,2025.0,10.0,4.0,2025.0,10.0,4.0,2025.0,2025.0,11.0,1.0,9.0,489.6,57.9,431.70000000000005,88.17401960784315,1700.0,1700.0,0.0,No Quality Issue,High Rejection,Good
RB-001923,Rift Bloom - Ziwa Farm,Vendela,50.0,PREMIUM,40.0,274.0,10960.0,2026-09-08,2026-10-08,,2026-08-18,Switzerland,Blume2000,USD,0.462,50635.2,AIR FREIGHT,170.85,1.1,0.0,,NAN,5.0,False,False,False,,,False,False,2026.0,9.0,3.0,2026.0,10.0,4.0,,2026.0,8.0,30.0,-21.0,50635.2,170.85,50464.35,99.66258650109016,10960.0,10960.0,0.0,No Quality Issue,High Rejection,Excellent
RB-002669,Rift Bloom - Timboroa Farm,Tibet,80.0,B,10.0,158.0,1580.0,2025-07-21,2025-07-22,2025-07-23,2025-07-28,Russia,Carrefour Flowers,USD,0.288,455.04,AIR FREIGHT,301.63,3.0,0.0,,PENDING,5.0,False,False,False,1.0,5.0,True,False,2025.0,7.0,3.0,2025.0,7.0,3.0,2025.0,2025.0,7.0,1.0,7.0,455.04,301.63,153.41000000000003,33.71351969057665,1580.0,1580.0,0.0,No Quality Issue,High Rejection,Excellent
RB-002677,Rift Bloom - Kesses Farm,Cool Water,60.0,,10.0,149.0,1490.0,2025-01-17,2025-01-19,2025-01-21,2025-01-23,Russia,FloraHolland Auction,KES,52.65,784485.0,ROAD THEN AIR,172.59,2.6,0.0,,UNKNOWN,4.0,False,False,False,2.0,2.0,True,False,2025.0,1.0,1.0,2025.0,1.0,1.0,2025.0,2025.0,1.0,2.0,6.0,784485.0,172.59,784312.41,99.97799957934187,1490.0,1490.0,0.0,No Quality Issue,High Rejection,Good
RB-000366,Rift Bloom - Ziwa Farm,Explorer,70.0,C,40.0,184.0,7360.0,2024-12-24,2024-12-26,2024-12-28,2024-12-31,Germany,Blume2000,USD,0.642,4725.12,AIR FREIGHT,304.75,1.3,0.0,,NAN,5.0,True,False,False,2.0,3.0,True,False,2024.0,12.0,4.0,2024.0,12.0,4.0,2024.0,2024.0,12.0,2.0,7.0,4725.12,304.75,4420.37,93.55042834890965,7360.0,7360.0,0.0,No Quality Issue,High Rejection,Excellent
RB-001386,Rift Bloom - Timboroa Farm,Peach Avalanche,40.0,PREMIUM,10.0,131.0,1310.0,2023-12-26,2023-12-26,2023-12-27,2023-12-30,Netherlands,FloraHolland Auction,NAN,0.272,356.32,AIR FREIGHT,70.82,4.1,0.0,,NAN,4.0,False,False,False,1.0,3.0,True,False,2023.0,12.0,4.0,2023.0,12.0,4.0,2023.0,2023.0,12.0,0.0,4.0,356.32,70.82,285.5,80.1246070947463,1310.0,1310.0,0.0,No Quality Issue,High Rejection,Good
RB-001449,Rift Bloom - Ziwa Farm,Cool Water,60.0,B,10.0,86.0,860.0,2025-10-17,2025-10-17,2025-10-21,2025-10-25,France,Aalsmeer Direct,EUR,0.399,343.14,ROAD THEN AIR,666.59,4.4,0.0,,PAID,5.0,False,False,False,4.0,4.0,True,False,2025.0,10.0,4.0,2025.0,10.0,4.0,2025.0,2025.0,10.0,0.0,8.0,343.14,666.59,-323.45000000000005,-94.26181733403277,860.0,860.0,0.0,No Quality Issue,High Rejection,Excellent
RB-000526,Rift Bloom - Timboroa Farm,Circus,50.0,,20.0,85.0,1700.0,2026-01-08,2026-08-02,2026-08-04,2026-08-05,Russia,Tokyo Flower Market,EUR,0.347,5899.0,NAN,104.11,1.5,0.0,,NAN,5.0,False,False,False,2.0,1.0,True,False,2026.0,1.0,1.0,2026.0,8.0,3.0,2026.0,2026.0,8.0,206.0,209.0,5899.0,104.11,5794.89,98.23512459738939,1700.0,1700.0,0.0,No Quality Issue,High Rejection,Excellent
RB-000507,Rift Bloom - Moiben Farm,Sweetness,40.0,,10.0,93.0,930.0,2025-01-11,2025-02-11,2025-05-11,2025-10-11,USA,Tokyo Flower Market,NAN,0.382,3552.6,AIR FREIGHT,275.85,-1.0,0.0,,PAID,4.0,False,False,True,89.0,153.0,True,False,2025.0,1.0,1.0,2025.0,2.0,1.0,2025.0,2025.0,10.0,31.0,273.0,3552.6,275.85,3276.75,92.23526431346056,930.0,930.0,0.0,No Quality Issue,High Rejection,Good
RB-000480,Rift Bloom - Timboroa Farm,Explorer,40.0,STANDARD,25.0,123.0,3075.0,2022-02-02,2022-02-04,2022-08-02,2022-09-02,United States,M-Farm Traders,KES,56.16,172692.0,AIR FREIGHT,280.94,1.8,0.0,,PAID,4.0,False,False,False,179.0,31.0,True,False,2022.0,2.0,1.0,2022.0,2.0,1.0,2022.0,2022.0,9.0,2.0,212.0,172692.0,280.94,172411.06,99.83731730479698,3075.0,3075.0,0.0,No Quality Issue,High Rejection,Good
RB-000688,Rift Bloom - Ziwa Farm,RedNaomi,80.0,B,20.0,182.0,3640.0,2024-11-24,2024-11-25,2024-11-29,2024-11-30,United Arab Emirates,M-Farm Traders,USD,0.269,979.16,AIR FREIGHT,73.36,0.3,0.0,,PAID,5.0,False,False,False,4.0,1.0,True,False,2024.0,11.0,4.0,2024.0,11.0,4.0,2024.0,2024.0,11.0,1.0,6.0,979.16,73.36,905.8,92.50786388332857,3640.0,3640.0,0.0,No Quality Issue,High Rejection,Excellent
RB-002589,Rift Bloom - Timboroa Farm,Vendela,80.0,PREMIUM,25.0,20.0,500.0,2026-03-06,2026-06-03,2026-07-03,2026-12-03,Poland,Carrefour Flowers,KES,44.33,22165.0,AIR FREIGHT,464.7,0.5,0.0,,NAN,5.0,False,False,False,30.0,153.0,True,False,2026.0,3.0,1.0,2026.0,6.0,2.0,2026.0,2026.0,12.0,89.0,272.0,22165.0,464.7,21700.3,97.90345138732235,500.0,500.0,0.0,No Quality Issue,High Rejection,Excellent
RB-001385,Rift Bloom - Moiben Farm,Circus,80.0,,40.0,81.0,3240.0,2022-12-17,2022-12-19,2022-12-20,2022-12-24,United States,FloraHolland Auction,USD,0.363,1176.12,AIR FREIGHT,135.89,4.2,0.0,,NAN,3.0,False,False,False,1.0,4.0,True,False,2022.0,12.0,4.0,2022.0,12.0,4.0,2022.0,2022.0,12.0,2.0,7.0,1176.12,135.89,1040.23,88.44590688025032,3240.0,3240.0,0.0,No Quality Issue,High Rejection,Average
RB-001707,Rift Bloom - Kesses Farm,Athena,60.0,STANDARD,40.0,241.0,9640.0,2025-03-20,2025-03-21,2025-03-24,2025-03-26,Switzerland,Local Wholesaler - Eldoret,KES,57.33,552661.2,AIR FREIGHT,606.88,2.8,0.0,,PENDING,3.0,False,False,False,3.0,2.0,True,False,2025.0,3.0,1.0,2025.0,3.0,1.0,2025.0,2025.0,3.0,1.0,6.0,552661.2,606.88,552054.32,99.89018950489016,9640.0,9640.0,0.0,No Quality Issue,High Rejection,Average
RB-001321,Rift Bloom - Kesses Farm,Mondial,80.0,UNKNOWN,20.0,95.0,1900.0,2023-03-29,2023-03-29,2023-03-31,2023-04-04,Germany,Dubai Flower Centre,EUR,0.536,1018.4,AIR FREIGHT,271.07,1.3,0.0,Wilting,PAID,4.0,False,False,False,2.0,4.0,True,False,2023.0,3.0,1.0,2023.0,3.0,1.0,2023.0,2023.0,4.0,0.0,6.0,1018.4,271.07,747.3299999999999,73.38275726630008,1900.0,1900.0,0.0,Quality Issue,High Rejection,Good
RB-000603,Rift Bloom - Kesses Farm,Yellow Babe,90.0,A,25.0,185.0,4625.0,2023-02-28,,2023-02-03,2023-05-03,France,Whole Foods Market,USD,0.356,1646.5,AIR FREIGHT,,,0.0,,PENDING,5.0,False,False,False,,89.0,False,False,2023.0,2.0,1.0,,,,2023.0,2023.0,5.0,,64.0,1646.5,,,,4625.0,4625.0,0.0,No Quality Issue,High Rejection,Excellent
RB-000241,Rift Bloom - Kesses Farm,Circus,60.0,C,20.0,167.0,3340.0,2022-06-06,2022-06-07,2022-10-06,2022-06-16,Japan,Local Wholesaler - Eldoret,NAN,0.645,2154.3,AIR FREIGHT,,1.7,0.0,,PAID,3.0,False,False,False,121.0,-112.0,False,False,2022.0,6.0,2.0,2022.0,6.0,2.0,2022.0,2022.0,6.0,1.0,10.0,2154.3,,,,3340.0,3340.0,0.0,No Quality Issue,High Rejection,Average
RB-000449,Rift Bloom - Kapseret Farm,Red Naomi,60.0,C,40.0,44.0,1760.0,2022-05-03,2022-05-05,2022-08-05,2022-05-10,Germany,Interflora Russia,EUR,0.345,607.2,ROAD THEN AIR,66.0,2.9,0.0,,OVERDUE,4.0,False,False,False,92.0,-87.0,False,False,2022.0,5.0,2.0,2022.0,5.0,2.0,2022.0,2022.0,5.0,2.0,7.0,607.2,66.0,541.2,89.13043478260869,1760.0,1760.0,0.0,No Quality Issue,High Rejection,Good
RB-001410,Rift Bloom - Ziwa Farm,High & Magic,60.0,A,25.0,124.0,3100.0,2022-02-04,2022-03-04,2022-04-04,2022-09-04,Australia,M-Farm Traders,NAN,0.267,827.7,AIR FREIGHT,432.66,1.3,0.0,,PAID,4.0,False,False,False,31.0,153.0,True,False,2022.0,2.0,1.0,2022.0,3.0,1.0,2022.0,2022.0,9.0,28.0,212.0,827.7,432.66,395.04,47.72743747734686,3100.0,3100.0,0.0,No Quality Issue,High Rejection,Good
RB-002496,Rift Bloom - Timboroa Farm,Freedom,70.0,PREMIUM,40.0,213.0,8520.0,2023-04-10,,2023-04-12,2023-04-18,France,Tokyo Flower Market,EUR,0.163,1388.76,AIR FREIGHT,164.28,2.4,0.0,,PAID,1.0,False,False,False,,6.0,False,False,2023.0,4.0,2.0,,,,2023.0,2023.0,4.0,,8.0,1388.76,164.28,1224.48,88.17074224488033,8520.0,8520.0,0.0,No Quality Issue,High Rejection,Poor
RB-002553,Rift Bloom - Kapseret Farm,Peach Avalanche,90.0,B,20.0,112.0,2240.0,2024-08-28,2024-08-28,2024-08-30,2024-05-09,Japan,Local Wholesaler - Eldoret,USD,0.558,1249.92,NAN,340.3,1.8,0.0,,OVERDUE,4.0,False,False,False,2.0,-113.0,False,False,2024.0,8.0,3.0,2024.0,8.0,3.0,2024.0,2024.0,5.0,0.0,-111.0,1249.92,340.3,909.6200000000001,72.77425755248336,2240.0,2240.0,0.0,No Quality Issue,High Rejection,Good
RB-002461,Rift Bloom - Turbo Farm,Cool Water,50.0,A,20.0,75.0,1500.0,2025-05-03,2025-03-07,2025-03-09,2025-03-15,U.A.E,Tokyo Flower Market,EUR,0.398,597.0,AIR FREIGHT,233.25,2.8,0.0,,PAID,4.0,False,False,False,2.0,6.0,True,False,2025.0,5.0,2.0,2025.0,3.0,1.0,2025.0,2025.0,3.0,-57.0,-49.0,597.0,233.25,363.75,60.929648241206024,1500.0,1500.0,0.0,No Quality Issue,High Rejection,Good
RB-002619,Rift Bloom - Kesses Farm,High & Magic,90.0,A,20.0,44.0,880.0,2023-07-13,2023-07-14,2023-07-18,2023-07-24,Norway,Tokyo Flower Market,EUR,0.225,198.0,AIR FREIGHT,238.92,-0.6,0.0,,OVERDUE,5.0,False,False,True,4.0,6.0,True,False,2023.0,7.0,3.0,2023.0,7.0,3.0,2023.0,2023.0,7.0,1.0,11.0,198.0,238.92,-40.91999999999999,-20.66666666666666,880.0,880.0,0.0,No Quality Issue,High Rejection,Excellent
RB-001870,Rift Bloom - Ziwa Farm,Cool Water,50.0,STANDARD,25.0,62.0,1550.0,2023-06-23,2023-06-25,2023-06-26,2023-06-29,USA,Marks & Spencer Flowers,USD,0.313,485.15,ROAD THEN AIR,,,0.0,,NAN,4.0,False,False,False,1.0,3.0,True,False,2023.0,6.0,2.0,2023.0,6.0,2.0,2023.0,2023.0,6.0,2.0,6.0,485.15,,,,1550.0,1550.0,0.0,No Quality Issue,High Rejection,Good
RB-000377,Rift Bloom - Ziwa Farm,Mondial,70.0,B,20.0,167.0,3340.0,2026-06-15,2026-06-16,2026-06-18,2026-06-20,United Arab Emirates,Blume2000,EUR,0.221,738.14,AIR FREIGHT,151.0,2.1,0.0,,PENDING,2.0,False,False,False,2.0,2.0,True,False,2026.0,6.0,2.0,2026.0,6.0,2.0,2026.0,2026.0,6.0,1.0,5.0,738.14,151.0,587.14,79.5431760912564,3340.0,3340.0,0.0,No Quality Issue,High Rejection,Poor
RB-001230,Rift Bloom - Ziwa Farm,Circus,90.0,,25.0,53.0,1325.0,2023-02-03,2023-04-02,2023-07-02,2023-02-09,Switzerland,Bloomon BV,NAN,0.219,290.18,ROAD THEN AIR,354.05,0.3,0.0,,PAID,5.0,False,False,False,91.0,-143.0,False,False,2023.0,2.0,1.0,2023.0,4.0,2.0,2023.0,2023.0,2.0,58.0,6.0,290.18,354.05,-63.870000000000005,-22.010476256116895,1325.0,1325.0,0.0,No Quality Issue,High Rejection,Excellent
RB-000264,Rift Bloom - Turbo Farm,Avalanche,80.0,PREMIUM,40.0,45.0,1800.0,2025-08-01,2025-01-10,2025-01-12,2025-01-13,Holland,Bloomon BV,KES,38.22,68796.0,AIR FREIGHT,286.49,2.5,0.0,,PAID,5.0,False,False,False,2.0,1.0,True,False,2025.0,8.0,3.0,2025.0,1.0,1.0,2025.0,2025.0,1.0,-203.0,-200.0,68796.0,286.49,68509.51,99.58356590499446,1800.0,1800.0,0.0,No Quality Issue,High Rejection,Excellent
RB-000616,Rift Bloom - Timboroa Farm,Vendela,60.0,A,25.0,84.0,2100.0,2023-08-09,2023-08-11,2023-08-14,2023-08-16,Japan,Aalsmeer Direct,EUR,0.225,472.5,AIR FREIGHT,465.38,2.3,0.0,,PAID,5.0,False,False,False,3.0,2.0,True,False,2023.0,8.0,3.0,2023.0,8.0,3.0,2023.0,2023.0,8.0,2.0,7.0,472.5,465.38,7.1200000000000045,1.5068783068783078,2100.0,2100.0,0.0,No Quality Issue,High Rejection,Excellent
RB-000504,Rift Bloom - Moiben Farm,Cool Water,60.0,C,20.0,214.0,4280.0,2025-12-01,2025-02-12,2025-12-04,2025-07-12,USA,Marks & Spencer Flowers,EUR,0.257,1099.96,AIR FREIGHT,379.41,,6.0,Stem Bent,NAN,4.0,False,False,False,295.0,-145.0,False,False,2025.0,12.0,4.0,2025.0,2.0,1.0,2025.0,2025.0,7.0,-292.0,-142.0,1099.96,379.41,720.55,65.50692752463725,4280.0,4280.0,0.14018691588785046,Quality Issue,High Rejection,Good
RB-000058,Rift Bloom - Kesses Farm,red naomi,50.0,,40.0,145.0,5800.0,2024-01-30,2024-01-30,2024-02-01,2024-03-02,Netherlands,Tokyo Flower Market,USD,0.313,1815.4,AIR FREIGHT,107.76,1.1,0.0,,PAID,4.0,False,False,False,2.0,30.0,True,False,2024.0,1.0,1.0,2024.0,1.0,1.0,2024.0,2024.0,3.0,0.0,32.0,1815.4,107.76,1707.64,94.06411810069406,5800.0,5800.0,0.0,No Quality Issue,High Rejection,Good
RB-002480,Rift Bloom - Kesses Farm,Tibet,40.0,B,25.0,46.0,1150.0,,2026-02-01,2026-01-05,2026-08-01,Japan,Marks & Spencer Flowers,KES,10.66,12259.0,AIR FREIGHT,161.53,1.5,0.0,,PAID,3.0,False,False,False,-27.0,208.0,False,False,,,,2026.0,2.0,1.0,2026.0,2026.0,8.0,,,12259.0,161.53,12097.47,98.68235582021371,1150.0,1150.0,0.0,No Quality Issue,High Rejection,Average
RB-001472,Rift Bloom - Moiben Farm,Sweetness,70.0,,20.0,91.0,1820.0,2025-04-09,2025-10-04,2025-04-14,2025-04-16,United Arab Emirates,Carrefour Flowers,USD,0.431,784.42,AIR FREIGHT,292.8,,0.0,,PENDING,3.0,False,False,False,-173.0,2.0,False,False,2025.0,4.0,2.0,2025.0,10.0,4.0,2025.0,2025.0,4.0,178.0,7.0,784.42,292.8,491.61999999999995,62.673057800668005,1820.0,1820.0,0.0,No Quality Issue,High Rejection,Average
RB-002712,Rift Bloom - Turbo Farm,Vendela,70.0,PREMIUM,10.0,119.0,1190.0,2022-11-26,2022-11-27,2022-01-12,2022-12-06,Netherlands,Bloomon BV,EUR,0.452,537.88,NAN,62.64,3.1,0.0,,PENDING,4.0,False,False,False,-319.0,328.0,False,False,2022.0,11.0,4.0,2022.0,11.0,4.0,2022.0,2022.0,12.0,1.0,10.0,537.88,62.64,475.24,88.35427976500335,1190.0,1190.0,0.0,No Quality Issue,High Rejection,Good
RB-000233,Rift Bloom - Moiben Farm,Pink Floyd,80.0,PREMIUM,25.0,114.0,2850.0,2025-02-14,2025-02-14,2025-02-17,2025-02-20,France,Carrefour Flowers,NAN,0.309,880.65,ROAD THEN AIR,472.33,3.3,0.0,,PENDING,4.0,False,False,False,3.0,3.0,True,False,2025.0,2.0,1.0,2025.0,2.0,1.0,2025.0,2025.0,2.0,0.0,6.0,880.65,472.33,408.32,46.36575256912508,2850.0,2850.0,0.0,No Quality Issue,High Rejection,Good
RB-001633,Rift Bloom - Timboroa Farm,Mondial,60.0,A,20.0,201.0,4020.0,2024-08-03,2024-10-03,2024-03-12,2024-03-18,Russia,M-Farm Traders,NAN,0.093,373.86,AIR FREIGHT,55.9,2.8,0.0,,OVERDUE,4.0,False,False,False,-205.0,6.0,False,False,2024.0,8.0,3.0,2024.0,10.0,4.0,2024.0,2024.0,3.0,61.0,-138.0,373.86,55.9,317.96000000000004,85.04787888514417,4020.0,4020.0,0.0,No Quality Issue,High Rejection,Good
RB-002908,Rift Bloom - Moiben Farm,Vendela,90.0,A,40.0,89.0,3560.0,2024-08-17,2024-08-17,2024-08-21,2024-08-24,Japan,Tokyo Flower Market,EUR,0.323,1149.88,AIR FREIGHT,,1.6,0.0,,PAID,5.0,False,False,False,4.0,3.0,True,False,2024.0,8.0,3.0,2024.0,8.0,3.0,2024.0,2024.0,8.0,0.0,7.0,1149.88,,,,3560.0,3560.0,0.0,No Quality Issue,High Rejection,Excellent
RB-001847,Rift Bloom - Turbo Farm,High & Magic,0.0,PREMIUM,10.0,133.0,1330.0,2022-09-08,2022-10-08,2022-08-12,2022-08-14,Switzerland,Carrefour Flowers,UNKNOWN,0.466,619.78,ROAD THEN AIR,600.34,,0.0,,PAID,3.0,False,False,False,-57.0,2.0,False,False,2022.0,9.0,3.0,2022.0,10.0,4.0,2022.0,2022.0,8.0,30.0,-25.0,619.78,600.34,19.43999999999994,3.1365968569492306,1330.0,1330.0,0.0,No Quality Issue,High Rejection,Average
RB-001482,Rift Bloom - Ziwa Farm,FREEDOM,60.0,PREMIUM,20.0,110.0,2200.0,2024-06-29,2024-06-30,2024-07-04,2024-08-07,Russia,M-Farm Traders,EUR,0.306,673.2,AIR FREIGHT,92.22,3.7,0.0,,UNKNOWN,5.0,False,False,False,4.0,34.0,True,False,2024.0,6.0,2.0,2024.0,6.0,2.0,2024.0,2024.0,8.0,1.0,39.0,673.2,92.22,580.98,86.301247771836,2200.0,2200.0,0.0,No Quality Issue,High Rejection,Excellent
RB-001602,Rift Bloom - Timboroa Farm,Peach Avalanche,60.0,PREMIUM,10.0,95.0,950.0,2024-03-19,2024-03-19,2024-03-22,2024-03-26,Switzerland,Dubai Flower Centre,KES,49.14,46683.0,NAN,246.81,-0.6,0.0,,PENDING,4.0,False,False,True,3.0,4.0,True,False,2024.0,3.0,1.0,2024.0,3.0,1.0,2024.0,2024.0,3.0,0.0,7.0,46683.0,246.81,46436.19,99.47130647130648,950.0,950.0,0.0,No Quality Issue,High Rejection,Good
RB-002836,Rift Bloom - Kapseret Farm,Freedom,90.0,A,25.0,35.0,875.0,2024-05-21,2024-05-21,2024-05-25,2024-05-29,Australia,Whole Foods Market,EUR,0.624,546.0,ROAD THEN AIR,258.85,1.4,0.0,,NAN,4.0,False,False,False,4.0,4.0,True,False,2024.0,5.0,2.0,2024.0,5.0,2.0,2024.0,2024.0,5.0,0.0,8.0,546.0,258.85,287.15,52.59157509157508,875.0,875.0,0.0,No Quality Issue,High Rejection,Good
RB-001078,Rift Bloom - Ziwa Farm,Avalanche,60.0,B,25.0,61.0,1525.0,2026-05-02,2026-05-02,2026-07-02,2026-02-08,Netherlands,Interflora Russia,KES,50.44,76921.0,AIR FREIGHT,335.67,2.8,0.0,,OVERDUE,5.0,False,False,False,61.0,-144.0,False,False,2026.0,5.0,2.0,2026.0,5.0,2.0,2026.0,2026.0,2.0,0.0,-83.0,76921.0,335.67,76585.33,99.56361721766488,1525.0,1525.0,0.0,No Quality Issue,High Rejection,Excellent
RB-000786,Rift Bloom - Kesses Farm,Circus,70.0,A,25.0,143.0,3575.0,2025-03-16,2025-03-17,2025-03-21,2025-03-25,France,Dubai Flower Centre,KES,39.0,139425.0,AIR FREIGHT,110.55,0.0,0.0,,PENDING,4.0,False,False,False,4.0,4.0,True,False,2025.0,3.0,1.0,2025.0,3.0,1.0,2025.0,2025.0,3.0,1.0,9.0,139425.0,110.55,139314.45,99.9207100591716,3575.0,3575.0,0.0,No Quality Issue,High Rejection,Good
RB-002817,Rift Bloom - Ziwa Farm,Yellow Babe,0.0,PREMIUM,40.0,21.0,840.0,2026-02-15,2026-02-17,2026-02-18,2026-02-24,United Kingdom,Dubai Flower Centre,EUR,0.304,255.36,ROAD THEN AIR,38.85,2.2,0.0,,PAID,4.0,False,False,False,1.0,6.0,True,False,2026.0,2.0,1.0,2026.0,2.0,1.0,2026.0,2026.0,2.0,2.0,9.0,255.36,38.85,216.51000000000002,84.78618421052632,840.0,840.0,0.0,No Quality Issue,High Rejection,Good
RB-000174,Rift Bloom - Moiben Farm,Circus,70.0,STANDARD,25.0,71.0,1775.0,2022-05-04,2022-05-05,2022-05-08,2022-05-12,Holland,Aalsmeer Direct,NAN,0.382,678.05,AIR FREIGHT,398.0,-0.2,0.0,,OVERDUE,4.0,False,False,True,3.0,4.0,True,False,2022.0,5.0,2.0,2022.0,5.0,2.0,2022.0,2022.0,5.0,1.0,8.0,678.05,398.0,280.04999999999995,41.30226384484919,1775.0,1775.0,0.0,No Quality Issue,High Rejection,Good
RB-000142,Rift Bloom - Kesses Farm,Tibet,50.0,B,25.0,79.0,1975.0,,2025-07-23,2025-07-25,,Russia,Local Wholesaler - Eldoret,USD,0.145,286.38,NAN,147.36,3.5,66.0,,PENDING,4.0,False,False,False,2.0,,False,False,,,,2025.0,7.0,3.0,2025.0,,,,,286.38,147.36,139.01999999999998,48.54389272993924,1975.0,1975.0,3.3417721518987342,No Quality Issue,High Rejection,Good
RB-000205,Rift Bloom - Kapseret Farm,Tibet,70.0,C,20.0,66.0,1320.0,2025-01-15,2025-01-16,2025-01-19,2025-01-22,uae,M-Farm Traders,EUR,0.202,266.64,UNKNOWN,,0.0,0.0,,PENDING,3.0,False,False,False,3.0,3.0,True,False,2025.0,1.0,1.0,2025.0,1.0,1.0,2025.0,2025.0,1.0,1.0,7.0,266.64,,,,1320.0,1320.0,0.0,No Quality Issue,High Rejection,Average
RB-002097,Rift Bloom - Kapseret Farm,Sweetness,50.0,A,10.0,119.0,1190.0,2022-01-30,2022-01-31,2022-04-02,2022-06-02,USA,Interflora Russia,EUR,0.282,335.58,ROAD THEN AIR,,0.1,8.0,-,PAID,4.0,False,False,False,61.0,61.0,True,True,2022.0,1.0,1.0,2022.0,1.0,1.0,2022.0,2022.0,6.0,1.0,123.0,335.58,,,,1190.0,1190.0,0.6722689075630253,Quality Issue,High Rejection,Good
RB-002077,Rift Bloom - Timboroa Farm,Peach Avalanche,90.0,PREMIUM,40.0,84.0,3360.0,2022-04-01,2022-04-01,2022-06-01,2022-10-01,Netherlands,Carrefour Flowers,EUR,0.619,2079.84,ROAD THEN AIR,159.1,1.2,0.0,,PAID,5.0,False,False,False,61.0,122.0,True,False,2022.0,4.0,2.0,2022.0,4.0,2.0,2022.0,2022.0,10.0,0.0,183.0,2079.84,159.1,1920.7400000000002,92.35037310562352,3360.0,3360.0,0.0,No Quality Issue,High Rejection,Excellent
RB-002162,Rift Bloom - Timboroa Farm,Sweetness,500.0,STANDARD,20.0,90.0,1800.0,2023-01-18,2023-01-18,2023-01-21,2023-01-22,USA,M-Farm Traders,EUR,0.27,486.0,NAN,90.19,1.0,0.0,,PAID,3.0,False,False,False,3.0,1.0,True,False,2023.0,1.0,1.0,2023.0,1.0,1.0,2023.0,2023.0,1.0,0.0,4.0,486.0,90.19,395.81,81.44238683127573,1800.0,1800.0,0.0,No Quality Issue,High Rejection,Average
RB-001684,Rift Bloom - Moiben Farm,Yellow Babe,60.0,,25.0,132.0,3300.0,2025-03-26,2025-03-28,2025-03-31,2025-04-05,Russia,Bloomon BV,USD,0.341,1125.3,AIR FREIGHT,320.06,3.5,0.0,,PAID,5.0,False,False,False,3.0,5.0,True,False,2025.0,3.0,1.0,2025.0,3.0,1.0,2025.0,2025.0,4.0,2.0,10.0,1125.3,320.06,805.24,71.55780680707367,3300.0,3300.0,0.0,No Quality Issue,High Rejection,Excellent
RB-000682,Rift Bloom - Timboroa Farm,Red-Naomi,60.0,B,10.0,134.0,1340.0,2023-11-14,2023-11-16,2023-11-19,2023-11-20,Russia,Local Wholesaler - Eldoret,EUR,0.31,415.4,AIR FREIGHT,466.78,,0.0,,PENDING,3.0,False,False,False,3.0,1.0,True,False,2023.0,11.0,4.0,2023.0,11.0,4.0,2023.0,2023.0,11.0,2.0,6.0,415.4,466.78,-51.379999999999995,-12.368801155512758,1340.0,1340.0,0.0,No Quality Issue,High Rejection,Average
RB-002506,Rift Bloom - Kapseret Farm,Cool Water,80.0,PREMIUM,25.0,85.0,2125.0,2025-10-16,2025-10-17,2025-10-21,2025-10-25,Norway,M-Farm Traders,UNKNOWN,0.479,1017.88,AIR FREIGHT,438.3,1.1,0.0,,PENDING,3.0,False,False,False,4.0,4.0,True,False,2025.0,10.0,4.0,2025.0,10.0,4.0,2025.0,2025.0,10.0,1.0,9.0,1017.88,438.3,579.5799999999999,56.939914331748334,2125.0,2125.0,0.0,No Quality Issue,High Rejection,Average
RB-002218,Rift Bloom - Moiben Farm,Sweetness,50.0,PREMIUM,40.0,146.0,5840.0,2023-11-23,2023-11-24,2023-11-26,2023-12-02,USA,Local Wholesaler - Eldoret,USD,0.314,1833.76,AIR FREIGHT,342.28,1.3,34.0,Wilting,PENDING,4.0,False,False,False,2.0,6.0,True,False,2023.0,11.0,4.0,2023.0,11.0,4.0,2023.0,2023.0,12.0,1.0,9.0,1833.76,342.28,1491.48,81.33452578309048,5840.0,5840.0,0.5821917808219178,Quality Issue,High Rejection,Good
RB-000846,Rift Bloom - Turbo Farm,Circus,40.0,A,25.0,111.0,2775.0,2025-06-22,2025-06-24,2025-06-27,2025-03-07,Switzerland,Tokyo Flower Market,USD,0.299,829.73,ROAD THEN AIR,480.13,0.3,0.0,,OVERDUE,5.0,False,False,False,3.0,-112.0,False,False,2025.0,6.0,2.0,2025.0,6.0,2.0,2025.0,2025.0,3.0,2.0,-107.0,829.73,480.13,349.6,42.134188229906115,2775.0,2775.0,0.0,No Quality Issue,High Rejection,Excellent
RB-001326,Rift Bloom - Moiben Farm,Vendela,70.0,C,40.0,62.0,2480.0,2026-04-04,2026-04-04,2026-04-06,2026-04-11,Poland,Marks & Spencer Flowers,USD,0.418,1036.64,AIR FREIGHT,259.36,0.6,0.0,,NAN,4.0,False,False,False,2.0,5.0,True,False,2026.0,4.0,2.0,2026.0,4.0,2.0,2026.0,2026.0,4.0,0.0,7.0,1036.64,259.36,777.2800000000001,74.98070689921285,2480.0,2480.0,0.0,No Quality Issue,High Rejection,Good
RB-002905,Rift Bloom - Timboroa Farm,Avalanche,70.0,,10.0,120.0,1200.0,2024-11-25,2024-11-26,2024-11-28,2024-12-03,Netherlands,Blume2000,EUR,0.249,298.8,NAN,531.23,2.4,0.0,,PAID,3.0,False,False,False,2.0,5.0,True,False,2024.0,11.0,4.0,2024.0,11.0,4.0,2024.0,2024.0,12.0,1.0,8.0,298.8,531.23,-232.43,-77.78781793842035,1200.0,1200.0,0.0,No Quality Issue,High Rejection,Average
RB-002683,Rift Bloom - Moiben Farm,Tibet,90.0,PREMIUM,25.0,146.0,3650.0,2022-06-08,2022-08-08,2022-08-10,2022-08-16,USA,Interflora Russia,EUR,0.384,1401.6,AIR FREIGHT,422.91,20.4,0.0,,PAID,3.0,False,False,False,2.0,6.0,True,False,2022.0,6.0,2.0,2022.0,8.0,3.0,2022.0,2022.0,8.0,61.0,69.0,1401.6,422.91,978.6899999999998,69.82662671232876,3650.0,3650.0,0.0,No Quality Issue,High Rejection,Average
RB-001817,Rift Bloom - Kesses Farm,Peach Avalanche,40.0,STANDARD,40.0,130.0,5200.0,2024-02-01,2024-04-01,2024-01-06,2024-11-01,Poland,FloraHolland Auction,KES,70.07,364364.0,AIR FREIGHT,490.18,3.5,10.0,,PAID,5.0,False,False,False,-86.0,300.0,False,False,2024.0,2.0,1.0,2024.0,4.0,2.0,2024.0,2024.0,11.0,60.0,274.0,364364.0,490.18,363873.82,99.86546969514004,5200.0,5200.0,0.19230769230769232,No Quality Issue,High Rejection,Excellent
RB-000936,Rift Bloom - Kapseret Farm,Yellow Babe,70.0,PREMIUM,40.0,77.0,3080.0,2023-06-29,2023-06-29,2023-07-01,2023-02-07,Japan,Aalsmeer Direct,USD,0.26,800.8,ROAD THEN AIR,209.31,1.6,0.0,,PAID,4.0,False,False,False,2.0,-144.0,False,False,2023.0,6.0,2.0,2023.0,6.0,2.0,2023.0,2023.0,2.0,0.0,-142.0,800.8,209.31,591.49,73.86238761238761,3080.0,3080.0,0.0,No Quality Issue,High Rejection,Good
RB-001087,Rift Bloom - Moiben Farm,FREEDOM,80.0,STANDARD,20.0,96.0,1920.0,2026-04-17,2026-04-18,2026-04-22,2026-04-24,Poland,Marks & Spencer Flowers,EUR,0.541,1038.72,ROAD THEN AIR,33.6,2.8,0.0,,PAID,4.0,False,False,False,4.0,2.0,True,False,2026.0,4.0,2.0,2026.0,4.0,2.0,2026.0,2026.0,4.0,1.0,7.0,1038.72,33.6,1005.12,96.76524953789279,1920.0,1920.0,0.0,No Quality Issue,High Rejection,Good
RB-001778,Rift Bloom - Kesses Farm,Circus,70.0,C,10.0,48.0,480.0,2025-07-11,2025-11-08,2025-11-09,2025-11-11,France,Local Wholesaler - Eldoret,USD,0.332,159.36,AIR FREIGHT,511.57,22.9,4.0,,PAID,3.0,False,False,False,1.0,2.0,True,False,2025.0,7.0,3.0,2025.0,11.0,4.0,2025.0,2025.0,11.0,120.0,123.0,159.36,511.57,-352.21,-221.0153112449799,480.0,480.0,0.8333333333333334,No Quality Issue,High Rejection,Average
RB-001292,Rift Bloom - Kapseret Farm,Sweetness,40.0,PREMIUM,25.0,34.0,850.0,2023-06-12,2023-06-13,2023-06-17,2023-06-19,France,Interflora Russia,EUR,0.356,3026.0,AIR FREIGHT,112.12,1.3,0.0,,OVERDUE,4.0,False,False,False,4.0,2.0,True,False,2023.0,6.0,2.0,2023.0,6.0,2.0,2023.0,2023.0,6.0,1.0,7.0,3026.0,112.12,2913.88,96.29477858559154,850.0,850.0,0.0,No Quality Issue,High Rejection,Good
RB-000269,Rift Bloom - Kesses Farm,Sweetness,70.0,STANDARD,20.0,89.0,1780.0,2022-02-02,2022-02-02,2022-05-02,2022-11-02,Germany,Tokyo Flower Market,USD,0.295,525.1,AIR FREIGHT,87.09,2.7,0.0,,PAID,3.0,False,False,False,89.0,184.0,True,False,2022.0,2.0,1.0,2022.0,2.0,1.0,2022.0,2022.0,11.0,0.0,273.0,525.1,87.09,438.01,83.41458769758141,1780.0,1780.0,0.0,No Quality Issue,High Rejection,Average
RB-001006,Rift Bloom - Kapseret Farm,Vendela,70.0,B,25.0,97.0,2425.0,2023-05-24,2023-05-26,2023-05-28,2023-05-31,Russia,Bloomon BV,USD,0.253,613.52,NAN,8.26,3.3,0.0,,PENDING,4.0,False,False,False,2.0,3.0,True,False,2023.0,5.0,2.0,2023.0,5.0,2.0,2023.0,2023.0,5.0,2.0,7.0,613.52,8.26,605.26,98.65367062198462,2425.0,2425.0,0.0,No Quality Issue,High Rejection,Good
RB-000512,Rift Bloom - Timboroa Farm,Explorer,50.0,STANDARD,40.0,52.0,2080.0,2024-01-10,2024-02-10,2024-04-10,2024-05-10,Norway,FloraHolland Auction,USD,0.14,291.2,AIR FREIGHT,379.25,2.6,0.0,,PAID,4.0,False,False,False,60.0,30.0,True,False,2024.0,1.0,1.0,2024.0,2.0,1.0,2024.0,2024.0,5.0,31.0,121.0,291.2,379.25,-88.05000000000001,-30.236950549450555,2080.0,2080.0,0.0,No Quality Issue,High Rejection,Good
RB-001616,Rift Bloom - Turbo Farm,Freedom,50.0,B,40.0,183.0,7320.0,2022-07-07,2022-08-07,2022-12-07,2022-07-16,Japan,Tokyo Flower Market,EUR,0.139,1017.48,AIR FREIGHT,309.96,2.8,0.0,,PENDING,4.0,False,False,False,122.0,-144.0,False,False,2022.0,7.0,3.0,2022.0,8.0,3.0,2022.0,2022.0,7.0,31.0,9.0,1017.48,309.96,707.52,69.5365019459842,7320.0,7320.0,0.0,No Quality Issue,High Rejection,Good
RB-002360,rift bloom turbo farm,Cool Water,50.0,PREMIUM,10.0,110.0,1100.0,2025-07-08,2025-08-08,2025-12-08,2025-08-18,Australia,Aalsmeer Direct,UNKNOWN,0.337,370.7,NAN,826.67,0.0,0.0,,NAN,4.0,False,False,False,122.0,-112.0,False,False,2025.0,7.0,3.0,2025.0,8.0,3.0,2025.0,2025.0,8.0,31.0,41.0,370.7,826.67,-455.96999999999997,-123.00242783922309,1100.0,1100.0,0.0,No Quality Issue,High Rejection,Good
RB-000101,Rift Bloom - Moiben Farm,Peach Avalanche,70.0,C,20.0,36.0,720.0,2025-02-08,2025-08-04,2025-08-05,2025-08-08,uae,Bloomon BV,EUR,0.376,270.72,AIR FREIGHT,496.0,2.5,0.0,,PENDING,4.0,False,False,False,1.0,3.0,True,False,2025.0,2.0,1.0,2025.0,8.0,3.0,2025.0,2025.0,8.0,177.0,181.0,270.72,496.0,-225.27999999999997,-83.21513002364065,720.0,720.0,0.0,No Quality Issue,High Rejection,Good
RB-000013,Rift Bloom - Ziwa Farm,Athena,50.0,PREMIUM,10.0,136.0,1360.0,2023-01-06,2023-06-01,2023-01-09,2023-01-15,Russia,Aalsmeer Direct,EUR,0.239,325.04,AIR FREIGHT,533.32,,55.0,,PENDING,5.0,False,False,False,-143.0,6.0,False,False,2023.0,1.0,1.0,2023.0,6.0,2.0,2023.0,2023.0,1.0,146.0,9.0,325.04,533.32,-208.28000000000003,-64.07826729017968,1360.0,1360.0,4.044117647058823,No Quality Issue,High Rejection,Excellent
RB-000645,Rift Bloom - Turbo Farm,Tibet,50.0,A,20.0,92.0,1840.0,2024-05-08,2024-07-08,2024-11-08,2024-08-17,USA,FloraHolland Auction,EUR,0.224,412.16,ROAD THEN AIR,,0.7,0.0,,PAID,4.0,False,False,False,123.0,-83.0,False,False,2024.0,5.0,2.0,2024.0,7.0,3.0,2024.0,2024.0,8.0,61.0,101.0,412.16,,,,1840.0,1840.0,0.0,No Quality Issue,High Rejection,Good
RB-001924,Rift Bloom - Timboroa Farm,Tibet,50.0,,40.0,50.0,2000.0,2022-06-18,2022-06-20,2022-06-24,2022-06-27,Netherlands,Dubai Flower Centre,KES,63.31,126620.0,AIR FREIGHT,258.78,3.4,0.0,,PAID,4.0,False,False,False,4.0,3.0,True,False,2022.0,6.0,2.0,2022.0,6.0,2.0,2022.0,2022.0,6.0,2.0,9.0,126620.0,258.78,126361.22,99.79562470383826,2000.0,2000.0,0.0,No Quality Issue,High Rejection,Good
RB-000779,Rift Bloom - Moiben Farm,Explorer,70.0,UNKNOWN,20.0,285.0,5700.0,2022-04-29,2022-05-01,2022-05-04,,Japan,Interflora Russia,USD,0.559,3186.3,AIR FREIGHT,355.45,,0.0,,NAN,5.0,False,False,False,3.0,,False,False,2022.0,4.0,2.0,2022.0,5.0,2.0,2022.0,,,2.0,,3186.3,355.45,2830.8500000000004,88.84442770611682,5700.0,5700.0,0.0,No Quality Issue,High Rejection,Excellent
RB-002898,Rift Bloom - Timboroa Farm,Explorer,500.0,STANDARD,20.0,95.0,1900.0,2026-05-23,2026-05-23,2026-05-24,2026-05-30,Germany,Interflora Russia,KES,54.99,104481.0,AIR FREIGHT,319.36,-1.4,0.0,,NAN,3.0,False,False,True,1.0,6.0,True,False,2026.0,5.0,2.0,2026.0,5.0,2.0,2026.0,2026.0,5.0,0.0,7.0,104481.0,319.36,104161.64,99.69433676936477,1900.0,1900.0,0.0,No Quality Issue,High Rejection,Average
RB-002234,Rift Bloom - Moiben Farm,Explorer,40.0,UNKNOWN,10.0,103.0,1030.0,2025-07-22,2025-07-22,2025-07-24,2025-07-27,Poland,Dubai Flower Centre,USD,0.454,467.62,AIR FREIGHT,96.73,1.5,0.0,,OVERDUE,1.0,False,False,False,2.0,3.0,True,False,2025.0,7.0,3.0,2025.0,7.0,3.0,2025.0,2025.0,7.0,0.0,5.0,467.62,96.73,370.89,79.31440058166888,1030.0,1030.0,0.0,No Quality Issue,High Rejection,Poor
RB-002850,Rift Bloom - Moiben Farm,Peach Avalanche,40.0,B,25.0,87.0,2175.0,2026-06-21,2026-06-21,2026-06-23,2026-06-25,Netherlands,Dubai Flower Centre,NAN,0.536,1165.8,AIR FREIGHT,169.27,2.0,0.0,,NAN,4.0,False,False,False,2.0,2.0,True,False,2026.0,6.0,2.0,2026.0,6.0,2.0,2026.0,2026.0,6.0,0.0,4.0,1165.8,169.27,996.53,85.48035683650713,2175.0,2175.0,0.0,No Quality Issue,High Rejection,Good
RB-001832,Rift Bloom - Timboroa Farm,High & Magic,40.0,B,20.0,85.0,1700.0,2022-03-06,2022-04-06,2022-05-06,2022-11-06,Holland,Blume2000,EUR,0.185,314.5,AIR FREIGHT,108.81,2.2,0.0,,PAID,2.0,False,False,False,30.0,184.0,True,False,2022.0,3.0,1.0,2022.0,4.0,2.0,2022.0,2022.0,11.0,31.0,245.0,314.5,108.81,205.69,65.40222575516694,1700.0,1700.0,0.0,No Quality Issue,High Rejection,Poor
RB-001160,rift bloom turbo farm,Sweetness,50.0,STANDARD,20.0,50.0,1000.0,2025-02-20,2025-02-20,2025-02-23,2025-02-26,Poland,Aalsmeer Direct,NAN,0.387,387.0,ROAD THEN AIR,668.45,2.9,5.0,Botrytis,NAN,4.0,False,False,False,3.0,3.0,True,False,2025.0,2.0,1.0,2025.0,2.0,1.0,2025.0,2025.0,2.0,0.0,6.0,387.0,668.45,-281.45000000000005,-72.72609819121449,1000.0,1000.0,0.5,Quality Issue,High Rejection,Good
RB-000021,Rift Bloom - Timboroa Farm,Yellow Babe,80.0,PREMIUM,25.0,112.0,2800.0,2022-11-10,2022-10-13,2022-10-15,2022-10-17,Germany,Marks & Spencer Flowers,USD,0.19,532.0,AIR FREIGHT,540.05,0.7,0.0,,PENDING,3.0,False,False,False,2.0,2.0,True,False,2022.0,11.0,4.0,2022.0,10.0,4.0,2022.0,2022.0,10.0,-28.0,-24.0,532.0,540.05,-8.049999999999955,-1.5131578947368336,2800.0,2800.0,0.0,No Quality Issue,High Rejection,Average
RB-000750,Rift Bloom - Kesses Farm,Avalanche,50.0,STANDARD,40.0,88.0,3520.0,2026-09-03,2026-03-09,2026-03-12,2026-03-17,United Kingdom,Whole Foods Market,UNKNOWN,0.357,1256.64,AIR FREIGHT,314.69,2.9,6.0,Botrytis,PAID,5.0,False,False,False,3.0,5.0,True,False,2026.0,9.0,3.0,2026.0,3.0,1.0,2026.0,2026.0,3.0,-178.0,-170.0,1256.64,314.69,941.95,74.95782403870639,3520.0,3520.0,0.17045454545454544,Quality Issue,High Rejection,Excellent
RB-001181,Rift Bloom - Timboroa Farm,Yellow Babe,40.0,B,40.0,251.0,10040.0,2022-11-19,2022-11-21,2022-11-25,2022-11-27,France,Whole Foods Market,EUR,0.301,3022.04,AIR FREIGHT,116.51,3.0,0.0,,NAN,5.0,False,False,False,4.0,2.0,True,False,2022.0,11.0,4.0,2022.0,11.0,4.0,2022.0,2022.0,11.0,2.0,8.0,3022.04,116.51,2905.5299999999997,96.1446572513931,10040.0,10040.0,0.0,No Quality Issue,High Rejection,Excellent
RB-000118,Rift Bloom - Timboroa Farm,Pink Floyd,50.0,B,40.0,138.0,5520.0,2025-11-14,2025-11-15,2025-11-18,2025-11-20,Switzerland,Whole Foods Market,USD,0.387,2136.24,AIR FREIGHT,179.66,2.2,0.0,,PAID,4.0,False,False,False,3.0,2.0,True,False,2025.0,11.0,4.0,2025.0,11.0,4.0,2025.0,2025.0,11.0,1.0,6.0,2136.24,179.66,1956.5799999999997,91.5898962663371,5520.0,5520.0,0.0,No Quality Issue,High Rejection,Good
RB-002958,Rift Bloom - Kapseret Farm,Cool Water,60.0,B,25.0,87.0,2175.0,2023-05-23,2023-05-25,2023-05-28,2023-06-03,Switzerland,Interflora Russia,EUR,0.425,924.38,ROAD THEN AIR,420.54,3.1,0.0,,PAID,5.0,False,False,False,3.0,6.0,True,False,2023.0,5.0,2.0,2023.0,5.0,2.0,2023.0,2023.0,6.0,2.0,11.0,924.38,420.54,503.84,54.50572275471126,2175.0,2175.0,0.0,No Quality Issue,High Rejection,Excellent
RB-000922,Rift Bloom - Kesses Farm,Tibet,70.0,A,20.0,129.0,2580.0,2022-08-01,2022-10-01,2022-01-14,2022-01-18,France,Interflora Russia,NAN,0.294,758.52,AIR FREIGHT,96.85,3.4,0.0,,PAID,4.0,False,False,False,-260.0,4.0,False,False,2022.0,8.0,3.0,2022.0,10.0,4.0,2022.0,2022.0,1.0,61.0,-195.0,758.52,96.85,661.67,87.23171439118282,2580.0,2580.0,0.0,No Quality Issue,High Rejection,Good
RB-001507,Rift Bloom - Kapseret Farm,Cool Water,70.0,STANDARD,40.0,106.0,4240.0,2025-03-06,2025-03-06,2025-06-06,2025-08-06,Netherlands,Aalsmeer Direct,KES,49.79,211109.6,AIR FREIGHT,408.44,-0.4,0.0,,PENDING,4.0,False,False,True,92.0,61.0,True,False,2025.0,3.0,1.0,2025.0,3.0,1.0,2025.0,2025.0,8.0,0.0,153.0,211109.6,408.44,210701.16,99.80652703619353,4240.0,4240.0,0.0,No Quality Issue,High Rejection,Good
RB-001180,Rift Bloom - Kesses Farm,Pink Floyd,70.0,PREMIUM,25.0,71.0,1775.0,2024-09-20,2024-09-20,2024-09-21,2024-09-26,Switzerland,Local Wholesaler - Eldoret,UNKNOWN,0.496,880.4,AIR FREIGHT,170.42,2.5,0.0,,PAID,5.0,False,False,False,1.0,5.0,True,False,2024.0,9.0,3.0,2024.0,9.0,3.0,2024.0,2024.0,9.0,0.0,6.0,880.4,170.42,709.98,80.64288959563835,1775.0,1775.0,0.0,No Quality Issue,High Rejection,Excellent
RB-000491,Rift Bloom - Timboroa Farm,Yellow Babe,80.0,B,40.0,132.0,5280.0,2023-05-19,2023-05-21,2023-05-22,,Switzerland,Local Wholesaler - Eldoret,USD,0.37,1953.6,AIR FREIGHT,40.29,,0.0,,OVERDUE,5.0,False,False,False,1.0,,False,False,2023.0,5.0,2.0,2023.0,5.0,2.0,2023.0,,,2.0,,1953.6,40.29,1913.31,97.93765356265357,5280.0,5280.0,0.0,No Quality Issue,High Rejection,Excellent
RB-000047,Rift Bloom - Moiben Farm,Circus,60.0,,20.0,83.0,1660.0,2025-09-24,2025-09-26,2025-09-30,2025-04-10,Russia,Aalsmeer Direct,UNKNOWN,0.411,682.26,AIR FREIGHT,611.83,2.5,0.0,,PAID,4.0,False,False,False,4.0,-173.0,False,False,2025.0,9.0,3.0,2025.0,9.0,3.0,2025.0,2025.0,4.0,2.0,-167.0,682.26,611.83,70.42999999999995,10.323044000820794,1660.0,1660.0,0.0,No Quality Issue,High Rejection,Good
RB-000493,Rift Bloom - Timboroa Farm,Explorer,50.0,B,10.0,256.0,2560.0,2025-06-28,2025-06-30,2025-03-07,2025-06-07,France,Blume2000,EUR,0.322,824.32,AIR FREIGHT,134.42,-0.6,0.0,,PAID,5.0,False,False,True,-115.0,92.0,False,False,2025.0,6.0,2.0,2025.0,6.0,2.0,2025.0,2025.0,6.0,2.0,-21.0,824.32,134.42,689.9000000000001,83.69322593167703,2560.0,2560.0,0.0,No Quality Issue,High Rejection,Excellent
RB-002203,Rift Bloom - Kesses Farm,Vendela,80.0,B,40.0,347.0,13880.0,2024-03-20,2024-03-20,,2024-03-30,France,Whole Foods Market,EUR,0.404,5607.52,AIR FREIGHT,,1.7,0.0,,PAID,4.0,False,False,False,,,False,False,2024.0,3.0,1.0,2024.0,3.0,1.0,,2024.0,3.0,0.0,10.0,5607.52,,,,13880.0,13880.0,0.0,No Quality Issue,High Rejection,Good
RB-000972,Rift Bloom - Turbo Farm,Sweetness,80.0,PREMIUM,10.0,78.0,780.0,2023-10-14,2023-10-15,2023-10-17,2023-10-20,netherlands,Marks & Spencer Flowers,KES,35.62,27783.6,ROAD THEN AIR,226.45,2.0,15.0,Petal Bruising,PENDING,4.0,False,False,False,2.0,3.0,True,False,2023.0,10.0,4.0,2023.0,10.0,4.0,2023.0,2023.0,10.0,1.0,6.0,27783.6,226.45,27557.149999999998,99.18495083430513,780.0,780.0,1.9230769230769231,Quality Issue,High Rejection,Good
RB-002387,Rift Bloom - Ziwa Farm,Pink Floyd,60.0,B,40.0,177.0,7080.0,2023-01-12,2023-02-12,2023-05-12,2023-11-12,United Arab Emirates,Aalsmeer Direct,EUR,0.589,4170.12,AIR FREIGHT,1026.37,2.4,0.0,,PAID,5.0,False,False,False,89.0,184.0,True,False,2023.0,1.0,1.0,2023.0,2.0,1.0,2023.0,2023.0,11.0,31.0,304.0,4170.12,1026.37,3143.75,75.38751882439834,7080.0,7080.0,0.0,No Quality Issue,High Rejection,Excellent
RB-001527,Rift Bloom - Ziwa Farm,Circus,60.0,PREMIUM,20.0,209.0,4180.0,2024-05-03,2024-06-03,2024-10-03,2024-03-12,The Netherlands,Local Wholesaler - Eldoret,USD,0.129,539.22,AIR FREIGHT,40.8,3.0,0.0,,PAID,4.0,False,False,False,122.0,-205.0,False,False,2024.0,5.0,2.0,2024.0,6.0,2.0,2024.0,2024.0,3.0,31.0,-52.0,539.22,40.8,498.42,92.43351507733392,4180.0,4180.0,0.0,No Quality Issue,High Rejection,Good
RB-002577,Rift Bloom - Kapseret Farm,Yellow Babe,70.0,B,25.0,78.0,1950.0,2026-07-16,2026-07-18,2026-07-19,2026-07-23,Russia,Local Wholesaler - Eldoret,NAN,0.312,608.4,AIR FREIGHT,48.94,4.0,0.0,,PAID,3.0,False,False,False,1.0,4.0,True,False,2026.0,7.0,3.0,2026.0,7.0,3.0,2026.0,2026.0,7.0,2.0,7.0,608.4,48.94,559.46,91.95595003287312,1950.0,1950.0,0.0,No Quality Issue,High Rejection,Average
RB-000769,Rift Bloom - Kesses Farm,High & Magic,60.0,A,25.0,33.0,825.0,2023-10-27,2023-10-28,2023-10-31,2023-03-11,Poland,Whole Foods Market,USD,0.365,301.12,NAN,429.18,1.2,0.0,,UNKNOWN,4.0,False,False,False,3.0,-234.0,False,False,2023.0,10.0,4.0,2023.0,10.0,4.0,2023.0,2023.0,3.0,1.0,-230.0,301.12,429.18,-128.06,-42.527895855472906,825.0,825.0,0.0,No Quality Issue,High Rejection,Good
RB-002762,Rift Bloom - Kapseret Farm,Vendela,-50.0,A,40.0,165.0,6600.0,2025-07-02,2025-03-07,2025-07-06,2025-07-12,Switzerland,Marks & Spencer Flowers,KES,29.64,195624.0,AIR FREIGHT,133.32,3.2,0.0,,PENDING,5.0,False,False,False,121.0,6.0,True,False,2025.0,7.0,3.0,2025.0,3.0,1.0,2025.0,2025.0,7.0,-117.0,10.0,195624.0,133.32,195490.68,99.93184885290148,6600.0,6600.0,0.0,No Quality Issue,High Rejection,Excellent
RB-001277,Rift Bloom - Moiben Farm,Tibet,-50.0,STANDARD,10.0,49.0,490.0,2023-11-27,2023-11-29,2023-02-12,2023-04-12,Norway,Blume2000,EUR,0.472,231.28,AIR FREIGHT,305.09,0.4,0.0,,OVERDUE,4.0,False,False,False,-290.0,59.0,False,False,2023.0,11.0,4.0,2023.0,11.0,4.0,2023.0,2023.0,4.0,2.0,-229.0,231.28,305.09,-73.80999999999997,-31.913697682462804,490.0,490.0,0.0,No Quality Issue,High Rejection,Good
RB-000946,Rift Bloom - Ziwa Farm,AVALANCHE,70.0,B,20.0,28.0,560.0,2024-01-29,2024-01-29,2024-01-31,2024-02-02,Norway,Blume2000,USD,0.312,174.72,NAN,260.26,0.8,0.0,,PAID,4.0,False,False,False,2.0,2.0,True,False,2024.0,1.0,1.0,2024.0,1.0,1.0,2024.0,2024.0,2.0,0.0,4.0,174.72,260.26,-85.53999999999999,-48.95833333333333,560.0,560.0,0.0,No Quality Issue,High Rejection,Good
RB-002210,Rift Bloom - Ziwa Farm,Explorer,60.0,C,10.0,173.0,1730.0,2024-10-08,2024-10-08,2024-11-08,2024-08-16,Japan,Marks & Spencer Flowers,NAN,0.269,465.37,AIR FREIGHT,353.47,1.4,0.0,,PAID,5.0,False,False,False,31.0,-84.0,False,False,2024.0,10.0,4.0,2024.0,10.0,4.0,2024.0,2024.0,8.0,0.0,-53.0,465.37,353.47,111.89999999999998,24.0453832434407,1730.0,1730.0,0.0,No Quality Issue,High Rejection,Excellent
RB-001110,Rift Bloom - Timboroa Farm,Explorer,40.0,PREMIUM,40.0,23.0,920.0,2023-06-30,2023-01-07,2023-07-04,,U.S.A,Whole Foods Market,EUR,0.198,182.16,AIR FREIGHT,329.42,1.6,0.0,,NAN,5.0,False,False,False,178.0,,False,False,2023.0,6.0,2.0,2023.0,1.0,1.0,2023.0,,,-174.0,,182.16,329.42,-147.26000000000002,-80.84101888449716,920.0,920.0,0.0,No Quality Issue,High Rejection,Excellent
RB-001741,Rift Bloom - Kesses Farm,Explorer,50.0,B,20.0,42.0,840.0,2025-09-22,2025-09-22,2025-09-24,2025-09-25,United Arab Emirates,FloraHolland Auction,USD,0.06,50.4,ROAD THEN AIR,453.24,,0.0,,PAID,5.0,False,False,False,2.0,1.0,True,False,2025.0,9.0,3.0,2025.0,9.0,3.0,2025.0,2025.0,9.0,0.0,3.0,50.4,453.24,-402.84000000000003,-799.2857142857143,840.0,840.0,0.0,No Quality Issue,High Rejection,Excellent
RB-002665,Rift Bloom - Moiben Farm,Mondial,500.0,B,40.0,138.0,5520.0,2025-02-15,2025-02-15,,2025-02-22,United Arab Emirates,Whole Foods Market,EUR,0.698,3852.96,NAN,263.34,6.9,0.0,,PENDING,3.0,False,False,False,,,False,False,2025.0,2.0,1.0,2025.0,2.0,1.0,,2025.0,2.0,0.0,7.0,3852.96,263.34,3589.62,93.16525476516756,5520.0,5520.0,0.0,No Quality Issue,High Rejection,Average
RB-000565,Rift Bloom - Kapseret Farm,Freedom,90.0,,10.0,80.0,800.0,2023-11-20,2023-11-21,2023-11-22,2023-11-25,Switzerland,Marks & Spencer Flowers,KES,88.27,70616.0,NAN,1232.26,3.1,9.0,,PENDING,4.0,False,False,False,1.0,3.0,True,False,2023.0,11.0,4.0,2023.0,11.0,4.0,2023.0,2023.0,11.0,1.0,5.0,70616.0,1232.26,69383.74,98.25498470601565,800.0,800.0,1.125,No Quality Issue,High Rejection,Good
RB-000610,Rift Bloom - Turbo Farm,Vendela,60.0,B,40.0,203.0,8120.0,2024-10-11,2024-10-13,2024-10-15,2024-10-18,Germany,Aalsmeer Direct,KES,47.06,382127.2,AIR FREIGHT,92.06,2.0,0.0,,PENDING,4.0,False,False,False,2.0,3.0,True,False,2024.0,10.0,4.0,2024.0,10.0,4.0,2024.0,2024.0,10.0,2.0,7.0,382127.2,92.06,382035.14,99.97590854563612,8120.0,8120.0,0.0,No Quality Issue,High Rejection,Good
RB-001287,Rift Bloom - Kapseret Farm,High & Magic,40.0,B,20.0,156.0,3120.0,2024-09-15,2024-09-17,2024-09-21,2024-09-27,U.S.A,Local Wholesaler - Eldoret,KES,66.04,206044.8,NAN,97.84,2.1,0.0,,NAN,4.0,False,False,False,4.0,6.0,True,False,2024.0,9.0,3.0,2024.0,9.0,3.0,2024.0,2024.0,9.0,2.0,12.0,206044.8,97.84,205946.96,99.95251518116449,3120.0,3120.0,0.0,No Quality Issue,High Rejection,Good
RB-001376,Rift Bloom - Kesses Farm,Tibet,60.0,PREMIUM,10.0,97.0,970.0,2022-09-22,2022-09-22,2022-09-24,2022-09-28,United States,Aalsmeer Direct,EUR,0.482,467.54,AIR FREIGHT,78.32,3.6,0.0,,PAID,4.0,False,False,False,2.0,4.0,True,False,2022.0,9.0,3.0,2022.0,9.0,3.0,2022.0,2022.0,9.0,0.0,6.0,467.54,78.32,389.22,83.24849210762716,970.0,970.0,0.0,No Quality Issue,High Rejection,Good
RB-000577,Rift Bloom - Timboroa Farm,red naomi,60.0,STANDARD,40.0,45.0,1800.0,2024-04-01,2024-01-04,2024-01-07,2024-11-01,Switzerland,Local Wholesaler - Eldoret,USD,0.359,646.2,AIR FREIGHT,113.27,0.8,0.0,,PENDING,5.0,False,False,False,3.0,299.0,True,False,2024.0,4.0,2.0,2024.0,1.0,1.0,2024.0,2024.0,11.0,-88.0,214.0,646.2,113.27,532.9300000000001,82.471371092541,1800.0,1800.0,0.0,No Quality Issue,High Rejection,Excellent
RB-000627,Rift Bloom - Ziwa Farm,Sweetness,70.0,PREMIUM,40.0,50.0,2000.0,2022-01-19,2022-01-20,2022-01-22,2022-01-23,Japan,Whole Foods Market,USD,0.225,450.0,NAN,170.47,2.5,0.0,,PENDING,1.0,False,False,False,2.0,1.0,True,False,2022.0,1.0,1.0,2022.0,1.0,1.0,2022.0,2022.0,1.0,1.0,4.0,450.0,170.47,279.53,62.117777777777775,2000.0,2000.0,0.0,No Quality Issue,High Rejection,Poor
RB-002005,Rift Bloom - Ziwa Farm,Freedom,60.0,PREMIUM,40.0,223.0,8920.0,2024-11-20,2024-11-22,2024-11-24,2024-11-25,Norway,Blume2000,USD,0.429,3826.68,NAN,418.2,0.5,20.0,-,NAN,5.0,False,False,False,2.0,1.0,True,True,2024.0,11.0,4.0,2024.0,11.0,4.0,2024.0,2024.0,11.0,2.0,5.0,3826.68,418.2,3408.48,89.07146664994198,8920.0,8920.0,0.2242152466367713,Quality Issue,High Rejection,Excellent
RB-001721,Rift Bloom - Moiben Farm,Yellow Babe,70.0,UNKNOWN,10.0,192.0,1920.0,2026-03-31,2026-01-04,2026-02-04,2026-04-06,Germany,Blume2000,EUR,0.272,522.24,ROAD THEN AIR,358.15,0.4,0.0,,NAN,3.0,False,False,False,31.0,61.0,True,False,2026.0,3.0,1.0,2026.0,1.0,1.0,2026.0,2026.0,4.0,-86.0,6.0,522.24,358.15,164.09000000000003,31.42041973039216,1920.0,1920.0,0.0,No Quality Issue,High Rejection,Average
RB-001660,Rift Bloom - Turbo Farm,Avalanche+,40.0,B,25.0,63.0,1575.0,2022-10-27,2022-10-29,2022-10-30,2022-11-04,United kingdom,Bloomon BV,NAN,0.232,365.4,NAN,51.17,3.3,0.0,,NAN,3.0,False,False,False,1.0,5.0,True,False,2022.0,10.0,4.0,2022.0,10.0,4.0,2022.0,2022.0,11.0,2.0,8.0,365.4,51.17,314.22999999999996,85.99616858237547,1575.0,1575.0,0.0,No Quality Issue,High Rejection,Average
RB-002373,Rift Bloom - Moiben Farm,Vendela,80.0,STANDARD,20.0,230.0,4600.0,2025-02-27,2025-01-03,2025-05-03,2025-08-03,U.A.E,Tokyo Flower Market,EUR,0.298,1370.8,AIR FREIGHT,125.86,,12.0,Bud Blast,PAID,3.0,False,False,False,120.0,92.0,True,False,2025.0,2.0,1.0,2025.0,1.0,1.0,2025.0,2025.0,8.0,-55.0,157.0,1370.8,125.86,1244.94,90.81850014590022,4600.0,4600.0,0.26086956521739135,Quality Issue,High Rejection,Average
RB-001882,Rift Bloom - Kesses Farm,Yellow Babe,60.0,A,40.0,176.0,7040.0,,2022-03-11,2022-11-07,2022-11-13,Switzerland,Aalsmeer Direct,KES,53.82,378892.8,AIR FREIGHT,502.22,1.9,0.0,,NAN,4.0,False,False,False,241.0,6.0,True,False,,,,2022.0,3.0,1.0,2022.0,2022.0,11.0,,,378892.8,502.22,378390.58,99.86745063511368,7040.0,7040.0,0.0,No Quality Issue,High Rejection,Good
RB-001966,Rift Bloom - Ziwa Farm,Tibet,40.0,PREMIUM,40.0,53.0,2120.0,2026-09-01,2026-09-01,2026-10-01,2026-01-13,USA,Whole Foods Market,USD,0.369,782.28,AIR FREIGHT,519.42,2.5,0.0,,NAN,5.0,False,False,False,30.0,-261.0,False,False,2026.0,9.0,3.0,2026.0,9.0,3.0,2026.0,2026.0,1.0,0.0,-231.0,782.28,519.42,262.86,33.60177941402056,2120.0,2120.0,0.0,No Quality Issue,High Rejection,Excellent
RB-000640,Rift Bloom - Kapseret Farm,Avalanche+,80.0,A,40.0,48.0,1920.0,2026-01-13,2026-01-14,2026-01-18,2026-01-19,Germany,Whole Foods Market,NAN,0.334,641.28,AIR FREIGHT,19.98,1.7,17.0,Undersized Stems,PAID,4.0,False,False,False,4.0,1.0,True,False,2026.0,1.0,1.0,2026.0,1.0,1.0,2026.0,2026.0,1.0,1.0,6.0,641.28,19.98,621.3,96.88435628742515,1920.0,1920.0,0.8854166666666666,Quality Issue,High Rejection,Good
RB-000044,Rift Bloom - Kesses Farm,red naomi,50.0,STANDARD,40.0,81.0,3240.0,2022-06-08,2022-08-07,2022-09-08,2022-08-13,United States,Dubai Flower Centre,NAN,0.473,1532.52,AIR FREIGHT,253.58,5.5,0.0,,NAN,4.0,False,False,False,32.0,-26.0,False,False,2022.0,6.0,2.0,2022.0,8.0,3.0,2022.0,2022.0,8.0,60.0,66.0,1532.52,253.58,1278.94,83.4533970192885,3240.0,3240.0,0.0,No Quality Issue,High Rejection,Good
RB-000008,Rift Bloom - Kesses Farm,Red Naomi,50.0,A,20.0,51.0,1020.0,,2025-05-09,2025-09-09,2025-09-15,Japan,Marks & Spencer Flowers,KES,48.88,49857.6,NAN,805.04,2.2,0.0,,PENDING,2.0,False,False,False,123.0,6.0,True,False,,,,2025.0,5.0,2.0,2025.0,2025.0,9.0,,,49857.6,805.04,49052.56,98.38532139533392,1020.0,1020.0,0.0,No Quality Issue,High Rejection,Poor
RB-000739,Rift Bloom - Moiben Farm,Peach Avalanche,70.0,PREMIUM,25.0,66.0,1650.0,2025-02-22,2025-02-23,2025-02-24,2025-02-28,Germany,Whole Foods Market,EUR,0.493,813.45,UNKNOWN,889.06,4.4,0.0,,PAID,4.0,False,False,False,1.0,4.0,True,False,2025.0,2.0,1.0,2025.0,2.0,1.0,2025.0,2025.0,2.0,1.0,6.0,813.45,889.06,-75.6099999999999,-9.294978179359505,1650.0,1650.0,0.0,No Quality Issue,High Rejection,Good
RB-000033,Rift Bloom - Ziwa Farm,Vendela,90.0,A,10.0,109.0,1090.0,2023-04-26,2023-04-27,,2023-03-05,USA,Marks & Spencer Flowers,USD,0.371,404.39,AIR FREIGHT,761.14,2.0,0.0,,PAID,3.0,False,False,False,,,False,False,2023.0,4.0,2.0,2023.0,4.0,2.0,,2023.0,3.0,1.0,-52.0,404.39,761.14,-356.75,-88.21929325650981,1090.0,1090.0,0.0,No Quality Issue,High Rejection,Average
RB-000471,Rift Bloom - Moiben Farm,Vendela,90.0,A,25.0,97.0,2425.0,2025-06-07,2025-06-07,2025-10-06,2025-06-14,Japan,M-Farm Traders,KES,29.25,70931.25,NAN,305.78,0.8,0.0,,OVERDUE,4.0,False,False,False,121.0,-114.0,False,False,2025.0,6.0,2.0,2025.0,6.0,2.0,2025.0,2025.0,6.0,0.0,7.0,70931.25,305.78,70625.47,99.56890651158693,2425.0,2425.0,0.0,No Quality Issue,High Rejection,Good
RB-000472,Rift Bloom - Ziwa Farm,Explorer,50.0,B,25.0,113.0,2825.0,2023-10-14,2023-10-16,2023-10-17,2023-10-18,Switzerland,Marks & Spencer Flowers,EUR,0.319,901.18,NAN,473.28,2.4,0.0,,PENDING,2.0,False,False,False,1.0,1.0,True,False,2023.0,10.0,4.0,2023.0,10.0,4.0,2023.0,2023.0,10.0,2.0,4.0,901.18,473.28,427.9,47.48219001753257,2825.0,2825.0,0.0,No Quality Issue,High Rejection,Poor
RB-001767,Rift Bloom - Moiben Farm,AVALANCHE,90.0,,25.0,129.0,3225.0,2023-08-25,2023-08-26,2023-08-27,2023-08-31,Poland,FloraHolland Auction,EUR,0.266,857.85,AIR FREIGHT,672.16,1.9,0.0,,NAN,2.0,False,False,False,1.0,4.0,True,False,2023.0,8.0,3.0,2023.0,8.0,3.0,2023.0,2023.0,8.0,1.0,6.0,857.85,672.16,185.69000000000005,21.645975403625346,3225.0,3225.0,0.0,No Quality Issue,High Rejection,Poor
RB-002287,Rift Bloom - Kesses Farm,High & Magic,70.0,PREMIUM,10.0,116.0,1160.0,2025-07-03,2025-03-08,2025-03-11,2025-03-17,United Kingdom,Marks & Spencer Flowers,KES,75.92,88067.2,AIR FREIGHT,337.75,,0.0,,OVERDUE,5.0,False,False,False,3.0,6.0,True,False,2025.0,7.0,3.0,2025.0,3.0,1.0,2025.0,2025.0,3.0,-117.0,-108.0,88067.2,337.75,87729.45,99.61648604701864,1160.0,1160.0,0.0,No Quality Issue,High Rejection,Excellent
RB-001650,Rift Bloom - Turbo Farm,Freedom,70.0,B,25.0,47.0,1175.0,2026-02-15,2026-02-17,2026-02-18,2026-02-20,Netherlands,Marks & Spencer Flowers,EUR,0.202,237.35,AIR FREIGHT,295.38,2.6,0.0,,PENDING,4.0,False,False,False,1.0,2.0,True,False,2026.0,2.0,1.0,2026.0,2.0,1.0,2026.0,2026.0,2.0,2.0,5.0,237.35,295.38,-58.03,-24.449125763640193,1175.0,1175.0,0.0,No Quality Issue,High Rejection,Good
RB-001545,Rift Bloom - Kapseret Farm,Circus,70.0,A,10.0,56.0,560.0,2024-05-15,2024-05-16,2024-05-18,2024-05-20,Germany,Blume2000,EUR,0.6,336.0,ROAD THEN AIR,147.52,2.2,0.0,,PENDING,4.0,False,False,False,2.0,2.0,True,False,2024.0,5.0,2.0,2024.0,5.0,2.0,2024.0,2024.0,5.0,1.0,5.0,336.0,147.52,188.48,56.09523809523809,560.0,560.0,0.0,No Quality Issue,High Rejection,Good
RB-002249,rift bloom turbo farm,Cool Water,60.0,PREMIUM,10.0,217.0,2170.0,2024-07-29,2024-07-31,2024-02-08,2024-08-07,USA,Tokyo Flower Market,EUR,0.261,566.37,ROAD THEN AIR,121.16,1.4,0.0,,PENDING,4.0,False,False,False,-174.0,181.0,False,False,2024.0,7.0,3.0,2024.0,7.0,3.0,2024.0,2024.0,8.0,2.0,9.0,566.37,121.16,445.21000000000004,78.60762399138373,2170.0,2170.0,0.0,No Quality Issue,High Rejection,Good
RB-002757,Rift Bloom - Turbo Farm,Pink Floyd,50.0,C,10.0,109.0,1090.0,2025-12-17,2025-12-19,2025-12-21,2025-12-23,Norway,Carrefour Flowers,EUR,0.306,333.54,AIR FREIGHT,182.03,3.0,0.0,,NAN,4.0,False,False,False,2.0,2.0,True,False,2025.0,12.0,4.0,2025.0,12.0,4.0,2025.0,2025.0,12.0,2.0,6.0,333.54,182.03,151.51000000000002,45.42483660130719,1090.0,1090.0,0.0,No Quality Issue,High Rejection,Good
RB-002965,Rift Bloom - Timboroa Farm,Pink Floyd,70.0,PREMIUM,40.0,20.0,800.0,2025-02-05,2025-02-06,2025-10-02,2025-02-15,usa,Tokyo Flower Market,KES,34.97,279760.0,ROAD THEN AIR,203.43,2.7,0.0,,PENDING,5.0,False,False,False,238.0,-229.0,False,False,2025.0,2.0,1.0,2025.0,2.0,1.0,2025.0,2025.0,2.0,1.0,10.0,279760.0,203.43,279556.57,99.92728410065772,800.0,800.0,0.0,No Quality Issue,High Rejection,Excellent
RB-000906,Rift Bloom - Kesses Farm,Sweetness,70.0,C,10.0,105.0,1050.0,2025-04-07,2025-06-07,2025-07-08,2025-07-09,Norway,M-Farm Traders,USD,0.271,284.55,ROAD THEN AIR,593.12,3.8,0.0,,NAN,4.0,False,False,False,31.0,1.0,True,False,2025.0,4.0,2.0,2025.0,6.0,2.0,2025.0,2025.0,7.0,61.0,93.0,284.55,593.12,-308.57,-108.44139869970128,1050.0,1050.0,0.0,No Quality Issue,High Rejection,Good
RB-001306,Rift Bloom - Moiben Farm,Pink Floyd,70.0,B,25.0,245.0,6125.0,2022-05-13,2022-05-13,2022-05-14,2022-05-20,UAE,Dubai Flower Centre,USD,0.424,2597.0,AIR FREIGHT,167.02,3.8,0.0,,PAID,4.0,False,False,False,1.0,6.0,True,False,2022.0,5.0,2.0,2022.0,5.0,2.0,2022.0,2022.0,5.0,0.0,7.0,2597.0,167.02,2429.98,93.56873315363882,6125.0,6125.0,0.0,No Quality Issue,High Rejection,Good
RB-002867,Rift Bloom - Turbo Farm,Yellow Babe,70.0,C,10.0,126.0,1260.0,2023-10-12,2023-10-13,2023-10-14,2023-10-16,France,Aalsmeer Direct,EUR,0.13,163.8,AIR FREIGHT,196.43,1.5,38.0,Botrytis,PENDING,3.0,False,False,False,1.0,2.0,True,False,2023.0,10.0,4.0,2023.0,10.0,4.0,2023.0,2023.0,10.0,1.0,4.0,163.8,196.43,-32.629999999999995,-19.920634920634917,1260.0,1260.0,3.015873015873016,Quality Issue,High Rejection,Average
RB-001445,Rift Bloom - Ziwa Farm,Freedom,50.0,PREMIUM,20.0,171.0,3420.0,2023-05-01,2023-06-01,2023-01-08,2023-01-13,Poland,Dubai Flower Centre,USD,0.209,714.78,NAN,731.06,1.2,0.0,,OVERDUE,5.0,False,False,False,-144.0,5.0,False,False,2023.0,5.0,2.0,2023.0,6.0,2.0,2023.0,2023.0,1.0,31.0,-108.0,714.78,731.06,-16.279999999999973,-2.27762388427208,3420.0,3420.0,0.0,No Quality Issue,High Rejection,Excellent
RB-000465,Rift Bloom - Ziwa Farm,Vendela,50.0,PREMIUM,20.0,128.0,2560.0,2023-03-03,2023-03-05,2023-03-09,2023-10-03,Switzerland,Aalsmeer Direct,NAN,0.496,1269.76,AIR FREIGHT,336.91,2.5,0.0,,PENDING,4.0,False,False,False,4.0,208.0,True,False,2023.0,3.0,1.0,2023.0,3.0,1.0,2023.0,2023.0,10.0,2.0,214.0,1269.76,336.91,932.8499999999999,73.46663936491935,2560.0,2560.0,0.0,No Quality Issue,High Rejection,Good
RB-001808,Rift Bloom - Ziwa Farm,Red Naomi,50.0,,25.0,100.0,2500.0,2023-11-15,2023-11-16,2023-11-20,2023-11-21,Switzerland,Bloomon BV,KES,14.43,36075.0,ROAD THEN AIR,488.98,1.3,0.0,,PAID,5.0,False,False,False,4.0,1.0,True,False,2023.0,11.0,4.0,2023.0,11.0,4.0,2023.0,2023.0,11.0,1.0,6.0,36075.0,488.98,35586.02,98.64454608454608,2500.0,2500.0,0.0,No Quality Issue,High Rejection,Excellent
RB-000668,Rift Bloom - Moiben Farm,Peach Avalanche,80.0,C,10.0,11.0,110.0,2022-01-05,2022-01-05,2022-05-02,2022-07-05,Switzerland,Aalsmeer Direct,UNKNOWN,0.407,44.77,UNKNOWN,586.92,2.2,0.0,,PAID,4.0,False,False,False,117.0,64.0,True,False,2022.0,1.0,1.0,2022.0,1.0,1.0,2022.0,2022.0,7.0,0.0,181.0,44.77,586.92,-542.15,-1210.9671655126199,110.0,110.0,0.0,No Quality Issue,High Rejection,Good
RB-001800,Rift Bloom - Moiben Farm,Tibet,50.0,PREMIUM,10.0,146.0,1460.0,2022-10-31,2022-01-11,2022-11-05,2022-11-11,Switzerland,Tokyo Flower Market,KES,49.4,72124.0,AIR FREIGHT,350.49,-0.8,0.0,,PAID,4.0,False,False,True,298.0,6.0,True,False,2022.0,10.0,4.0,2022.0,1.0,1.0,2022.0,2022.0,11.0,-293.0,11.0,72124.0,350.49,71773.51,99.51404525539348,1460.0,1460.0,0.0,No Quality Issue,High Rejection,Good
RB-002069,Rift Bloom - Ziwa Farm,Freedom,70.0,B,40.0,64.0,2560.0,2024-08-25,2024-08-26,2024-08-28,2024-08-30,USA,M-Farm Traders,EUR,0.395,1011.2,UNKNOWN,539.53,0.1,0.0,,PAID,4.0,False,False,False,2.0,2.0,True,False,2024.0,8.0,3.0,2024.0,8.0,3.0,2024.0,2024.0,8.0,1.0,5.0,1011.2,539.53,471.6700000000001,46.64458069620254,2560.0,2560.0,0.0,No Quality Issue,High Rejection,Good
RB-002082,Rift Bloom - Timboroa Farm,Peach Avalanche,70.0,B,40.0,92.0,3680.0,,2025-12-16,2025-12-18,2025-12-19,Japan,Whole Foods Market,USD,0.457,1681.76,AIR FREIGHT,405.27,6.1,0.0,,PAID,5.0,False,False,False,2.0,1.0,True,False,,,,2025.0,12.0,4.0,2025.0,2025.0,12.0,,,1681.76,405.27,1276.49,75.90203120540386,3680.0,3680.0,0.0,No Quality Issue,High Rejection,Excellent
RB-002041,Rift Bloom - Turbo Farm,red naomi,70.0,A,20.0,68.0,1360.0,2026-04-17,2026-04-19,2026-04-21,2026-04-23,Australia,Marks & Spencer Flowers,EUR,0.196,266.56,AIR FREIGHT,337.74,1.0,0.0,,PAID,3.0,False,False,False,2.0,2.0,True,False,2026.0,4.0,2.0,2026.0,4.0,2.0,2026.0,2026.0,4.0,2.0,6.0,266.56,337.74,-71.18,-26.703181272509006,1360.0,1360.0,0.0,No Quality Issue,High Rejection,Average
RB-001521,Rift Bloom - Timboroa Farm,Yellow Babe,50.0,C,40.0,24.0,960.0,2025-01-28,2025-01-30,2025-02-01,2025-02-06,Switzerland,Local Wholesaler - Eldoret,KES,51.22,49171.2,NAN,,3.5,0.0,,OVERDUE,4.0,False,False,False,2.0,5.0,True,False,2025.0,1.0,1.0,2025.0,1.0,1.0,2025.0,2025.0,2.0,2.0,9.0,49171.2,,,,960.0,960.0,0.0,No Quality Issue,High Rejection,Good
RB-001764,Rift Bloom - Kesses Farm,Sweetness,60.0,A,20.0,168.0,3360.0,2024-04-09,2024-10-04,2024-04-13,2024-04-17,Russia,Interflora Russia,EUR,0.254,853.44,ROAD THEN AIR,35.08,0.1,0.0,,PAID,4.0,False,False,False,-174.0,4.0,False,False,2024.0,4.0,2.0,2024.0,10.0,4.0,2024.0,2024.0,4.0,178.0,8.0,853.44,35.08,818.36,95.88957630296213,3360.0,3360.0,0.0,No Quality Issue,High Rejection,Good
RB-001470,rift bloom turbo farm,FREEDOM,60.0,B,25.0,102.0,2550.0,2023-04-04,2023-06-04,2023-07-04,2023-10-04,Germany,Local Wholesaler - Eldoret,EUR,0.281,716.55,AIR FREIGHT,219.05,-0.1,0.0,,PAID,5.0,False,False,True,30.0,92.0,True,False,2023.0,4.0,2.0,2023.0,6.0,2.0,2023.0,2023.0,10.0,61.0,183.0,716.55,219.05,497.49999999999994,69.4299071941944,2550.0,2550.0,0.0,No Quality Issue,High Rejection,Excellent
RB-001352,Rift Bloom - Kesses Farm,High & Magic,50.0,B,10.0,99.0,990.0,2023-12-21,2023-12-23,2023-12-25,,France,Tokyo Flower Market,USD,0.298,295.02,UNKNOWN,100.52,4.2,0.0,,PENDING,5.0,False,False,False,2.0,,False,False,2023.0,12.0,4.0,2023.0,12.0,4.0,2023.0,,,2.0,,295.02,100.52,194.5,65.92773371296862,990.0,990.0,0.0,No Quality Issue,High Rejection,Excellent
RB-001793,Rift Bloom - Kesses Farm,Vendela,50.0,B,25.0,60.0,1500.0,2025-04-30,2025-05-02,2025-04-05,2025-06-05,France,Blume2000,EUR,0.438,657.0,AIR FREIGHT,328.55,3.6,0.0,,PENDING,5.0,False,False,False,-27.0,61.0,False,False,2025.0,4.0,2.0,2025.0,5.0,2.0,2025.0,2025.0,6.0,2.0,36.0,657.0,328.55,328.45,49.992389649923894,1500.0,1500.0,0.0,No Quality Issue,High Rejection,Excellent
RB-001804,Rift Bloom - Kesses Farm,Sweetness,40.0,PREMIUM,40.0,95.0,3800.0,2022-05-01,2022-01-07,2022-09-01,2022-01-15,Russia,Aalsmeer Direct,NAN,0.278,10564.0,AIR FREIGHT,399.8,4.9,0.0,,PAID,5.0,False,False,False,237.0,-229.0,False,False,2022.0,5.0,2.0,2022.0,1.0,1.0,2022.0,2022.0,1.0,-114.0,-106.0,10564.0,399.8,10164.2,96.21544869367665,3800.0,3800.0,0.0,No Quality Issue,High Rejection,Excellent
RB-000049,Rift Bloom - Kesses Farm,Sweetness,90.0,PREMIUM,10.0,92.0,920.0,2023-04-25,2023-04-25,2023-04-29,2023-03-05,Australia,FloraHolland Auction,EUR,0.398,366.16,ROAD THEN AIR,384.12,1.9,0.0,,NAN,4.0,False,False,False,4.0,-55.0,False,False,2023.0,4.0,2.0,2023.0,4.0,2.0,2023.0,2023.0,3.0,0.0,-51.0,366.16,384.12,-17.95999999999998,-4.904959580511246,920.0,920.0,0.0,No Quality Issue,High Rejection,Good
RB-002523,Rift Bloom - Moiben Farm,Red-Naomi,80.0,PREMIUM,40.0,82.0,3280.0,2023-05-26,2023-05-27,,2023-02-06,Switzerland,M-Farm Traders,EUR,0.371,1216.88,AIR FREIGHT,90.73,1.3,0.0,,PAID,3.0,False,False,False,,,False,False,2023.0,5.0,2.0,2023.0,5.0,2.0,,2023.0,2.0,1.0,-109.0,1216.88,90.73,1126.15,92.54404707119848,3280.0,3280.0,0.0,No Quality Issue,High Rejection,Average
RB-001165,Rift Bloom - Kapseret Farm,Circus,40.0,B,10.0,150.0,1500.0,2022-10-16,,2022-10-19,2022-10-21,U.S.A,Carrefour Flowers,EUR,0.388,582.0,AIR FREIGHT,409.43,2.8,28.0,Stem Bent,NAN,3.0,False,False,False,,2.0,False,False,2022.0,10.0,4.0,,,,2022.0,2022.0,10.0,,5.0,582.0,409.43,172.57,29.651202749140893,1500.0,1500.0,1.866666666666667,Quality Issue,High Rejection,Average
RB-000433,Rift Bloom - Moiben Farm,Peach Avalanche,90.0,PREMIUM,40.0,36.0,1440.0,2025-04-21,2025-04-23,2025-04-27,2025-04-29,Japan,Tokyo Flower Market,EUR,0.429,617.76,ROAD THEN AIR,437.35,2.0,0.0,,PAID,5.0,False,False,False,4.0,2.0,True,False,2025.0,4.0,2.0,2025.0,4.0,2.0,2025.0,2025.0,4.0,2.0,8.0,617.76,437.35,180.40999999999997,29.20389795389795,1440.0,1440.0,0.0,No Quality Issue,High Rejection,Excellent
RB-001691,Rift Bloom - Kesses Farm,Avalanche,50.0,B,40.0,196.0,7840.0,2023-02-21,2023-02-23,2023-02-26,2023-01-03,Norway,Local Wholesaler - Eldoret,EUR,0.455,3567.2,NAN,96.23,2.0,0.0,,PAID,4.0,False,False,False,3.0,-54.0,False,False,2023.0,2.0,1.0,2023.0,2.0,1.0,2023.0,2023.0,1.0,2.0,-49.0,3567.2,96.23,3470.97,97.3023660013456,7840.0,7840.0,0.0,No Quality Issue,High Rejection,Good
RB-000125,Rift Bloom - Turbo Farm,Vendela,50.0,C,25.0,108.0,2700.0,2022-06-18,2022-06-19,2022-06-22,2022-06-26,United Kingdom,Aalsmeer Direct,KES,35.88,96876.0,NAN,,2.0,0.0,,NAN,4.0,False,False,False,3.0,4.0,True,False,2022.0,6.0,2.0,2022.0,6.0,2.0,2022.0,2022.0,6.0,1.0,8.0,96876.0,,,,2700.0,2700.0,0.0,No Quality Issue,High Rejection,Good
RB-000066,Rift Bloom - Turbo Farm,Explorer,50.0,B,20.0,131.0,2620.0,2023-09-17,2023-09-18,2023-09-20,2023-09-21,Netherlands,Aalsmeer Direct,USD,0.299,783.38,ROAD THEN AIR,435.06,-0.1,0.0,,PENDING,5.0,False,False,True,2.0,1.0,True,False,2023.0,9.0,3.0,2023.0,9.0,3.0,2023.0,2023.0,9.0,1.0,4.0,783.38,435.06,348.32,44.46373407541678,2620.0,2620.0,0.0,No Quality Issue,High Rejection,Excellent
RB-002456,Rift Bloom - Timboroa Farm,Pink Floyd,50.0,,40.0,8.0,320.0,2026-02-14,2026-02-15,2026-02-18,2026-02-21,Norway,Bloomon BV,USD,0.423,135.36,AIR FREIGHT,244.75,2.9,0.0,,PAID,2.0,False,False,False,3.0,3.0,True,False,2026.0,2.0,1.0,2026.0,2.0,1.0,2026.0,2026.0,2.0,1.0,7.0,135.36,244.75,-109.38999999999999,-80.81412529550825,320.0,320.0,0.0,No Quality Issue,High Rejection,Poor
RB-002956,Rift Bloom - Ziwa Farm,Vendela,50.0,PREMIUM,40.0,67.0,2680.0,2023-08-21,2023-08-22,2023-08-25,2023-08-26,United Arab Emirates,Marks & Spencer Flowers,EUR,0.349,935.32,AIR FREIGHT,135.28,0.0,0.0,,PAID,4.0,False,False,False,3.0,1.0,True,False,2023.0,8.0,3.0,2023.0,8.0,3.0,2023.0,2023.0,8.0,1.0,5.0,935.32,135.28,800.0400000000001,85.5365008767053,2680.0,2680.0,0.0,No Quality Issue,High Rejection,Good
RB-002176,Rift Bloom - Kesses Farm,Freedom,50.0,B,25.0,140.0,3500.0,,2022-10-26,2022-10-29,2022-01-11,Netherlands,Bloomon BV,EUR,0.135,472.5,AIR FREIGHT,270.88,0.7,0.0,,PENDING,5.0,False,False,False,3.0,-291.0,False,False,,,,2022.0,10.0,4.0,2022.0,2022.0,1.0,,,472.5,270.88,201.62,42.67089947089947,3500.0,3500.0,0.0,No Quality Issue,High Rejection,Excellent
RB-001403,Rift Bloom - Kapseret Farm,Circus,90.0,A,20.0,42.0,840.0,2023-10-14,2023-10-14,2023-10-15,2023-10-16,US,Local Wholesaler - Eldoret,KES,61.23,51433.2,ROAD THEN AIR,91.3,2.6,0.0,,PENDING,4.0,False,False,False,1.0,1.0,True,False,2023.0,10.0,4.0,2023.0,10.0,4.0,2023.0,2023.0,10.0,0.0,2.0,51433.2,91.3,51341.899999999994,99.82248819828438,840.0,840.0,0.0,No Quality Issue,High Rejection,Good
RB-000781,Rift Bloom - Kapseret Farm,Peach Avalanche,60.0,PREMIUM,20.0,123.0,2460.0,2022-03-20,2022-03-21,2022-03-24,2022-03-26,Japan,Carrefour Flowers,EUR,0.434,1067.64,ROAD THEN AIR,39.37,0.8,0.0,,PAID,5.0,False,False,False,3.0,2.0,True,False,2022.0,3.0,1.0,2022.0,3.0,1.0,2022.0,2022.0,3.0,1.0,6.0,1067.64,39.37,1028.2700000000002,96.3124274099884,2460.0,2460.0,0.0,No Quality Issue,High Rejection,Excellent
RB-000130,Rift Bloom - Turbo Farm,Avalanche,70.0,A,20.0,70.0,1400.0,2023-06-06,,2023-10-06,2023-06-13,Russia,Tokyo Flower Market,USD,0.263,368.2,NAN,154.76,1.5,0.0,,OVERDUE,3.0,False,False,False,,-115.0,False,False,2023.0,6.0,2.0,,,,2023.0,2023.0,6.0,,7.0,368.2,154.76,213.44,57.96849538294405,1400.0,1400.0,0.0,No Quality Issue,High Rejection,Average
RB-001433,Rift Bloom - Turbo Farm,Peach Avalanche,90.0,C,25.0,33.0,825.0,2023-05-20,2023-05-21,2023-05-24,2023-05-27,Norway,Tokyo Flower Market,NAN,0.392,323.4,AIR FREIGHT,243.71,5.3,0.0,,PAID,3.0,False,False,False,3.0,3.0,True,False,2023.0,5.0,2.0,2023.0,5.0,2.0,2023.0,2023.0,5.0,1.0,7.0,323.4,243.71,79.68999999999997,24.64131106988249,825.0,825.0,0.0,No Quality Issue,High Rejection,Average
RB-002237,Rift Bloom - Kapseret Farm,Athena,70.0,A,40.0,118.0,4720.0,2023-01-24,2023-01-25,2023-01-28,2023-01-31,France,Whole Foods Market,USD,0.224,1057.28,AIR FREIGHT,296.88,1.9,0.0,,PAID,4.0,False,False,False,3.0,3.0,True,False,2023.0,1.0,1.0,2023.0,1.0,1.0,2023.0,2023.0,1.0,1.0,7.0,1057.28,296.88,760.4,71.9203995157385,4720.0,4720.0,0.0,No Quality Issue,High Rejection,Good
RB-001459,Rift Bloom - Kapseret Farm,Peach Avalanche,40.0,PREMIUM,20.0,27.0,540.0,2024-04-23,2024-04-25,2024-04-26,2024-04-28,Poland,Whole Foods Market,USD,0.31,167.4,NAN,77.63,,0.0,,NAN,4.0,False,False,False,1.0,2.0,True,False,2024.0,4.0,2.0,2024.0,4.0,2.0,2024.0,2024.0,4.0,2.0,5.0,167.4,77.63,89.77000000000001,53.62604540023895,540.0,540.0,0.0,No Quality Issue,High Rejection,Good
RB-002999,Rift Bloom - Timboroa Farm,Peach Avalanche,40.0,PREMIUM,40.0,62.0,2480.0,,2022-06-06,2022-06-07,2022-08-06,Norway,Marks & Spencer Flowers,EUR,0.249,617.52,AIR FREIGHT,242.04,,0.0,,PENDING,5.0,False,False,False,1.0,60.0,True,False,,,,2022.0,6.0,2.0,2022.0,2022.0,8.0,,,617.52,242.04,375.48,60.804508356004675,2480.0,2480.0,0.0,No Quality Issue,High Rejection,Excellent
RB-002752,Rift Bloom - Moiben Farm,High & Magic,60.0,B,10.0,285.0,2850.0,2022-05-28,2022-05-30,2022-03-06,2022-09-06,Netherlands,Interflora Russia,KES,59.15,168577.5,AIR FREIGHT,206.35,,0.0,,OVERDUE,5.0,False,False,False,-85.0,184.0,False,False,2022.0,5.0,2.0,2022.0,5.0,2.0,2022.0,2022.0,9.0,2.0,101.0,168577.5,206.35,168371.15,99.87759339176343,2850.0,2850.0,0.0,No Quality Issue,High Rejection,Excellent
RB-002968,Rift Bloom - Kesses Farm,avalanche,60.0,B,25.0,68.0,1700.0,2025-03-18,2025-03-18,2025-03-20,2025-03-24,Poland,M-Farm Traders,EUR,0.436,741.2,AIR FREIGHT,159.06,0.5,0.0,,OVERDUE,5.0,False,False,False,2.0,4.0,True,False,2025.0,3.0,1.0,2025.0,3.0,1.0,2025.0,2025.0,3.0,0.0,6.0,741.2,159.06,582.1400000000001,78.54020507285485,1700.0,1700.0,0.0,No Quality Issue,High Rejection,Excellent
RB-002910,Rift Bloom - Kesses Farm,High & Magic,50.0,A,40.0,161.0,6440.0,2026-06-23,2026-06-24,2026-06-25,2026-06-29,Japan,Marks & Spencer Flowers,USD,0.254,1635.76,AIR FREIGHT,643.31,2.8,23.0,Wilting,OVERDUE,3.0,False,False,False,1.0,4.0,True,False,2026.0,6.0,2.0,2026.0,6.0,2.0,2026.0,2026.0,6.0,1.0,6.0,1635.76,643.31,992.45,60.67210348706412,6440.0,6440.0,0.35714285714285715,Quality Issue,High Rejection,Average
RB-002235,Rift Bloom - Kapseret Farm,Red Naomi,50.0,PREMIUM,20.0,48.0,960.0,2024-11-20,2024-11-20,2024-11-21,2024-11-23,UAE,Blume2000,EUR,0.376,360.96,AIR FREIGHT,236.41,4.4,0.0,,NAN,5.0,False,False,False,1.0,2.0,True,False,2024.0,11.0,4.0,2024.0,11.0,4.0,2024.0,2024.0,11.0,0.0,3.0,360.96,236.41,124.54999999999998,34.50520833333333,960.0,960.0,0.0,No Quality Issue,High Rejection,Excellent
RB-001125,Rift Bloom - Kapseret Farm,Freedom,80.0,A,20.0,191.0,3820.0,2024-02-24,2024-02-26,2024-02-28,2024-05-03,Japan,Aalsmeer Direct,USD,0.227,867.14,NAN,36.32,1.2,0.0,,PAID,3.0,False,False,False,2.0,65.0,True,False,2024.0,2.0,1.0,2024.0,2.0,1.0,2024.0,2024.0,5.0,2.0,69.0,867.14,36.32,830.8199999999999,95.81151832460732,3820.0,3820.0,0.0,No Quality Issue,High Rejection,Average
RB-002638,Rift Bloom - Turbo Farm,Red Naomi,70.0,C,40.0,141.0,5640.0,2026-02-27,2026-02-28,2026-03-03,2026-04-03,Switzerland,Dubai Flower Centre,NAN,0.33,1861.2,NAN,152.57,1.3,0.0,,NAN,5.0,False,False,False,3.0,31.0,True,False,2026.0,2.0,1.0,2026.0,2.0,1.0,2026.0,2026.0,4.0,1.0,35.0,1861.2,152.57,1708.63,91.80260047281324,5640.0,5640.0,0.0,No Quality Issue,High Rejection,Excellent
RB-000238,Rift Bloom - Ziwa Farm,Tibet,80.0,C,40.0,28.0,1120.0,2022-05-01,2022-05-02,2022-05-04,2022-09-05,France,Whole Foods Market,USD,0.265,296.8,AIR FREIGHT,333.33,2.5,0.0,,PAID,5.0,False,False,False,2.0,124.0,True,False,2022.0,5.0,2.0,2022.0,5.0,2.0,2022.0,2022.0,9.0,1.0,127.0,296.8,333.33,-36.52999999999997,-12.307951482479774,1120.0,1120.0,0.0,No Quality Issue,High Rejection,Excellent
RB-002031,Rift Bloom - Timboroa Farm,Circus,50.0,B,25.0,59.0,1475.0,2024-12-29,2024-12-30,2025-01-02,2025-08-01,Australia,Carrefour Flowers,KES,37.05,54648.75,AIR FREIGHT,389.13,2.3,0.0,,PAID,4.0,False,False,False,3.0,211.0,True,False,2024.0,12.0,4.0,2024.0,12.0,4.0,2025.0,2025.0,8.0,1.0,215.0,54648.75,389.13,54259.62,99.28794345707817,1475.0,1475.0,0.0,No Quality Issue,High Rejection,Good
RB-001276,Rift Bloom - Kapseret Farm,Pink Floyd,80.0,A,10.0,35.0,350.0,2025-12-14,2025-12-16,2025-12-20,2025-12-23,USA,Tokyo Flower Market,EUR,0.419,146.65,ROAD THEN AIR,267.83,2.5,0.0,,NAN,4.0,False,False,False,4.0,3.0,True,False,2025.0,12.0,4.0,2025.0,12.0,4.0,2025.0,2025.0,12.0,2.0,9.0,146.65,267.83,-121.17999999999998,-82.63211728605522,350.0,350.0,0.0,No Quality Issue,High Rejection,Good
RB-002566,Rift Bloom - Timboroa Farm,Circus,90.0,PREMIUM,40.0,124.0,4960.0,2026-06-28,2026-06-28,2026-06-29,2026-04-07,Norway,Aalsmeer Direct,USD,0.378,1874.88,NAN,338.18,21.6,0.0,,PENDING,4.0,False,False,False,1.0,-83.0,False,False,2026.0,6.0,2.0,2026.0,6.0,2.0,2026.0,2026.0,4.0,0.0,-82.0,1874.88,338.18,1536.7,81.96257893838539,4960.0,4960.0,0.0,No Quality Issue,High Rejection,Good
RB-001599,Rift Bloom - Turbo Farm,Pink Floyd,70.0,B,20.0,106.0,2120.0,2022-07-20,2022-07-20,2022-07-21,2022-07-25,Switzerland,Whole Foods Market,EUR,0.358,758.96,AIR FREIGHT,88.4,1.1,0.0,,PAID,4.0,False,False,False,1.0,4.0,True,False,2022.0,7.0,3.0,2022.0,7.0,3.0,2022.0,2022.0,7.0,0.0,5.0,758.96,88.4,670.5600000000001,88.35248234426058,2120.0,2120.0,0.0,No Quality Issue,High Rejection,Good
RB-001779,Rift Bloom - Moiben Farm,Peach Avalanche,60.0,PREMIUM,20.0,239.0,4780.0,2022-08-19,2022-08-19,2022-08-21,2022-08-27,uae,Bloomon BV,EUR,0.451,2155.78,ROAD THEN AIR,75.87,0.2,0.0,,PAID,5.0,False,False,False,2.0,6.0,True,False,2022.0,8.0,3.0,2022.0,8.0,3.0,2022.0,2022.0,8.0,0.0,8.0,2155.78,75.87,2079.9100000000003,96.4806241824305,4780.0,4780.0,0.0,No Quality Issue,High Rejection,Excellent
RB-000763,Rift Bloom - Timboroa Farm,Freedom,60.0,STANDARD,20.0,164.0,3280.0,2026-06-17,2026-06-19,2026-06-23,2026-06-29,UAE,M-Farm Traders,UNKNOWN,0.452,1482.56,AIR FREIGHT,302.19,4.8,0.0,,UNKNOWN,5.0,False,False,False,4.0,6.0,True,False,2026.0,6.0,2.0,2026.0,6.0,2.0,2026.0,2026.0,6.0,2.0,12.0,1482.56,302.19,1180.37,79.61701381394344,3280.0,3280.0,0.0,No Quality Issue,High Rejection,Excellent
RB-000370,Rift Bloom - Turbo Farm,Mondial,60.0,A,20.0,89.0,1780.0,2023-06-30,2023-06-30,2023-04-07,2023-07-07,Australia,Whole Foods Market,USD,0.315,560.7,AIR FREIGHT,86.44,1.9,0.0,,PENDING,5.0,False,False,False,-84.0,91.0,False,False,2023.0,6.0,2.0,2023.0,6.0,2.0,2023.0,2023.0,7.0,0.0,7.0,560.7,86.44,474.26000000000005,84.58355626894954,1780.0,1780.0,0.0,No Quality Issue,High Rejection,Excellent
RB-000523,Rift Bloom - Ziwa Farm,Vendela,40.0,PREMIUM,20.0,133.0,2660.0,2024-03-08,2024-08-04,2024-08-06,2024-12-08,United Kingdom,Tokyo Flower Market,EUR,0.314,835.24,AIR FREIGHT,,,0.0,,PENDING,5.0,False,False,False,2.0,124.0,True,False,2024.0,3.0,1.0,2024.0,8.0,3.0,2024.0,2024.0,12.0,149.0,275.0,835.24,,,,2660.0,2660.0,0.0,No Quality Issue,High Rejection,Excellent
RB-002361,Rift Bloom - Moiben Farm,Tibet,80.0,B,10.0,132.0,1320.0,2026-04-03,2026-05-03,2026-03-07,2026-11-03,Poland,Local Wholesaler - Eldoret,NAN,0.572,755.04,AIR FREIGHT,198.93,4.8,0.0,,PENDING,4.0,False,False,False,-57.0,241.0,False,False,2026.0,4.0,2.0,2026.0,5.0,2.0,2026.0,2026.0,11.0,30.0,214.0,755.04,198.93,556.1099999999999,73.65305149396058,1320.0,1320.0,0.0,No Quality Issue,High Rejection,Good
RB-000055,Rift Bloom - Turbo Farm,Athena,60.0,PREMIUM,40.0,70.0,2800.0,2026-04-29,2026-04-29,2026-05-03,2026-05-06,Poland,FloraHolland Auction,USD,0.332,929.6,AIR FREIGHT,289.74,2.1,0.0,,UNKNOWN,4.0,False,False,False,4.0,3.0,True,False,2026.0,4.0,2.0,2026.0,4.0,2.0,2026.0,2026.0,5.0,0.0,7.0,929.6,289.74,639.86,68.83175559380379,2800.0,2800.0,0.0,No Quality Issue,High Rejection,Good
RB-000267,Rift Bloom - Kesses Farm,Mondial,50.0,B,10.0,73.0,730.0,2024-10-11,2024-11-12,2024-11-13,2024-11-18,Russia,Bloomon BV,KES,40.95,29893.5,NAN,367.11,0.7,0.0,,OVERDUE,5.0,False,False,False,1.0,5.0,True,False,2024.0,10.0,4.0,2024.0,11.0,4.0,2024.0,2024.0,11.0,32.0,38.0,29893.5,367.11,29526.39,98.77194038837874,730.0,730.0,0.0,No Quality Issue,High Rejection,Excellent
RB-002635,Rift Bloom - Moiben Farm,High & Magic,60.0,A,20.0,17.0,340.0,2025-07-23,2025-07-23,2025-07-25,2025-07-28,Norway,Whole Foods Market,EUR,0.396,134.64,ROAD THEN AIR,297.35,4.4,11.0,-,NAN,4.0,False,False,False,2.0,3.0,True,True,2025.0,7.0,3.0,2025.0,7.0,3.0,2025.0,2025.0,7.0,0.0,5.0,134.64,297.35,-162.71000000000004,-120.8481877599525,340.0,340.0,3.2352941176470593,Quality Issue,High Rejection,Good
RB-002796,Rift Bloom - Moiben Farm,AVALANCHE,80.0,PREMIUM,20.0,331.0,6620.0,2026-04-26,2026-04-27,2026-04-28,2026-05-03,Poland,Dubai Flower Centre,EUR,0.405,2681.1,AIR FREIGHT,311.68,4.4,0.0,,OVERDUE,5.0,False,False,False,1.0,5.0,True,False,2026.0,4.0,2.0,2026.0,4.0,2.0,2026.0,2026.0,5.0,1.0,7.0,2681.1,311.68,2369.42,88.3749207414867,6620.0,6620.0,0.0,No Quality Issue,High Rejection,Excellent
RB-000383,Rift Bloom - Kapseret Farm,Athena,60.0,B,40.0,106.0,4240.0,2025-10-01,2025-12-01,2025-01-14,2025-01-19,Russia,Blume2000,NAN,0.372,1577.28,AIR FREIGHT,459.18,2.4,0.0,,OVERDUE,4.0,False,False,False,-321.0,5.0,False,False,2025.0,10.0,4.0,2025.0,12.0,4.0,2025.0,2025.0,1.0,61.0,-255.0,1577.28,459.18,1118.1,70.88785757760195,4240.0,4240.0,0.0,No Quality Issue,High Rejection,Good
RB-002385,Rift Bloom - Moiben Farm,Cool Water,40.0,B,10.0,114.0,1140.0,2024-07-20,2024-07-20,2024-07-22,2024-07-26,Switzerland,Carrefour Flowers,EUR,0.425,484.5,AIR FREIGHT,250.39,0.7,0.0,,NAN,4.0,False,False,False,2.0,4.0,True,False,2024.0,7.0,3.0,2024.0,7.0,3.0,2024.0,2024.0,7.0,0.0,6.0,484.5,250.39,234.11,48.319917440660475,1140.0,1140.0,0.0,No Quality Issue,High Rejection,Good
RB-001988,Rift Bloom - Kesses Farm,Yellow Babe,50.0,STANDARD,20.0,97.0,1940.0,2025-04-23,2025-04-24,2025-04-28,2025-04-29,Australia,Whole Foods Market,EUR,0.387,750.78,ROAD THEN AIR,353.22,1.5,0.0,,PAID,4.0,False,False,False,4.0,1.0,True,False,2025.0,4.0,2.0,2025.0,4.0,2.0,2025.0,2025.0,4.0,1.0,6.0,750.78,353.22,397.55999999999995,52.952928953887955,1940.0,1940.0,0.0,No Quality Issue,High Rejection,Good
RB-002335,rift bloom turbo farm,Tibet,90.0,A,40.0,145.0,5800.0,2022-06-29,2022-01-07,2022-07-03,2022-07-08,Norway,M-Farm Traders,EUR,0.437,2534.6,AIR FREIGHT,,2.1,0.0,,PAID,5.0,False,False,False,177.0,5.0,True,False,2022.0,6.0,2.0,2022.0,1.0,1.0,2022.0,2022.0,7.0,-173.0,9.0,2534.6,,,,5800.0,5800.0,0.0,No Quality Issue,High Rejection,Excellent
RB-000836,Rift Bloom - Timboroa Farm,FREEDOM,50.0,PREMIUM,40.0,163.0,6520.0,,2024-10-31,,2024-04-11,United kingdom,Marks & Spencer Flowers,EUR,0.311,2027.72,AIR FREIGHT,286.68,,0.0,,PAID,3.0,False,False,False,,,False,False,,,,2024.0,10.0,4.0,,2024.0,4.0,,,2027.72,286.68,1741.04,85.8619533268893,6520.0,6520.0,0.0,No Quality Issue,High Rejection,Average
RB-002941,Rift Bloom - Timboroa Farm,Mondial,70.0,PREMIUM,20.0,46.0,920.0,2024-09-18,2024-09-18,2024-09-21,2024-09-24,Germany,Marks & Spencer Flowers,EUR,0.207,190.44,UNKNOWN,263.85,3.5,0.0,,NAN,4.0,False,False,False,3.0,3.0,True,False,2024.0,9.0,3.0,2024.0,9.0,3.0,2024.0,2024.0,9.0,0.0,6.0,190.44,263.85,-73.41000000000003,-38.547574039067435,920.0,920.0,0.0,No Quality Issue,High Rejection,Good
RB-000464,Rift Bloom - Moiben Farm,Explorer,40.0,A,10.0,19.0,190.0,,2024-02-26,2024-01-03,2024-03-03,Japan,FloraHolland Auction,KES,41.6,7904.0,NAN,470.04,,0.0,,NAN,5.0,False,False,False,-54.0,60.0,False,False,,,,2024.0,2.0,1.0,2024.0,2024.0,3.0,,,7904.0,470.04,7433.96,94.05313765182186,190.0,190.0,0.0,No Quality Issue,High Rejection,Excellent
RB-001542,Rift Bloom - Turbo Farm,Circus,60.0,B,25.0,123.0,3075.0,2022-08-12,2022-10-12,2022-12-14,2022-12-15,NL,Local Wholesaler - Eldoret,EUR,0.301,925.57,ROAD THEN AIR,,,0.0,,PAID,3.0,False,False,False,63.0,1.0,True,False,2022.0,8.0,3.0,2022.0,10.0,4.0,2022.0,2022.0,12.0,61.0,125.0,925.57,,,,3075.0,3075.0,0.0,No Quality Issue,High Rejection,Average
RB-002745,Rift Bloom - Ziwa Farm,Cool Water,50.0,PREMIUM,20.0,170.0,3400.0,2022-07-24,2022-07-25,2022-07-26,2022-07-28,The Netherlands,Dubai Flower Centre,KES,35.36,120224.0,AIR FREIGHT,361.32,2.9,24.0,Cold Chain Break,OVERDUE,4.0,False,False,False,1.0,2.0,True,False,2022.0,7.0,3.0,2022.0,7.0,3.0,2022.0,2022.0,7.0,1.0,4.0,120224.0,361.32,119862.68,99.69946100612191,3400.0,3400.0,0.7058823529411765,Quality Issue,High Rejection,Good
RB-002875,Rift Bloom - Timboroa Farm,High & Magic,80.0,A,10.0,208.0,2080.0,2022-09-28,2022-09-28,2022-09-30,2022-02-10,United Kingdom,Interflora Russia,EUR,0.175,364.0,AIR FREIGHT,158.63,3.9,0.0,,OVERDUE,4.0,False,False,False,2.0,-232.0,False,False,2022.0,9.0,3.0,2022.0,9.0,3.0,2022.0,2022.0,2.0,0.0,-230.0,364.0,158.63,205.37,56.42032967032967,2080.0,2080.0,0.0,No Quality Issue,High Rejection,Good
RB-002987,Rift Bloom - Timboroa Farm,Yellow Babe,60.0,PREMIUM,20.0,88.0,1760.0,2025-05-01,2025-03-05,2025-05-05,2025-05-11,Poland,Interflora Russia,USD,0.503,885.28,AIR FREIGHT,408.48,,0.0,,NAN,5.0,False,False,False,61.0,6.0,True,False,2025.0,5.0,2.0,2025.0,3.0,1.0,2025.0,2025.0,5.0,-57.0,10.0,885.28,408.48,476.79999999999995,53.85866618470991,1760.0,1760.0,0.0,No Quality Issue,High Rejection,Excellent
RB-001145,Rift Bloom - Kapseret Farm,Avalanche,60.0,B,25.0,269.0,6725.0,2024-02-12,2024-02-13,2024-02-17,,Japan,Whole Foods Market,NAN,0.444,2985.9,AIR FREIGHT,1067.65,0.1,0.0,,OVERDUE,5.0,False,False,False,4.0,,False,False,2024.0,2.0,1.0,2024.0,2.0,1.0,2024.0,,,1.0,,2985.9,1067.65,1918.25,64.24361164138116,6725.0,6725.0,0.0,No Quality Issue,High Rejection,Excellent
RB-000596,Rift Bloom - Ziwa Farm,Explorer,50.0,A,40.0,138.0,5520.0,2026-02-22,2026-02-24,2026-02-25,2026-03-03,Poland,Marks & Spencer Flowers,NAN,0.304,1678.08,AIR FREIGHT,,,0.0,,PENDING,5.0,False,False,False,1.0,6.0,True,False,2026.0,2.0,1.0,2026.0,2.0,1.0,2026.0,2026.0,3.0,2.0,9.0,1678.08,,,,5520.0,5520.0,0.0,No Quality Issue,High Rejection,Excellent
RB-001623,Rift Bloom - Moiben Farm,Athena,70.0,PREMIUM,10.0,126.0,1260.0,2022-08-12,2022-08-13,2022-08-15,2022-08-16,Russia,Dubai Flower Centre,NAN,0.091,114.66,ROAD THEN AIR,282.36,5.0,0.0,,NAN,3.0,False,False,False,2.0,1.0,True,False,2022.0,8.0,3.0,2022.0,8.0,3.0,2022.0,2022.0,8.0,1.0,4.0,114.66,282.36,-167.70000000000002,-146.25850340136057,1260.0,1260.0,0.0,No Quality Issue,High Rejection,Average
RB-001514,Rift Bloom - Kesses Farm,Athena,50.0,STANDARD,40.0,51.0,2040.0,2022-08-30,2022-09-01,2022-09-02,2022-05-09,UAE,Aalsmeer Direct,USD,0.255,520.2,AIR FREIGHT,714.75,3.4,0.0,,PENDING,5.0,False,False,False,1.0,-116.0,False,False,2022.0,8.0,3.0,2022.0,9.0,3.0,2022.0,2022.0,5.0,2.0,-113.0,520.2,714.75,-194.54999999999995,-37.39907727797,2040.0,2040.0,0.0,No Quality Issue,High Rejection,Excellent
RB-001771,Rift Bloom - Turbo Farm,Vendela,70.0,STANDARD,25.0,81.0,2025.0,2023-04-17,2023-04-18,2023-04-22,2023-04-24,USA,Tokyo Flower Market,EUR,0.155,313.88,AIR FREIGHT,214.05,1.0,0.0,,PAID,2.0,False,False,False,4.0,2.0,True,False,2023.0,4.0,2.0,2023.0,4.0,2.0,2023.0,2023.0,4.0,1.0,7.0,313.88,214.05,99.82999999999998,31.80514846438129,2025.0,2025.0,0.0,No Quality Issue,High Rejection,Poor
RB-001775,Rift Bloom - Ziwa Farm,Avalanche,50.0,,20.0,46.0,920.0,2023-09-17,2023-09-17,2023-09-21,2023-09-25,France,Bloomon BV,EUR,0.369,339.48,AIR FREIGHT,355.15,3.7,9.0,Botrytis,PENDING,4.0,False,False,False,4.0,4.0,True,False,2023.0,9.0,3.0,2023.0,9.0,3.0,2023.0,2023.0,9.0,0.0,8.0,339.48,355.15,-15.669999999999959,-4.61588311535288,920.0,920.0,0.9782608695652175,Quality Issue,High Rejection,Good
RB-002463,Rift Bloom - Turbo Farm,Red Naomi,70.0,PREMIUM,25.0,64.0,1600.0,2025-08-05,2025-08-05,2025-05-12,2025-05-15,United States,Interflora Russia,NAN,0.392,627.2,AIR FREIGHT,57.81,4.0,0.0,,PENDING,4.0,False,False,False,-85.0,3.0,False,False,2025.0,8.0,3.0,2025.0,8.0,3.0,2025.0,2025.0,5.0,0.0,-82.0,627.2,57.81,569.3900000000001,90.78284438775512,1600.0,1600.0,0.0,No Quality Issue,High Rejection,Good
RB-000368,Rift Bloom - Moiben Farm,Yellow Babe,60.0,B,20.0,85.0,1700.0,2026-01-30,2026-01-31,2026-03-02,2026-02-09,Japan,Blume2000,EUR,0.405,688.5,UNKNOWN,285.01,3.0,0.0,,PAID,5.0,False,False,False,30.0,-21.0,False,False,2026.0,1.0,1.0,2026.0,1.0,1.0,2026.0,2026.0,2.0,1.0,10.0,688.5,285.01,403.49,58.60421205519245,1700.0,1700.0,0.0,No Quality Issue,High Rejection,Excellent
RB-001454,Rift Bloom - Timboroa Farm,Pink Floyd,40.0,PREMIUM,40.0,49.0,1960.0,2022-07-26,2022-07-26,2022-07-27,2022-07-28,Russia,Local Wholesaler - Eldoret,EUR,0.461,903.56,AIR FREIGHT,157.49,,0.0,,PENDING,4.0,False,False,False,1.0,1.0,True,False,2022.0,7.0,3.0,2022.0,7.0,3.0,2022.0,2022.0,7.0,0.0,2.0,903.56,157.49,746.0699999999999,82.57005622205497,1960.0,1960.0,0.0,No Quality Issue,High Rejection,Good
RB-000098,Rift Bloom - Timboroa Farm,Pink Floyd,40.0,,20.0,64.0,1280.0,2022-08-17,2022-08-19,,2022-08-26,Germany,Tokyo Flower Market,EUR,0.435,556.8,AIR FREIGHT,149.96,-0.9,24.0,,PAID,4.0,False,False,True,,,False,False,2022.0,8.0,3.0,2022.0,8.0,3.0,,2022.0,8.0,2.0,9.0,556.8,149.96,406.8399999999999,73.06752873563217,1280.0,1280.0,1.875,No Quality Issue,High Rejection,Good
RB-001755,Rift Bloom - Turbo Farm,Vendela,50.0,,10.0,73.0,730.0,2023-12-25,2023-12-26,2023-12-28,2023-12-31,Russia,Dubai Flower Centre,EUR,0.05,36.5,ROAD THEN AIR,218.03,4.6,0.0,,PAID,5.0,False,False,False,2.0,3.0,True,False,2023.0,12.0,4.0,2023.0,12.0,4.0,2023.0,2023.0,12.0,1.0,6.0,36.5,218.03,-181.53,-497.3424657534246,730.0,730.0,0.0,No Quality Issue,High Rejection,Excellent
RB-001874,Rift Bloom - Kapseret Farm,RedNaomi,90.0,C,20.0,61.0,1220.0,2023-03-07,2023-04-07,2023-05-07,2023-07-10,Japan,Carrefour Flowers,USD,0.346,422.12,AIR FREIGHT,180.1,4.1,0.0,,PAID,2.0,False,False,False,30.0,64.0,True,False,2023.0,3.0,1.0,2023.0,4.0,2.0,2023.0,2023.0,7.0,31.0,125.0,422.12,180.1,242.02,57.33440727755141,1220.0,1220.0,0.0,No Quality Issue,High Rejection,Poor
RB-000382,Rift Bloom - Timboroa Farm,Avalanche,60.0,PREMIUM,10.0,142.0,1420.0,,2024-09-27,2024-09-29,2024-03-10,United Kingdom,FloraHolland Auction,KES,18.98,26951.6,NAN,529.11,2.5,0.0,,OVERDUE,5.0,False,False,False,2.0,-203.0,False,False,,,,2024.0,9.0,3.0,2024.0,2024.0,3.0,,,26951.6,529.11,26422.489999999998,98.03681414090444,1420.0,1420.0,0.0,No Quality Issue,High Rejection,Excellent
RB-002945,Rift Bloom - Moiben Farm,Peach Avalanche,50.0,,10.0,37.0,370.0,2025-12-21,2025-12-22,2025-12-24,2025-12-27,U.K.,Bloomon BV,USD,0.281,103.97,ROAD THEN AIR,,1.6,0.0,,NAN,4.0,False,False,False,2.0,3.0,True,False,2025.0,12.0,4.0,2025.0,12.0,4.0,2025.0,2025.0,12.0,1.0,6.0,103.97,,,,370.0,370.0,0.0,No Quality Issue,High Rejection,Good
RB-001802,Rift Bloom - Timboroa Farm,Freedom,70.0,,25.0,95.0,2375.0,,2022-06-14,2022-06-16,2022-06-17,Norway,Marks & Spencer Flowers,USD,0.404,959.5,AIR FREIGHT,253.88,,0.0,,PAID,5.0,False,False,False,2.0,1.0,True,False,,,,2022.0,6.0,2.0,2022.0,2022.0,6.0,,,959.5,253.88,705.62,73.54038561750912,2375.0,2375.0,0.0,No Quality Issue,High Rejection,Excellent
RB-000029,Rift Bloom - Kapseret Farm,Yellow Babe,60.0,A,10.0,306.0,3060.0,2022-04-14,2022-04-14,2022-04-16,2022-04-17,Japan,Aalsmeer Direct,EUR,0.121,370.26,AIR FREIGHT,394.6,2.6,0.0,,PAID,5.0,False,False,False,2.0,1.0,True,False,2022.0,4.0,2.0,2022.0,4.0,2.0,2022.0,2022.0,4.0,0.0,3.0,370.26,394.6,-24.340000000000032,-6.573758980176102,3060.0,3060.0,0.0,No Quality Issue,High Rejection,Excellent
RB-000448,Rift Bloom - Kesses Farm,Sweetness,40.0,PREMIUM,25.0,37.0,925.0,2022-10-04,2022-04-12,2022-04-16,2022-04-18,France,Local Wholesaler - Eldoret,EUR,0.406,375.55,AIR FREIGHT,608.98,5.5,0.0,,PAID,4.0,False,False,False,4.0,2.0,True,False,2022.0,10.0,4.0,2022.0,4.0,2.0,2022.0,2022.0,4.0,-175.0,-169.0,375.55,608.98,-233.43,-62.156836639595255,925.0,925.0,0.0,No Quality Issue,High Rejection,Good
RB-000821,Rift Bloom - Turbo Farm,Yellow Babe,80.0,C,20.0,133.0,2660.0,2023-08-22,2023-08-22,,2023-08-29,Russia,Carrefour Flowers,KES,66.3,176358.0,ROAD THEN AIR,181.46,2.6,0.0,,PAID,5.0,False,False,False,,,False,False,2023.0,8.0,3.0,2023.0,8.0,3.0,,2023.0,8.0,0.0,7.0,176358.0,181.46,176176.54,99.89710702094602,2660.0,2660.0,0.0,No Quality Issue,High Rejection,Excellent
RB-002575,Rift Bloom - Timboroa Farm,Red Naomi,60.0,B,25.0,78.0,1950.0,2024-09-14,2024-09-16,2024-09-18,2024-09-20,U.A.E,Bloomon BV,USD,0.38,741.0,AIR FREIGHT,90.24,1.1,0.0,,NAN,4.0,False,False,False,2.0,2.0,True,False,2024.0,9.0,3.0,2024.0,9.0,3.0,2024.0,2024.0,9.0,2.0,6.0,741.0,90.24,650.76,87.82186234817814,1950.0,1950.0,0.0,No Quality Issue,High Rejection,Good
RB-002153,Rift Bloom - Kapseret Farm,Freedom,60.0,B,40.0,63.0,2520.0,2024-11-27,,2024-11-30,2024-01-12,Netherlands,Marks & Spencer Flowers,EUR,0.314,791.28,ROAD THEN AIR,240.58,6.9,0.0,,NAN,4.0,False,False,False,,-323.0,False,False,2024.0,11.0,4.0,,,,2024.0,2024.0,1.0,,-320.0,791.28,240.58,550.6999999999999,69.59609746233949,2520.0,2520.0,0.0,No Quality Issue,High Rejection,Good
RB-002749,Rift Bloom - Ziwa Farm,High & Magic,70.0,STANDARD,20.0,137.0,2740.0,2022-08-20,2022-08-20,2022-08-21,2022-08-24,Norway,Blume2000,KES,22.75,62335.0,AIR FREIGHT,202.4,2.2,0.0,,OVERDUE,4.0,False,False,False,1.0,3.0,True,False,2022.0,8.0,3.0,2022.0,8.0,3.0,2022.0,2022.0,8.0,0.0,4.0,62335.0,202.4,62132.6,99.67530279939038,2740.0,2740.0,0.0,No Quality Issue,High Rejection,Good
RB-001794,Rift Bloom - Kesses Farm,Yellow Babe,0.0,A,20.0,138.0,2760.0,2024-05-24,2024-05-25,2024-05-26,2024-05-27,Australia,Local Wholesaler - Eldoret,USD,0.42,1159.2,AIR FREIGHT,393.3,2.9,0.0,,NAN,4.0,False,False,False,1.0,1.0,True,False,2024.0,5.0,2.0,2024.0,5.0,2.0,2024.0,2024.0,5.0,1.0,3.0,1159.2,393.3,765.9000000000001,66.07142857142858,2760.0,2760.0,0.0,No Quality Issue,High Rejection,Good
RB-002926,Rift Bloom - Turbo Farm,Circus,40.0,UNKNOWN,25.0,79.0,1975.0,2025-08-22,2025-08-22,2025-08-23,2025-08-27,United Arab Emirates,Bloomon BV,USD,0.513,1013.18,ROAD THEN AIR,445.91,1.3,0.0,,PENDING,5.0,False,False,False,1.0,4.0,True,False,2025.0,8.0,3.0,2025.0,8.0,3.0,2025.0,2025.0,8.0,0.0,5.0,1013.18,445.91,567.27,55.98906413470459,1975.0,1975.0,0.0,No Quality Issue,High Rejection,Excellent
RB-002336,Rift Bloom - Kesses Farm,Freedom,90.0,A,40.0,147.0,5880.0,2022-08-28,2022-08-29,2022-01-09,2022-09-06,USA,Blume2000,USD,0.326,1916.88,AIR FREIGHT,124.6,0.3,0.0,,PAID,4.0,False,False,False,-232.0,240.0,False,False,2022.0,8.0,3.0,2022.0,8.0,3.0,2022.0,2022.0,9.0,1.0,9.0,1916.88,124.6,1792.2800000000002,93.49985392930179,5880.0,5880.0,0.0,No Quality Issue,High Rejection,Good
RB-002468,Rift Bloom - Timboroa Farm,Yellow Babe,70.0,A,20.0,144.0,2880.0,2025-01-19,2025-01-19,2025-01-20,2025-01-25,USA,Marks & Spencer Flowers,USD,0.228,656.64,AIR FREIGHT,376.21,0.3,0.0,,PAID,2.0,False,False,False,1.0,5.0,True,False,2025.0,1.0,1.0,2025.0,1.0,1.0,2025.0,2025.0,1.0,0.0,6.0,656.64,376.21,280.43,42.706810428849906,2880.0,2880.0,0.0,No Quality Issue,High Rejection,Poor
RB-001943,Rift Bloom - Kesses Farm,Red Naomi,70.0,B,40.0,27.0,1080.0,2023-01-24,2023-01-26,2023-01-28,2023-01-29,United Kingdom,Dubai Flower Centre,EUR,0.37,399.6,UNKNOWN,193.31,0.8,0.0,,NAN,5.0,False,False,False,2.0,1.0,True,False,2023.0,1.0,1.0,2023.0,1.0,1.0,2023.0,2023.0,1.0,2.0,5.0,399.6,193.31,206.29000000000002,51.62412412412413,1080.0,1080.0,0.0,No Quality Issue,High Rejection,Excellent
RB-001562,Rift Bloom - Kesses Farm,Red Naomi,60.0,STANDARD,10.0,157.0,1570.0,2023-10-07,2023-11-07,2023-12-07,2023-07-14,Switzerland,M-Farm Traders,EUR,0.407,638.99,NAN,379.98,3.2,0.0,,PENDING,4.0,False,False,False,30.0,-146.0,False,False,2023.0,10.0,4.0,2023.0,11.0,4.0,2023.0,2023.0,7.0,31.0,-85.0,638.99,379.98,259.01,40.53428066166919,1570.0,1570.0,0.0,No Quality Issue,High Rejection,Good
RB-001123,Rift Bloom - Timboroa Farm,Peach Avalanche,60.0,B,10.0,82.0,820.0,2022-08-05,2022-05-09,2022-05-12,2022-05-16,Japan,Bloomon BV,EUR,0.281,230.42,AIR FREIGHT,457.12,1.2,0.0,,PAID,5.0,False,False,False,3.0,4.0,True,False,2022.0,8.0,3.0,2022.0,5.0,2.0,2022.0,2022.0,5.0,-88.0,-81.0,230.42,457.12,-226.70000000000002,-98.38555680930476,820.0,820.0,0.0,No Quality Issue,High Rejection,Excellent
RB-000780,Rift Bloom - Kapseret Farm,Red Naomi,70.0,,40.0,55.0,2200.0,2022-03-06,2022-03-06,2022-04-06,2022-06-05,Japan,Whole Foods Market,EUR,0.36,792.0,UNKNOWN,121.21,2.1,0.0,,NAN,4.0,False,False,False,31.0,60.0,True,False,2022.0,3.0,1.0,2022.0,3.0,1.0,2022.0,2022.0,6.0,0.0,91.0,792.0,121.21,670.79,84.69570707070707,2200.0,2200.0,0.0,No Quality Issue,High Rejection,Good
RB-001024,Rift Bloom - Moiben Farm,Peach Avalanche,50.0,C,25.0,110.0,2750.0,2023-03-12,2023-12-03,2023-07-12,2023-09-12,Australia,Aalsmeer Direct,EUR,0.572,1573.0,AIR FREIGHT,365.93,0.2,0.0,,NAN,3.0,False,False,False,-144.0,62.0,False,False,2023.0,3.0,1.0,2023.0,12.0,4.0,2023.0,2023.0,9.0,266.0,184.0,1573.0,365.93,1207.07,76.73680864589954,2750.0,2750.0,0.0,No Quality Issue,High Rejection,Average
RB-000005,Rift Bloom - Kapseret Farm,Tibet,70.0,B,20.0,37.0,740.0,2025-05-15,2025-05-15,2025-05-16,2025-05-17,Switzerland,Marks & Spencer Flowers,KES,61.88,45791.2,AIR FREIGHT,177.71,3.0,0.0,,PAID,4.0,False,False,False,1.0,1.0,True,False,2025.0,5.0,2.0,2025.0,5.0,2.0,2025.0,2025.0,5.0,0.0,2.0,45791.2,177.71,45613.49,99.61191233250058,740.0,740.0,0.0,No Quality Issue,High Rejection,Good
RB-001328,Rift Bloom - Ziwa Farm,Explorer,60.0,B,25.0,87.0,2175.0,2025-07-03,2025-03-07,2025-07-05,2025-07-06,Poland,Local Wholesaler - Eldoret,USD,0.332,722.1,AIR FREIGHT,496.78,4.1,0.0,,PENDING,4.0,False,False,False,120.0,1.0,True,False,2025.0,7.0,3.0,2025.0,3.0,1.0,2025.0,2025.0,7.0,-118.0,3.0,722.1,496.78,225.32000000000005,31.203434427364634,2175.0,2175.0,0.0,No Quality Issue,High Rejection,Good
RB-003000,Rift Bloom - Timboroa Farm,Mondial,50.0,STANDARD,10.0,54.0,540.0,2022-09-24,2022-09-25,2022-09-28,2022-02-10,Switzerland,Whole Foods Market,KES,66.04,35661.6,ROAD THEN AIR,87.94,3.5,0.0,,UNKNOWN,5.0,False,False,False,3.0,-230.0,False,False,2022.0,9.0,3.0,2022.0,9.0,3.0,2022.0,2022.0,2.0,1.0,-226.0,35661.6,87.94,35573.659999999996,99.75340422190814,540.0,540.0,0.0,No Quality Issue,High Rejection,Excellent
RB-001770,Rift Bloom - Kapseret Farm,Yellow Babe,60.0,A,10.0,216.0,2160.0,2024-12-29,2024-12-30,2025-01-02,2025-06-01,France,Blume2000,EUR,0.348,751.68,AIR FREIGHT,386.37,2.2,0.0,,PAID,4.0,False,False,False,3.0,150.0,True,False,2024.0,12.0,4.0,2024.0,12.0,4.0,2025.0,2025.0,6.0,1.0,154.0,751.68,386.37,365.30999999999995,48.599137931034484,2160.0,2160.0,0.0,No Quality Issue,High Rejection,Good
RB-002768,Rift Bloom - Ziwa Farm,Freedom,70.0,A,10.0,310.0,3100.0,2023-03-17,2023-03-18,2023-03-19,2023-03-22,U.S.A,Marks & Spencer Flowers,USD,0.281,871.1,AIR FREIGHT,253.66,2.2,0.0,,NAN,5.0,False,False,False,1.0,3.0,True,False,2023.0,3.0,1.0,2023.0,3.0,1.0,2023.0,2023.0,3.0,1.0,5.0,871.1,253.66,617.44,70.88049592469292,3100.0,3100.0,0.0,No Quality Issue,High Rejection,Excellent
RB-000351,Rift Bloom - Timboroa Farm,Tibet,90.0,PREMIUM,40.0,57.0,2280.0,2023-03-15,2023-03-15,2023-03-16,2023-03-22,Switzerland,M-Farm Traders,KES,70.98,161834.4,AIR FREIGHT,,,0.0,,PAID,4.0,False,False,False,1.0,6.0,True,False,2023.0,3.0,1.0,2023.0,3.0,1.0,2023.0,2023.0,3.0,0.0,7.0,161834.4,,,,2280.0,2280.0,0.0,No Quality Issue,High Rejection,Good
RB-002592,Rift Bloom - Kesses Farm,Yellow Babe,70.0,A,10.0,145.0,1450.0,2025-09-05,2025-09-05,2025-08-09,2025-09-10,uae,Bloomon BV,EUR,0.245,355.25,AIR FREIGHT,549.72,1.4,0.0,,PAID,4.0,False,False,False,-27.0,32.0,False,False,2025.0,9.0,3.0,2025.0,9.0,3.0,2025.0,2025.0,9.0,0.0,5.0,355.25,549.72,-194.47000000000003,-54.74173117522872,1450.0,1450.0,0.0,No Quality Issue,High Rejection,Good
RB-000661,Rift Bloom - Moiben Farm,Freedom,60.0,,10.0,169.0,1690.0,2026-06-06,2026-06-07,2026-06-10,2026-06-15,France,Whole Foods Market,KES,28.21,47674.9,AIR FREIGHT,139.09,4.3,0.0,,PAID,4.0,False,False,False,3.0,5.0,True,False,2026.0,6.0,2.0,2026.0,6.0,2.0,2026.0,2026.0,6.0,1.0,9.0,47674.9,139.09,47535.810000000005,99.70825318983366,1690.0,1690.0,0.0,No Quality Issue,High Rejection,Good
RB-002780,Rift Bloom - Kapseret Farm,Red Naomi,50.0,PREMIUM,10.0,238.0,2380.0,2026-08-04,2026-04-08,2026-08-06,2026-08-07,Switzerland,Dubai Flower Centre,NAN,0.361,859.18,AIR FREIGHT,177.97,3.2,0.0,,NAN,5.0,False,False,False,120.0,1.0,True,False,2026.0,8.0,3.0,2026.0,4.0,2.0,2026.0,2026.0,8.0,-118.0,3.0,859.18,177.97,681.2099999999999,79.28606345585325,2380.0,2380.0,0.0,No Quality Issue,High Rejection,Excellent
RB-002311,Rift Bloom - Turbo Farm,FREEDOM,80.0,B,40.0,183.0,7320.0,2022-07-16,2022-07-17,2022-07-19,2022-07-25,Poland,Blume2000,EUR,0.412,3015.84,UNKNOWN,339.78,1.6,0.0,,PENDING,2.0,False,False,False,2.0,6.0,True,False,2022.0,7.0,3.0,2022.0,7.0,3.0,2022.0,2022.0,7.0,1.0,9.0,3015.84,339.78,2676.0600000000004,88.73348718764922,7320.0,7320.0,0.0,No Quality Issue,High Rejection,Poor
RB-000900,Rift Bloom - Moiben Farm,Peach Avalanche,50.0,A,10.0,333.0,3330.0,2024-09-28,2024-09-28,2024-02-10,2024-07-10,Poland,Blume2000,USD,0.43,1431.9,AIR FREIGHT,220.77,0.8,0.0,,NAN,4.0,False,False,False,-231.0,151.0,False,False,2024.0,9.0,3.0,2024.0,9.0,3.0,2024.0,2024.0,7.0,0.0,-80.0,1431.9,220.77,1211.13,84.58202388434947,3330.0,3330.0,0.0,No Quality Issue,High Rejection,Good
RB-000159,Rift Bloom - Kesses Farm,Sweetness,70.0,B,25.0,138.0,3450.0,2023-04-21,2023-04-22,2023-04-23,2023-04-29,Poland,Marks & Spencer Flowers,EUR,0.491,1693.95,NAN,12.82,1.6,0.0,,PAID,5.0,False,False,False,1.0,6.0,True,False,2023.0,4.0,2.0,2023.0,4.0,2.0,2023.0,2023.0,4.0,1.0,8.0,1693.95,12.82,1681.13,99.2431889961333,3450.0,3450.0,0.0,No Quality Issue,High Rejection,Excellent
RB-002913,Rift Bloom - Moiben Farm,Explorer,90.0,PREMIUM,20.0,82.0,1640.0,2025-02-24,2025-02-25,2025-02-26,,USA,Dubai Flower Centre,KES,51.87,85066.8,NAN,,1.0,0.0,,PAID,4.0,False,False,False,1.0,,False,False,2025.0,2.0,1.0,2025.0,2.0,1.0,2025.0,,,1.0,,85066.8,,,,1640.0,1640.0,0.0,No Quality Issue,High Rejection,Good
RB-000141,Rift Bloom - Moiben Farm,Red Naomi,60.0,B,20.0,192.0,3840.0,2026-12-02,2026-02-14,2026-02-17,2026-02-21,Norway,Whole Foods Market,USD,0.481,1847.04,AIR FREIGHT,151.23,4.0,0.0,,NAN,4.0,False,False,False,3.0,4.0,True,False,2026.0,12.0,4.0,2026.0,2.0,1.0,2026.0,2026.0,2.0,-291.0,-284.0,1847.04,151.23,1695.81,91.8123050935551,3840.0,3840.0,0.0,No Quality Issue,High Rejection,Good
RB-001915,Rift Bloom - Moiben Farm,Pink Floyd,40.0,,20.0,131.0,2620.0,2022-04-04,2022-04-04,2022-06-04,2022-04-10,Japan,Marks & Spencer Flowers,UNKNOWN,0.312,817.44,AIR FREIGHT,,3.2,0.0,,NAN,1.0,False,False,False,61.0,-55.0,False,False,2022.0,4.0,2.0,2022.0,4.0,2.0,2022.0,2022.0,4.0,0.0,6.0,817.44,,,,2620.0,2620.0,0.0,No Quality Issue,High Rejection,Poor
RB-002197,Rift Bloom - Moiben Farm,Mondial,70.0,C,10.0,55.0,550.0,2025-02-02,2025-02-02,2025-02-06,2025-11-02,usa,Aalsmeer Direct,EUR,0.606,333.3,AIR FREIGHT,72.28,3.9,30.0,Cold Chain Break,PAID,5.0,False,False,False,4.0,269.0,True,False,2025.0,2.0,1.0,2025.0,2.0,1.0,2025.0,2025.0,11.0,0.0,273.0,333.3,72.28,261.02,78.31383138313831,550.0,550.0,5.454545454545454,Quality Issue,High Rejection,Excellent
RB-000398,Rift Bloom - Kesses Farm,Circus,70.0,PREMIUM,20.0,116.0,2320.0,2024-07-28,2024-07-30,2024-08-02,2024-08-08,Netherlands,Interflora Russia,EUR,0.498,1155.36,AIR FREIGHT,171.43,1.4,0.0,,PENDING,5.0,False,False,False,3.0,6.0,True,False,2024.0,7.0,3.0,2024.0,7.0,3.0,2024.0,2024.0,8.0,2.0,11.0,1155.36,171.43,983.9299999999998,85.1622005262429,2320.0,2320.0,0.0,No Quality Issue,High Rejection,Excellent
RB-002143,Rift Bloom - Timboroa Farm,Circus,60.0,PREMIUM,20.0,44.0,880.0,2022-11-20,2022-11-21,2022-11-25,2022-11-30,USA,Marks & Spencer Flowers,USD,0.476,418.88,AIR FREIGHT,50.46,1.5,0.0,,OVERDUE,4.0,False,False,False,4.0,5.0,True,False,2022.0,11.0,4.0,2022.0,11.0,4.0,2022.0,2022.0,11.0,1.0,10.0,418.88,50.46,368.42,87.95359052711994,880.0,880.0,0.0,No Quality Issue,High Rejection,Good
RB-002777,Rift Bloom - Turbo Farm,Pink Floyd,50.0,B,20.0,139.0,2780.0,2024-06-25,2024-06-26,2024-06-28,2024-07-03,Japan,Tokyo Flower Market,USD,0.379,1053.62,AIR FREIGHT,351.56,0.3,0.0,,OVERDUE,4.0,False,False,False,2.0,5.0,True,False,2024.0,6.0,2.0,2024.0,6.0,2.0,2024.0,2024.0,7.0,1.0,8.0,1053.62,351.56,702.06,66.63313148953132,2780.0,2780.0,0.0,No Quality Issue,High Rejection,Good
RB-001034,Rift Bloom - Moiben Farm,Peach Avalanche,60.0,B,20.0,120.0,2400.0,2023-07-16,2023-07-18,2023-07-20,2023-07-26,Switzerland,Interflora Russia,USD,0.354,849.6,AIR FREIGHT,82.75,,21.0,Bud Blast,PENDING,3.0,False,False,False,2.0,6.0,True,False,2023.0,7.0,3.0,2023.0,7.0,3.0,2023.0,2023.0,7.0,2.0,10.0,849.6,82.75,766.85,90.26012241054615,2400.0,2400.0,0.8750000000000001,Quality Issue,High Rejection,Average
RB-001204,Rift Bloom - Kapseret Farm,Peach Avalanche,60.0,,25.0,33.0,825.0,2024-01-02,2024-01-03,2024-06-01,2024-09-01,Russia,Interflora Russia,NAN,0.217,179.03,AIR FREIGHT,512.69,2.9,0.0,,PAID,2.0,False,False,False,150.0,92.0,True,False,2024.0,1.0,1.0,2024.0,1.0,1.0,2024.0,2024.0,9.0,1.0,243.0,179.03,512.69,-333.6600000000001,-186.37099927386475,825.0,825.0,0.0,No Quality Issue,High Rejection,Poor
RB-002442,Rift Bloom - Kesses Farm,Athena,60.0,B,10.0,173.0,1730.0,2023-10-12,2023-10-13,2023-10-16,2023-10-22,United Kingdom,Blume2000,USD,0.257,444.61,AIR FREIGHT,333.21,-1.8,0.0,,NAN,2.0,False,False,True,3.0,6.0,True,False,2023.0,10.0,4.0,2023.0,10.0,4.0,2023.0,2023.0,10.0,1.0,10.0,444.61,333.21,111.40000000000003,25.05566676413037,1730.0,1730.0,0.0,No Quality Issue,High Rejection,Poor
RB-001969,rift bloom turbo farm,Pink Floyd,60.0,B,20.0,82.0,1640.0,2025-09-06,2025-06-09,2025-11-06,2025-06-16,USA,Interflora Russia,EUR,0.199,326.36,AIR FREIGHT,585.08,4.3,0.0,,PENDING,4.0,False,False,False,150.0,-143.0,False,False,2025.0,9.0,3.0,2025.0,6.0,2.0,2025.0,2025.0,6.0,-89.0,-82.0,326.36,585.08,-258.72,-79.27442088491236,1640.0,1640.0,0.0,No Quality Issue,High Rejection,Good
RB-000847,Rift Bloom - Kapseret Farm,Yellow Babe,60.0,STANDARD,20.0,236.0,4720.0,2023-10-20,2023-10-22,2023-10-23,2023-10-25,Russia,Interflora Russia,EUR,0.419,1977.68,AIR FREIGHT,222.25,3.2,4.0,,PENDING,5.0,False,False,False,1.0,2.0,True,False,2023.0,10.0,4.0,2023.0,10.0,4.0,2023.0,2023.0,10.0,2.0,5.0,1977.68,222.25,1755.43,88.76208486711703,4720.0,4720.0,0.0847457627118644,No Quality Issue,High Rejection,Excellent
RB-000252,Rift Bloom - Timboroa Farm,Avalanche,50.0,C,20.0,195.0,3900.0,2025-08-14,2025-08-14,2025-08-17,2025-08-21,UAE,Marks & Spencer Flowers,KES,50.83,1982370.0,AIR FREIGHT,200.82,1.2,0.0,,OVERDUE,4.0,False,False,False,3.0,4.0,True,False,2025.0,8.0,3.0,2025.0,8.0,3.0,2025.0,2025.0,8.0,0.0,7.0,1982370.0,200.82,1982169.18,99.989869701418,3900.0,3900.0,0.0,No Quality Issue,High Rejection,Good
RB-001388,Rift Bloom - Kapseret Farm,Sweetness,40.0,B,20.0,41.0,820.0,2026-04-19,2026-04-21,2026-04-23,2026-04-24,France,Bloomon BV,USD,0.415,340.3,AIR FREIGHT,432.8,2.6,0.0,,NAN,4.0,False,False,False,2.0,1.0,True,False,2026.0,4.0,2.0,2026.0,4.0,2.0,2026.0,2026.0,4.0,2.0,5.0,340.3,432.8,-92.5,-27.181898325007346,820.0,820.0,0.0,No Quality Issue,High Rejection,Good
RB-002159,Rift Bloom - Kapseret Farm,Circus,50.0,,20.0,66.0,1320.0,2025-05-09,2025-09-07,2025-09-10,2025-09-13,Germany,Tokyo Flower Market,USD,0.462,609.84,AIR FREIGHT,,3.6,0.0,,NAN,4.0,False,False,False,3.0,3.0,True,False,2025.0,5.0,2.0,2025.0,9.0,3.0,2025.0,2025.0,9.0,121.0,127.0,609.84,,,,1320.0,1320.0,0.0,No Quality Issue,High Rejection,Good
RB-000807,Rift Bloom - Turbo Farm,High & Magic,60.0,B,10.0,70.0,700.0,2025-11-05,2025-05-12,2025-05-13,2025-05-15,Australia,Aalsmeer Direct,USD,0.436,305.2,AIR FREIGHT,120.78,-0.8,0.0,,OVERDUE,4.0,False,False,True,1.0,2.0,True,False,2025.0,11.0,4.0,2025.0,5.0,2.0,2025.0,2025.0,5.0,-177.0,-174.0,305.2,120.78,184.42,60.425950196592396,700.0,700.0,0.0,No Quality Issue,High Rejection,Good
RB-002421,Rift Bloom - Kesses Farm,Mondial,50.0,PREMIUM,20.0,149.0,2980.0,2026-05-20,2026-05-21,2026-05-22,2026-05-24,Australia,FloraHolland Auction,USD,0.239,712.22,NAN,796.34,0.5,0.0,,OVERDUE,5.0,False,False,False,1.0,2.0,True,False,2026.0,5.0,2.0,2026.0,5.0,2.0,2026.0,2026.0,5.0,1.0,4.0,712.22,796.34,-84.12,-11.81095728847828,2980.0,2980.0,0.0,No Quality Issue,High Rejection,Excellent
RB-000716,Rift Bloom - Kesses Farm,Yellow Babe,70.0,B,40.0,73.0,2920.0,2025-11-10,2025-10-13,2025-10-17,2025-10-19,Australia,Whole Foods Market,EUR,0.313,913.96,AIR FREIGHT,199.99,2.2,0.0,,PENDING,4.0,False,False,False,4.0,2.0,True,False,2025.0,11.0,4.0,2025.0,10.0,4.0,2025.0,2025.0,10.0,-28.0,-22.0,913.96,199.99,713.97,78.11829839380279,2920.0,2920.0,0.0,No Quality Issue,High Rejection,Good
RB-002024,Rift Bloom - Moiben Farm,Explorer,40.0,,25.0,91.0,2275.0,2026-07-07,2026-07-07,2026-08-07,2026-10-07,Japan,Bloomon BV,USD,0.446,1014.65,AIR FREIGHT,191.72,3.0,0.0,,OVERDUE,3.0,False,False,False,31.0,61.0,True,False,2026.0,7.0,3.0,2026.0,7.0,3.0,2026.0,2026.0,10.0,0.0,92.0,1014.65,191.72,822.93,81.10481446804316,2275.0,2275.0,0.0,No Quality Issue,High Rejection,Average
RB-000988,Rift Bloom - Kapseret Farm,Vendela,50.0,B,25.0,137.0,3425.0,2025-04-26,2025-04-26,2025-04-27,2025-04-30,Russia,Blume2000,USD,0.123,421.27,ROAD THEN AIR,308.18,0.6,0.0,,OVERDUE,5.0,False,False,False,1.0,3.0,True,False,2025.0,4.0,2.0,2025.0,4.0,2.0,2025.0,2025.0,4.0,0.0,4.0,421.27,308.18,113.08999999999997,26.845016260355585,3425.0,3425.0,0.0,No Quality Issue,High Rejection,Excellent
RB-001378,Rift Bloom - Moiben Farm,Mondial,40.0,STANDARD,20.0,134.0,2680.0,2023-03-03,2023-03-03,2023-07-03,2023-08-03,UK,Blume2000,EUR,0.278,745.04,AIR FREIGHT,256.91,3.5,17.0,Stem Bent,PENDING,5.0,False,False,False,122.0,31.0,True,False,2023.0,3.0,1.0,2023.0,3.0,1.0,2023.0,2023.0,8.0,0.0,153.0,745.04,256.91,488.12999999999994,65.51728766240738,2680.0,2680.0,0.6343283582089552,Quality Issue,High Rejection,Excellent
RB-000196,Rift Bloom - Kesses Farm,Tibet,50.0,PREMIUM,40.0,31.0,1240.0,2023-11-12,2023-11-14,2023-11-18,2023-11-22,Netherlands,Marks & Spencer Flowers,USD,0.46,570.4,AIR FREIGHT,86.31,4.2,22.0,Bud Blast,PAID,4.0,False,False,False,4.0,4.0,True,False,2023.0,11.0,4.0,2023.0,11.0,4.0,2023.0,2023.0,11.0,2.0,10.0,570.4,86.31,484.09,84.86851332398317,1240.0,1240.0,1.7741935483870968,Quality Issue,High Rejection,Good
RB-001263,Rift Bloom - Timboroa Farm,Athena,40.0,A,10.0,75.0,750.0,2025-02-17,2025-02-19,2025-02-21,2025-02-23,Poland,Whole Foods Market,KES,30.42,22815.0,AIR FREIGHT,382.13,0.1,0.0,,OVERDUE,4.0,False,False,False,2.0,2.0,True,False,2025.0,2.0,1.0,2025.0,2.0,1.0,2025.0,2025.0,2.0,2.0,6.0,22815.0,382.13,22432.87,98.32509314047775,750.0,750.0,0.0,No Quality Issue,High Rejection,Good
RB-001045,Rift Bloom - Kapseret Farm,High & Magic,50.0,A,25.0,216.0,5400.0,2024-02-10,2024-02-10,2024-11-02,2024-02-17,Netherlands,Marks & Spencer Flowers,EUR,0.459,2478.6,AIR FREIGHT,,2.4,0.0,,PAID,5.0,False,False,False,266.0,-259.0,False,False,2024.0,2.0,1.0,2024.0,2.0,1.0,2024.0,2024.0,2.0,0.0,7.0,2478.6,,,,5400.0,5400.0,0.0,No Quality Issue,High Rejection,Excellent
RB-000097,Rift Bloom - Turbo Farm,Avalanche,50.0,A,10.0,104.0,1040.0,2024-03-24,2024-03-24,2024-03-28,2024-03-31,Norway,Local Wholesaler - Eldoret,UNKNOWN,0.372,386.88,AIR FREIGHT,245.85,4.0,17.0,?,NAN,4.0,False,False,False,4.0,3.0,True,True,2024.0,3.0,1.0,2024.0,3.0,1.0,2024.0,2024.0,3.0,0.0,7.0,386.88,245.85,141.03,36.45316377171216,1040.0,1040.0,1.6346153846153848,Quality Issue,High Rejection,Good
RB-000442,Rift Bloom - Ziwa Farm,Avalanche,60.0,A,40.0,79.0,3160.0,2025-12-14,2025-12-15,,2025-12-20,Germany,FloraHolland Auction,EUR,0.248,783.68,AIR FREIGHT,879.37,0.9,7.0,-,NAN,3.0,False,False,False,,,False,True,2025.0,12.0,4.0,2025.0,12.0,4.0,,2025.0,12.0,1.0,6.0,783.68,879.37,-95.69000000000005,-12.210340955492045,3160.0,3160.0,0.22151898734177217,Quality Issue,High Rejection,Average
RB-002554,Rift Bloom - Ziwa Farm,FREEDOM,90.0,UNKNOWN,25.0,136.0,3400.0,2024-12-01,2024-01-13,2024-01-15,2024-01-16,France,FloraHolland Auction,USD,0.303,1030.2,AIR FREIGHT,136.41,3.4,0.0,,UNKNOWN,4.0,False,False,False,2.0,1.0,True,False,2024.0,12.0,4.0,2024.0,1.0,1.0,2024.0,2024.0,1.0,-323.0,-320.0,1030.2,136.41,893.7900000000001,86.75888177053,3400.0,3400.0,0.0,No Quality Issue,High Rejection,Good
RB-002388,Rift Bloom - Turbo Farm,Vendela,90.0,PREMIUM,25.0,92.0,2300.0,2024-06-10,2024-11-06,2024-06-15,2024-06-20,Switzerland,Whole Foods Market,NAN,0.409,940.7,ROAD THEN AIR,343.47,,0.0,,PAID,5.0,False,False,False,-144.0,5.0,False,False,2024.0,6.0,2.0,2024.0,11.0,4.0,2024.0,2024.0,6.0,149.0,10.0,940.7,343.47,597.23,63.48782821303285,2300.0,2300.0,0.0,No Quality Issue,High Rejection,Excellent
RB-001496,Rift Bloom - Kesses Farm,Mondial,60.0,UNKNOWN,10.0,41.0,410.0,2024-11-22,2024-11-24,2024-11-28,2024-02-12,UK,Dubai Flower Centre,NAN,0.438,179.58,AIR FREIGHT,521.18,4.3,0.0,,NAN,5.0,False,False,False,4.0,-290.0,False,False,2024.0,11.0,4.0,2024.0,11.0,4.0,2024.0,2024.0,2.0,2.0,-284.0,179.58,521.18,-341.5999999999999,-190.22162824367962,410.0,410.0,0.0,No Quality Issue,High Rejection,Excellent
RB-000331,Rift Bloom - Moiben Farm,Sweetness,40.0,PREMIUM,40.0,150.0,6000.0,2022-12-15,2022-12-15,2022-12-17,2022-12-22,United Arab Emirates,FloraHolland Auction,EUR,0.371,2226.0,AIR FREIGHT,138.1,1.7,0.0,,NAN,4.0,False,False,False,2.0,5.0,True,False,2022.0,12.0,4.0,2022.0,12.0,4.0,2022.0,2022.0,12.0,0.0,7.0,2226.0,138.1,2087.9,93.79604672057502,6000.0,6000.0,0.0,No Quality Issue,High Rejection,Good
RB-000862,Rift Bloom - Ziwa Farm,Vendela,90.0,PREMIUM,10.0,134.0,1340.0,2024-01-27,2024-01-29,2024-01-31,2024-02-03,Netherlands,Blume2000,USD,0.288,385.92,AIR FREIGHT,223.91,2.3,0.0,,NAN,4.0,False,False,False,2.0,3.0,True,False,2024.0,1.0,1.0,2024.0,1.0,1.0,2024.0,2024.0,2.0,2.0,7.0,385.92,223.91,162.01000000000002,41.98020315091211,1340.0,1340.0,0.0,No Quality Issue,High Rejection,Good
RB-002713,Rift Bloom - Ziwa Farm,Red-Naomi,50.0,C,40.0,136.0,5440.0,2025-01-29,2025-01-29,2025-02-01,2025-02-03,Japan,Local Wholesaler - Eldoret,EUR,0.176,957.44,ROAD THEN AIR,335.48,3.0,0.0,,OVERDUE,5.0,False,False,False,3.0,2.0,True,False,2025.0,1.0,1.0,2025.0,1.0,1.0,2025.0,2025.0,2.0,0.0,5.0,957.44,335.48,621.96,64.96072860962568,5440.0,5440.0,0.0,No Quality Issue,High Rejection,Excellent
RB-001112,Rift Bloom - Turbo Farm,Red Naomi,90.0,PREMIUM,20.0,100.0,2000.0,2026-07-26,2026-07-28,,,United Kingdom,Dubai Flower Centre,EUR,0.067,134.0,NAN,92.54,18.4,0.0,,PAID,4.0,False,False,False,,,False,False,2026.0,7.0,3.0,2026.0,7.0,3.0,,,,2.0,,134.0,92.54,41.459999999999994,30.940298507462682,2000.0,2000.0,0.0,No Quality Issue,High Rejection,Good
RB-002783,Rift Bloom - Kesses Farm,Yellow Babe,50.0,B,10.0,166.0,1660.0,2024-12-29,2024-12-31,2025-01-01,2025-05-01,United Arab Emirates,Local Wholesaler - Eldoret,EUR,0.374,620.84,AIR FREIGHT,546.68,5.0,0.0,,PAID,5.0,False,False,False,1.0,120.0,True,False,2024.0,12.0,4.0,2024.0,12.0,4.0,2025.0,2025.0,5.0,2.0,123.0,620.84,546.68,74.16000000000008,11.945106629727478,1660.0,1660.0,0.0,No Quality Issue,High Rejection,Excellent
RB-002644,Rift Bloom - Kapseret Farm,Tibet,90.0,PREMIUM,20.0,47.0,940.0,2025-12-21,2025-12-23,2025-12-26,2025-12-31,France,Local Wholesaler - Eldoret,USD,0.419,393.86,ROAD THEN AIR,209.2,0.9,0.0,,PENDING,3.0,False,False,False,3.0,5.0,True,False,2025.0,12.0,4.0,2025.0,12.0,4.0,2025.0,2025.0,12.0,2.0,10.0,393.86,209.2,184.66000000000003,46.88467983547454,940.0,940.0,0.0,No Quality Issue,High Rejection,Average
RB-001166,Rift Bloom - Timboroa Farm,Peach Avalanche,-50.0,PREMIUM,40.0,98.0,3920.0,2026-06-15,2026-06-15,2026-06-19,2026-06-22,Australia,Aalsmeer Direct,EUR,0.379,1485.68,NAN,332.7,0.5,0.0,,PENDING,5.0,False,False,False,4.0,3.0,True,False,2026.0,6.0,2.0,2026.0,6.0,2.0,2026.0,2026.0,6.0,0.0,7.0,1485.68,332.7,1152.98,77.60621398955361,3920.0,3920.0,0.0,No Quality Issue,High Rejection,Excellent
RB-002535,Rift Bloom - Ziwa Farm,Peach Avalanche,50.0,PREMIUM,40.0,153.0,6120.0,2023-12-09,2023-12-11,2023-12-12,2023-12-16,United Arab Emirates,Tokyo Flower Market,EUR,0.366,2239.92,AIR FREIGHT,189.43,,0.0,,PENDING,3.0,False,False,False,1.0,4.0,True,False,2023.0,12.0,4.0,2023.0,12.0,4.0,2023.0,2023.0,12.0,2.0,7.0,2239.92,189.43,2050.4900000000002,91.54300153576914,6120.0,6120.0,0.0,No Quality Issue,High Rejection,Average
RB-000595,Rift Bloom - Turbo Farm,Circus,90.0,C,40.0,-68.0,-2720.0,2022-04-21,2022-04-21,2022-04-23,2022-04-24,Holland,Marks & Spencer Flowers,EUR,0.198,-538.56,NAN,571.46,3.8,0.0,,OVERDUE,4.0,False,False,False,2.0,1.0,True,False,2022.0,4.0,2.0,2022.0,4.0,2.0,2022.0,2022.0,4.0,0.0,3.0,-538.56,571.46,-1110.02,,-2720.0,-2720.0,0.0,No Quality Issue,High Rejection,Good
RB-001854,Rift Bloom - Ziwa Farm,Avalanche,70.0,STANDARD,10.0,160.0,1600.0,2025-03-09,2025-09-04,2025-09-06,2025-09-12,Norway,Tokyo Flower Market,NAN,0.472,755.2,AIR FREIGHT,,5.5,0.0,,PAID,3.0,False,False,False,2.0,6.0,True,False,2025.0,3.0,1.0,2025.0,9.0,3.0,2025.0,2025.0,9.0,179.0,187.0,755.2,,,,1600.0,1600.0,0.0,No Quality Issue,High Rejection,Average
RB-001551,Rift Bloom - Moiben Farm,Avalanche+,70.0,PREMIUM,25.0,72.0,1800.0,2026-05-11,2026-05-11,2026-05-12,2026-05-16,Australia,Bloomon BV,USD,0.492,885.6,ROAD THEN AIR,,3.7,0.0,,PAID,5.0,False,False,False,1.0,4.0,True,False,2026.0,5.0,2.0,2026.0,5.0,2.0,2026.0,2026.0,5.0,0.0,5.0,885.6,,,,1800.0,1800.0,0.0,No Quality Issue,High Rejection,Excellent
RB-000557,Rift Bloom - Moiben Farm,Sweetness,40.0,A,25.0,312.0,7800.0,2025-07-05,2025-07-05,2025-10-05,2025-05-13,Poland,Interflora Russia,NAN,0.452,3525.6,NAN,249.57,3.2,0.0,,OVERDUE,5.0,False,False,False,92.0,-145.0,False,False,2025.0,7.0,3.0,2025.0,7.0,3.0,2025.0,2025.0,5.0,0.0,-53.0,3525.6,249.57,3276.0299999999997,92.9212049012934,7800.0,7800.0,0.0,No Quality Issue,High Rejection,Excellent
RB-002844,Rift Bloom - Kapseret Farm,High & Magic,70.0,B,10.0,51.0,510.0,2025-05-27,2025-05-27,2025-05-29,2025-06-02,Norway,Bloomon BV,NAN,0.436,222.36,AIR FREIGHT,411.45,-0.3,0.0,,PAID,5.0,False,False,True,2.0,4.0,True,False,2025.0,5.0,2.0,2025.0,5.0,2.0,2025.0,2025.0,6.0,0.0,6.0,222.36,411.45,-189.08999999999997,-85.03777657852129,510.0,510.0,0.0,No Quality Issue,High Rejection,Excellent
RB-000542,Rift Bloom - Ziwa Farm,Cool Water,90.0,STANDARD,10.0,149.0,1490.0,2024-01-22,2024-01-24,2024-01-26,2024-01-29,France,Interflora Russia,EUR,0.085,126.65,NAN,329.19,1.4,0.0,,PAID,5.0,False,False,False,2.0,3.0,True,False,2024.0,1.0,1.0,2024.0,1.0,1.0,2024.0,2024.0,1.0,2.0,7.0,126.65,329.19,-202.54,-159.92104224240032,1490.0,1490.0,0.0,No Quality Issue,High Rejection,Excellent
RB-000265,Rift Bloom - Kapseret Farm,Yellow Babe,50.0,A,25.0,63.0,1575.0,2025-01-07,2025-01-09,2025-01-11,2025-01-14,Poland,Whole Foods Market,EUR,0.342,538.65,AIR FREIGHT,339.72,-0.2,0.0,,UNKNOWN,4.0,False,False,True,2.0,3.0,True,False,2025.0,1.0,1.0,2025.0,1.0,1.0,2025.0,2025.0,1.0,2.0,7.0,538.65,339.72,198.92999999999995,36.93121693121692,1575.0,1575.0,0.0,No Quality Issue,High Rejection,Good
RB-001189,Rift Bloom - Moiben Farm,Pink Floyd,60.0,C,10.0,81.0,810.0,2023-11-10,2023-10-11,2023-10-15,2023-10-18,Russia,Dubai Flower Centre,USD,0.229,185.49,AIR FREIGHT,308.52,1.7,19.0,,PAID,4.0,False,False,False,4.0,3.0,True,False,2023.0,11.0,4.0,2023.0,10.0,4.0,2023.0,2023.0,10.0,-30.0,-23.0,185.49,308.52,-123.02999999999997,-66.32702571567198,810.0,810.0,2.345679012345679,No Quality Issue,High Rejection,Good
RB-001648,Rift Bloom - Kesses Farm,Pink Floyd,80.0,,10.0,330.0,3300.0,2025-03-24,2025-03-25,2025-03-27,2025-04-02,United Kingdom,Carrefour Flowers,KES,37.18,122694.0,UNKNOWN,298.72,1.6,0.0,,PAID,4.0,False,False,False,2.0,6.0,True,False,2025.0,3.0,1.0,2025.0,3.0,1.0,2025.0,2025.0,4.0,1.0,9.0,122694.0,298.72,122395.28,99.75653251177727,3300.0,3300.0,0.0,No Quality Issue,High Rejection,Good
RB-001364,Rift Bloom - Ziwa Farm,Athena,60.0,A,40.0,111.0,4440.0,2024-08-30,2024-08-30,2024-03-09,2024-04-09,UAE,Tokyo Flower Market,USD,0.315,1398.6,NAN,448.95,2.0,0.0,,NAN,4.0,False,False,False,-174.0,31.0,False,False,2024.0,8.0,3.0,2024.0,8.0,3.0,2024.0,2024.0,4.0,0.0,-143.0,1398.6,448.95,949.6499999999999,67.90004290004289,4440.0,4440.0,0.0,No Quality Issue,High Rejection,Good
RB-002930,Rift Bloom - Ziwa Farm,Cool Water,50.0,PREMIUM,20.0,92.0,1840.0,2023-06-19,2023-06-19,2023-06-22,2023-06-24,Russia,Bloomon BV,USD,0.285,524.4,AIR FREIGHT,645.41,0.6,0.0,,PAID,4.0,False,False,False,3.0,2.0,True,False,2023.0,6.0,2.0,2023.0,6.0,2.0,2023.0,2023.0,6.0,0.0,5.0,524.4,645.41,-121.00999999999999,-23.07589626239512,1840.0,1840.0,0.0,No Quality Issue,High Rejection,Good
RB-001418,Rift Bloom - Kapseret Farm,Vendela,60.0,B,25.0,192.0,4800.0,2022-06-20,2022-06-22,2022-06-25,2022-06-26,Switzerland,Bloomon BV,USD,0.454,2179.2,AIR FREIGHT,109.04,2.4,0.0,,PAID,3.0,False,False,False,3.0,1.0,True,False,2022.0,6.0,2.0,2022.0,6.0,2.0,2022.0,2022.0,6.0,2.0,6.0,2179.2,109.04,2070.16,94.99632892804699,4800.0,4800.0,0.0,No Quality Issue,High Rejection,Average
RB-001065,Rift Bloom - Turbo Farm,Peach Avalanche,50.0,A,10.0,253.0,2530.0,2023-04-18,2023-04-19,2023-04-21,2023-04-22,Poland,FloraHolland Auction,EUR,0.422,1067.66,AIR FREIGHT,175.26,1.7,80.0,Stem Bent,PAID,4.0,False,False,False,2.0,1.0,True,False,2023.0,4.0,2.0,2023.0,4.0,2.0,2023.0,2023.0,4.0,1.0,4.0,1067.66,175.26,892.4000000000001,83.58466178371393,2530.0,2530.0,3.1620553359683794,Quality Issue,High Rejection,Good
RB-000554,Rift Bloom - Ziwa Farm,Athena,70.0,C,10.0,180.0,1800.0,2023-01-20,2023-01-20,2023-01-24,2023-01-26,France,Whole Foods Market,EUR,0.276,496.8,AIR FREIGHT,498.04,2.9,0.0,,PENDING,4.0,False,False,False,4.0,2.0,True,False,2023.0,1.0,1.0,2023.0,1.0,1.0,2023.0,2023.0,1.0,0.0,6.0,496.8,498.04,-1.240000000000009,-0.24959742351046882,1800.0,1800.0,0.0,No Quality Issue,High Rejection,Good
RB-000468,Rift Bloom - Turbo Farm,Explorer,50.0,C,25.0,182.0,4550.0,2023-09-17,2023-09-17,2023-09-20,2023-09-24,Switzerland,Carrefour Flowers,KES,34.32,156156.0,AIR FREIGHT,164.56,0.9,0.0,,PAID,5.0,False,False,False,3.0,4.0,True,False,2023.0,9.0,3.0,2023.0,9.0,3.0,2023.0,2023.0,9.0,0.0,7.0,156156.0,164.56,155991.44,99.89461820231051,4550.0,4550.0,0.0,No Quality Issue,High Rejection,Excellent
RB-002058,Rift Bloom - Moiben Farm,Explorer,80.0,A,10.0,70.0,700.0,2023-03-14,2023-03-14,2023-03-17,2023-03-23,Germany,Dubai Flower Centre,KES,29.51,20657.0,AIR FREIGHT,262.0,3.3,0.0,,PAID,4.0,False,False,False,3.0,6.0,True,False,2023.0,3.0,1.0,2023.0,3.0,1.0,2023.0,2023.0,3.0,0.0,9.0,20657.0,262.0,20395.0,98.73166481095996,700.0,700.0,0.0,No Quality Issue,High Rejection,Good
RB-001253,Rift Bloom - Turbo Farm,Athena,60.0,A,40.0,139.0,5560.0,2025-07-28,2025-07-29,2025-07-31,2025-06-08,United Kingdom,M-Farm Traders,KES,47.45,263822.0,AIR FREIGHT,95.29,1.1,23.0,Botrytis,PAID,5.0,False,False,False,2.0,-53.0,False,False,2025.0,7.0,3.0,2025.0,7.0,3.0,2025.0,2025.0,6.0,1.0,-50.0,263822.0,95.29,263726.71,99.96388095003451,5560.0,5560.0,0.4136690647482014,Quality Issue,High Rejection,Excellent
RB-002168,Rift Bloom - Kesses Farm,Yellow Babe,70.0,B,40.0,140.0,5600.0,2026-04-04,2026-05-04,2026-04-07,2026-04-08,Germany,Marks & Spencer Flowers,USD,0.267,1495.2,ROAD THEN AIR,43.97,2.6,0.0,,PENDING,4.0,False,False,False,-27.0,1.0,False,False,2026.0,4.0,2.0,2026.0,5.0,2.0,2026.0,2026.0,4.0,30.0,4.0,1495.2,43.97,1451.23,97.05925628678438,5600.0,5600.0,0.0,No Quality Issue,High Rejection,Good
RB-001382,Rift Bloom - Moiben Farm,FREEDOM,50.0,PREMIUM,20.0,78.0,1560.0,2024-04-01,2024-01-04,2024-07-01,2024-10-01,Switzerland,Tokyo Flower Market,EUR,0.408,636.48,NAN,86.81,2.8,0.0,,NAN,2.0,False,False,False,179.0,92.0,True,False,2024.0,4.0,2.0,2024.0,1.0,1.0,2024.0,2024.0,10.0,-88.0,183.0,636.48,86.81,549.6700000000001,86.36092257415787,1560.0,1560.0,0.0,No Quality Issue,High Rejection,Poor
RB-002738,Rift Bloom - Timboroa Farm,Freedom,90.0,B,40.0,233.0,9320.0,2024-12-16,2024-12-18,2024-12-21,2024-12-26,Russia,Bloomon BV,USD,0.399,3718.68,NAN,57.69,-1.5,0.0,,NAN,5.0,False,False,True,3.0,5.0,True,False,2024.0,12.0,4.0,2024.0,12.0,4.0,2024.0,2024.0,12.0,2.0,10.0,3718.68,57.69,3660.99,98.4486430668947,9320.0,9320.0,0.0,No Quality Issue,High Rejection,Excellent
RB-001967,Rift Bloom - Moiben Farm,High & Magic,70.0,B,10.0,88.0,880.0,2022-01-02,2022-03-02,2022-06-02,2022-02-08,Japan,Dubai Flower Centre,EUR,0.384,337.92,AIR FREIGHT,10.83,1.2,0.0,,PENDING,4.0,False,False,False,92.0,-114.0,False,False,2022.0,1.0,1.0,2022.0,3.0,1.0,2022.0,2022.0,2.0,59.0,37.0,337.92,10.83,327.09000000000003,96.79509943181819,880.0,880.0,0.0,No Quality Issue,High Rejection,Good
RB-001765,Rift Bloom - Kapseret Farm,Circus,50.0,A,20.0,78.0,1560.0,2026-03-21,2026-03-22,2026-03-23,2026-03-25,Australia,Blume2000,EUR,0.428,667.68,AIR FREIGHT,485.49,1.5,0.0,,PENDING,4.0,False,False,False,1.0,2.0,True,False,2026.0,3.0,1.0,2026.0,3.0,1.0,2026.0,2026.0,3.0,1.0,4.0,667.68,485.49,182.18999999999994,27.28702372393961,1560.0,1560.0,0.0,No Quality Issue,High Rejection,Good
RB-002615,Rift Bloom - Moiben Farm,Mondial,40.0,UNKNOWN,20.0,46.0,920.0,2026-05-01,2026-07-01,2026-01-11,2026-01-13,Poland,Local Wholesaler - Eldoret,KES,66.69,61354.8,AIR FREIGHT,60.31,1.7,0.0,,NAN,5.0,False,False,False,-171.0,2.0,False,False,2026.0,5.0,2.0,2026.0,7.0,3.0,2026.0,2026.0,1.0,61.0,-108.0,61354.8,60.31,61294.490000000005,99.90170288225208,920.0,920.0,0.0,No Quality Issue,High Rejection,Excellent
RB-000022,Rift Bloom - Moiben Farm,Pink Floyd,70.0,B,25.0,43.0,1075.0,2022-02-14,2022-02-14,,2022-02-19,Poland,Whole Foods Market,KES,21.97,23617.75,AIR FREIGHT,200.71,0.8,1.0,Stem Bent,PAID,5.0,False,False,False,,,False,False,2022.0,2.0,1.0,2022.0,2.0,1.0,,2022.0,2.0,0.0,5.0,23617.75,200.71,23417.04,99.15017306898413,1075.0,1075.0,0.09302325581395349,Quality Issue,High Rejection,Excellent
RB-001911,Rift Bloom - Turbo Farm,Circus,60.0,B,10.0,102.0,1020.0,2022-01-25,2022-01-26,2022-01-30,2022-05-02,Norway,Blume2000,EUR,0.286,291.72,AIR FREIGHT,101.88,0.8,18.0,,PENDING,3.0,False,False,False,4.0,92.0,True,False,2022.0,1.0,1.0,2022.0,1.0,1.0,2022.0,2022.0,5.0,1.0,97.0,291.72,101.88,189.84000000000003,65.07610037021803,1020.0,1020.0,1.7647058823529411,No Quality Issue,High Rejection,Average
RB-002400,Rift Bloom - Turbo Farm,Freedom,60.0,PREMIUM,20.0,38.0,760.0,2024-06-29,2024-06-30,2024-07-01,2024-07-07,France,FloraHolland Auction,NAN,0.59,448.4,NAN,162.95,1.8,0.0,,PENDING,5.0,False,False,False,1.0,6.0,True,False,2024.0,6.0,2.0,2024.0,6.0,2.0,2024.0,2024.0,7.0,1.0,8.0,448.4,162.95,285.45,63.65967885816236,760.0,760.0,0.0,No Quality Issue,High Rejection,Excellent
RB-001426,Rift Bloom - Turbo Farm,Circus,80.0,STANDARD,10.0,42.0,420.0,2024-12-11,2024-12-13,2024-12-17,2024-12-19,Japan,Dubai Flower Centre,EUR,0.438,183.96,NAN,318.06,0.7,0.0,,OVERDUE,4.0,False,False,False,4.0,2.0,True,False,2024.0,12.0,4.0,2024.0,12.0,4.0,2024.0,2024.0,12.0,2.0,8.0,183.96,318.06,-134.1,-72.89628180039138,420.0,420.0,0.0,No Quality Issue,High Rejection,Good
RB-001524,Rift Bloom - Kesses Farm,Sweetness,50.0,PREMIUM,20.0,167.0,3340.0,2023-07-30,2023-07-30,2023-01-08,2023-08-02,USA,Aalsmeer Direct,USD,0.497,1659.98,AIR FREIGHT,200.72,5.3,11.0,-,PENDING,4.0,False,False,False,-203.0,206.0,False,True,2023.0,7.0,3.0,2023.0,7.0,3.0,2023.0,2023.0,8.0,0.0,3.0,1659.98,200.72,1459.26,87.90828805166328,3340.0,3340.0,0.32934131736526945,Quality Issue,High Rejection,Good
RB-001464,Rift Bloom - Kapseret Farm,Tibet,50.0,C,25.0,12.0,300.0,2024-12-23,2024-12-24,2024-12-27,2024-12-28,France,Aalsmeer Direct,USD,0.397,119.1,AIR FREIGHT,493.13,0.7,0.0,,NAN,5.0,False,False,False,3.0,1.0,True,False,2024.0,12.0,4.0,2024.0,12.0,4.0,2024.0,2024.0,12.0,1.0,5.0,119.1,493.13,-374.03,-314.04701931150294,300.0,300.0,0.0,No Quality Issue,High Rejection,Excellent
RB-000230,Rift Bloom - Turbo Farm,Explorer,40.0,A,20.0,79.0,1580.0,2024-07-28,2024-07-28,2024-07-31,2024-08-01,Australia,M-Farm Traders,USD,0.325,513.5,ROAD THEN AIR,213.46,1.5,0.0,,OVERDUE,5.0,False,False,False,3.0,1.0,True,False,2024.0,7.0,3.0,2024.0,7.0,3.0,2024.0,2024.0,8.0,0.0,4.0,513.5,213.46,300.03999999999996,58.430379746835435,1580.0,1580.0,0.0,No Quality Issue,High Rejection,Excellent
RB-002113,Rift Bloom - Kesses Farm,Circus,90.0,PREMIUM,20.0,128.0,2560.0,2023-09-14,2023-09-16,2023-09-18,2023-09-23,Poland,FloraHolland Auction,USD,0.29,742.4,AIR FREIGHT,37.9,4.6,0.0,,PAID,4.0,False,False,False,2.0,5.0,True,False,2023.0,9.0,3.0,2023.0,9.0,3.0,2023.0,2023.0,9.0,2.0,9.0,742.4,37.9,704.5,94.89493534482759,2560.0,2560.0,0.0,No Quality Issue,High Rejection,Good
RB-001353,Rift Bloom - Ziwa Farm,Tibet,70.0,A,10.0,159.0,1590.0,2025-04-01,2025-04-01,2025-04-04,2025-04-07,Netherlands,Marks & Spencer Flowers,EUR,0.432,686.88,AIR FREIGHT,74.49,-0.1,0.0,,OVERDUE,5.0,False,False,True,3.0,3.0,True,False,2025.0,4.0,2.0,2025.0,4.0,2.0,2025.0,2025.0,4.0,0.0,6.0,686.88,74.49,612.39,89.15531097134871,1590.0,1590.0,0.0,No Quality Issue,High Rejection,Excellent
RB-000287,Rift Bloom - Timboroa Farm,Red Naomi,70.0,A,40.0,6.0,240.0,2023-11-26,2023-11-28,2023-11-30,2023-02-12,Japan,Whole Foods Market,USD,0.322,77.28,AIR FREIGHT,122.12,0.1,0.0,,NAN,4.0,False,False,False,2.0,-291.0,False,False,2023.0,11.0,4.0,2023.0,11.0,4.0,2023.0,2023.0,2.0,2.0,-287.0,77.28,122.12,-44.84,-58.022774327122164,240.0,240.0,0.0,No Quality Issue,High Rejection,Good
RB-001484,Rift Bloom - Kapseret Farm,Sweetness,50.0,B,40.0,194.0,7760.0,2026-04-15,2026-04-16,2026-04-20,2026-04-24,Netherlands,M-Farm Traders,EUR,0.238,1846.88,NAN,307.73,7.3,37.0,,OVERDUE,5.0,False,False,False,4.0,4.0,True,False,2026.0,4.0,2.0,2026.0,4.0,2.0,2026.0,2026.0,4.0,1.0,9.0,1846.88,307.73,1539.15,83.33784544745734,7760.0,7760.0,0.47680412371134023,No Quality Issue,High Rejection,Excellent
RB-001875,Rift Bloom - Kapseret Farm,Avalanche,50.0,A,10.0,-123.0,-1230.0,2023-02-04,,2023-07-04,2023-04-11,United Kingdom,FloraHolland Auction,USD,0.506,-622.38,UNKNOWN,73.55,1.1,15.0,,PENDING,3.0,False,False,False,,-84.0,False,False,2023.0,2.0,1.0,,,,2023.0,2023.0,4.0,,66.0,-622.38,73.55,-695.93,,-1230.0,-1230.0,0.0,No Quality Issue,High Rejection,Average
RB-000811,Rift Bloom - Moiben Farm,Circus,70.0,PREMIUM,10.0,105.0,1050.0,2026-07-15,2026-07-15,2026-07-17,2026-07-23,Poland,Carrefour Flowers,USD,0.301,316.05,AIR FREIGHT,438.28,,0.0,,PENDING,5.0,False,False,False,2.0,6.0,True,False,2026.0,7.0,3.0,2026.0,7.0,3.0,2026.0,2026.0,7.0,0.0,8.0,316.05,438.28,-122.22999999999996,-38.674260401835134,1050.0,1050.0,0.0,No Quality Issue,High Rejection,Excellent
RB-002285,Rift Bloom - Turbo Farm,Explorer,50.0,,10.0,59.0,590.0,2026-06-17,2026-06-18,2026-06-19,2026-06-22,Germany,Tokyo Flower Market,EUR,0.242,142.78,ROAD THEN AIR,96.69,1.4,0.0,,PAID,5.0,False,False,False,1.0,3.0,True,False,2026.0,6.0,2.0,2026.0,6.0,2.0,2026.0,2026.0,6.0,1.0,5.0,142.78,96.69,46.09,32.28043143297381,590.0,590.0,0.0,No Quality Issue,High Rejection,Excellent
RB-000432,Rift Bloom - Turbo Farm,High & Magic,90.0,B,10.0,46.0,460.0,2026-03-08,2026-03-08,2026-11-03,2026-03-15,United Kingdom,Local Wholesaler - Eldoret,NAN,0.323,148.58,AIR FREIGHT,226.4,2.3,0.0,,NAN,5.0,False,False,False,240.0,-233.0,False,False,2026.0,3.0,1.0,2026.0,3.0,1.0,2026.0,2026.0,3.0,0.0,7.0,148.58,226.4,-77.82,-52.37582447166509,460.0,460.0,0.0,No Quality Issue,High Rejection,Excellent
RB-001781,Rift Bloom - Kapseret Farm,High & Magic,80.0,A,25.0,125.0,3125.0,2022-02-16,2022-02-16,2022-02-19,2022-02-21,Switzerland,Blume2000,KES,41.6,130000.0,NAN,265.12,4.4,41.0,,PENDING,4.0,False,False,False,3.0,2.0,True,False,2022.0,2.0,1.0,2022.0,2.0,1.0,2022.0,2022.0,2.0,0.0,5.0,130000.0,265.12,129734.88,99.79606153846154,3125.0,3125.0,1.312,No Quality Issue,High Rejection,Good
RB-000199,Rift Bloom - Timboroa Farm,Freedom,40.0,A,20.0,63.0,1260.0,2026-06-27,2026-06-28,2026-06-30,2026-06-07,United Arab Emirates,M-Farm Traders,UNKNOWN,0.262,330.12,AIR FREIGHT,190.63,3.7,0.0,,NAN,5.0,True,False,False,2.0,-23.0,False,False,2026.0,6.0,2.0,2026.0,6.0,2.0,2026.0,2026.0,6.0,1.0,-20.0,330.12,190.63,139.49,42.25433175814855,1260.0,1260.0,0.0,No Quality Issue,High Rejection,Excellent
RB-000621,Rift Bloom - Timboroa Farm,Freedom,90.0,A,40.0,100.0,4000.0,2025-02-07,2025-02-09,2025-10-02,2025-11-02,United Arab Emirates,FloraHolland Auction,NAN,0.37,1480.0,NAN,651.33,2.2,0.0,,OVERDUE,5.0,False,False,False,235.0,31.0,True,False,2025.0,2.0,1.0,2025.0,2.0,1.0,2025.0,2025.0,11.0,2.0,268.0,1480.0,651.33,828.67,55.99121621621621,4000.0,4000.0,0.0,No Quality Issue,High Rejection,Excellent
RB-000937,Rift Bloom - Kesses Farm,High & Magic,70.0,B,10.0,83.0,830.0,2022-09-23,2022-09-25,2022-09-27,2022-10-01,United Kingdom,Interflora Russia,KES,50.05,41541.5,ROAD THEN AIR,376.48,1.5,0.0,,NAN,5.0,False,False,False,2.0,4.0,True,False,2022.0,9.0,3.0,2022.0,9.0,3.0,2022.0,2022.0,10.0,2.0,8.0,41541.5,376.48,41165.02,99.09372555155687,830.0,830.0,0.0,No Quality Issue,High Rejection,Excellent
RB-001203,Rift Bloom - Ziwa Farm,Pink Floyd,90.0,PREMIUM,20.0,162.0,3240.0,2025-08-19,2025-08-21,2025-08-24,2025-08-26,Russia,Dubai Flower Centre,UNKNOWN,0.254,822.96,AIR FREIGHT,408.05,0.5,9.0,Undersized Stems,PENDING,4.0,False,False,False,3.0,2.0,True,False,2025.0,8.0,3.0,2025.0,8.0,3.0,2025.0,2025.0,8.0,2.0,7.0,822.96,408.05,414.91,50.41678817925537,3240.0,3240.0,0.2777777777777778,Quality Issue,High Rejection,Good
RB-002146,Rift Bloom - Ziwa Farm,Sweetness,60.0,PREMIUM,25.0,125.0,3125.0,2024-06-19,2024-06-19,2024-06-22,2024-06-28,USA,Tokyo Flower Market,EUR,0.134,418.75,AIR FREIGHT,,0.8,0.0,,PAID,4.0,False,False,False,3.0,6.0,True,False,2024.0,6.0,2.0,2024.0,6.0,2.0,2024.0,2024.0,6.0,0.0,9.0,418.75,,,,3125.0,3125.0,0.0,No Quality Issue,High Rejection,Good
RB-002753,Rift Bloom - Timboroa Farm,Tibet,70.0,PREMIUM,10.0,48.0,480.0,2023-10-08,2023-08-12,2023-08-16,2023-08-17,Netherlands,Interflora Russia,UNKNOWN,0.209,100.32,AIR FREIGHT,371.22,2.9,0.0,,OVERDUE,4.0,False,False,False,4.0,1.0,True,False,2023.0,10.0,4.0,2023.0,8.0,3.0,2023.0,2023.0,8.0,-57.0,-52.0,100.32,371.22,-270.90000000000003,-270.03588516746413,480.0,480.0,0.0,No Quality Issue,High Rejection,Good
RB-001746,Rift Bloom - Moiben Farm,Avalanche,70.0,,40.0,139.0,5560.0,2025-06-13,2025-06-15,2025-06-19,2025-06-20,Germany,Whole Foods Market,NAN,0.415,2307.4,AIR FREIGHT,320.28,1.6,0.0,,PAID,5.0,False,False,False,4.0,1.0,True,False,2025.0,6.0,2.0,2025.0,6.0,2.0,2025.0,2025.0,6.0,2.0,7.0,2307.4,320.28,1987.1200000000001,86.11944179596082,5560.0,5560.0,0.0,No Quality Issue,High Rejection,Excellent
RB-001560,Rift Bloom - Ziwa Farm,Athena,70.0,PREMIUM,10.0,143.0,1430.0,2024-05-18,2024-05-20,2024-05-23,2024-05-26,United Kingdom,Whole Foods Market,UNKNOWN,0.368,526.24,AIR FREIGHT,508.51,1.4,9.0,Wilting,PAID,5.0,False,False,False,3.0,3.0,True,False,2024.0,5.0,2.0,2024.0,5.0,2.0,2024.0,2024.0,5.0,2.0,8.0,526.24,508.51,17.730000000000018,3.3691851626634266,1430.0,1430.0,0.6293706293706294,Quality Issue,High Rejection,Excellent
RB-000860,Rift Bloom - Kapseret Farm,High & Magic,60.0,,10.0,83.0,830.0,2022-08-08,2022-08-08,2022-11-08,2022-08-12,France,Marks & Spencer Flowers,EUR,0.221,183.43,AIR FREIGHT,141.09,1.8,0.0,,NAN,4.0,False,False,False,92.0,-88.0,False,False,2022.0,8.0,3.0,2022.0,8.0,3.0,2022.0,2022.0,8.0,0.0,4.0,183.43,141.09,42.34,23.08237474786022,830.0,830.0,0.0,No Quality Issue,High Rejection,Good
RB-002795,Rift Bloom - Turbo Farm,Athena,60.0,A,20.0,136.0,2720.0,,2023-09-17,2023-09-18,2023-09-22,Germany,FloraHolland Auction,EUR,0.255,693.6,AIR FREIGHT,95.29,0.0,0.0,,PENDING,4.0,False,False,False,1.0,4.0,True,False,,,,2023.0,9.0,3.0,2023.0,2023.0,9.0,,,693.6,95.29,598.3100000000001,86.26153402537486,2720.0,2720.0,0.0,No Quality Issue,High Rejection,Good
RB-001807,Rift Bloom - Timboroa Farm,Avalanche,60.0,B,25.0,163.0,4075.0,2024-06-30,2024-06-30,2024-02-07,2024-05-07,France,Dubai Flower Centre,EUR,0.507,2066.03,AIR FREIGHT,285.23,,0.0,,NAN,4.0,False,False,False,-144.0,90.0,False,False,2024.0,6.0,2.0,2024.0,6.0,2.0,2024.0,2024.0,5.0,0.0,-54.0,2066.03,285.23,1780.8000000000002,86.19429533937067,4075.0,4075.0,0.0,No Quality Issue,High Rejection,Good
RB-000128,Rift Bloom - Turbo Farm,Yellow Babe,50.0,,20.0,179.0,3580.0,2024-11-09,,2024-11-11,2024-11-12,Netherlands,Bloomon BV,KES,39.78,142412.4,AIR FREIGHT,,-0.9,0.0,,PAID,4.0,False,False,True,,1.0,False,False,2024.0,11.0,4.0,,,,2024.0,2024.0,11.0,,3.0,142412.4,,,,3580.0,3580.0,0.0,No Quality Issue,High Rejection,Good
RB-002164,Rift Bloom - Kesses Farm,Pink Floyd,40.0,C,10.0,252.0,2520.0,2026-07-28,2026-07-29,,2026-03-08,Switzerland,Carrefour Flowers,EUR,0.409,1030.68,AIR FREIGHT,340.17,1.4,0.0,,PENDING,5.0,False,False,False,,,False,False,2026.0,7.0,3.0,2026.0,7.0,3.0,,2026.0,3.0,1.0,-142.0,1030.68,340.17,690.51,66.99557573640703,2520.0,2520.0,0.0,No Quality Issue,High Rejection,Excellent
RB-000979,Rift Bloom - Ziwa Farm,Explorer,80.0,PREMIUM,20.0,94.0,1880.0,2025-03-07,2025-05-07,2025-07-07,2025-11-07,France,Marks & Spencer Flowers,USD,0.356,669.28,AIR FREIGHT,48.91,,0.0,,PENDING,5.0,False,False,False,61.0,123.0,True,False,2025.0,3.0,1.0,2025.0,5.0,2.0,2025.0,2025.0,11.0,61.0,245.0,669.28,48.91,620.37,92.69214678460436,1880.0,1880.0,0.0,No Quality Issue,High Rejection,Excellent
RB-000624,Rift Bloom - Turbo Farm,Pink Floyd,70.0,,40.0,66.0,2640.0,2025-06-24,2025-06-25,2025-06-27,2025-03-07,The Netherlands,Carrefour Flowers,NAN,0.367,968.88,AIR FREIGHT,517.8,,0.0,,PAID,4.0,False,False,False,2.0,-112.0,False,False,2025.0,6.0,2.0,2025.0,6.0,2.0,2025.0,2025.0,3.0,1.0,-109.0,968.88,517.8,451.08000000000004,46.55684914540501,2640.0,2640.0,0.0,No Quality Issue,High Rejection,Good
RB-000689,Rift Bloom - Moiben Farm,Red Naomi,60.0,STANDARD,40.0,216.0,8640.0,2023-11-02,2023-03-11,2023-11-07,2023-11-08,Germany,Aalsmeer Direct,NAN,0.197,1702.08,AIR FREIGHT,135.01,,0.0,,PENDING,5.0,False,False,False,241.0,1.0,True,False,2023.0,11.0,4.0,2023.0,3.0,1.0,2023.0,2023.0,11.0,-236.0,6.0,1702.08,135.01,1567.07,92.06794040233126,8640.0,8640.0,0.0,No Quality Issue,High Rejection,Excellent
RB-001853,Rift Bloom - Ziwa Farm,Sweetness,70.0,A,40.0,120.0,4800.0,2022-05-05,2022-07-05,2022-05-09,2022-05-11,Netherlands,Blume2000,NAN,0.353,1694.4,AIR FREIGHT,150.55,0.0,0.0,,NAN,5.0,False,False,False,-57.0,2.0,False,False,2022.0,5.0,2.0,2022.0,7.0,3.0,2022.0,2022.0,5.0,61.0,6.0,1694.4,150.55,1543.8500000000001,91.11484891406988,4800.0,4800.0,0.0,No Quality Issue,High Rejection,Excellent
RB-000996,Rift Bloom - Kapseret Farm,Yellow Babe,60.0,,20.0,68.0,1360.0,2024-05-13,2024-05-15,2024-05-16,2024-05-20,United Kingdom,FloraHolland Auction,NAN,0.575,782.0,NAN,232.18,1.6,0.0,,PENDING,3.0,False,False,False,1.0,4.0,True,False,2024.0,5.0,2.0,2024.0,5.0,2.0,2024.0,2024.0,5.0,2.0,7.0,782.0,232.18,549.8199999999999,70.30946291560102,1360.0,1360.0,0.0,No Quality Issue,High Rejection,Average
RB-001772,Rift Bloom - Timboroa Farm,Red Naomi,40.0,A,40.0,54.0,2160.0,2023-11-09,2023-11-11,2023-12-11,2023-11-13,Switzerland,Marks & Spencer Flowers,USD,0.374,807.84,NAN,495.15,2.0,0.0,,NAN,5.0,True,False,False,30.0,-28.0,False,False,2023.0,11.0,4.0,2023.0,11.0,4.0,2023.0,2023.0,11.0,2.0,4.0,807.84,495.15,312.69000000000005,38.70692216280452,2160.0,2160.0,0.0,No Quality Issue,High Rejection,Excellent
RB-001784,Rift Bloom - Turbo Farm,Sweetness,80.0,B,10.0,26.0,260.0,2023-01-01,2023-02-01,2023-01-06,2023-10-01,Norway,Aalsmeer Direct,EUR,0.483,125.58,ROAD THEN AIR,501.1,3.1,0.0,,PAID,5.0,False,False,False,-26.0,268.0,False,False,2023.0,1.0,1.0,2023.0,2.0,1.0,2023.0,2023.0,10.0,31.0,273.0,125.58,501.1,-375.52000000000004,-299.02850772415997,260.0,260.0,0.0,No Quality Issue,High Rejection,Excellent
RB-000611,Rift Bloom - Ziwa Farm,Freedom,70.0,C,20.0,55.0,1100.0,2023-09-26,2023-09-27,2023-09-29,2023-10-05,Japan,Whole Foods Market,USD,0.328,360.8,ROAD THEN AIR,305.19,2.2,0.0,,PAID,3.0,True,False,False,2.0,6.0,True,False,2023.0,9.0,3.0,2023.0,9.0,3.0,2023.0,2023.0,10.0,1.0,9.0,360.8,305.19,55.610000000000014,15.412971175166302,1100.0,1100.0,0.0,No Quality Issue,High Rejection,Average
RB-000459,Rift Bloom - Kapseret Farm,Red Naomi,60.0,PREMIUM,40.0,118.0,4720.0,2026-08-02,,2026-02-12,2026-02-18,Germany,M-Farm Traders,NAN,0.123,580.56,AIR FREIGHT,636.13,1.7,0.0,,PAID,3.0,False,False,False,,6.0,False,False,2026.0,8.0,3.0,,,,2026.0,2026.0,2.0,,-165.0,580.56,636.13,-55.57000000000005,-9.571792751825834,4720.0,4720.0,0.0,No Quality Issue,High Rejection,Average
RB-002728,Rift Bloom - Turbo Farm,Cool Water,80.0,C,40.0,212.0,8480.0,2024-12-02,2024-12-02,2024-02-16,2024-02-19,Norway,Aalsmeer Direct,NAN,0.411,3485.28,NAN,257.36,4.1,0.0,,PENDING,5.0,False,False,False,-290.0,3.0,False,False,2024.0,12.0,4.0,2024.0,12.0,4.0,2024.0,2024.0,2.0,0.0,-287.0,3485.28,257.36,3227.92,92.61580131295047,8480.0,8480.0,0.0,No Quality Issue,High Rejection,Excellent
RB-000463,Rift Bloom - Kapseret Farm,High & Magic,50.0,A,10.0,69.0,690.0,2024-03-27,2024-03-29,2024-04-02,2024-03-04,Poland,Carrefour Flowers,EUR,0.156,107.64,AIR FREIGHT,189.22,-0.4,0.0,,PENDING,5.0,False,False,True,4.0,-29.0,False,False,2024.0,3.0,1.0,2024.0,3.0,1.0,2024.0,2024.0,3.0,2.0,-23.0,107.64,189.22,-81.58,-75.78966926793014,690.0,690.0,0.0,No Quality Issue,High Rejection,Excellent
RB-000793,Rift Bloom - Ziwa Farm,Mondial,60.0,C,10.0,74.0,740.0,2022-05-27,2022-05-28,2022-05-30,2022-05-06,Russia,Dubai Flower Centre,KES,40.56,30014.4,AIR FREIGHT,226.02,2.8,0.0,,PENDING,4.0,False,False,False,2.0,-24.0,False,False,2022.0,5.0,2.0,2022.0,5.0,2.0,2022.0,2022.0,5.0,1.0,-21.0,30014.4,226.02,29788.38,99.24696145849991,740.0,740.0,0.0,No Quality Issue,High Rejection,Good
RB-000505,Rift Bloom - Ziwa Farm,High & Magic,50.0,B,40.0,148.0,5920.0,2024-03-25,2024-03-26,2024-03-27,2024-03-31,Australia,Whole Foods Market,KES,56.81,336315.2,ROAD THEN AIR,60.85,1.8,0.0,,NAN,5.0,False,False,False,1.0,4.0,True,False,2024.0,3.0,1.0,2024.0,3.0,1.0,2024.0,2024.0,3.0,1.0,6.0,336315.2,60.85,336254.35000000003,99.98190685404646,5920.0,5920.0,0.0,No Quality Issue,High Rejection,Excellent
RB-000309,Rift Bloom - Ziwa Farm,Tibet,40.0,C,25.0,159.0,3975.0,2025-09-26,2025-09-26,2025-09-29,2025-01-10,Norway,Bloomon BV,USD,0.418,1661.55,AIR FREIGHT,394.31,0.7,0.0,,PENDING,5.0,False,False,False,3.0,-262.0,False,False,2025.0,9.0,3.0,2025.0,9.0,3.0,2025.0,2025.0,1.0,0.0,-259.0,1661.55,394.31,1267.24,76.26854443140442,3975.0,3975.0,0.0,No Quality Issue,High Rejection,Excellent
RB-001587,Rift Bloom - Moiben Farm,Vendela,60.0,PREMIUM,40.0,141.0,5640.0,2026-01-06,2026-07-01,2026-10-01,2026-11-01,USA,Bloomon BV,NAN,0.232,1308.48,NAN,250.01,2.6,0.0,,PAID,4.0,False,False,False,92.0,31.0,True,False,2026.0,1.0,1.0,2026.0,7.0,3.0,2026.0,2026.0,11.0,176.0,299.0,1308.48,250.01,1058.47,80.89309733431158,5640.0,5640.0,0.0,No Quality Issue,High Rejection,Good
RB-000364,Rift Bloom - Timboroa Farm,Athena,70.0,PREMIUM,20.0,188.0,3760.0,2022-10-20,2022-10-21,2022-10-23,2022-10-29,Norway,Tokyo Flower Market,USD,0.53,1992.8,AIR FREIGHT,171.43,4.6,0.0,,OVERDUE,4.0,False,False,False,2.0,6.0,True,False,2022.0,10.0,4.0,2022.0,10.0,4.0,2022.0,2022.0,10.0,1.0,9.0,1992.8,171.43,1821.37,91.39753111200321,3760.0,3760.0,0.0,No Quality Issue,High Rejection,Good
RB-000580,Rift Bloom - Kapseret Farm,Explorer,60.0,,10.0,42.0,420.0,2023-11-09,2023-09-12,2023-09-14,2023-09-16,USA,Bloomon BV,EUR,0.464,194.88,AIR FREIGHT,269.63,0.3,0.0,,PAID,4.0,False,False,False,2.0,2.0,True,False,2023.0,11.0,4.0,2023.0,9.0,3.0,2023.0,2023.0,9.0,-58.0,-54.0,194.88,269.63,-74.75,-38.35693760262726,420.0,420.0,0.0,No Quality Issue,High Rejection,Good
RB-002338,Rift Bloom - Turbo Farm,Sweetness,50.0,STANDARD,40.0,114.0,4560.0,2024-09-10,2024-12-09,2024-09-14,2024-09-15,France,Tokyo Flower Market,KES,65.0,296400.0,UNKNOWN,102.84,1.7,65.0,Cold Chain Break,PAID,5.0,False,False,False,-86.0,1.0,False,False,2024.0,9.0,3.0,2024.0,12.0,4.0,2024.0,2024.0,9.0,90.0,5.0,296400.0,102.84,296297.16,99.9653036437247,4560.0,4560.0,1.425438596491228,Quality Issue,High Rejection,Excellent
RB-001012,Rift Bloom - Turbo Farm,Peach Avalanche,60.0,B,25.0,349.0,8725.0,2022-02-07,2022-07-04,2022-07-07,2022-10-07,Norway,Interflora Russia,USD,0.681,5941.73,AIR FREIGHT,356.85,1.9,0.0,,PAID,5.0,False,False,False,3.0,92.0,True,False,2022.0,2.0,1.0,2022.0,7.0,3.0,2022.0,2022.0,10.0,147.0,242.0,5941.73,356.85,5584.879999999999,93.99417341414032,8725.0,8725.0,0.0,No Quality Issue,High Rejection,Excellent
RB-002947,Rift Bloom - Turbo Farm,Sweetness,50.0,,10.0,78.0,780.0,2025-07-11,2025-08-11,2025-11-12,2025-11-18,Russia,Carrefour Flowers,EUR,0.28,218.4,ROAD THEN AIR,424.99,3.3,0.0,,NAN,3.0,False,False,False,93.0,6.0,True,False,2025.0,7.0,3.0,2025.0,8.0,3.0,2025.0,2025.0,11.0,31.0,130.0,218.4,424.99,-206.59,-94.59249084249083,780.0,780.0,0.0,No Quality Issue,High Rejection,Average
RB-001243,Rift Bloom - Timboroa Farm,Athena,60.0,PREMIUM,25.0,120.0,3000.0,2025-10-14,2025-10-15,2025-10-18,2025-10-22,France,Carrefour Flowers,USD,0.144,432.0,AIR FREIGHT,165.03,1.3,10.0,Undersized Stems,PAID,5.0,False,False,False,3.0,4.0,True,False,2025.0,10.0,4.0,2025.0,10.0,4.0,2025.0,2025.0,10.0,1.0,8.0,432.0,165.03,266.97,61.798611111111114,3000.0,3000.0,0.33333333333333337,Quality Issue,High Rejection,Excellent
RB-002709,Rift Bloom - Moiben Farm,Freedom,60.0,B,10.0,32.0,320.0,2025-12-16,2025-12-18,2025-12-22,2025-12-26,Switzerland,Carrefour Flowers,EUR,0.315,100.8,AIR FREIGHT,534.18,,0.0,,NAN,5.0,False,False,False,4.0,4.0,True,False,2025.0,12.0,4.0,2025.0,12.0,4.0,2025.0,2025.0,12.0,2.0,10.0,100.8,534.18,-433.37999999999994,-429.94047619047615,320.0,320.0,0.0,No Quality Issue,High Rejection,Excellent
RB-002145,Rift Bloom - Kapseret Farm,Explorer,60.0,B,40.0,131.0,5240.0,2022-11-15,2022-11-16,2022-11-17,2022-11-20,Netherlands,Aalsmeer Direct,KES,52.26,273842.4,NAN,159.0,1.4,0.0,,NAN,4.0,False,False,False,1.0,3.0,True,False,2022.0,11.0,4.0,2022.0,11.0,4.0,2022.0,2022.0,11.0,1.0,5.0,273842.4,159.0,273683.4,99.94193740633298,5240.0,5240.0,0.0,No Quality Issue,High Rejection,Good
RB-001303,Rift Bloom - Timboroa Farm,Cool Water,70.0,PREMIUM,10.0,116.0,1160.0,2022-04-21,,2022-04-26,2022-04-27,Germany,Aalsmeer Direct,UNKNOWN,0.165,191.4,AIR FREIGHT,310.71,3.8,21.0,Botrytis,NAN,5.0,False,False,False,,1.0,False,False,2022.0,4.0,2.0,,,,2022.0,2022.0,4.0,,6.0,191.4,310.71,-119.30999999999997,-62.33542319749215,1160.0,1160.0,1.810344827586207,Quality Issue,High Rejection,Excellent
RB-001939,Rift Bloom - Timboroa Farm,Cool Water,60.0,B,40.0,144.0,5760.0,2023-10-20,2023-10-22,2023-10-23,2023-10-26,Switzerland,Bloomon BV,NAN,0.207,1192.32,AIR FREIGHT,269.87,2.8,0.0,,PENDING,3.0,False,False,False,1.0,3.0,True,False,2023.0,10.0,4.0,2023.0,10.0,4.0,2023.0,2023.0,10.0,2.0,6.0,1192.32,269.87,922.4499999999999,77.3659755770263,5760.0,5760.0,0.0,No Quality Issue,High Rejection,Average
RB-002788,Rift Bloom - Kesses Farm,Mondial,40.0,,10.0,48.0,480.0,2025-10-08,2025-10-08,2025-10-10,2025-10-16,Poland,FloraHolland Auction,NAN,0.33,158.4,AIR FREIGHT,,3.3,0.0,,PENDING,2.0,False,False,False,2.0,6.0,True,False,2025.0,10.0,4.0,2025.0,10.0,4.0,2025.0,2025.0,10.0,0.0,8.0,158.4,,,,480.0,480.0,0.0,No Quality Issue,High Rejection,Poor
RB-000189,Rift Bloom - Moiben Farm,Circus,60.0,UNKNOWN,20.0,36.0,720.0,2023-03-05,2023-05-03,2023-04-05,2023-05-08,Germany,FloraHolland Auction,KES,18.07,13010.4,AIR FREIGHT,184.36,3.2,0.0,,PAID,4.0,False,False,False,-28.0,33.0,False,False,2023.0,3.0,1.0,2023.0,5.0,2.0,2023.0,2023.0,5.0,59.0,64.0,13010.4,184.36,12826.039999999999,98.58297977003012,720.0,720.0,0.0,No Quality Issue,High Rejection,Good
RB-001694,Rift Bloom - Moiben Farm,Red Naomi,50.0,PREMIUM,40.0,37.0,1480.0,2022-11-27,2022-11-29,2022-12-02,2022-05-12,France,Blume2000,NAN,0.103,152.44,AIR FREIGHT,463.52,3.9,0.0,,PENDING,1.0,False,False,False,3.0,-204.0,False,False,2022.0,11.0,4.0,2022.0,11.0,4.0,2022.0,2022.0,5.0,2.0,-199.0,152.44,463.52,-311.08,-204.0671739700866,1480.0,1480.0,0.0,No Quality Issue,High Rejection,Poor
RB-002171,Rift Bloom - Kesses Farm,Freedom,50.0,B,25.0,108.0,2700.0,2023-09-19,2023-09-20,2023-09-24,2023-09-30,USA,FloraHolland Auction,USD,0.249,672.3,AIR FREIGHT,268.3,4.8,0.0,,PAID,4.0,False,False,False,4.0,6.0,True,False,2023.0,9.0,3.0,2023.0,9.0,3.0,2023.0,2023.0,9.0,1.0,11.0,672.3,268.3,403.99999999999994,60.09222073479101,2700.0,2700.0,0.0,No Quality Issue,High Rejection,Good
RB-001848,Rift Bloom - Ziwa Farm,Yellow Babe,50.0,PREMIUM,40.0,65.0,2600.0,2022-06-13,2022-06-14,2022-06-15,2022-06-17,United Kingdom,Dubai Flower Centre,USD,0.092,239.2,AIR FREIGHT,103.44,1.2,0.0,,PENDING,5.0,False,False,False,1.0,2.0,True,False,2022.0,6.0,2.0,2022.0,6.0,2.0,2022.0,2022.0,6.0,1.0,4.0,239.2,103.44,135.76,56.75585284280936,2600.0,2600.0,0.0,No Quality Issue,High Rejection,Excellent
RB-002899,Rift Bloom - Ziwa Farm,Vendela,70.0,B,10.0,89.0,890.0,2024-12-12,2024-12-12,2024-12-16,2024-12-18,Switzerland,Tokyo Flower Market,KES,42.9,38181.0,AIR FREIGHT,981.49,-0.4,0.0,,UNKNOWN,5.0,False,False,True,4.0,2.0,True,False,2024.0,12.0,4.0,2024.0,12.0,4.0,2024.0,2024.0,12.0,0.0,6.0,38181.0,981.49,37199.51,97.42937586757812,890.0,890.0,0.0,No Quality Issue,High Rejection,Excellent
RB-001973,Rift Bloom - Turbo Farm,AVALANCHE,60.0,STANDARD,25.0,108.0,2700.0,2024-12-25,2024-12-26,2024-12-29,2025-01-01,United Arab Emirates,Carrefour Flowers,EUR,0.256,691.2,AIR FREIGHT,333.1,2.9,0.0,,NAN,3.0,True,False,False,3.0,3.0,True,False,2024.0,12.0,4.0,2024.0,12.0,4.0,2024.0,2025.0,1.0,1.0,7.0,691.2,333.1,358.1,51.80844907407407,2700.0,2700.0,0.0,No Quality Issue,High Rejection,Average
RB-002204,Rift Bloom - Ziwa Farm,Cool Water,70.0,A,20.0,100.0,2000.0,2025-11-27,2025-11-27,2025-01-12,2025-07-12,Germany,Dubai Flower Centre,KES,47.58,95160.0,NAN,419.29,3.5,0.0,,PAID,4.0,False,False,False,-319.0,181.0,False,False,2025.0,11.0,4.0,2025.0,11.0,4.0,2025.0,2025.0,7.0,0.0,-138.0,95160.0,419.29,94740.71,99.55938419503994,2000.0,2000.0,0.0,No Quality Issue,High Rejection,Good
RB-002803,Rift Bloom - Kesses Farm,Mondial,70.0,PREMIUM,40.0,110.0,4400.0,2022-10-28,2022-10-28,2022-01-11,2022-04-11,Holland,Local Wholesaler - Eldoret,USD,0.284,1249.6,NAN,460.84,-0.3,0.0,,PAID,5.0,False,False,True,-290.0,90.0,False,False,2022.0,10.0,4.0,2022.0,10.0,4.0,2022.0,2022.0,4.0,0.0,-200.0,1249.6,460.84,788.76,63.12099871959027,4400.0,4400.0,0.0,No Quality Issue,High Rejection,Excellent
RB-001679,Rift Bloom - Kesses Farm,Yellow Babe,60.0,,20.0,103.0,2060.0,2024-02-07,2024-07-02,2024-02-09,2024-12-02,France,M-Farm Traders,EUR,0.286,589.16,AIR FREIGHT,208.7,1.9,0.0,,PAID,4.0,False,False,False,-144.0,297.0,False,False,2024.0,2.0,1.0,2024.0,7.0,3.0,2024.0,2024.0,12.0,146.0,299.0,589.16,208.7,380.46,64.57668545047186,2060.0,2060.0,0.0,No Quality Issue,High Rejection,Good
RB-000863,Rift Bloom - Turbo Farm,Cool Water,80.0,PREMIUM,25.0,254.0,6350.0,2022-09-06,2022-06-11,2022-06-13,2022-06-19,United Kingdom,Blume2000,KES,51.48,326898.0,AIR FREIGHT,,0.6,0.0,,NAN,4.0,False,False,False,2.0,6.0,True,False,2022.0,9.0,3.0,2022.0,6.0,2.0,2022.0,2022.0,6.0,-87.0,-79.0,326898.0,,,,6350.0,6350.0,0.0,No Quality Issue,High Rejection,Good
RB-001600,Rift Bloom - Moiben Farm,Yellow Babe,50.0,A,40.0,324.0,12960.0,2024-07-16,2024-07-17,2024-07-19,2024-07-22,Australia,M-Farm Traders,USD,0.365,4730.4,AIR FREIGHT,494.73,4.1,0.0,,PENDING,4.0,False,False,False,2.0,3.0,True,False,2024.0,7.0,3.0,2024.0,7.0,3.0,2024.0,2024.0,7.0,1.0,6.0,4730.4,494.73,4235.67,89.54147640791477,12960.0,12960.0,0.0,No Quality Issue,High Rejection,Good
RB-002104,Rift Bloom - Kapseret Farm,High & Magic,70.0,A,40.0,38.0,1520.0,,2023-11-06,2023-12-06,2023-06-17,Holland,Whole Foods Market,EUR,0.304,462.08,AIR FREIGHT,364.31,1.1,0.0,,PAID,5.0,False,False,False,30.0,-172.0,False,False,,,,2023.0,11.0,4.0,2023.0,2023.0,6.0,,,462.08,364.31,97.76999999999998,21.158673822714675,1520.0,1520.0,0.0,No Quality Issue,High Rejection,Excellent
RB-001035,Rift Bloom - Timboroa Farm,Freedom,70.0,A,25.0,43.0,1075.0,2023-06-04,2023-06-04,2023-09-04,2023-12-04,United Arab Emirates,Interflora Russia,USD,0.245,263.38,NAN,212.24,1.6,24.0,Stem Bent,PAID,4.0,False,False,False,92.0,91.0,True,False,2023.0,6.0,2.0,2023.0,6.0,2.0,2023.0,2023.0,12.0,0.0,183.0,263.38,212.24,51.139999999999986,19.41681221049434,1075.0,1075.0,2.2325581395348837,Quality Issue,High Rejection,Good
RB-002807,Rift Bloom - Timboroa Farm,Peach Avalanche,80.0,PREMIUM,25.0,109.0,2725.0,2024-10-13,2024-10-14,2024-10-16,2024-10-17,uk,Aalsmeer Direct,USD,0.281,765.73,ROAD THEN AIR,163.15,1.7,0.0,,PAID,1.0,False,False,False,2.0,1.0,True,False,2024.0,10.0,4.0,2024.0,10.0,4.0,2024.0,2024.0,10.0,1.0,4.0,765.73,163.15,602.58,78.69353427448318,2725.0,2725.0,0.0,No Quality Issue,High Rejection,Poor
RB-000732,Rift Bloom - Kapseret Farm,Freedom,90.0,PREMIUM,40.0,235.0,9400.0,2026-06-20,2026-06-21,2026-06-25,2026-06-26,U.S.A,Marks & Spencer Flowers,EUR,0.495,4653.0,AIR FREIGHT,104.22,3.4,13.0,Cold Chain Break,NAN,4.0,False,False,False,4.0,1.0,True,False,2026.0,6.0,2.0,2026.0,6.0,2.0,2026.0,2026.0,6.0,1.0,6.0,4653.0,104.22,4548.78,97.76015473887813,9400.0,9400.0,0.13829787234042554,Quality Issue,High Rejection,Good
RB-000703,Rift Bloom - Kapseret Farm,Tibet,90.0,STANDARD,20.0,35.0,700.0,2024-08-20,2024-08-22,2024-08-26,,France,Whole Foods Market,EUR,0.433,303.1,NAN,312.46,1.4,0.0,,NAN,3.0,False,False,False,4.0,,False,False,2024.0,8.0,3.0,2024.0,8.0,3.0,2024.0,,,2.0,,303.1,312.46,-9.359999999999957,-3.088089739359933,700.0,700.0,0.0,No Quality Issue,High Rejection,Average
RB-002423,Rift Bloom - Kesses Farm,High & Magic,0.0,B,20.0,73.0,1460.0,2022-10-27,2022-10-29,2022-10-31,2022-04-11,Germany,Carrefour Flowers,USD,0.516,753.36,ROAD THEN AIR,295.25,2.6,0.0,,OVERDUE,5.0,False,False,False,2.0,-203.0,False,False,2022.0,10.0,4.0,2022.0,10.0,4.0,2022.0,2022.0,4.0,2.0,-199.0,753.36,295.25,458.11,60.8089094191356,1460.0,1460.0,0.0,No Quality Issue,High Rejection,Excellent
RB-000161,Rift Bloom - Timboroa Farm,Explorer,70.0,,40.0,157.0,6280.0,2022-06-18,2022-06-19,2022-06-20,2022-06-22,United Arab Emirates,Carrefour Flowers,EUR,0.157,985.96,AIR FREIGHT,104.59,-0.7,0.0,,NAN,4.0,False,False,True,1.0,2.0,True,False,2022.0,6.0,2.0,2022.0,6.0,2.0,2022.0,2022.0,6.0,1.0,4.0,985.96,104.59,881.37,89.39206458679865,6280.0,6280.0,0.0,No Quality Issue,High Rejection,Good
RB-002321,Rift Bloom - Moiben Farm,Peach Avalanche,70.0,A,20.0,153.0,3060.0,2025-01-01,2025-01-01,2025-03-01,,US,Tokyo Flower Market,USD,0.36,1101.6,AIR FREIGHT,176.79,3.8,0.0,,NAN,4.0,False,False,False,59.0,,False,False,2025.0,1.0,1.0,2025.0,1.0,1.0,2025.0,,,0.0,,1101.6,176.79,924.81,83.95152505446623,3060.0,3060.0,0.0,No Quality Issue,High Rejection,Good
RB-002060,Rift Bloom - Moiben Farm,Pink Floyd,80.0,,25.0,163.0,4075.0,2024-05-19,2024-05-20,2024-05-24,2024-05-26,Netherlands,FloraHolland Auction,USD,0.492,2004.9,AIR FREIGHT,229.51,3.4,11.0,Stem Bent,PENDING,4.0,False,False,False,4.0,2.0,True,False,2024.0,5.0,2.0,2024.0,5.0,2.0,2024.0,2024.0,5.0,1.0,7.0,2004.9,229.51,1775.39,88.55254626165893,4075.0,4075.0,0.26993865030674846,Quality Issue,High Rejection,Good
RB-002353,Rift Bloom - Kapseret Farm,Sweetness,70.0,,25.0,133.0,3325.0,2024-06-05,2024-08-05,2024-11-05,2024-12-05,Poland,Blume2000,NAN,0.151,502.07,AIR FREIGHT,173.26,1.4,0.0,,PAID,3.0,False,False,False,92.0,30.0,True,False,2024.0,6.0,2.0,2024.0,8.0,3.0,2024.0,2024.0,12.0,61.0,183.0,502.07,173.26,328.81,65.49086780727788,3325.0,3325.0,0.0,No Quality Issue,High Rejection,Average
RB-001138,Rift Bloom - Kapseret Farm,Circus,40.0,UNKNOWN,20.0,47.0,940.0,2025-10-06,2025-11-06,2025-06-12,2025-06-16,US,Marks & Spencer Flowers,KES,47.45,44603.0,AIR FREIGHT,223.14,2.7,0.0,,PENDING,4.0,False,False,False,-147.0,4.0,False,False,2025.0,10.0,4.0,2025.0,11.0,4.0,2025.0,2025.0,6.0,31.0,-112.0,44603.0,223.14,44379.86,99.49971974979262,940.0,940.0,0.0,No Quality Issue,High Rejection,Good
RB-001199,Rift Bloom - Moiben Farm,Freedom,90.0,PREMIUM,20.0,99.0,1980.0,2022-11-12,2022-11-14,2022-11-16,2022-11-20,U.A.E,Local Wholesaler - Eldoret,EUR,0.319,631.62,AIR FREIGHT,490.4,3.1,0.0,,PAID,4.0,False,False,False,2.0,4.0,True,False,2022.0,11.0,4.0,2022.0,11.0,4.0,2022.0,2022.0,11.0,2.0,8.0,631.62,490.4,141.22000000000003,22.358380038630827,1980.0,1980.0,0.0,No Quality Issue,High Rejection,Good
RB-001579,Rift Bloom - Ziwa Farm,Pink Floyd,60.0,B,20.0,238.0,4760.0,2025-10-07,2025-12-07,2025-07-15,2025-07-16,USA,Local Wholesaler - Eldoret,USD,0.41,1951.6,AIR FREIGHT,365.51,2.0,0.0,,PAID,3.0,False,False,False,-145.0,1.0,False,False,2025.0,10.0,4.0,2025.0,12.0,4.0,2025.0,2025.0,7.0,61.0,-83.0,1951.6,365.51,1586.09,81.27126460340234,4760.0,4760.0,0.0,No Quality Issue,High Rejection,Average
RB-001529,Rift Bloom - Kesses Farm,Athena,70.0,,20.0,143.0,2860.0,2025-11-30,2025-02-12,2025-12-06,,Russia,Dubai Flower Centre,KES,61.1,174746.0,ROAD THEN AIR,393.78,4.5,0.0,,NAN,4.0,False,False,False,297.0,,False,False,2025.0,11.0,4.0,2025.0,2.0,1.0,2025.0,,,-291.0,,174746.0,393.78,174352.22,99.77465578611242,2860.0,2860.0,0.0,No Quality Issue,High Rejection,Good
RB-001532,Rift Bloom - Kapseret Farm,Pink Floyd,70.0,PREMIUM,40.0,298.0,11920.0,2026-02-02,2026-04-02,2026-05-02,2026-02-07,Germany,Whole Foods Market,NAN,0.382,4553.44,ROAD THEN AIR,153.38,3.2,0.0,,OVERDUE,4.0,False,False,False,30.0,-84.0,False,False,2026.0,2.0,1.0,2026.0,4.0,2.0,2026.0,2026.0,2.0,59.0,5.0,4553.44,153.38,4400.0599999999995,96.6315576794687,11920.0,11920.0,0.0,No Quality Issue,High Rejection,Good
RB-000186,Rift Bloom - Ziwa Farm,freedom,60.0,B,10.0,44.0,440.0,2022-08-22,2022-08-23,2022-08-24,2022-08-28,Poland,Whole Foods Market,USD,0.105,46.2,ROAD THEN AIR,149.02,1.9,0.0,,NAN,4.0,False,False,False,1.0,4.0,True,False,2022.0,8.0,3.0,2022.0,8.0,3.0,2022.0,2022.0,8.0,1.0,6.0,46.2,149.02,-102.82000000000001,-222.55411255411258,440.0,440.0,0.0,No Quality Issue,High Rejection,Good
RB-000460,Rift Bloom - Ziwa Farm,Athena,50.0,B,20.0,135.0,2700.0,2026-07-18,2026-07-20,2026-07-24,2026-07-28,Netherlands,Aalsmeer Direct,USD,0.215,580.5,AIR FREIGHT,111.71,1.2,0.0,,PAID,5.0,False,False,False,4.0,4.0,True,False,2026.0,7.0,3.0,2026.0,7.0,3.0,2026.0,2026.0,7.0,2.0,10.0,580.5,111.71,468.79,80.75624461670974,2700.0,2700.0,0.0,No Quality Issue,High Rejection,Excellent
RB-001821,Rift Bloom - Turbo Farm,Athena,60.0,A,40.0,15.0,600.0,2023-12-13,2023-12-15,2023-12-17,2023-12-22,United Kingdom,Local Wholesaler - Eldoret,EUR,0.294,176.4,AIR FREIGHT,604.18,2.4,0.0,,PAID,2.0,False,False,False,2.0,5.0,True,False,2023.0,12.0,4.0,2023.0,12.0,4.0,2023.0,2023.0,12.0,2.0,9.0,176.4,604.18,-427.78,-242.50566893424033,600.0,600.0,0.0,No Quality Issue,High Rejection,Poor
RB-002866,Rift Bloom - Timboroa Farm,Athena,60.0,PREMIUM,25.0,178.0,4450.0,2022-01-28,2022-01-29,,2022-03-02,Japan,Marks & Spencer Flowers,USD,0.28,1246.0,AIR FREIGHT,35.19,0.7,0.0,,OVERDUE,4.0,False,False,False,,,False,False,2022.0,1.0,1.0,2022.0,1.0,1.0,,2022.0,3.0,1.0,33.0,1246.0,35.19,1210.81,97.17576243980737,4450.0,4450.0,0.0,No Quality Issue,High Rejection,Good
RB-001008,Rift Bloom - Moiben Farm,Freedom,70.0,C,10.0,181.0,1810.0,2026-04-28,2026-04-28,2026-04-30,2026-04-05,Russia,Aalsmeer Direct,USD,0.239,432.59,NAN,589.39,1.7,0.0,,NAN,2.0,False,False,False,2.0,-25.0,False,False,2026.0,4.0,2.0,2026.0,4.0,2.0,2026.0,2026.0,4.0,0.0,-23.0,432.59,589.39,-156.8,-36.246792574955506,1810.0,1810.0,0.0,No Quality Issue,High Rejection,Poor
RB-001970,Rift Bloom - Kesses Farm,Peach Avalanche,90.0,STANDARD,40.0,137.0,5480.0,2025-10-25,2025-10-27,2025-10-28,2025-10-29,Switzerland,Interflora Russia,USD,0.356,1950.88,AIR FREIGHT,466.05,2.5,0.0,,PAID,4.0,False,False,False,1.0,1.0,True,False,2025.0,10.0,4.0,2025.0,10.0,4.0,2025.0,2025.0,10.0,2.0,4.0,1950.88,466.05,1484.8300000000002,76.110780775855,5480.0,5480.0,0.0,No Quality Issue,High Rejection,Good
RB-002147,Rift Bloom - Kapseret Farm,High & Magic,40.0,A,10.0,120.0,1200.0,2024-06-08,2024-08-08,2024-08-10,2024-08-13,USA,Local Wholesaler - Eldoret,USD,0.386,463.2,AIR FREIGHT,82.27,0.7,0.0,,PAID,5.0,False,False,False,2.0,3.0,True,False,2024.0,6.0,2.0,2024.0,8.0,3.0,2024.0,2024.0,8.0,61.0,66.0,463.2,82.27,380.93,82.23877374784111,1200.0,1200.0,0.0,No Quality Issue,High Rejection,Excellent
RB-001340,Rift Bloom - Ziwa Farm,Freedom,70.0,,25.0,87.0,2175.0,2024-12-23,2024-12-25,2024-12-28,2025-01-01,Russia,M-Farm Traders,UNKNOWN,0.386,839.55,AIR FREIGHT,412.24,2.6,0.0,,PENDING,4.0,True,False,False,3.0,4.0,True,False,2024.0,12.0,4.0,2024.0,12.0,4.0,2024.0,2025.0,1.0,2.0,9.0,839.55,412.24,427.30999999999995,50.897504615567854,2175.0,2175.0,0.0,No Quality Issue,High Rejection,Good
RB-001169,Rift Bloom - Timboroa Farm,Avalanche,60.0,PREMIUM,20.0,91.0,1820.0,2022-08-03,2022-08-04,2022-07-08,2022-08-11,United Kingdom,Marks & Spencer Flowers,USD,0.386,702.52,NAN,164.23,1.6,0.0,,NAN,4.0,False,False,False,-27.0,34.0,False,False,2022.0,8.0,3.0,2022.0,8.0,3.0,2022.0,2022.0,8.0,1.0,8.0,702.52,164.23,538.29,76.62272960200421,1820.0,1820.0,0.0,No Quality Issue,High Rejection,Good
RB-001314,Rift Bloom - Kesses Farm,Peach Avalanche,80.0,STANDARD,20.0,98.0,1960.0,2025-09-09,2025-11-09,2025-09-14,2025-09-16,Russia,FloraHolland Auction,USD,0.41,803.6,AIR FREIGHT,87.39,3.8,0.0,,OVERDUE,5.0,False,False,False,-56.0,2.0,False,False,2025.0,9.0,3.0,2025.0,11.0,4.0,2025.0,2025.0,9.0,61.0,7.0,803.6,87.39,716.21,89.12518666002987,1960.0,1960.0,0.0,No Quality Issue,High Rejection,Excellent
RB-000232,Rift Bloom - Kesses Farm,Mondial,60.0,PREMIUM,10.0,33.0,330.0,2023-10-26,2023-10-27,2023-10-30,2023-11-03,United Kingdom,Whole Foods Market,NAN,0.234,77.22,AIR FREIGHT,67.8,5.2,0.0,,PENDING,5.0,False,False,False,3.0,4.0,True,False,2023.0,10.0,4.0,2023.0,10.0,4.0,2023.0,2023.0,11.0,1.0,8.0,77.22,67.8,9.420000000000002,12.1989121989122,330.0,330.0,0.0,No Quality Issue,High Rejection,Excellent
RB-002144,Rift Bloom - Moiben Farm,Red Naomi,40.0,A,40.0,105.0,4200.0,2023-05-18,2023-05-18,2023-05-20,2023-05-21,Australia,Marks & Spencer Flowers,EUR,0.52,2184.0,AIR FREIGHT,110.21,0.5,0.0,,PENDING,4.0,False,False,False,2.0,1.0,True,False,2023.0,5.0,2.0,2023.0,5.0,2.0,2023.0,2023.0,5.0,0.0,3.0,2184.0,110.21,2073.79,94.95375457875458,4200.0,4200.0,0.0,No Quality Issue,High Rejection,Good
RB-000334,Rift Bloom - Kapseret Farm,Circus,50.0,B,40.0,109.0,4360.0,2023-12-16,2023-12-17,2023-12-18,2023-12-23,United Arab Emirates,Dubai Flower Centre,EUR,0.42,1831.2,UNKNOWN,252.99,0.3,0.0,,PENDING,5.0,False,False,False,1.0,5.0,True,False,2023.0,12.0,4.0,2023.0,12.0,4.0,2023.0,2023.0,12.0,1.0,7.0,1831.2,252.99,1578.21,86.18446920052425,4360.0,4360.0,0.0,No Quality Issue,High Rejection,Excellent
RB-002355,Rift Bloom - Timboroa Farm,Tibet,60.0,PREMIUM,20.0,170.0,3400.0,2023-03-27,2023-03-28,2023-04-01,2023-06-04,usa,Whole Foods Market,USD,0.128,435.2,AIR FREIGHT,326.66,,0.0,,UNKNOWN,5.0,False,False,False,4.0,64.0,True,False,2023.0,3.0,1.0,2023.0,3.0,1.0,2023.0,2023.0,6.0,1.0,69.0,435.2,326.66,108.53999999999996,24.94025735294117,3400.0,3400.0,0.0,No Quality Issue,High Rejection,Excellent
RB-000789,Rift Bloom - Kesses Farm,Circus,40.0,A,40.0,-83.0,-3320.0,2024-03-29,2024-03-30,2024-04-01,2024-07-04,usa,Dubai Flower Centre,EUR,0.442,-1467.44,AIR FREIGHT,119.53,1.6,0.0,,OVERDUE,4.0,False,False,False,2.0,94.0,True,False,2024.0,3.0,1.0,2024.0,3.0,1.0,2024.0,2024.0,7.0,1.0,97.0,-1467.44,119.53,-1586.97,,-3320.0,-3320.0,0.0,No Quality Issue,High Rejection,Good
RB-002402,Rift Bloom - Kesses Farm,Circus,70.0,PREMIUM,20.0,81.0,1620.0,2023-02-28,2023-02-28,2023-04-03,2023-03-06,Japan,Whole Foods Market,EUR,0.58,939.6,AIR FREIGHT,109.41,1.1,0.0,,PENDING,4.0,False,False,False,34.0,-28.0,False,False,2023.0,2.0,1.0,2023.0,2.0,1.0,2023.0,2023.0,3.0,0.0,6.0,939.6,109.41,830.19,88.35568326947639,1620.0,1620.0,0.0,No Quality Issue,High Rejection,Good
RB-001354,Rift Bloom - Timboroa Farm,Explorer,70.0,STANDARD,10.0,55.0,550.0,2025-11-27,2025-11-27,2025-11-30,,Russia,Aalsmeer Direct,KES,69.55,38252.5,AIR FREIGHT,250.16,3.9,0.0,,PENDING,4.0,False,False,False,3.0,,False,False,2025.0,11.0,4.0,2025.0,11.0,4.0,2025.0,,,0.0,,38252.5,250.16,38002.34,99.34602967126331,550.0,550.0,0.0,No Quality Issue,High Rejection,Good
RB-000381,Rift Bloom - Kapseret Farm,Explorer,70.0,,20.0,43.0,860.0,2023-02-23,2023-02-24,2023-02-25,2023-02-28,Germany,Marks & Spencer Flowers,KES,20.02,17217.2,ROAD THEN AIR,76.13,2.6,0.0,,PENDING,4.0,False,False,False,1.0,3.0,True,False,2023.0,2.0,1.0,2023.0,2.0,1.0,2023.0,2023.0,2.0,1.0,5.0,17217.2,76.13,17141.07,99.5578258950352,860.0,860.0,0.0,No Quality Issue,High Rejection,Good
RB-001922,Rift Bloom - Timboroa Farm,Tibet,50.0,PREMIUM,10.0,140.0,1400.0,,2026-07-16,2026-07-20,2026-07-22,Norway,M-Farm Traders,EUR,0.542,758.8,AIR FREIGHT,457.78,,0.0,,PENDING,3.0,False,False,False,4.0,2.0,True,False,,,,2026.0,7.0,3.0,2026.0,2026.0,7.0,,,758.8,457.78,301.02,39.67053241960991,1400.0,1400.0,0.0,No Quality Issue,High Rejection,Average
RB-002271,Rift Bloom - Kesses Farm,Circus,40.0,B,20.0,297.0,5940.0,2025-08-07,2025-07-08,2025-07-11,2025-07-15,Holland,FloraHolland Auction,KES,60.45,359073.0,NAN,349.23,,0.0,,PAID,4.0,False,False,False,3.0,4.0,True,False,2025.0,8.0,3.0,2025.0,7.0,3.0,2025.0,2025.0,7.0,-30.0,-23.0,359073.0,349.23,358723.77,99.90274122532188,5940.0,5940.0,0.0,No Quality Issue,High Rejection,Good
RB-002664,Rift Bloom - Kesses Farm,Avalanche,70.0,STANDARD,10.0,188.0,1880.0,2022-10-08,2022-10-08,2022-11-08,2022-08-16,Netherlands,Interflora Russia,KES,31.59,59389.2,UNKNOWN,320.48,2.7,0.0,,PAID,4.0,False,False,False,31.0,-84.0,False,False,2022.0,10.0,4.0,2022.0,10.0,4.0,2022.0,2022.0,8.0,0.0,-53.0,59389.2,320.48,59068.719999999994,99.46037326651982,1880.0,1880.0,0.0,No Quality Issue,High Rejection,Good
RB-001878,Rift Bloom - Moiben Farm,Circus,60.0,STANDARD,25.0,208.0,5200.0,2022-05-13,2022-05-14,2022-05-17,2022-05-21,UAE,M-Farm Traders,EUR,0.291,1513.2,NAN,45.65,0.5,0.0,,PENDING,5.0,False,False,False,3.0,4.0,True,False,2022.0,5.0,2.0,2022.0,5.0,2.0,2022.0,2022.0,5.0,1.0,8.0,1513.2,45.65,1467.55,96.9832143801216,5200.0,5200.0,0.0,No Quality Issue,High Rejection,Excellent
RB-002509,Rift Bloom - Kapseret Farm,Athena,60.0,A,10.0,49.0,490.0,2026-01-27,2026-01-28,2026-01-31,2026-04-02,Norway,M-Farm Traders,NAN,0.258,126.42,AIR FREIGHT,117.51,1.7,0.0,,PENDING,5.0,False,False,False,3.0,61.0,True,False,2026.0,1.0,1.0,2026.0,1.0,1.0,2026.0,2026.0,4.0,1.0,65.0,126.42,117.51,8.909999999999997,7.047935453251066,490.0,490.0,0.0,No Quality Issue,High Rejection,Excellent
RB-002187,Rift Bloom - Kapseret Farm,Freedom,90.0,B,10.0,102.0,1020.0,2025-11-04,2025-11-04,2025-04-13,2025-04-16,USA,Dubai Flower Centre,KES,35.88,36597.6,AIR FREIGHT,184.42,-0.5,83.0,,PAID,4.0,False,False,True,-205.0,3.0,False,False,2025.0,11.0,4.0,2025.0,11.0,4.0,2025.0,2025.0,4.0,0.0,-202.0,36597.6,184.42,36413.18,99.4960871751153,1020.0,1020.0,8.137254901960784,No Quality Issue,High Rejection,Good
RB-002439,Rift Bloom - Moiben Farm,Cool Water,60.0,,25.0,86.0,2150.0,2024-06-25,2024-06-27,2024-06-28,2024-01-07,Germany,M-Farm Traders,USD,0.337,724.55,AIR FREIGHT,312.87,3.0,0.0,,OVERDUE,4.0,False,False,False,1.0,-173.0,False,False,2024.0,6.0,2.0,2024.0,6.0,2.0,2024.0,2024.0,1.0,2.0,-170.0,724.55,312.87,411.67999999999995,56.818715064522806,2150.0,2150.0,0.0,No Quality Issue,High Rejection,Good
RB-000208,Rift Bloom - Kapseret Farm,Circus,90.0,PREMIUM,40.0,95.0,3800.0,2023-03-22,2023-03-23,2023-03-27,2023-03-28,Poland,Interflora Russia,USD,0.265,1007.0,ROAD THEN AIR,201.73,1.2,0.0,,PAID,5.0,False,False,False,4.0,1.0,True,False,2023.0,3.0,1.0,2023.0,3.0,1.0,2023.0,2023.0,3.0,1.0,6.0,1007.0,201.73,805.27,79.96722939424032,3800.0,3800.0,0.0,No Quality Issue,High Rejection,Excellent
RB-001940,Rift Bloom - Ziwa Farm,freedom,50.0,B,20.0,31.0,620.0,2022-06-16,2022-06-16,2022-06-20,2022-06-26,Poland,Local Wholesaler - Eldoret,USD,0.488,302.56,AIR FREIGHT,175.52,0.3,0.0,,OVERDUE,5.0,False,False,False,4.0,6.0,True,False,2022.0,6.0,2.0,2022.0,6.0,2.0,2022.0,2022.0,6.0,0.0,10.0,302.56,175.52,127.03999999999999,41.988365943945,620.0,620.0,0.0,No Quality Issue,High Rejection,Excellent
RB-001337,Rift Bloom - Kapseret Farm,Mondial,50.0,B,25.0,82.0,2050.0,2023-02-11,2023-03-11,2023-07-11,2023-11-13,Norway,Local Wholesaler - Eldoret,NAN,0.379,776.95,ROAD THEN AIR,382.92,0.6,0.0,,PAID,4.0,False,False,False,122.0,125.0,True,False,2023.0,2.0,1.0,2023.0,3.0,1.0,2023.0,2023.0,11.0,28.0,275.0,776.95,382.92,394.03000000000003,50.714975223630866,2050.0,2050.0,0.0,No Quality Issue,High Rejection,Good
RB-000144,Rift Bloom - Kapseret Farm,Pink Floyd,60.0,PREMIUM,25.0,195.0,4875.0,2022-12-07,2022-12-07,2022-07-14,2022-07-16,Poland,Whole Foods Market,EUR,0.425,2071.88,UNKNOWN,182.01,,0.0,,UNKNOWN,5.0,False,False,False,-146.0,2.0,False,False,2022.0,12.0,4.0,2022.0,12.0,4.0,2022.0,2022.0,7.0,0.0,-144.0,2071.88,182.01,1889.8700000000001,91.21522481997026,4875.0,4875.0,0.0,No Quality Issue,High Rejection,Excellent
RB-000250,Rift Bloom - Kapseret Farm,Yellow Babe,50.0,STANDARD,20.0,198.0,3960.0,2023-02-04,2023-03-04,2023-07-04,2023-09-04,Japan,Tokyo Flower Market,USD,0.283,1120.68,AIR FREIGHT,149.8,2.2,4.0,,NAN,4.0,False,False,False,122.0,62.0,True,False,2023.0,2.0,1.0,2023.0,3.0,1.0,2023.0,2023.0,9.0,28.0,212.0,1120.68,149.8,970.8800000000001,86.63311560838063,3960.0,3960.0,0.10101010101010101,No Quality Issue,High Rejection,Good
RB-001889,Rift Bloom - Timboroa Farm,Pink Floyd,70.0,STANDARD,40.0,77.0,3080.0,2026-01-14,2026-01-15,2026-01-16,2026-01-19,United Kingdom,Carrefour Flowers,KES,47.84,147347.2,AIR FREIGHT,517.76,17.5,0.0,,PAID,4.0,False,False,False,1.0,3.0,True,False,2026.0,1.0,1.0,2026.0,1.0,1.0,2026.0,2026.0,1.0,1.0,5.0,147347.2,517.76,146829.44,99.6486122573079,3080.0,3080.0,0.0,No Quality Issue,High Rejection,Good
RB-002580,Rift Bloom - Turbo Farm,FREEDOM,70.0,PREMIUM,20.0,25.0,500.0,2024-08-15,2024-08-16,2024-08-17,2024-08-22,Russia,Blume2000,USD,0.241,120.5,AIR FREIGHT,192.41,-1.2,0.0,,UNKNOWN,4.0,False,False,True,1.0,5.0,True,False,2024.0,8.0,3.0,2024.0,8.0,3.0,2024.0,2024.0,8.0,1.0,7.0,120.5,192.41,-71.91,-59.676348547717836,500.0,500.0,0.0,No Quality Issue,High Rejection,Good
RB-002007,Rift Bloom - Ziwa Farm,Avalanche+,80.0,A,25.0,209.0,5225.0,2022-08-31,2022-09-02,2022-04-09,2022-09-07,Russia,M-Farm Traders,UNKNOWN,0.313,1635.42,AIR FREIGHT,281.73,1.9,0.0,,PAID,5.0,False,False,False,-146.0,151.0,False,False,2022.0,8.0,3.0,2022.0,9.0,3.0,2022.0,2022.0,9.0,2.0,7.0,1635.42,281.73,1353.69,82.77323256411198,5225.0,5225.0,0.0,No Quality Issue,High Rejection,Excellent
RB-002892,Rift Bloom - Ziwa Farm,Vendela,40.0,PREMIUM,40.0,94.0,3760.0,2023-12-08,2023-08-12,2023-09-12,2023-12-10,Germany,Tokyo Flower Market,USD,0.42,1579.2,AIR FREIGHT,155.92,4.9,0.0,,PAID,5.0,False,False,False,31.0,89.0,True,False,2023.0,12.0,4.0,2023.0,8.0,3.0,2023.0,2023.0,12.0,-118.0,2.0,1579.2,155.92,1423.28,90.12664640324213,3760.0,3760.0,0.0,No Quality Issue,High Rejection,Excellent
RB-002784,Rift Bloom - Timboroa Farm,Pink Floyd,50.0,A,20.0,65.0,1300.0,2022-01-12,2022-01-14,2022-01-16,,Holland,Marks & Spencer Flowers,NAN,0.166,215.8,AIR FREIGHT,341.95,5.9,0.0,,NAN,5.0,False,False,False,2.0,,False,False,2022.0,1.0,1.0,2022.0,1.0,1.0,2022.0,,,2.0,,215.8,341.95,-126.14999999999998,-58.45690454124187,1300.0,1300.0,0.0,No Quality Issue,High Rejection,Excellent
RB-002846,Rift Bloom - Turbo Farm,Freedom,80.0,B,20.0,120.0,2400.0,2024-12-10,2024-12-12,2024-12-13,2024-12-16,Russia,Tokyo Flower Market,NAN,0.167,400.8,AIR FREIGHT,461.13,1.7,0.0,,PAID,5.0,False,False,False,1.0,3.0,True,False,2024.0,12.0,4.0,2024.0,12.0,4.0,2024.0,2024.0,12.0,2.0,6.0,400.8,461.13,-60.329999999999984,-15.052395209580835,2400.0,2400.0,0.0,No Quality Issue,High Rejection,Excellent
RB-001494,Rift Bloom - Ziwa Farm,Cool Water,40.0,B,25.0,134.0,3350.0,2022-09-08,2022-11-08,2022-08-13,2022-08-16,United States,Interflora Russia,KES,52.26,1750710.0,AIR FREIGHT,114.4,0.3,0.0,,PAID,3.0,False,False,False,-87.0,3.0,False,False,2022.0,9.0,3.0,2022.0,11.0,4.0,2022.0,2022.0,8.0,61.0,-23.0,1750710.0,114.4,1750595.6,99.9934655082795,3350.0,3350.0,0.0,No Quality Issue,High Rejection,Average
RB-002567,Rift Bloom - Timboroa Farm,Pink Floyd,60.0,C,20.0,48.0,960.0,2025-04-07,2025-07-05,2025-08-07,2025-12-07,US,Carrefour Flowers,KES,58.11,55785.6,AIR FREIGHT,36.25,-0.9,36.0,Bud Blast,NAN,4.0,False,False,True,33.0,122.0,True,False,2025.0,4.0,2.0,2025.0,7.0,3.0,2025.0,2025.0,12.0,89.0,244.0,55785.6,36.25,55749.35,99.93501907302243,960.0,960.0,3.75,Quality Issue,High Rejection,Good
RB-002624,Rift Bloom - Timboroa Farm,Explorer,50.0,C,40.0,99.0,3960.0,2024-07-06,2024-09-06,2024-11-06,2024-06-13,Germany,Local Wholesaler - Eldoret,NAN,0.33,1306.8,NAN,252.27,5.4,0.0,,OVERDUE,4.0,False,False,False,61.0,-146.0,False,False,2024.0,7.0,3.0,2024.0,9.0,3.0,2024.0,2024.0,6.0,62.0,-23.0,1306.8,252.27,1054.53,80.69559228650138,3960.0,3960.0,0.0,No Quality Issue,High Rejection,Good
RB-001129,Rift Bloom - Kapseret Farm,Vendela,60.0,A,20.0,79.0,1580.0,2025-05-23,2025-05-24,2025-05-27,2025-05-31,Switzerland,Whole Foods Market,EUR,0.339,535.62,AIR FREIGHT,157.12,1.3,23.0,Stem Bent,PAID,3.0,False,False,False,3.0,4.0,True,False,2025.0,5.0,2.0,2025.0,5.0,2.0,2025.0,2025.0,5.0,1.0,8.0,535.62,157.12,378.5,70.6657705089429,1580.0,1580.0,1.4556962025316456,Quality Issue,High Rejection,Average
RB-002044,Rift Bloom - Kapseret Farm,Vendela,70.0,PREMIUM,25.0,53.0,1325.0,2025-03-03,2025-05-03,2025-08-03,2025-03-11,Switzerland,Bloomon BV,USD,0.339,449.18,NAN,622.17,2.7,0.0,,NAN,5.0,False,False,False,92.0,-145.0,False,False,2025.0,3.0,1.0,2025.0,5.0,2.0,2025.0,2025.0,3.0,61.0,8.0,449.18,622.17,-172.98999999999995,-38.51240037401486,1325.0,1325.0,0.0,No Quality Issue,High Rejection,Excellent
RB-001486,Rift Bloom - Ziwa Farm,Mondial,50.0,A,40.0,144.0,5760.0,2022-08-03,2022-03-08,,2022-08-08,U.S.A,Aalsmeer Direct,EUR,0.131,754.56,NAN,31.69,1.2,0.0,,PAID,5.0,False,False,False,,,False,False,2022.0,8.0,3.0,2022.0,3.0,1.0,,2022.0,8.0,-148.0,5.0,754.56,31.69,722.8699999999999,95.80020144189992,5760.0,5760.0,0.0,No Quality Issue,High Rejection,Excellent
RB-002025,Rift Bloom - Ziwa Farm,Explorer,80.0,A,25.0,50.0,1250.0,2025-04-11,2025-11-04,2025-07-11,,Japan,Aalsmeer Direct,USD,0.281,351.25,ROAD THEN AIR,81.56,0.6,0.0,,PAID,5.0,False,False,False,-116.0,,False,False,2025.0,4.0,2.0,2025.0,11.0,4.0,2025.0,,,207.0,,351.25,81.56,269.69,76.78007117437723,1250.0,1250.0,0.0,No Quality Issue,High Rejection,Excellent
RB-000766,Rift Bloom - Turbo Farm,Red-Naomi,50.0,,20.0,172.0,3440.0,2022-02-27,2022-03-01,2022-03-04,2022-05-03,Australia,Blume2000,USD,0.308,1059.52,NAN,869.19,3.8,0.0,,UNKNOWN,4.0,False,False,False,3.0,60.0,True,False,2022.0,2.0,1.0,2022.0,3.0,1.0,2022.0,2022.0,5.0,2.0,65.0,1059.52,869.19,190.32999999999993,17.963794926004223,3440.0,3440.0,0.0,No Quality Issue,High Rejection,Good
RB-000147,Rift Bloom - Kapseret Farm,Tibet,40.0,B,25.0,150.0,3750.0,2024-03-15,2024-03-17,2024-03-18,2024-03-24,Poland,FloraHolland Auction,USD,0.632,2370.0,AIR FREIGHT,297.63,3.2,0.0,,PENDING,4.0,False,False,False,1.0,6.0,True,False,2024.0,3.0,1.0,2024.0,3.0,1.0,2024.0,2024.0,3.0,2.0,9.0,2370.0,297.63,2072.37,87.44177215189873,3750.0,3750.0,0.0,No Quality Issue,High Rejection,Good
RB-001134,Rift Bloom - Kesses Farm,Explorer,70.0,STANDARD,25.0,118.0,2950.0,2024-11-26,2024-11-28,2024-11-29,2024-12-04,Japan,Tokyo Flower Market,EUR,0.341,1005.95,NAN,523.21,2.9,0.0,,PAID,5.0,False,False,False,1.0,5.0,True,False,2024.0,11.0,4.0,2024.0,11.0,4.0,2024.0,2024.0,12.0,2.0,8.0,1005.95,523.21,482.74,47.98846861176003,2950.0,2950.0,0.0,No Quality Issue,High Rejection,Excellent
RB-002883,Rift Bloom - Moiben Farm,Mondial,60.0,B,10.0,38.0,380.0,2025-01-18,2025-01-19,2025-01-21,2025-01-22,Russia,Whole Foods Market,EUR,0.533,202.54,NAN,598.27,0.9,0.0,,PENDING,4.0,False,False,False,2.0,1.0,True,False,2025.0,1.0,1.0,2025.0,1.0,1.0,2025.0,2025.0,1.0,1.0,4.0,202.54,598.27,-395.73,-195.3836279253481,380.0,380.0,0.0,No Quality Issue,High Rejection,Good
RB-001222,Rift Bloom - Kesses Farm,Sweetness,80.0,PREMIUM,10.0,57.0,570.0,2022-03-24,2022-03-26,2022-03-30,2022-03-31,Japan,Local Wholesaler - Eldoret,USD,0.465,265.05,AIR FREIGHT,364.86,1.1,13.0,Cold Chain Break,PAID,5.0,False,False,False,4.0,1.0,True,False,2022.0,3.0,1.0,2022.0,3.0,1.0,2022.0,2022.0,3.0,2.0,7.0,265.05,364.86,-99.81,-37.65704584040747,570.0,570.0,2.280701754385965,Quality Issue,High Rejection,Excellent
RB-001366,Rift Bloom - Kapseret Farm,Vendela,70.0,B,25.0,147.0,3675.0,2024-08-07,2024-07-08,,2024-08-14,Netherlands,Local Wholesaler - Eldoret,USD,0.492,1808.1,AIR FREIGHT,308.52,,0.0,,NAN,5.0,False,False,False,,,False,False,2024.0,8.0,3.0,2024.0,7.0,3.0,,2024.0,8.0,-30.0,7.0,1808.1,308.52,1499.58,82.93678446988551,3675.0,3675.0,0.0,No Quality Issue,High Rejection,Excellent
RB-001887,Rift Bloom - Turbo Farm,Circus,60.0,PREMIUM,10.0,99.0,990.0,2024-09-28,2024-09-30,2024-10-02,2024-06-10,Germany,Blume2000,USD,0.564,558.36,AIR FREIGHT,,3.9,0.0,,NAN,4.0,False,False,False,2.0,-114.0,False,False,2024.0,9.0,3.0,2024.0,9.0,3.0,2024.0,2024.0,6.0,2.0,-110.0,558.36,,,,990.0,990.0,0.0,No Quality Issue,High Rejection,Good
RB-000322,Rift Bloom - Ziwa Farm,Freedom,40.0,A,40.0,19.0,760.0,2025-03-18,2025-03-20,2025-03-22,2025-03-28,Norway,Interflora Russia,UNKNOWN,0.219,166.44,NAN,672.05,2.6,5.0,Petal Bruising,NAN,5.0,False,False,False,2.0,6.0,True,False,2025.0,3.0,1.0,2025.0,3.0,1.0,2025.0,2025.0,3.0,2.0,10.0,166.44,672.05,-505.60999999999996,-303.77913962989663,760.0,760.0,0.6578947368421052,Quality Issue,High Rejection,Excellent
RB-000112,Rift Bloom - Turbo Farm,Red Naomi,50.0,C,25.0,53.0,1325.0,2024-01-08,2024-08-03,2024-05-08,2024-06-08,Japan,Dubai Flower Centre,EUR,0.527,698.27,AIR FREIGHT,506.94,0.7,0.0,,PENDING,5.0,False,False,False,-87.0,31.0,False,False,2024.0,1.0,1.0,2024.0,8.0,3.0,2024.0,2024.0,6.0,208.0,152.0,698.27,506.94,191.32999999999998,27.400575708536813,1325.0,1325.0,0.0,No Quality Issue,High Rejection,Excellent
RB-000589,Rift Bloom - Timboroa Farm,Vendela,60.0,PREMIUM,25.0,212.0,5300.0,2026-07-05,2026-07-06,2026-07-07,2026-07-13,Japan,Interflora Russia,EUR,0.216,1144.8,AIR FREIGHT,116.5,1.3,0.0,,OVERDUE,5.0,False,False,False,1.0,6.0,True,False,2026.0,7.0,3.0,2026.0,7.0,3.0,2026.0,2026.0,7.0,1.0,8.0,1144.8,116.5,1028.3,89.8235499650594,5300.0,5300.0,0.0,No Quality Issue,High Rejection,Excellent
RB-002962,Rift Bloom - Turbo Farm,Vendela,70.0,,25.0,143.0,3575.0,2025-06-11,2025-07-11,2025-11-11,2025-11-15,Netherlands,Local Wholesaler - Eldoret,USD,0.177,632.77,NAN,246.42,2.5,0.0,,OVERDUE,3.0,False,False,False,123.0,4.0,True,False,2025.0,6.0,2.0,2025.0,7.0,3.0,2025.0,2025.0,11.0,30.0,157.0,632.77,246.42,386.35,61.05694012042291,3575.0,3575.0,0.0,No Quality Issue,High Rejection,Average
RB-002139,Rift Bloom - Moiben Farm,Athena,50.0,A,20.0,266.0,5320.0,2024-05-27,2024-05-29,,2024-06-01,Norway,Carrefour Flowers,USD,0.417,2218.44,UNKNOWN,695.99,1.8,0.0,,PENDING,5.0,False,False,False,,,False,False,2024.0,5.0,2.0,2024.0,5.0,2.0,,2024.0,6.0,2.0,5.0,2218.44,695.99,1522.45,68.62705324462235,5320.0,5320.0,0.0,No Quality Issue,High Rejection,Excellent
RB-000654,Rift Bloom - Timboroa Farm,Explorer,70.0,C,25.0,119.0,2975.0,2026-04-08,2026-05-08,2026-08-06,2026-08-08,Netherlands,Marks & Spencer Flowers,EUR,0.346,1029.35,AIR FREIGHT,449.88,,0.0,,OVERDUE,5.0,False,False,False,90.0,2.0,True,False,2026.0,4.0,2.0,2026.0,5.0,2.0,2026.0,2026.0,8.0,30.0,122.0,1029.35,449.88,579.4699999999999,56.294749113518236,2975.0,2975.0,0.0,No Quality Issue,High Rejection,Excellent
RB-002408,Rift Bloom - Moiben Farm,Red Naomi,60.0,A,20.0,55.0,1100.0,2024-02-09,2024-04-09,2024-08-09,2024-11-09,Holland,Whole Foods Market,NAN,0.359,394.9,ROAD THEN AIR,262.59,2.7,0.0,,PAID,3.0,False,False,False,122.0,92.0,True,False,2024.0,2.0,1.0,2024.0,4.0,2.0,2024.0,2024.0,11.0,60.0,274.0,394.9,262.59,132.31,33.504684730311475,1100.0,1100.0,0.0,No Quality Issue,High Rejection,Average
RB-001954,rift bloom turbo farm,Tibet,50.0,B,20.0,86.0,1720.0,2023-08-25,2023-08-27,2023-08-30,2023-01-09,United Kingdom,Interflora Russia,KES,35.62,61266.4,AIR FREIGHT,64.95,1.0,0.0,,PENDING,5.0,False,False,False,3.0,-233.0,False,False,2023.0,8.0,3.0,2023.0,8.0,3.0,2023.0,2023.0,1.0,2.0,-228.0,61266.4,64.95,61201.450000000004,99.89398756904274,1720.0,1720.0,0.0,No Quality Issue,High Rejection,Excellent
RB-002409,Rift Bloom - Ziwa Farm,Freedom,70.0,UNKNOWN,10.0,118.0,1180.0,2023-12-21,2023-12-21,2023-12-25,2023-12-29,UAE,Marks & Spencer Flowers,KES,58.89,69490.2,AIR FREIGHT,376.45,-1.0,15.0,,NAN,4.0,False,False,True,4.0,4.0,True,False,2023.0,12.0,4.0,2023.0,12.0,4.0,2023.0,2023.0,12.0,0.0,8.0,69490.2,376.45,69113.75,99.4582689357636,1180.0,1180.0,1.2711864406779663,No Quality Issue,High Rejection,Good
RB-002558,Rift Bloom - Ziwa Farm,Explorer,60.0,A,10.0,104.0,1040.0,2024-04-01,2024-01-04,2024-06-01,2024-01-10,United Kingdom,Interflora Russia,EUR,0.3,312.0,AIR FREIGHT,212.91,1.7,0.0,,PAID,5.0,False,False,False,149.0,-143.0,False,False,2024.0,4.0,2.0,2024.0,1.0,1.0,2024.0,2024.0,1.0,-88.0,-82.0,312.0,212.91,99.09,31.759615384615387,1040.0,1040.0,0.0,No Quality Issue,High Rejection,Excellent
RB-001048,Rift Bloom - Kesses Farm,Sweetness,50.0,A,25.0,124.0,3100.0,2024-10-10,2024-12-10,2024-10-13,2024-10-18,Switzerland,Marks & Spencer Flowers,EUR,0.273,846.3,ROAD THEN AIR,107.28,1.8,0.0,,PENDING,5.0,False,False,False,-58.0,5.0,False,False,2024.0,10.0,4.0,2024.0,12.0,4.0,2024.0,2024.0,10.0,61.0,8.0,846.3,107.28,739.02,87.32364409783764,3100.0,3100.0,0.0,No Quality Issue,High Rejection,Excellent
RB-000931,Rift Bloom - Ziwa Farm,Sweetness,70.0,C,10.0,41.0,410.0,2023-08-28,2023-08-30,,2023-09-03,Netherlands,M-Farm Traders,EUR,0.429,175.89,AIR FREIGHT,450.3,-0.4,0.0,,UNKNOWN,5.0,False,False,True,,,False,False,2023.0,8.0,3.0,2023.0,8.0,3.0,,2023.0,9.0,2.0,6.0,175.89,450.3,-274.41,-156.01228040252434,410.0,410.0,0.0,No Quality Issue,High Rejection,Excellent
RB-001996,Rift Bloom - Moiben Farm,Sweetness,60.0,PREMIUM,40.0,136.0,5440.0,2024-11-11,2024-12-11,2024-11-15,2024-11-19,United Arab Emirates,Local Wholesaler - Eldoret,KES,63.57,345820.8,AIR FREIGHT,95.91,3.9,0.0,,PAID,5.0,False,False,False,-26.0,4.0,False,False,2024.0,11.0,4.0,2024.0,12.0,4.0,2024.0,2024.0,11.0,30.0,8.0,345820.8,95.91,345724.89,99.9722659828443,5440.0,5440.0,0.0,No Quality Issue,High Rejection,Excellent
RB-001956,Rift Bloom - Kesses Farm,High & Magic,90.0,PREMIUM,25.0,270.0,6750.0,2026-11-04,2026-04-13,2026-04-14,2026-04-20,usa,FloraHolland Auction,EUR,0.122,823.5,UNKNOWN,164.16,2.6,0.0,,NAN,5.0,False,False,False,1.0,6.0,True,False,2026.0,11.0,4.0,2026.0,4.0,2.0,2026.0,2026.0,4.0,-205.0,-198.0,823.5,164.16,659.34,80.06557377049181,6750.0,6750.0,0.0,No Quality Issue,High Rejection,Excellent
RB-002874,Rift Bloom - Ziwa Farm,Yellow Babe,90.0,C,40.0,117.0,4680.0,2026-03-04,2026-04-03,2026-05-03,2026-08-03,netherlands,Local Wholesaler - Eldoret,EUR,0.607,2840.76,AIR FREIGHT,85.99,3.7,0.0,,PENDING,2.0,False,False,False,30.0,92.0,True,False,2026.0,3.0,1.0,2026.0,4.0,2.0,2026.0,2026.0,8.0,30.0,152.0,2840.76,85.99,2754.7700000000004,96.97299314268012,4680.0,4680.0,0.0,No Quality Issue,High Rejection,Poor
RB-002847,Rift Bloom - Kesses Farm,Tibet,70.0,A,40.0,90.0,3600.0,2026-06-12,,2026-06-13,,Japan,Tokyo Flower Market,KES,51.09,183924.0,AIR FREIGHT,160.45,0.8,0.0,,PAID,5.0,False,False,False,,,False,False,2026.0,6.0,2.0,,,,2026.0,,,,,183924.0,160.45,183763.55,99.91276288032013,3600.0,3600.0,0.0,No Quality Issue,High Rejection,Excellent
RB-000534,Rift Bloom - Timboroa Farm,Avalanche,40.0,PREMIUM,40.0,117.0,4680.0,2024-09-01,2024-01-10,2024-01-12,2024-01-13,France,Aalsmeer Direct,EUR,0.21,982.8,AIR FREIGHT,181.58,3.5,0.0,,NAN,4.0,False,False,False,2.0,1.0,True,False,2024.0,9.0,3.0,2024.0,1.0,1.0,2024.0,2024.0,1.0,-235.0,-232.0,982.8,181.58,801.2199999999999,81.52421652421651,4680.0,4680.0,0.0,No Quality Issue,High Rejection,Good
RB-000607,rift bloom turbo farm,Freedom,80.0,PREMIUM,20.0,83.0,1660.0,2023-11-25,2023-11-27,2023-11-28,2023-03-12,Germany,M-Farm Traders,EUR,0.299,496.34,UNKNOWN,762.6,0.9,0.0,,PENDING,4.0,False,False,False,1.0,-261.0,False,False,2023.0,11.0,4.0,2023.0,11.0,4.0,2023.0,2023.0,3.0,2.0,-258.0,496.34,762.6,-266.26000000000005,-53.64467905065078,1660.0,1660.0,0.0,No Quality Issue,High Rejection,Good
RB-000075,Rift Bloom - Ziwa Farm,High & Magic,60.0,PREMIUM,25.0,96.0,2400.0,2023-07-24,2023-07-26,2023-07-27,2023-07-30,UK,Bloomon BV,EUR,0.261,626.4,ROAD THEN AIR,354.44,1.5,0.0,,NAN,3.0,False,False,False,1.0,3.0,True,False,2023.0,7.0,3.0,2023.0,7.0,3.0,2023.0,2023.0,7.0,2.0,6.0,626.4,354.44,271.96,43.416347381864625,2400.0,2400.0,0.0,No Quality Issue,High Rejection,Average
RB-001546,Rift Bloom - Ziwa Farm,Pink Floyd,90.0,STANDARD,40.0,295.0,11800.0,2026-11-07,2026-12-07,2026-07-15,2026-07-19,Japan,Local Wholesaler - Eldoret,EUR,0.281,3315.8,AIR FREIGHT,45.19,4.0,0.0,,PAID,4.0,False,False,False,-145.0,4.0,False,False,2026.0,11.0,4.0,2026.0,12.0,4.0,2026.0,2026.0,7.0,30.0,-111.0,3315.8,45.19,3270.61,98.63713131069424,11800.0,11800.0,0.0,No Quality Issue,High Rejection,Good
RB-002167,Rift Bloom - Ziwa Farm,Tibet,90.0,PREMIUM,10.0,138.0,1380.0,2025-12-31,2026-02-01,2026-04-01,2026-01-06,Germany,Carrefour Flowers,EUR,0.386,532.68,AIR FREIGHT,169.9,3.6,0.0,,PENDING,5.0,False,False,False,59.0,-85.0,False,False,2025.0,12.0,4.0,2026.0,2.0,1.0,2026.0,2026.0,1.0,32.0,6.0,532.68,169.9,362.78,68.10467823083277,1380.0,1380.0,0.0,No Quality Issue,High Rejection,Excellent
RB-001323,Rift Bloom - Ziwa Farm,Yellow Babe,60.0,A,40.0,97.0,3880.0,2024-09-05,,2024-05-13,2024-05-17,Norway,M-Farm Traders,EUR,0.619,2401.72,AIR FREIGHT,500.22,3.3,0.0,,PENDING,4.0,False,False,False,,4.0,False,False,2024.0,9.0,3.0,,,,2024.0,2024.0,5.0,,-111.0,2401.72,500.22,1901.4999999999998,79.17242642772679,3880.0,3880.0,0.0,No Quality Issue,High Rejection,Good
RB-001615,Rift Bloom - Turbo Farm,Mondial,40.0,STANDARD,10.0,186.0,1860.0,2026-05-02,2026-05-02,2026-02-09,2026-02-15,France,Interflora Russia,USD,0.604,1123.44,ROAD THEN AIR,626.66,2.2,0.0,,OVERDUE,3.0,False,False,False,-82.0,6.0,False,False,2026.0,5.0,2.0,2026.0,5.0,2.0,2026.0,2026.0,2.0,0.0,-76.0,1123.44,626.66,496.7800000000001,44.21953998433384,1860.0,1860.0,0.0,No Quality Issue,High Rejection,Average
RB-000987,Rift Bloom - Turbo Farm,Freedom,60.0,C,20.0,152.0,3040.0,2022-12-25,2022-12-26,2022-12-28,2023-03-01,United Kingdom,Whole Foods Market,NAN,0.186,565.44,NAN,539.13,,0.0,,PENDING,5.0,False,False,False,2.0,63.0,True,False,2022.0,12.0,4.0,2022.0,12.0,4.0,2022.0,2023.0,3.0,1.0,66.0,565.44,539.13,26.31000000000006,4.653013582342965,3040.0,3040.0,0.0,No Quality Issue,High Rejection,Excellent
RB-001980,Rift Bloom - Kesses Farm,Cool Water,40.0,C,25.0,83.0,2075.0,2022-06-01,2022-01-06,2022-09-01,2022-01-14,United Kingdom,Marks & Spencer Flowers,USD,0.331,686.83,AIR FREIGHT,233.27,2.6,0.0,,NAN,5.0,False,False,False,238.0,-230.0,False,False,2022.0,6.0,2.0,2022.0,1.0,1.0,2022.0,2022.0,1.0,-146.0,-138.0,686.83,233.27,453.56000000000006,66.03671942110859,2075.0,2075.0,0.0,No Quality Issue,High Rejection,Excellent
RB-000223,Rift Bloom - Moiben Farm,Pink Floyd,50.0,STANDARD,25.0,73.0,1825.0,2024-06-30,2024-01-07,2024-07-03,,Russia,Dubai Flower Centre,EUR,0.452,824.9,AIR FREIGHT,100.71,0.2,0.0,,PAID,5.0,False,False,False,178.0,,False,False,2024.0,6.0,2.0,2024.0,1.0,1.0,2024.0,,,-175.0,,824.9,100.71,724.1899999999999,87.79124742393016,1825.0,1825.0,0.0,No Quality Issue,High Rejection,Excellent
RB-000519,Rift Bloom - Moiben Farm,Sweetness,70.0,A,20.0,70.0,1400.0,2024-02-03,2024-03-02,2024-02-04,,Australia,Tokyo Flower Market,KES,47.84,66976.0,ROAD THEN AIR,214.46,-0.2,0.0,,OVERDUE,4.0,False,False,True,-27.0,,False,False,2024.0,2.0,1.0,2024.0,3.0,1.0,2024.0,,,28.0,,66976.0,214.46,66761.54,99.67979574773052,1400.0,1400.0,0.0,No Quality Issue,High Rejection,Good
RB-001349,Rift Bloom - Moiben Farm,Mondial,70.0,B,25.0,118.0,2950.0,2025-11-17,2025-11-19,2025-11-21,2025-11-26,United Arab Emirates,Tokyo Flower Market,USD,0.425,1253.75,AIR FREIGHT,32.39,1.8,0.0,,PAID,4.0,False,False,False,2.0,5.0,True,False,2025.0,11.0,4.0,2025.0,11.0,4.0,2025.0,2025.0,11.0,2.0,9.0,1253.75,32.39,1221.36,97.41655034895314,2950.0,2950.0,0.0,No Quality Issue,High Rejection,Good
RB-001120,Rift Bloom - Kesses Farm,Freedom,40.0,PREMIUM,20.0,144.0,2880.0,2025-11-01,2025-11-01,2025-12-01,2025-01-18,United Arab Emirates,Blume2000,EUR,0.32,921.6,AIR FREIGHT,212.25,1.8,0.0,,NAN,3.0,False,False,False,30.0,-317.0,False,False,2025.0,11.0,4.0,2025.0,11.0,4.0,2025.0,2025.0,1.0,0.0,-287.0,921.6,212.25,709.35,76.96940104166666,2880.0,2880.0,0.0,No Quality Issue,High Rejection,Average
RB-000831,Rift Bloom - Turbo Farm,High & Magic,0.0,,10.0,72.0,720.0,2024-11-15,2024-11-15,2024-11-16,2024-11-22,United Kingdom,Interflora Russia,KES,44.85,32292.0,AIR FREIGHT,117.13,0.7,0.0,,NAN,1.0,False,False,False,1.0,6.0,True,False,2024.0,11.0,4.0,2024.0,11.0,4.0,2024.0,2024.0,11.0,0.0,7.0,32292.0,117.13,32174.87,99.63727858293076,720.0,720.0,0.0,No Quality Issue,High Rejection,Poor
RB-001899,Rift Bloom - Moiben Farm,Freedom,70.0,B,20.0,175.0,3500.0,2026-08-05,2026-05-09,2026-10-05,2026-11-05,NL,Whole Foods Market,NAN,0.136,476.0,AIR FREIGHT,189.75,1.1,0.0,,UNKNOWN,4.0,False,False,False,149.0,31.0,True,False,2026.0,8.0,3.0,2026.0,5.0,2.0,2026.0,2026.0,11.0,-88.0,92.0,476.0,189.75,286.25,60.13655462184874,3500.0,3500.0,0.0,No Quality Issue,High Rejection,Good
RB-002161,Rift Bloom - Ziwa Farm,Cool Water,40.0,STANDARD,25.0,103.0,2575.0,2023-06-12,2023-06-12,2023-07-12,2023-10-12,France,Bloomon BV,KES,33.8,87035.0,ROAD THEN AIR,52.59,1.0,0.0,,PAID,4.0,False,False,False,30.0,92.0,True,False,2023.0,6.0,2.0,2023.0,6.0,2.0,2023.0,2023.0,10.0,0.0,122.0,87035.0,52.59,86982.41,99.93957603263055,2575.0,2575.0,0.0,No Quality Issue,High Rejection,Good
RB-000348,Rift Bloom - Moiben Farm,Explorer,90.0,B,20.0,75.0,1500.0,2024-02-23,2024-02-25,2024-02-28,2024-02-29,Japan,Dubai Flower Centre,USD,0.397,595.5,AIR FREIGHT,518.83,3.3,0.0,,PENDING,3.0,False,False,False,3.0,1.0,True,False,2024.0,2.0,1.0,2024.0,2.0,1.0,2024.0,2024.0,2.0,2.0,6.0,595.5,518.83,76.66999999999996,12.874895046179674,1500.0,1500.0,0.0,No Quality Issue,High Rejection,Average
RB-000168,Rift Bloom - Kapseret Farm,Vendela,90.0,A,20.0,210.0,4200.0,2026-03-30,2026-03-30,2026-01-04,2026-04-04,France,Bloomon BV,EUR,0.455,1911.0,AIR FREIGHT,99.1,0.2,0.0,,PAID,1.0,False,False,False,-85.0,90.0,False,False,2026.0,3.0,1.0,2026.0,3.0,1.0,2026.0,2026.0,4.0,0.0,5.0,1911.0,99.1,1811.9,94.81423338566196,4200.0,4200.0,0.0,No Quality Issue,High Rejection,Poor
RB-002645,Rift Bloom - Timboroa Farm,Freedom,70.0,,25.0,270.0,6750.0,2023-11-27,2023-11-28,2023-11-30,2023-12-04,Norway,Carrefour Flowers,KES,52.0,351000.0,AIR FREIGHT,157.37,3.0,0.0,,PENDING,4.0,False,False,False,2.0,4.0,True,False,2023.0,11.0,4.0,2023.0,11.0,4.0,2023.0,2023.0,12.0,1.0,7.0,351000.0,157.37,350842.63,99.95516524216525,6750.0,6750.0,0.0,No Quality Issue,High Rejection,Good
RB-001596,Rift Bloom - Kapseret Farm,Red Naomi,50.0,STANDARD,40.0,127.0,5080.0,2026-11-03,2026-03-12,2026-03-16,2026-03-21,Norway,FloraHolland Auction,USD,0.409,2077.72,AIR FREIGHT,145.71,1.4,0.0,,PENDING,5.0,False,False,False,4.0,5.0,True,False,2026.0,11.0,4.0,2026.0,3.0,1.0,2026.0,2026.0,3.0,-236.0,-227.0,2077.72,145.71,1932.0099999999998,92.98702423810715,5080.0,5080.0,0.0,No Quality Issue,High Rejection,Excellent
RB-002549,Rift Bloom - Timboroa Farm,Sweetness,40.0,PREMIUM,10.0,108.0,1080.0,2024-01-05,2024-01-05,2024-05-05,2024-10-05,Japan,Blume2000,USD,0.456,492.48,AIR FREIGHT,85.87,1.7,0.0,,PAID,2.0,False,False,False,121.0,153.0,True,False,2024.0,1.0,1.0,2024.0,1.0,1.0,2024.0,2024.0,10.0,0.0,274.0,492.48,85.87,406.61,82.56375893437297,1080.0,1080.0,0.0,No Quality Issue,High Rejection,Poor
RB-000321,Rift Bloom - Ziwa Farm,Cool Water,90.0,B,10.0,68.0,680.0,2024-04-10,2024-12-04,2024-04-16,2024-04-21,Australia,Interflora Russia,USD,0.419,284.92,NAN,90.48,,0.0,,OVERDUE,5.0,False,False,False,-232.0,5.0,False,False,2024.0,4.0,2.0,2024.0,12.0,4.0,2024.0,2024.0,4.0,238.0,11.0,284.92,90.48,194.44,68.2437175347466,680.0,680.0,0.0,No Quality Issue,High Rejection,Excellent
RB-001029,Rift Bloom - Moiben Farm,red naomi,80.0,PREMIUM,10.0,80.0,800.0,2025-12-17,2025-12-19,2025-12-23,2025-12-25,United Arab Emirates,Interflora Russia,KES,6.5,5200.0,AIR FREIGHT,706.68,0.4,0.0,,NAN,4.0,False,False,False,4.0,2.0,True,False,2025.0,12.0,4.0,2025.0,12.0,4.0,2025.0,2025.0,12.0,2.0,8.0,5200.0,706.68,4493.32,86.41,800.0,800.0,0.0,No Quality Issue,High Rejection,Good
RB-001972,Rift Bloom - Kesses Farm,Yellow Babe,70.0,C,25.0,94.0,2350.0,2024-03-26,2024-03-28,2024-03-30,2024-04-04,Russia,Aalsmeer Direct,KES,44.2,103870.0,AIR FREIGHT,159.22,4.7,0.0,,PAID,5.0,False,False,False,2.0,5.0,True,False,2024.0,3.0,1.0,2024.0,3.0,1.0,2024.0,2024.0,4.0,2.0,9.0,103870.0,159.22,103710.78,99.8467122364494,2350.0,2350.0,0.0,No Quality Issue,High Rejection,Excellent
RB-001789,Rift Bloom - Turbo Farm,Pink Floyd,60.0,B,40.0,78.0,3120.0,,,2023-06-05,2023-05-11,France,Whole Foods Market,USD,0.599,1868.88,AIR FREIGHT,669.09,1.2,0.0,,PENDING,5.0,False,False,False,,-25.0,False,False,,,,,,,2023.0,2023.0,5.0,,,1868.88,669.09,1199.79,64.1983433928342,3120.0,3120.0,0.0,No Quality Issue,High Rejection,Excellent
RB-001610,Rift Bloom - Ziwa Farm,Avalanche+,70.0,PREMIUM,10.0,113.0,1130.0,2024-02-20,2024-02-22,2024-02-23,2024-02-24,Australia,Local Wholesaler - Eldoret,KES,45.5,51415.0,AIR FREIGHT,195.13,23.9,0.0,,OVERDUE,4.0,False,False,False,1.0,1.0,True,False,2024.0,2.0,1.0,2024.0,2.0,1.0,2024.0,2024.0,2.0,2.0,4.0,51415.0,195.13,51219.87,99.6204804045512,1130.0,1130.0,0.0,No Quality Issue,High Rejection,Good
RB-002531,Rift Bloom - Kapseret Farm,Yellow Babe,90.0,A,20.0,58.0,1160.0,2024-07-08,2024-08-08,2024-09-08,2024-08-13,Switzerland,Interflora Russia,EUR,0.279,323.64,AIR FREIGHT,346.89,0.5,0.0,,PENDING,5.0,False,False,False,31.0,-26.0,False,False,2024.0,7.0,3.0,2024.0,8.0,3.0,2024.0,2024.0,8.0,31.0,36.0,323.64,346.89,-23.25,-7.183908045977012,1160.0,1160.0,0.0,No Quality Issue,High Rejection,Excellent
RB-001652,Rift Bloom - Turbo Farm,Red Naomi,50.0,,40.0,94.0,3760.0,2022-08-30,2022-08-30,2022-03-09,2022-09-04,USA,Aalsmeer Direct,KES,35.62,133931.2,AIR FREIGHT,529.54,3.2,0.0,,PAID,4.0,False,False,False,-174.0,179.0,False,False,2022.0,8.0,3.0,2022.0,8.0,3.0,2022.0,2022.0,9.0,0.0,5.0,133931.2,529.54,133401.66,99.60461789336614,3760.0,3760.0,0.0,No Quality Issue,High Rejection,Good
RB-001026,Rift Bloom - Moiben Farm,Athena,40.0,B,10.0,52.0,520.0,2023-10-29,2023-10-31,2023-11-03,2023-06-11,Australia,Tokyo Flower Market,EUR,0.233,121.16,AIR FREIGHT,216.32,3.5,0.0,,PENDING,4.0,False,False,False,3.0,-145.0,False,False,2023.0,10.0,4.0,2023.0,10.0,4.0,2023.0,2023.0,6.0,2.0,-140.0,121.16,216.32,-95.16,-78.54077253218884,520.0,520.0,0.0,No Quality Issue,High Rejection,Good
RB-002687,Rift Bloom - Kesses Farm,Freedom,50.0,C,20.0,128.0,2560.0,2024-08-19,2024-08-21,2024-08-24,2024-08-26,Switzerland,Blume2000,UNKNOWN,0.52,1331.2,ROAD THEN AIR,224.18,3.6,0.0,,PAID,5.0,False,False,False,3.0,2.0,True,False,2024.0,8.0,3.0,2024.0,8.0,3.0,2024.0,2024.0,8.0,2.0,7.0,1331.2,224.18,1107.02,83.15955528846153,2560.0,2560.0,0.0,No Quality Issue,High Rejection,Excellent
RB-001780,Rift Bloom - Kesses Farm,Yellow Babe,70.0,STANDARD,40.0,202.0,8080.0,2024-11-14,2024-11-14,2024-11-16,2024-11-17,France,Tokyo Flower Market,EUR,0.203,16402.4,NAN,35.78,4.7,0.0,,NAN,5.0,False,False,False,2.0,1.0,True,False,2024.0,11.0,4.0,2024.0,11.0,4.0,2024.0,2024.0,11.0,0.0,3.0,16402.4,35.78,16366.62,99.78186119104521,8080.0,8080.0,0.0,No Quality Issue,High Rejection,Excellent
RB-002003,Rift Bloom - Ziwa Farm,Athena,60.0,STANDARD,25.0,64.0,1600.0,2026-02-04,2026-04-03,2026-04-04,2026-05-04,USA,Carrefour Flowers,USD,0.183,292.8,AIR FREIGHT,277.0,1.1,0.0,,UNKNOWN,5.0,False,False,False,1.0,30.0,True,False,2026.0,2.0,1.0,2026.0,4.0,2.0,2026.0,2026.0,5.0,58.0,89.0,292.8,277.0,15.800000000000011,5.396174863387982,1600.0,1600.0,0.0,No Quality Issue,High Rejection,Excellent
RB-000669,Rift Bloom - Ziwa Farm,Peach Avalanche,70.0,,10.0,87.0,870.0,2023-07-30,2023-07-30,2023-03-08,2023-04-08,The Netherlands,Dubai Flower Centre,USD,0.393,341.91,AIR FREIGHT,292.79,2.1,0.0,,UNKNOWN,4.0,False,False,False,-144.0,31.0,False,False,2023.0,7.0,3.0,2023.0,7.0,3.0,2023.0,2023.0,4.0,0.0,-113.0,341.91,292.79,49.120000000000005,14.366353718814892,870.0,870.0,0.0,No Quality Issue,High Rejection,Good
RB-000850,Rift Bloom - Kapseret Farm,Avalanche,40.0,UNKNOWN,25.0,86.0,2150.0,2022-06-02,2022-06-04,2022-07-06,2022-06-12,Switzerland,FloraHolland Auction,KES,47.84,102856.0,NAN,514.13,1.6,0.0,,PAID,5.0,False,False,False,32.0,-24.0,False,False,2022.0,6.0,2.0,2022.0,6.0,2.0,2022.0,2022.0,6.0,2.0,10.0,102856.0,514.13,102341.87,99.50014583495371,2150.0,2150.0,0.0,No Quality Issue,High Rejection,Excellent
RB-002656,Rift Bloom - Kesses Farm,Vendela,50.0,B,25.0,129.0,3225.0,2024-03-12,2024-03-13,2024-03-14,2024-03-18,Australia,Bloomon BV,KES,66.17,213398.25,AIR FREIGHT,581.11,3.6,0.0,,NAN,5.0,False,False,False,1.0,4.0,True,False,2024.0,3.0,1.0,2024.0,3.0,1.0,2024.0,2024.0,3.0,1.0,6.0,213398.25,581.11,212817.14,99.72768755132716,3225.0,3225.0,0.0,No Quality Issue,High Rejection,Excellent
RB-000533,Rift Bloom - Turbo Farm,Mondial,40.0,PREMIUM,10.0,160.0,1600.0,2024-12-09,2024-11-12,2024-12-13,2024-12-19,Norway,Marks & Spencer Flowers,USD,0.235,376.0,ROAD THEN AIR,77.28,3.3,0.0,,OVERDUE,4.0,False,False,False,31.0,6.0,True,False,2024.0,12.0,4.0,2024.0,11.0,4.0,2024.0,2024.0,12.0,-27.0,10.0,376.0,77.28,298.72,79.4468085106383,1600.0,1600.0,0.0,No Quality Issue,High Rejection,Good
RB-002368,Rift Bloom - Timboroa Farm,Circus,70.0,C,25.0,47.0,1175.0,2024-09-03,2024-03-11,2024-03-13,2024-03-19,Holland,Interflora Russia,USD,0.308,361.9,AIR FREIGHT,258.23,0.8,0.0,,PAID,5.0,False,False,False,2.0,6.0,True,False,2024.0,9.0,3.0,2024.0,3.0,1.0,2024.0,2024.0,3.0,-176.0,-168.0,361.9,258.23,103.66999999999996,28.646034816247575,1175.0,1175.0,0.0,No Quality Issue,High Rejection,Excellent
RB-000516,Rift Bloom - Moiben Farm,Circus,70.0,PREMIUM,10.0,136.0,1360.0,2024-06-15,2024-06-16,2024-06-17,2024-06-23,Poland,Local Wholesaler - Eldoret,USD,0.303,412.08,AIR FREIGHT,82.07,1.1,0.0,,NAN,3.0,False,False,False,1.0,6.0,True,False,2024.0,6.0,2.0,2024.0,6.0,2.0,2024.0,2024.0,6.0,1.0,8.0,412.08,82.07,330.01,80.08396427878081,1360.0,1360.0,0.0,No Quality Issue,High Rejection,Average
RB-001355,Rift Bloom - Kapseret Farm,Peach Avalanche,50.0,A,20.0,272.0,5440.0,2024-02-01,2024-02-02,2024-03-02,2024-02-04,Switzerland,Local Wholesaler - Eldoret,NAN,0.311,1691.84,ROAD THEN AIR,306.92,1.6,0.0,,PAID,4.0,False,False,False,29.0,-27.0,False,False,2024.0,2.0,1.0,2024.0,2.0,1.0,2024.0,2024.0,2.0,1.0,3.0,1691.84,306.92,1384.9199999999998,81.85880461509362,5440.0,5440.0,0.0,No Quality Issue,High Rejection,Good
RB-000041,Rift Bloom - Timboroa Farm,High & Magic,80.0,A,40.0,168.0,6720.0,2022-07-20,2022-07-21,2022-07-25,2022-07-31,Netherlands,Blume2000,NAN,0.424,2849.28,AIR FREIGHT,155.29,1.4,0.0,,OVERDUE,4.0,False,False,False,4.0,6.0,True,False,2022.0,7.0,3.0,2022.0,7.0,3.0,2022.0,2022.0,7.0,1.0,11.0,2849.28,155.29,2693.9900000000002,94.5498511904762,6720.0,6720.0,0.0,No Quality Issue,High Rejection,Good
RB-002761,Rift Bloom - Timboroa Farm,Pink Floyd,50.0,B,25.0,158.0,3950.0,2025-07-12,2025-12-09,2025-11-12,2025-12-14,USA,Aalsmeer Direct,NAN,0.226,892.7,AIR FREIGHT,91.41,-0.5,0.0,,OVERDUE,4.0,False,False,True,-27.0,32.0,False,False,2025.0,7.0,3.0,2025.0,12.0,4.0,2025.0,2025.0,12.0,150.0,155.0,892.7,91.41,801.2900000000001,89.76027780889437,3950.0,3950.0,0.0,No Quality Issue,High Rejection,Good
RB-001735,Rift Bloom - Kapseret Farm,Red Naomi,70.0,,20.0,114.0,2280.0,2024-03-28,2024-03-28,2024-03-31,2024-02-04,Russia,Marks & Spencer Flowers,EUR,0.419,955.32,ROAD THEN AIR,93.56,0.0,0.0,,PAID,5.0,False,False,False,3.0,-56.0,False,False,2024.0,3.0,1.0,2024.0,3.0,1.0,2024.0,2024.0,2.0,0.0,-53.0,955.32,93.56,861.76,90.20642297868775,2280.0,2280.0,0.0,No Quality Issue,High Rejection,Excellent
RB-001089,Rift Bloom - Turbo Farm,Yellow Babe,50.0,STANDARD,20.0,62.0,1240.0,2025-04-29,2025-04-30,2025-05-01,2025-05-05,France,Dubai Flower Centre,EUR,0.477,591.48,ROAD THEN AIR,523.28,1.6,0.0,,PAID,4.0,False,False,False,1.0,4.0,True,False,2025.0,4.0,2.0,2025.0,4.0,2.0,2025.0,2025.0,5.0,1.0,6.0,591.48,523.28,68.20000000000005,11.530398322851159,1240.0,1240.0,0.0,No Quality Issue,High Rejection,Good
RB-000312,Rift Bloom - Turbo Farm,Circus,80.0,B,40.0,147.0,5880.0,2024-03-23,2024-03-24,2024-03-26,2024-03-29,U.K.,Tokyo Flower Market,KES,33.02,194157.6,AIR FREIGHT,171.17,,0.0,,PAID,4.0,False,False,False,2.0,3.0,True,False,2024.0,3.0,1.0,2024.0,3.0,1.0,2024.0,2024.0,3.0,1.0,6.0,194157.6,171.17,193986.43,99.91183966015237,5880.0,5880.0,0.0,No Quality Issue,High Rejection,Good
RB-001427,Rift Bloom - Ziwa Farm,Vendela,60.0,A,40.0,116.0,4640.0,2026-08-08,2026-08-08,2026-12-08,2026-08-17,Russia,Interflora Russia,KES,50.96,236454.4,AIR FREIGHT,879.62,,0.0,,PENDING,5.0,False,False,False,122.0,-113.0,False,False,2026.0,8.0,3.0,2026.0,8.0,3.0,2026.0,2026.0,8.0,0.0,9.0,236454.4,879.62,235574.78,99.62799592648732,4640.0,4640.0,0.0,No Quality Issue,High Rejection,Excellent
RB-000358,Rift Bloom - Timboroa Farm,High & Magic,60.0,STANDARD,25.0,100.0,2500.0,2026-04-19,2026-04-19,2026-04-20,2026-04-26,netherlands,Carrefour Flowers,EUR,0.227,567.5,AIR FREIGHT,309.19,1.1,17.0,Botrytis,PAID,3.0,False,False,False,1.0,6.0,True,False,2026.0,4.0,2.0,2026.0,4.0,2.0,2026.0,2026.0,4.0,0.0,7.0,567.5,309.19,258.31,45.51718061674009,2500.0,2500.0,0.6799999999999999,Quality Issue,High Rejection,Average
RB-000361,Rift Bloom - Kesses Farm,Red Naomi,60.0,C,40.0,50.0,2000.0,2022-04-08,2022-08-05,2022-08-06,2022-08-07,Poland,Local Wholesaler - Eldoret,EUR,0.395,790.0,AIR FREIGHT,468.43,2.3,18.0,Undersized Stems,PENDING,4.0,False,False,False,1.0,1.0,True,False,2022.0,4.0,2.0,2022.0,8.0,3.0,2022.0,2022.0,8.0,119.0,121.0,790.0,468.43,321.57,40.70506329113924,2000.0,2000.0,0.8999999999999999,Quality Issue,High Rejection,Good
RB-002816,Rift Bloom - Moiben Farm,Yellow Babe,40.0,STANDARD,25.0,147.0,3675.0,2025-09-01,2025-09-01,2025-11-01,2025-01-16,Norway,Dubai Flower Centre,EUR,0.337,1238.48,UNKNOWN,282.0,2.4,0.0,,PENDING,5.0,False,False,False,61.0,-289.0,False,False,2025.0,9.0,3.0,2025.0,9.0,3.0,2025.0,2025.0,1.0,0.0,-228.0,1238.48,282.0,956.48,77.2301530908856,3675.0,3675.0,0.0,No Quality Issue,High Rejection,Excellent
RB-000290,Rift Bloom - Timboroa Farm,Athena,60.0,A,20.0,264.0,5280.0,2023-08-16,2023-08-17,2023-08-21,2023-08-22,Netherlands,Interflora Russia,EUR,0.471,2486.88,NAN,118.3,1.3,0.0,,OVERDUE,5.0,False,False,False,4.0,1.0,True,False,2023.0,8.0,3.0,2023.0,8.0,3.0,2023.0,2023.0,8.0,1.0,6.0,2486.88,118.3,2368.58,95.24303545004182,5280.0,5280.0,0.0,No Quality Issue,High Rejection,Excellent
RB-000393,Rift Bloom - Moiben Farm,Vendela,70.0,A,40.0,178.0,7120.0,2022-05-10,2022-06-10,2022-10-08,2022-10-10,USA,FloraHolland Auction,KES,52.65,374868.0,AIR FREIGHT,298.84,3.2,0.0,,NAN,3.0,False,False,False,120.0,2.0,True,False,2022.0,5.0,2.0,2022.0,6.0,2.0,2022.0,2022.0,10.0,31.0,153.0,374868.0,298.84,374569.16,99.9202812723412,7120.0,7120.0,0.0,No Quality Issue,High Rejection,Average
RB-002819,rift bloom turbo farm,Red Naomi,40.0,PREMIUM,10.0,63.0,630.0,2026-03-07,2026-03-07,2026-11-03,2026-03-13,usa,Dubai Flower Centre,USD,0.283,178.29,AIR FREIGHT,205.44,2.6,0.0,,PAID,4.0,False,False,False,241.0,-235.0,False,False,2026.0,3.0,1.0,2026.0,3.0,1.0,2026.0,2026.0,3.0,0.0,6.0,178.29,205.44,-27.150000000000006,-15.22799932693926,630.0,630.0,0.0,No Quality Issue,High Rejection,Good
RB-000658,Rift Bloom - Moiben Farm,Cool Water,70.0,PREMIUM,40.0,221.0,8840.0,2025-08-27,2025-08-28,2025-08-29,2025-09-04,Germany,Bloomon BV,KES,53.56,473470.4,AIR FREIGHT,157.66,1.6,0.0,,OVERDUE,5.0,False,False,False,1.0,6.0,True,False,2025.0,8.0,3.0,2025.0,8.0,3.0,2025.0,2025.0,9.0,1.0,8.0,473470.4,157.66,473312.74000000005,99.96670119188022,8840.0,8840.0,0.0,No Quality Issue,High Rejection,Excellent
RB-001247,Rift Bloom - Kapseret Farm,Vendela,500.0,PREMIUM,40.0,90.0,3600.0,2022-05-09,2022-05-10,2022-11-05,2022-05-16,United Kingdom,Tokyo Flower Market,EUR,0.455,1638.0,AIR FREIGHT,230.95,2.2,0.0,,PENDING,4.0,False,False,False,179.0,-173.0,False,False,2022.0,5.0,2.0,2022.0,5.0,2.0,2022.0,2022.0,5.0,1.0,7.0,1638.0,230.95,1407.05,85.9004884004884,3600.0,3600.0,0.0,No Quality Issue,High Rejection,Good
RB-002815,Rift Bloom - Timboroa Farm,Red Naomi,70.0,,20.0,93.0,1860.0,2024-09-12,2024-09-14,2024-09-16,2024-09-21,Norway,Whole Foods Market,KES,73.45,136617.0,AIR FREIGHT,136.95,2.1,0.0,,PAID,4.0,False,False,False,2.0,5.0,True,False,2024.0,9.0,3.0,2024.0,9.0,3.0,2024.0,2024.0,9.0,2.0,9.0,136617.0,136.95,136480.05,99.89975625288213,1860.0,1860.0,0.0,No Quality Issue,High Rejection,Good
RB-002704,Rift Bloom - Ziwa Farm,High & Magic,-50.0,B,40.0,190.0,7600.0,2026-05-03,2026-05-05,2026-05-06,2026-05-07,Russia,Marks & Spencer Flowers,EUR,0.288,2188.8,NAN,419.27,3.4,0.0,,PAID,5.0,False,False,False,1.0,1.0,True,False,2026.0,5.0,2.0,2026.0,5.0,2.0,2026.0,2026.0,5.0,2.0,4.0,2188.8,419.27,1769.5300000000002,80.84475511695906,7600.0,7600.0,0.0,No Quality Issue,High Rejection,Excellent
RB-002120,Rift Bloom - Kesses Farm,FREEDOM,60.0,A,20.0,157.0,3140.0,2023-04-13,2023-04-14,2023-04-16,2023-04-21,Germany,Marks & Spencer Flowers,USD,0.272,854.08,AIR FREIGHT,,1.5,0.0,,NAN,5.0,False,False,False,2.0,5.0,True,False,2023.0,4.0,2.0,2023.0,4.0,2.0,2023.0,2023.0,4.0,1.0,8.0,854.08,,,,3140.0,3140.0,0.0,No Quality Issue,High Rejection,Excellent
RB-001422,Rift Bloom - Moiben Farm,Tibet,50.0,PREMIUM,40.0,201.0,8040.0,2025-08-12,2025-09-12,2025-10-12,2025-11-12,Germany,Interflora Russia,EUR,0.494,3971.76,AIR FREIGHT,,1.2,0.0,,OVERDUE,4.0,False,False,False,30.0,31.0,True,False,2025.0,8.0,3.0,2025.0,9.0,3.0,2025.0,2025.0,11.0,31.0,92.0,3971.76,,,,8040.0,8040.0,0.0,No Quality Issue,High Rejection,Good
RB-002135,Rift Bloom - Ziwa Farm,Peach Avalanche,50.0,PREMIUM,40.0,111.0,4440.0,2026-02-11,2026-02-12,2026-02-16,2026-02-18,France,M-Farm Traders,NAN,0.437,1940.28,UNKNOWN,593.46,1.5,0.0,,NAN,4.0,False,False,False,4.0,2.0,True,False,2026.0,2.0,1.0,2026.0,2.0,1.0,2026.0,2026.0,2.0,1.0,7.0,1940.28,593.46,1346.82,69.41369286907045,4440.0,4440.0,0.0,No Quality Issue,High Rejection,Good
RB-002920,Rift Bloom - Turbo Farm,Sweetness,80.0,STANDARD,40.0,60.0,2400.0,2025-03-14,2025-03-15,2025-03-16,2025-03-20,UAE,Marks & Spencer Flowers,KES,50.57,121368.0,AIR FREIGHT,307.09,,3.0,?,PAID,3.0,False,False,False,1.0,4.0,True,True,2025.0,3.0,1.0,2025.0,3.0,1.0,2025.0,2025.0,3.0,1.0,6.0,121368.0,307.09,121060.91,99.74697613868565,2400.0,2400.0,0.125,Quality Issue,High Rejection,Average
RB-000371,Rift Bloom - Timboroa Farm,Sweetness,90.0,C,40.0,109.0,4360.0,2022-07-14,2022-07-16,2022-07-20,2022-07-25,Russia,Dubai Flower Centre,EUR,0.154,671.44,AIR FREIGHT,608.43,1.1,0.0,,NAN,4.0,False,False,False,4.0,5.0,True,False,2022.0,7.0,3.0,2022.0,7.0,3.0,2022.0,2022.0,7.0,2.0,11.0,671.44,608.43,63.010000000000105,9.384308352198275,4360.0,4360.0,0.0,No Quality Issue,High Rejection,Good
RB-001719,Rift Bloom - Ziwa Farm,Sweetness,60.0,PREMIUM,40.0,198.0,7920.0,2025-08-16,2025-08-18,2025-08-20,,Japan,Interflora Russia,KES,60.32,477734.4,AIR FREIGHT,925.81,1.7,0.0,,OVERDUE,4.0,False,False,False,2.0,,False,False,2025.0,8.0,3.0,2025.0,8.0,3.0,2025.0,,,2.0,,477734.4,925.81,476808.59,99.80620821946253,7920.0,7920.0,0.0,No Quality Issue,High Rejection,Good
RB-002572,Rift Bloom - Kapseret Farm,Avalanche,40.0,A,25.0,73.0,1825.0,2026-02-02,2026-02-03,2026-02-07,2026-12-02,Poland,Interflora Russia,KES,36.4,66430.0,AIR FREIGHT,351.83,2.9,0.0,,PENDING,4.0,False,False,False,4.0,298.0,True,False,2026.0,2.0,1.0,2026.0,2.0,1.0,2026.0,2026.0,12.0,1.0,303.0,66430.0,351.83,66078.17,99.4703748306488,1825.0,1825.0,0.0,No Quality Issue,High Rejection,Good
RB-000594,Rift Bloom - Kesses Farm,Tibet,50.0,A,40.0,205.0,8200.0,2024-12-30,2024-12-30,2025-01-02,2025-03-01,Germany,Dubai Flower Centre,USD,0.316,2591.2,AIR FREIGHT,220.79,-0.3,0.0,,NAN,4.0,False,False,True,3.0,58.0,True,False,2024.0,12.0,4.0,2024.0,12.0,4.0,2025.0,2025.0,3.0,0.0,61.0,2591.2,220.79,2370.41,91.47923741895647,8200.0,8200.0,0.0,No Quality Issue,High Rejection,Good
RB-000203,Rift Bloom - Moiben Farm,Tibet,80.0,B,10.0,32.0,320.0,2024-05-24,2024-05-25,2024-05-29,2024-01-06,UAE,Aalsmeer Direct,EUR,0.207,662.4,AIR FREIGHT,590.83,0.9,0.0,,PAID,5.0,False,False,False,4.0,-144.0,False,False,2024.0,5.0,2.0,2024.0,5.0,2.0,2024.0,2024.0,1.0,1.0,-139.0,662.4,590.83,71.56999999999994,10.804649758454097,320.0,320.0,0.0,No Quality Issue,High Rejection,Excellent
RB-002021,Rift Bloom - Kesses Farm,Avalanche,70.0,B,25.0,200.0,5000.0,2023-10-09,2023-11-10,2023-10-13,2023-10-18,Russia,Dubai Flower Centre,EUR,0.503,2515.0,NAN,71.32,0.7,0.0,,NAN,5.0,False,False,False,-28.0,5.0,False,False,2023.0,10.0,4.0,2023.0,11.0,4.0,2023.0,2023.0,10.0,32.0,9.0,2515.0,71.32,2443.68,97.16421471172961,5000.0,5000.0,0.0,No Quality Issue,High Rejection,Excellent
RB-002308,Rift Bloom - Kapseret Farm,Yellow Babe,40.0,,10.0,121.0,1210.0,2025-12-28,2025-12-30,2026-01-01,,France,Aalsmeer Direct,USD,0.462,559.02,ROAD THEN AIR,26.2,0.2,0.0,,NAN,4.0,False,False,False,2.0,,False,False,2025.0,12.0,4.0,2025.0,12.0,4.0,2026.0,,,2.0,,559.02,26.2,532.8199999999999,95.31322671818539,1210.0,1210.0,0.0,No Quality Issue,High Rejection,Good
RB-000327,Rift Bloom - Turbo Farm,Freedom,70.0,A,40.0,89.0,3560.0,2024-02-18,2024-02-20,2024-02-24,2024-02-26,uk,Tokyo Flower Market,NAN,0.392,1395.52,ROAD THEN AIR,61.04,0.3,0.0,,UNKNOWN,4.0,False,False,False,4.0,2.0,True,False,2024.0,2.0,1.0,2024.0,2.0,1.0,2024.0,2024.0,2.0,2.0,8.0,1395.52,61.04,1334.48,95.62600321027288,3560.0,3560.0,0.0,No Quality Issue,High Rejection,Good
RB-001159,Rift Bloom - Kesses Farm,Vendela,60.0,B,25.0,140.0,3500.0,2025-03-25,2025-03-27,2025-03-28,2025-04-01,France,Tokyo Flower Market,UNKNOWN,0.273,955.5,NAN,202.21,,0.0,,PAID,4.0,False,False,False,1.0,4.0,True,False,2025.0,3.0,1.0,2025.0,3.0,1.0,2025.0,2025.0,4.0,2.0,7.0,955.5,202.21,753.29,78.83725798011511,3500.0,3500.0,0.0,No Quality Issue,High Rejection,Good
RB-000388,Rift Bloom - Kapseret Farm,Tibet,80.0,PREMIUM,20.0,202.0,4040.0,2025-09-02,2025-09-03,2025-09-04,2025-09-05,Japan,Bloomon BV,USD,0.23,929.2,AIR FREIGHT,380.17,,0.0,,NAN,4.0,False,False,False,1.0,1.0,True,False,2025.0,9.0,3.0,2025.0,9.0,3.0,2025.0,2025.0,9.0,1.0,3.0,929.2,380.17,549.03,59.08631080499354,4040.0,4040.0,0.0,No Quality Issue,High Rejection,Good
RB-001796,Rift Bloom - Ziwa Farm,Cool Water,50.0,A,20.0,92.0,1840.0,2022-12-09,2022-12-09,2022-09-15,2022-09-18,Australia,Carrefour Flowers,EUR,0.293,539.12,AIR FREIGHT,38.91,-0.4,0.0,,PAID,3.0,False,False,True,-85.0,3.0,False,False,2022.0,12.0,4.0,2022.0,12.0,4.0,2022.0,2022.0,9.0,0.0,-82.0,539.12,38.91,500.21000000000004,92.78268289063661,1840.0,1840.0,0.0,No Quality Issue,High Rejection,Average
RB-001188,Rift Bloom - Kapseret Farm,High & Magic,70.0,C,40.0,251.0,10040.0,2022-01-11,2022-01-12,2022-01-14,2022-01-17,United Arab Emirates,Blume2000,USD,0.345,3463.8,ROAD THEN AIR,8.55,1.4,0.0,,PENDING,4.0,False,False,False,2.0,3.0,True,False,2022.0,1.0,1.0,2022.0,1.0,1.0,2022.0,2022.0,1.0,1.0,6.0,3463.8,8.55,3455.25,99.75316126797159,10040.0,10040.0,0.0,No Quality Issue,High Rejection,Good
RB-002830,Rift Bloom - Kesses Farm,Mondial,80.0,C,25.0,59.0,1475.0,2024-02-06,2024-02-07,2024-02-10,2024-02-14,Norway,FloraHolland Auction,EUR,0.252,371.7,AIR FREIGHT,139.84,1.5,0.0,,PAID,4.0,False,False,False,3.0,4.0,True,False,2024.0,2.0,1.0,2024.0,2.0,1.0,2024.0,2024.0,2.0,1.0,8.0,371.7,139.84,231.85999999999999,62.37826203927899,1475.0,1475.0,0.0,No Quality Issue,High Rejection,Good
RB-000352,Rift Bloom - Turbo Farm,High & Magic,50.0,STANDARD,10.0,168.0,1680.0,2023-09-12,2023-09-14,2023-09-16,2023-09-20,Poland,Carrefour Flowers,EUR,0.425,714.0,AIR FREIGHT,193.27,3.4,0.0,,PENDING,3.0,False,False,False,2.0,4.0,True,False,2023.0,9.0,3.0,2023.0,9.0,3.0,2023.0,2023.0,9.0,2.0,8.0,714.0,193.27,520.73,72.93137254901961,1680.0,1680.0,0.0,No Quality Issue,High Rejection,Average
RB-001356,Rift Bloom - Turbo Farm,Sweetness,90.0,PREMIUM,40.0,82.0,3280.0,2023-04-21,2023-04-22,2023-04-26,2023-01-05,Poland,Carrefour Flowers,USD,0.478,1567.84,AIR FREIGHT,398.0,4.1,0.0,,PENDING,5.0,False,False,False,4.0,-111.0,False,False,2023.0,4.0,2.0,2023.0,4.0,2.0,2023.0,2023.0,1.0,1.0,-106.0,1567.84,398.0,1169.84,74.61475660781713,3280.0,3280.0,0.0,No Quality Issue,High Rejection,Excellent
RB-000043,Rift Bloom - Timboroa Farm,Avalanche,80.0,A,20.0,225.0,4500.0,2023-09-06,2023-11-06,2023-06-13,2023-06-15,Japan,Whole Foods Market,NAN,0.509,2290.5,AIR FREIGHT,357.93,2.0,0.0,,OVERDUE,5.0,False,False,False,-146.0,2.0,False,False,2023.0,9.0,3.0,2023.0,11.0,4.0,2023.0,2023.0,6.0,61.0,-83.0,2290.5,357.93,1932.57,84.37328094302555,4500.0,4500.0,0.0,No Quality Issue,High Rejection,Excellent
RB-002471,Rift Bloom - Moiben Farm,Cool Water,40.0,,25.0,137.0,3425.0,2024-09-18,,2024-09-24,2024-09-28,United Arab Emirates,FloraHolland Auction,KES,53.04,181662.0,AIR FREIGHT,50.81,16.2,0.0,,UNKNOWN,3.0,False,False,False,,4.0,False,False,2024.0,9.0,3.0,,,,2024.0,2024.0,9.0,,10.0,181662.0,50.81,181611.19,99.97203047417732,3425.0,3425.0,0.0,No Quality Issue,High Rejection,Average
RB-000102,Rift Bloom - Moiben Farm,Athena,70.0,B,25.0,103.0,2575.0,2025-03-13,2025-03-14,2025-03-15,2025-03-20,United kingdom,Interflora Russia,USD,0.425,1094.38,AIR FREIGHT,134.58,3.2,0.0,,OVERDUE,4.0,False,False,False,1.0,5.0,True,False,2025.0,3.0,1.0,2025.0,3.0,1.0,2025.0,2025.0,3.0,1.0,7.0,1094.38,134.58,959.8000000000001,87.70262614448363,2575.0,2575.0,0.0,No Quality Issue,High Rejection,Good
RB-002730,Rift Bloom - Turbo Farm,Peach Avalanche,60.0,B,20.0,219.0,4380.0,2022-09-13,2022-09-14,2022-09-16,2022-09-20,United Kingdom,Marks & Spencer Flowers,UNKNOWN,0.308,1349.04,AIR FREIGHT,,16.0,0.0,,PAID,5.0,False,False,False,2.0,4.0,True,False,2022.0,9.0,3.0,2022.0,9.0,3.0,2022.0,2022.0,9.0,1.0,7.0,1349.04,,,,4380.0,4380.0,0.0,No Quality Issue,High Rejection,Excellent
RB-002997,Rift Bloom - Turbo Farm,Sweetness,70.0,PREMIUM,40.0,167.0,6680.0,2025-01-18,2025-01-19,2025-01-21,2025-01-24,Norway,Interflora Russia,USD,0.457,30527.6,NAN,122.32,2.1,0.0,,NAN,5.0,False,False,False,2.0,3.0,True,False,2025.0,1.0,1.0,2025.0,1.0,1.0,2025.0,2025.0,1.0,1.0,6.0,30527.6,122.32,30405.28,99.59931340819456,6680.0,6680.0,0.0,No Quality Issue,High Rejection,Excellent
RB-000447,Rift Bloom - Moiben Farm,Red Naomi,40.0,B,10.0,115.0,1150.0,2024-08-05,2024-05-08,2024-05-11,2024-05-14,USA,Interflora Russia,NAN,0.266,305.9,ROAD THEN AIR,168.1,3.8,0.0,,PENDING,5.0,False,False,False,3.0,3.0,True,False,2024.0,8.0,3.0,2024.0,5.0,2.0,2024.0,2024.0,5.0,-89.0,-83.0,305.9,168.1,137.79999999999998,45.047401111474336,1150.0,1150.0,0.0,No Quality Issue,High Rejection,Excellent
RB-001654,Rift Bloom - Ziwa Farm,Mondial,50.0,PREMIUM,25.0,163.0,4075.0,2022-06-30,2022-02-07,2022-03-07,2022-07-04,Poland,Interflora Russia,EUR,0.359,14629.2,ROAD THEN AIR,40.92,-0.1,0.0,,NAN,3.0,False,False,True,28.0,119.0,True,False,2022.0,6.0,2.0,2022.0,2.0,1.0,2022.0,2022.0,7.0,-143.0,4.0,14629.2,40.92,14588.28,99.72028545648429,4075.0,4075.0,0.0,No Quality Issue,High Rejection,Average
RB-001274,Rift Bloom - Turbo Farm,Mondial,40.0,C,20.0,65.0,1300.0,2025-04-28,2025-04-28,2025-04-30,2025-05-05,United Arab Emirates,Bloomon BV,EUR,0.401,521.3,ROAD THEN AIR,155.38,0.9,0.0,,NAN,4.0,False,False,False,2.0,5.0,True,False,2025.0,4.0,2.0,2025.0,4.0,2.0,2025.0,2025.0,5.0,0.0,7.0,521.3,155.38,365.91999999999996,70.19374640322272,1300.0,1300.0,0.0,No Quality Issue,High Rejection,Good
RB-000135,Rift Bloom - Kesses Farm,Pink Floyd,70.0,A,40.0,77.0,3080.0,2024-07-28,2024-07-30,2024-08-03,2024-08-04,uae,Marks & Spencer Flowers,EUR,0.167,514.36,AIR FREIGHT,434.28,3.1,0.0,,PENDING,5.0,False,False,False,4.0,1.0,True,False,2024.0,7.0,3.0,2024.0,7.0,3.0,2024.0,2024.0,8.0,2.0,7.0,514.36,434.28,80.08000000000004,15.56886227544911,3080.0,3080.0,0.0,No Quality Issue,High Rejection,Excellent
RB-000877,Rift Bloom - Ziwa Farm,High & Magic,70.0,A,10.0,79.0,790.0,2026-04-19,2026-04-20,2026-04-24,2026-04-29,United Arab Emirates,M-Farm Traders,EUR,0.271,214.09,AIR FREIGHT,167.24,,0.0,,PAID,4.0,False,False,False,4.0,5.0,True,False,2026.0,4.0,2.0,2026.0,4.0,2.0,2026.0,2026.0,4.0,1.0,10.0,214.09,167.24,46.849999999999994,21.883320099023774,790.0,790.0,0.0,No Quality Issue,High Rejection,Good
RB-000857,Rift Bloom - Kapseret Farm,Mondial,60.0,STANDARD,10.0,45.0,450.0,2022-04-19,2022-04-21,2022-04-24,2022-04-27,uk,Aalsmeer Direct,NAN,0.436,196.2,NAN,550.78,,0.0,,PAID,5.0,False,False,False,3.0,3.0,True,False,2022.0,4.0,2.0,2022.0,4.0,2.0,2022.0,2022.0,4.0,2.0,8.0,196.2,550.78,-354.58,-180.72375127420997,450.0,450.0,0.0,No Quality Issue,High Rejection,Excellent
RB-000129,Rift Bloom - Turbo Farm,Red Naomi,70.0,B,20.0,191.0,3820.0,2022-07-27,2022-07-27,2022-07-30,2022-02-08,Russia,Interflora Russia,USD,0.358,1367.56,AIR FREIGHT,,2.0,0.0,,NAN,4.0,False,False,False,3.0,-172.0,False,False,2022.0,7.0,3.0,2022.0,7.0,3.0,2022.0,2022.0,2.0,0.0,-169.0,1367.56,,,,3820.0,3820.0,0.0,No Quality Issue,High Rejection,Good
RB-000748,Rift Bloom - Kapseret Farm,Athena,40.0,C,20.0,39.0,780.0,2024-05-23,2024-05-24,2024-05-27,2024-02-06,Germany,FloraHolland Auction,KES,31.59,24640.2,AIR FREIGHT,80.21,1.7,22.0,Bud Blast,PENDING,5.0,False,False,False,3.0,-111.0,False,False,2024.0,5.0,2.0,2024.0,5.0,2.0,2024.0,2024.0,2.0,1.0,-107.0,24640.2,80.21,24559.99,99.67447504484542,780.0,780.0,2.8205128205128207,Quality Issue,High Rejection,Excellent
RB-002541,Rift Bloom - Kapseret Farm,Peach Avalanche,50.0,A,40.0,73.0,2920.0,2024-04-03,2024-06-03,2024-03-08,2024-03-13,Australia,Dubai Flower Centre,EUR,0.406,1185.52,NAN,381.66,2.0,0.0,,PAID,4.0,False,False,False,-87.0,5.0,False,False,2024.0,4.0,2.0,2024.0,6.0,2.0,2024.0,2024.0,3.0,61.0,-21.0,1185.52,381.66,803.8599999999999,67.8065321546663,2920.0,2920.0,0.0,No Quality Issue,High Rejection,Good
RB-002742,Rift Bloom - Kapseret Farm,Mondial,70.0,B,25.0,102.0,2550.0,2025-05-20,2025-05-20,2025-05-24,,Russia,M-Farm Traders,EUR,0.261,665.55,AIR FREIGHT,63.89,2.2,0.0,,PAID,5.0,False,False,False,4.0,,False,False,2025.0,5.0,2.0,2025.0,5.0,2.0,2025.0,,,0.0,,665.55,63.89,601.66,90.40042070468034,2550.0,2550.0,0.0,No Quality Issue,High Rejection,Excellent
RB-000876,Rift Bloom - Ziwa Farm,Mondial,70.0,A,10.0,43.0,430.0,2022-07-02,2022-02-08,2022-09-02,2022-02-11,Russia,M-Farm Traders,USD,0.138,59.34,AIR FREIGHT,110.92,2.3,0.0,,PAID,5.0,False,False,False,206.0,-203.0,False,False,2022.0,7.0,3.0,2022.0,2.0,1.0,2022.0,2022.0,2.0,-144.0,-141.0,59.34,110.92,-51.58,-86.92281766093697,430.0,430.0,0.0,No Quality Issue,High Rejection,Excellent
RB-000104,Rift Bloom - Turbo Farm,Vendela,50.0,A,20.0,92.0,1840.0,2022-03-23,2022-03-25,2022-03-28,2022-04-02,Japan,Dubai Flower Centre,EUR,0.413,759.92,AIR FREIGHT,669.02,2.9,0.0,,PENDING,5.0,False,False,False,3.0,5.0,True,False,2022.0,3.0,1.0,2022.0,3.0,1.0,2022.0,2022.0,4.0,2.0,10.0,759.92,669.02,90.89999999999998,11.961785451100114,1840.0,1840.0,0.0,No Quality Issue,High Rejection,Excellent
RB-001698,Rift Bloom - Moiben Farm,Athena,50.0,B,10.0,198.0,1980.0,2022-02-14,2022-02-16,2022-02-20,2022-02-22,Japan,Whole Foods Market,KES,49.27,97554.6,NAN,232.47,-1.6,0.0,,PENDING,3.0,False,False,True,4.0,2.0,True,False,2022.0,2.0,1.0,2022.0,2.0,1.0,2022.0,2022.0,2.0,2.0,8.0,97554.6,232.47,97322.13,99.76170267726997,1980.0,1980.0,0.0,No Quality Issue,High Rejection,Average
RB-000411,Rift Bloom - Kesses Farm,Red Naomi,40.0,,20.0,152.0,3040.0,2024-09-25,2024-09-27,2024-09-30,2024-06-10,UAE,Tokyo Flower Market,KES,60.84,184953.6,AIR FREIGHT,112.4,-1.0,0.0,,PAID,4.0,False,False,True,3.0,-112.0,False,False,2024.0,9.0,3.0,2024.0,9.0,3.0,2024.0,2024.0,6.0,2.0,-107.0,184953.6,112.4,184841.2,99.9392280009689,3040.0,3040.0,0.0,No Quality Issue,High Rejection,Good
RB-000605,Rift Bloom - Kesses Farm,Circus,40.0,B,40.0,198.0,7920.0,2026-04-16,,2026-04-19,2026-04-24,Japan,Local Wholesaler - Eldoret,EUR,0.466,3690.72,AIR FREIGHT,501.85,0.2,0.0,,OVERDUE,5.0,False,False,False,,5.0,False,False,2026.0,4.0,2.0,,,,2026.0,2026.0,4.0,,8.0,3690.72,501.85,3188.87,86.4023821910088,7920.0,7920.0,0.0,No Quality Issue,High Rejection,Excellent
RB-002919,Rift Bloom - Turbo Farm,Vendela,70.0,PREMIUM,25.0,123.0,3075.0,2025-03-27,2025-03-29,2025-02-04,2025-04-04,United Arab Emirates,FloraHolland Auction,EUR,0.409,1257.67,AIR FREIGHT,337.18,0.0,0.0,,PAID,5.0,False,False,False,-53.0,59.0,False,False,2025.0,3.0,1.0,2025.0,3.0,1.0,2025.0,2025.0,4.0,2.0,8.0,1257.67,337.18,920.49,73.19010551257483,3075.0,3075.0,0.0,No Quality Issue,High Rejection,Excellent
RB-002857,Rift Bloom - Moiben Farm,Cool Water,70.0,B,10.0,231.0,2310.0,2024-06-13,2024-06-15,,2024-06-21,Australia,Blume2000,EUR,0.372,859.32,AIR FREIGHT,197.61,3.9,0.0,,UNKNOWN,4.0,False,False,False,,,False,False,2024.0,6.0,2.0,2024.0,6.0,2.0,,2024.0,6.0,2.0,8.0,859.32,197.61,661.71,77.0039100684262,2310.0,2310.0,0.0,No Quality Issue,High Rejection,Good
RB-002417,Rift Bloom - Kapseret Farm,Cool Water,60.0,PREMIUM,25.0,174.0,4350.0,2026-12-04,2026-04-14,2026-04-16,2026-04-22,United Kingdom,FloraHolland Auction,NAN,0.122,530.7,NAN,532.69,2.2,0.0,,NAN,2.0,False,False,False,2.0,6.0,True,False,2026.0,12.0,4.0,2026.0,4.0,2.0,2026.0,2026.0,4.0,-234.0,-226.0,530.7,532.69,-1.990000000000009,-0.3749764462031296,4350.0,4350.0,0.0,No Quality Issue,High Rejection,Poor
RB-000385,Rift Bloom - Moiben Farm,High & Magic,50.0,C,40.0,131.0,5240.0,2025-05-04,2025-04-05,2025-08-04,2025-04-11,Germany,Whole Foods Market,KES,30.55,160082.0,UNKNOWN,739.33,1.9,0.0,,PAID,4.0,False,False,False,121.0,-115.0,False,False,2025.0,5.0,2.0,2025.0,4.0,2.0,2025.0,2025.0,4.0,-29.0,-23.0,160082.0,739.33,159342.67,99.53815544533427,5240.0,5240.0,0.0,No Quality Issue,High Rejection,Good
RB-001927,Rift Bloom - Kapseret Farm,Peach Avalanche,70.0,A,25.0,182.0,4550.0,2024-03-13,2024-03-14,2024-03-15,2024-03-19,United Kingdom,Blume2000,USD,0.223,1014.65,AIR FREIGHT,378.68,1.7,0.0,,PAID,4.0,False,False,False,1.0,4.0,True,False,2024.0,3.0,1.0,2024.0,3.0,1.0,2024.0,2024.0,3.0,1.0,6.0,1014.65,378.68,635.97,62.678756221357126,4550.0,4550.0,0.0,No Quality Issue,High Rejection,Good
RB-000057,Rift Bloom - Moiben Farm,Cool Water,60.0,A,10.0,110.0,1100.0,2025-03-03,2025-03-04,2025-06-03,2025-03-09,Russia,Dubai Flower Centre,USD,0.628,690.8,AIR FREIGHT,233.27,2.0,0.0,,PAID,4.0,False,False,False,91.0,-86.0,False,False,2025.0,3.0,1.0,2025.0,3.0,1.0,2025.0,2025.0,3.0,1.0,6.0,690.8,233.27,457.53,66.23190503763752,1100.0,1100.0,0.0,No Quality Issue,High Rejection,Good
RB-000325,Rift Bloom - Kesses Farm,Circus,90.0,A,40.0,234.0,9360.0,2026-07-04,2026-09-04,2026-04-12,2026-04-17,United Arab Emirates,Local Wholesaler - Eldoret,EUR,0.317,2967.12,AIR FREIGHT,374.12,1.8,0.0,,PENDING,5.0,False,False,False,-145.0,5.0,False,False,2026.0,7.0,3.0,2026.0,9.0,3.0,2026.0,2026.0,4.0,62.0,-78.0,2967.12,374.12,2593.0,87.39114023025695,9360.0,9360.0,0.0,No Quality Issue,High Rejection,Excellent
RB-000079,Rift Bloom - Kesses Farm,Pink Floyd,60.0,B,25.0,108.0,2700.0,2023-11-26,2023-11-28,2023-12-02,2023-12-07,Netherlands,Blume2000,EUR,0.433,1169.1,ROAD THEN AIR,439.92,2.8,0.0,,PAID,4.0,False,False,False,4.0,5.0,True,False,2023.0,11.0,4.0,2023.0,11.0,4.0,2023.0,2023.0,12.0,2.0,11.0,1169.1,439.92,729.1799999999998,62.37105465742878,2700.0,2700.0,0.0,No Quality Issue,High Rejection,Good
RB-000541,Rift Bloom - Ziwa Farm,Pink Floyd,60.0,PREMIUM,25.0,60.0,1500.0,2022-10-03,2022-11-03,2022-03-15,2022-03-20,France,Carrefour Flowers,NAN,0.399,598.5,ROAD THEN AIR,989.89,1.0,0.0,,PENDING,4.0,False,False,False,-233.0,5.0,False,False,2022.0,10.0,4.0,2022.0,11.0,4.0,2022.0,2022.0,3.0,31.0,-197.0,598.5,989.89,-391.39,-65.39515455304928,1500.0,1500.0,0.0,No Quality Issue,High Rejection,Good
RB-000356,Rift Bloom - Kapseret Farm,Athena,50.0,,25.0,54.0,1350.0,2025-10-23,2025-10-25,2025-10-27,2025-10-29,United Arab Emirates,FloraHolland Auction,USD,0.522,704.7,AIR FREIGHT,251.4,-0.2,0.0,,PENDING,5.0,False,False,True,2.0,2.0,True,False,2025.0,10.0,4.0,2025.0,10.0,4.0,2025.0,2025.0,10.0,2.0,6.0,704.7,251.4,453.30000000000007,64.3252447850149,1350.0,1350.0,0.0,No Quality Issue,High Rejection,Excellent
RB-000360,Rift Bloom - Turbo Farm,Athena,50.0,PREMIUM,25.0,89.0,2225.0,2023-11-08,2023-11-08,2023-12-11,2023-11-16,United Kingdom,Local Wholesaler - Eldoret,KES,61.23,136236.75,AIR FREIGHT,190.26,,0.0,,PAID,4.0,False,False,False,33.0,-25.0,False,False,2023.0,11.0,4.0,2023.0,11.0,4.0,2023.0,2023.0,11.0,0.0,8.0,136236.75,190.26,136046.49,99.86034605200138,2225.0,2225.0,0.0,No Quality Issue,High Rejection,Good
RB-002668,Rift Bloom - Ziwa Farm,Athena,70.0,PREMIUM,20.0,33.0,660.0,2023-05-19,2023-05-19,2023-05-23,2023-05-27,Poland,FloraHolland Auction,USD,0.34,224.4,ROAD THEN AIR,213.06,,0.0,,PENDING,4.0,False,False,False,4.0,4.0,True,False,2023.0,5.0,2.0,2023.0,5.0,2.0,2023.0,2023.0,5.0,0.0,8.0,224.4,213.06,11.340000000000003,5.053475935828879,660.0,660.0,0.0,No Quality Issue,High Rejection,Good
RB-000014,Rift Bloom - Kapseret Farm,High & Magic,60.0,PREMIUM,25.0,156.0,3900.0,2026-01-30,2026-02-01,2026-02-03,,Japan,FloraHolland Auction,EUR,0.217,846.3,ROAD THEN AIR,13.92,5.4,0.0,,PENDING,5.0,False,False,False,2.0,,False,False,2026.0,1.0,1.0,2026.0,2.0,1.0,2026.0,,,2.0,,846.3,13.92,832.38,98.35519319390288,3900.0,3900.0,0.0,No Quality Issue,High Rejection,Excellent
RB-000916,Rift Bloom - Ziwa Farm,Sweetness,50.0,B,40.0,81.0,3240.0,2022-03-18,2022-03-19,2022-03-23,2022-03-27,Australia,Interflora Russia,USD,0.28,907.2,AIR FREIGHT,364.87,1.7,0.0,,PAID,5.0,False,False,False,4.0,4.0,True,False,2022.0,3.0,1.0,2022.0,3.0,1.0,2022.0,2022.0,3.0,1.0,9.0,907.2,364.87,542.33,59.78064373897707,3240.0,3240.0,0.0,No Quality Issue,High Rejection,Excellent
RB-001414,Rift Bloom - Kapseret Farm,FREEDOM,70.0,UNKNOWN,40.0,205.0,8200.0,2023-05-13,2023-05-13,2023-05-14,2023-05-15,Norway,Tokyo Flower Market,KES,18.85,154570.0,AIR FREIGHT,207.41,2.5,0.0,,OVERDUE,4.0,False,False,False,1.0,1.0,True,False,2023.0,5.0,2.0,2023.0,5.0,2.0,2023.0,2023.0,5.0,0.0,2.0,154570.0,207.41,154362.59,99.86581484117228,8200.0,8200.0,0.0,No Quality Issue,High Rejection,Good
RB-000814,Rift Bloom - Kapseret Farm,Avalanche+,70.0,PREMIUM,20.0,55.0,1100.0,2025-08-03,2025-03-09,2025-03-13,2025-03-14,US,M-Farm Traders,EUR,0.279,306.9,AIR FREIGHT,79.24,4.0,0.0,,PENDING,4.0,False,False,False,4.0,1.0,True,False,2025.0,8.0,3.0,2025.0,3.0,1.0,2025.0,2025.0,3.0,-147.0,-142.0,306.9,79.24,227.65999999999997,74.18051482567611,1100.0,1100.0,0.0,No Quality Issue,High Rejection,Good
RB-000042,Rift Bloom - Moiben Farm,Mondial,60.0,B,10.0,72.0,720.0,2025-02-23,2025-02-23,2025-02-26,2025-01-03,Germany,Dubai Flower Centre,EUR,0.095,68.4,NAN,,1.8,0.0,,NAN,4.0,False,False,False,3.0,-54.0,False,False,2025.0,2.0,1.0,2025.0,2.0,1.0,2025.0,2025.0,1.0,0.0,-51.0,68.4,,,,720.0,720.0,0.0,No Quality Issue,High Rejection,Good
RB-001594,rift bloom turbo farm,RedNaomi,50.0,B,25.0,39.0,975.0,2022-09-18,2022-09-19,2022-09-22,2022-09-28,Russia,Dubai Flower Centre,KES,67.08,65403.0,NAN,285.29,1.7,14.0,Bud Blast,PAID,4.0,False,False,False,3.0,6.0,True,False,2022.0,9.0,3.0,2022.0,9.0,3.0,2022.0,2022.0,9.0,1.0,10.0,65403.0,285.29,65117.71,99.56379676773237,975.0,975.0,1.435897435897436,Quality Issue,High Rejection,Good
RB-001406,Rift Bloom - Kesses Farm,Yellow Babe,60.0,A,40.0,113.0,4520.0,2025-12-25,2025-12-26,2025-12-27,2026-02-01,France,Whole Foods Market,USD,0.409,1848.68,AIR FREIGHT,363.51,3.7,0.0,,PAID,5.0,False,False,False,1.0,36.0,True,False,2025.0,12.0,4.0,2025.0,12.0,4.0,2025.0,2026.0,2.0,1.0,38.0,1848.68,363.51,1485.17,80.3367808382197,4520.0,4520.0,0.0,No Quality Issue,High Rejection,Excellent
RB-001611,Rift Bloom - Kesses Farm,Vendela,60.0,A,10.0,100.0,1000.0,2025-11-21,2025-11-23,2025-11-27,2025-12-03,Germany,Local Wholesaler - Eldoret,KES,61.62,61620.0,AIR FREIGHT,205.06,3.4,0.0,Cold Chain Break,OVERDUE,3.0,False,False,False,4.0,6.0,True,False,2025.0,11.0,4.0,2025.0,11.0,4.0,2025.0,2025.0,12.0,2.0,12.0,61620.0,205.06,61414.94,99.66721843557286,1000.0,1000.0,0.0,Quality Issue,High Rejection,Average
RB-000883,Rift Bloom - Moiben Farm,Avalanche,80.0,UNKNOWN,40.0,310.0,12400.0,2023-03-14,2023-03-16,2023-03-18,2023-03-20,Norway,Tokyo Flower Market,EUR,0.363,4501.2,ROAD THEN AIR,144.09,3.3,0.0,,PAID,4.0,False,False,False,2.0,2.0,True,False,2023.0,3.0,1.0,2023.0,3.0,1.0,2023.0,2023.0,3.0,2.0,6.0,4501.2,144.09,4357.11,96.79885363902959,12400.0,12400.0,0.0,No Quality Issue,High Rejection,Good
RB-000699,Rift Bloom - Timboroa Farm,Circus,50.0,STANDARD,25.0,57.0,1425.0,2025-12-07,2025-07-14,2025-07-18,2025-07-22,Japan,Whole Foods Market,EUR,0.258,367.65,NAN,276.31,2.2,0.0,,PENDING,5.0,False,False,False,4.0,4.0,True,False,2025.0,12.0,4.0,2025.0,7.0,3.0,2025.0,2025.0,7.0,-146.0,-138.0,367.65,276.31,91.33999999999997,24.84428124575003,1425.0,1425.0,0.0,No Quality Issue,High Rejection,Excellent
RB-001846,Rift Bloom - Kapseret Farm,Athena,90.0,PREMIUM,20.0,94.0,1880.0,2025-09-25,2025-09-26,2025-09-30,2025-06-10,Australia,Aalsmeer Direct,USD,0.478,898.64,AIR FREIGHT,570.64,1.8,0.0,,PENDING,4.0,False,False,False,4.0,-112.0,False,False,2025.0,9.0,3.0,2025.0,9.0,3.0,2025.0,2025.0,6.0,1.0,-107.0,898.64,570.64,328.0,36.49959939464079,1880.0,1880.0,0.0,No Quality Issue,High Rejection,Good
RB-000004,Rift Bloom - Moiben Farm,Red-Naomi,90.0,C,40.0,113.0,4520.0,2024-04-29,2024-04-30,2024-04-05,2024-05-06,UK,Blume2000,NAN,0.445,2011.4,AIR FREIGHT,554.1,1.9,0.0,,PAID,4.0,False,False,False,-25.0,31.0,False,False,2024.0,4.0,2.0,2024.0,4.0,2.0,2024.0,2024.0,5.0,1.0,7.0,2011.4,554.1,1457.3000000000002,72.45202346624242,4520.0,4520.0,0.0,No Quality Issue,High Rejection,Good
RB-000977,Rift Bloom - Moiben Farm,Pink Floyd,50.0,B,20.0,161.0,3220.0,2023-09-25,,2023-09-27,2023-09-28,Germany,Local Wholesaler - Eldoret,USD,0.513,1651.86,AIR FREIGHT,222.67,2.3,0.0,,OVERDUE,5.0,False,False,False,,1.0,False,False,2023.0,9.0,3.0,,,,2023.0,2023.0,9.0,,3.0,1651.86,222.67,1429.1899999999998,86.52004407153147,3220.0,3220.0,0.0,No Quality Issue,High Rejection,Excellent
RB-000099,Rift Bloom - Timboroa Farm,Cool Water,70.0,STANDARD,40.0,65.0,2600.0,2024-02-24,2024-02-24,2024-02-28,2024-03-03,United Arab Emirates,Local Wholesaler - Eldoret,USD,0.418,1086.8,NAN,327.35,2.2,0.0,,PAID,4.0,False,False,False,4.0,4.0,True,False,2024.0,2.0,1.0,2024.0,2.0,1.0,2024.0,2024.0,3.0,0.0,8.0,1086.8,327.35,759.4499999999999,69.87946264262054,2600.0,2600.0,0.0,No Quality Issue,High Rejection,Good
RB-002881,Rift Bloom - Timboroa Farm,Cool Water,50.0,A,40.0,250.0,10000.0,2025-07-02,2025-02-09,2025-10-02,2025-12-02,Australia,Carrefour Flowers,EUR,0.207,2070.0,AIR FREIGHT,114.63,4.6,0.0,,PENDING,4.0,False,False,False,235.0,61.0,True,False,2025.0,7.0,3.0,2025.0,2.0,1.0,2025.0,2025.0,12.0,-143.0,153.0,2070.0,114.63,1955.37,94.46231884057971,10000.0,10000.0,0.0,No Quality Issue,High Rejection,Good
RB-001609,Rift Bloom - Ziwa Farm,Cool Water,500.0,PREMIUM,10.0,25.0,250.0,2024-01-29,2024-01-29,2024-01-02,2024-02-06,Australia,Dubai Flower Centre,USD,0.451,112.75,ROAD THEN AIR,353.44,2.5,0.0,,OVERDUE,5.0,False,False,False,-27.0,35.0,False,False,2024.0,1.0,1.0,2024.0,1.0,1.0,2024.0,2024.0,2.0,0.0,8.0,112.75,353.44,-240.69,-213.47228381374723,250.0,250.0,0.0,No Quality Issue,High Rejection,Excellent
RB-002729,Rift Bloom - Kesses Farm,High & Magic,50.0,A,20.0,61.0,1220.0,2025-09-20,2025-09-21,2025-09-22,2025-09-23,Switzerland,Tokyo Flower Market,KES,32.24,39332.8,ROAD THEN AIR,183.75,0.0,28.0,Wilting,PENDING,4.0,False,False,False,1.0,1.0,True,False,2025.0,9.0,3.0,2025.0,9.0,3.0,2025.0,2025.0,9.0,1.0,3.0,39332.8,183.75,39149.05,99.53283264857828,1220.0,1220.0,2.2950819672131146,Quality Issue,High Rejection,Good
RB-001371,Rift Bloom - Moiben Farm,Circus,90.0,PREMIUM,20.0,103.0,2060.0,2025-12-11,2025-11-13,2025-11-14,2025-11-17,France,Aalsmeer Direct,EUR,0.272,560.32,AIR FREIGHT,,3.2,12.0,Wilting,PENDING,4.0,False,False,False,1.0,3.0,True,False,2025.0,12.0,4.0,2025.0,11.0,4.0,2025.0,2025.0,11.0,-28.0,-24.0,560.32,,,,2060.0,2060.0,0.5825242718446602,Quality Issue,High Rejection,Good
RB-002618,Rift Bloom - Ziwa Farm,High & Magic,60.0,A,40.0,36.0,1440.0,2024-07-03,2024-07-03,2024-08-03,2024-03-13,The Netherlands,Dubai Flower Centre,EUR,0.435,626.4,AIR FREIGHT,852.2,1.2,32.0,Petal Bruising,PENDING,4.0,False,False,False,31.0,-143.0,False,False,2024.0,7.0,3.0,2024.0,7.0,3.0,2024.0,2024.0,3.0,0.0,-112.0,626.4,852.2,-225.80000000000007,-36.04725415070244,1440.0,1440.0,2.2222222222222223,Quality Issue,High Rejection,Good
RB-002389,Rift Bloom - Kapseret Farm,Cool Water,70.0,A,10.0,79.0,790.0,2025-08-14,2025-08-15,2025-08-17,2025-08-19,United kingdom,Dubai Flower Centre,USD,0.42,331.8,ROAD THEN AIR,512.72,1.1,0.0,,PAID,5.0,False,False,False,2.0,2.0,True,False,2025.0,8.0,3.0,2025.0,8.0,3.0,2025.0,2025.0,8.0,1.0,5.0,331.8,512.72,-180.92000000000002,-54.52682338758288,790.0,790.0,0.0,No Quality Issue,High Rejection,Excellent
RB-002528,Rift Bloom - Moiben Farm,Pink Floyd,70.0,STANDARD,20.0,85.0,1700.0,2026-06-26,2026-06-28,2026-02-07,2026-03-07,Netherlands,Marks & Spencer Flowers,USD,0.472,802.4,AIR FREIGHT,263.88,1.8,0.0,,PENDING,4.0,False,False,False,-141.0,28.0,False,False,2026.0,6.0,2.0,2026.0,6.0,2.0,2026.0,2026.0,3.0,2.0,-111.0,802.4,263.88,538.52,67.1136590229312,1700.0,1700.0,0.0,No Quality Issue,High Rejection,Good
RB-001192,Rift Bloom - Timboroa Farm,Avalanche,80.0,PREMIUM,20.0,84.0,1680.0,2023-06-08,2023-08-07,2023-08-11,2023-08-14,France,Tokyo Flower Market,EUR,0.279,468.72,NAN,,3.7,0.0,,NAN,3.0,False,False,False,4.0,3.0,True,False,2023.0,6.0,2.0,2023.0,8.0,3.0,2023.0,2023.0,8.0,60.0,67.0,468.72,,,,1680.0,1680.0,0.0,No Quality Issue,High Rejection,Average
RB-002103,Rift Bloom - Ziwa Farm,Sweetness,70.0,UNKNOWN,10.0,204.0,2040.0,2025-02-17,2025-02-17,2025-02-19,2025-02-24,Germany,Local Wholesaler - Eldoret,EUR,0.636,1297.44,ROAD THEN AIR,413.89,1.9,0.0,,PENDING,2.0,False,False,False,2.0,5.0,True,False,2025.0,2.0,1.0,2025.0,2.0,1.0,2025.0,2025.0,2.0,0.0,7.0,1297.44,413.89,883.5500000000001,68.09948822296215,2040.0,2040.0,0.0,No Quality Issue,High Rejection,Poor
RB-001517,Rift Bloom - Kesses Farm,High & Magic,70.0,STANDARD,10.0,110.0,1100.0,2025-02-09,2025-10-02,2025-02-11,2025-12-02,Switzerland,Marks & Spencer Flowers,USD,0.48,528.0,AIR FREIGHT,42.19,24.8,0.0,,PAID,4.0,False,False,False,-233.0,294.0,False,False,2025.0,2.0,1.0,2025.0,10.0,4.0,2025.0,2025.0,12.0,235.0,296.0,528.0,42.19,485.81,92.00946969696969,1100.0,1100.0,0.0,No Quality Issue,High Rejection,Good
RB-000701,Rift Bloom - Ziwa Farm,Freedom,40.0,B,40.0,127.0,5080.0,2025-12-30,2025-12-31,2026-04-01,2026-05-01,Australia,Marks & Spencer Flowers,KES,52.91,268782.8,AIR FREIGHT,191.34,4.2,0.0,,PAID,5.0,False,False,False,91.0,30.0,True,False,2025.0,12.0,4.0,2025.0,12.0,4.0,2026.0,2026.0,5.0,1.0,122.0,268782.8,191.34,268591.45999999996,99.92881240912736,5080.0,5080.0,0.0,No Quality Issue,High Rejection,Excellent
RB-000456,Rift Bloom - Ziwa Farm,Athena,40.0,STANDARD,40.0,101.0,4040.0,2026-07-08,2026-08-08,2026-10-08,2026-08-13,United Kingdom,Whole Foods Market,USD,0.322,1300.88,ROAD THEN AIR,327.65,4.5,0.0,,PENDING,5.0,False,False,False,61.0,-56.0,False,False,2026.0,7.0,3.0,2026.0,8.0,3.0,2026.0,2026.0,8.0,31.0,36.0,1300.88,327.65,973.2300000000001,74.81320337002644,4040.0,4040.0,0.0,No Quality Issue,High Rejection,Excellent
RB-002268,Rift Bloom - Kesses Farm,Vendela,70.0,A,40.0,104.0,4160.0,2022-01-13,2022-01-15,2022-01-19,2022-01-24,France,Interflora Russia,USD,0.361,1501.76,NAN,237.07,0.8,0.0,,PAID,4.0,False,False,False,4.0,5.0,True,False,2022.0,1.0,1.0,2022.0,1.0,1.0,2022.0,2022.0,1.0,2.0,11.0,1501.76,237.07,1264.69,84.21385574259536,4160.0,4160.0,0.0,No Quality Issue,High Rejection,Good
RB-001261,Rift Bloom - Turbo Farm,Yellow Babe,40.0,STANDARD,10.0,171.0,1710.0,2024-05-08,2024-05-08,2024-09-08,2024-08-13,Japan,FloraHolland Auction,USD,0.254,434.34,ROAD THEN AIR,151.6,19.6,0.0,,PAID,4.0,False,False,False,123.0,-26.0,False,False,2024.0,5.0,2.0,2024.0,5.0,2.0,2024.0,2024.0,8.0,0.0,97.0,434.34,151.6,282.74,65.09646820463232,1710.0,1710.0,0.0,No Quality Issue,High Rejection,Good
RB-001981,Rift Bloom - Moiben Farm,Explorer,90.0,PREMIUM,20.0,47.0,940.0,2025-04-26,2025-04-26,2025-04-30,2025-02-05,US,Blume2000,USD,0.097,91.18,AIR FREIGHT,300.5,3.4,0.0,,PAID,5.0,False,False,False,4.0,-84.0,False,False,2025.0,4.0,2.0,2025.0,4.0,2.0,2025.0,2025.0,2.0,0.0,-80.0,91.18,300.5,-209.32,-229.56788769466985,940.0,940.0,0.0,No Quality Issue,High Rejection,Excellent
RB-001038,Rift Bloom - Ziwa Farm,Pink Floyd,80.0,A,25.0,215.0,5375.0,2023-10-31,2023-02-11,2023-11-05,2023-10-11,uae,Blume2000,EUR,0.252,1354.5,AIR FREIGHT,263.56,0.4,0.0,,PENDING,3.0,False,False,False,267.0,-25.0,False,False,2023.0,10.0,4.0,2023.0,2.0,1.0,2023.0,2023.0,10.0,-262.0,-20.0,1354.5,263.56,1090.94,80.54189737910669,5375.0,5375.0,0.0,No Quality Issue,High Rejection,Average
RB-000952,Rift Bloom - Timboroa Farm,Red Naomi,90.0,PREMIUM,10.0,138.0,1380.0,2023-01-28,2023-01-30,2023-01-02,2023-02-02,uae,Tokyo Flower Market,NAN,0.174,240.12,NAN,62.07,1.8,14.0,,PAID,4.0,False,False,False,-28.0,31.0,False,False,2023.0,1.0,1.0,2023.0,1.0,1.0,2023.0,2023.0,2.0,2.0,5.0,240.12,62.07,178.05,74.1504247876062,1380.0,1380.0,1.0144927536231882,No Quality Issue,High Rejection,Good
RB-002591,Rift Bloom - Timboroa Farm,Freedom,60.0,PREMIUM,20.0,84.0,1680.0,,2025-09-10,2025-10-13,2025-10-19,Poland,Carrefour Flowers,EUR,0.278,467.04,AIR FREIGHT,424.83,3.0,0.0,,PAID,5.0,False,False,False,33.0,6.0,True,False,,,,2025.0,9.0,3.0,2025.0,2025.0,10.0,,,467.04,424.83,42.210000000000036,9.037769784172669,1680.0,1680.0,0.0,No Quality Issue,High Rejection,Excellent
RB-000412,Rift Bloom - Kapseret Farm,Tibet,60.0,B,20.0,87.0,1740.0,2025-03-01,2025-01-04,,2025-11-01,France,Marks & Spencer Flowers,EUR,0.435,756.9,AIR FREIGHT,125.95,,0.0,,PAID,4.0,False,False,False,,,False,False,2025.0,3.0,1.0,2025.0,1.0,1.0,,2025.0,11.0,-56.0,245.0,756.9,125.95,630.9499999999999,83.35975690315762,1740.0,1740.0,0.0,No Quality Issue,High Rejection,Good
RB-001813,Rift Bloom - Ziwa Farm,Red Naomi,70.0,B,10.0,83.0,830.0,2022-08-07,2022-08-08,2022-09-08,2022-08-13,United Arab Emirates,Interflora Russia,KES,50.96,422968.0,AIR FREIGHT,284.15,0.6,0.0,,PAID,4.0,False,False,False,31.0,-26.0,False,False,2022.0,8.0,3.0,2022.0,8.0,3.0,2022.0,2022.0,8.0,1.0,6.0,422968.0,284.15,422683.85,99.93281997692496,830.0,830.0,0.0,No Quality Issue,High Rejection,Good
RB-002467,Rift Bloom - Kesses Farm,Pink Floyd,90.0,,25.0,62.0,1550.0,2025-10-06,2025-06-12,2025-06-16,2025-06-20,Japan,Local Wholesaler - Eldoret,USD,0.262,406.1,AIR FREIGHT,,3.9,0.0,,PAID,4.0,False,False,False,4.0,4.0,True,False,2025.0,10.0,4.0,2025.0,6.0,2.0,2025.0,2025.0,6.0,-116.0,-108.0,406.1,,,,1550.0,1550.0,0.0,No Quality Issue,High Rejection,Good
RB-001302,Rift Bloom - Moiben Farm,Explorer,50.0,PREMIUM,25.0,120.0,3000.0,2022-07-14,2022-07-15,2022-07-17,2022-07-19,Germany,Tokyo Flower Market,KES,53.56,160680.0,AIR FREIGHT,563.06,0.4,0.0,,PAID,2.0,False,False,False,2.0,2.0,True,False,2022.0,7.0,3.0,2022.0,7.0,3.0,2022.0,2022.0,7.0,1.0,5.0,160680.0,563.06,160116.94,99.64957679860592,3000.0,3000.0,0.0,No Quality Issue,High Rejection,Poor
RB-002604,Rift Bloom - Timboroa Farm,Tibet,50.0,PREMIUM,40.0,-18.0,-720.0,2025-05-06,2025-06-07,,2025-06-11,Poland,Marks & Spencer Flowers,KES,18.33,-13197.6,AIR FREIGHT,151.73,,0.0,,PENDING,5.0,False,False,False,,,False,False,2025.0,5.0,2.0,2025.0,6.0,2.0,,2025.0,6.0,32.0,36.0,-13197.6,151.73,-13349.33,,-720.0,-720.0,0.0,No Quality Issue,High Rejection,Excellent
RB-001297,Rift Bloom - Turbo Farm,Cool Water,60.0,A,10.0,79.0,790.0,2022-08-01,2022-01-08,2022-09-01,2022-01-14,Russia,FloraHolland Auction,EUR,0.359,283.61,AIR FREIGHT,451.82,1.1,0.0,,PENDING,4.0,False,False,False,236.0,-230.0,False,False,2022.0,8.0,3.0,2022.0,1.0,1.0,2022.0,2022.0,1.0,-205.0,-199.0,283.61,451.82,-168.20999999999998,-59.31032051056027,790.0,790.0,0.0,No Quality Issue,High Rejection,Good
RB-001585,Rift Bloom - Kapseret Farm,Avalanche+,70.0,B,25.0,47.0,1175.0,2023-01-21,2023-01-23,2023-01-24,2023-01-29,Poland,FloraHolland Auction,KES,30.94,36354.5,NAN,757.09,3.4,0.0,,PAID,5.0,False,False,False,1.0,5.0,True,False,2023.0,1.0,1.0,2023.0,1.0,1.0,2023.0,2023.0,1.0,2.0,8.0,36354.5,757.09,35597.41,97.91747926666577,1175.0,1175.0,0.0,No Quality Issue,High Rejection,Excellent
RB-001269,Rift Bloom - Moiben Farm,Vendela,50.0,A,10.0,97.0,970.0,2022-01-30,2022-01-31,2022-01-02,2022-02-05,U.A.E,FloraHolland Auction,EUR,0.334,323.98,AIR FREIGHT,592.55,2.1,0.0,,PAID,4.0,False,False,False,-29.0,34.0,False,False,2022.0,1.0,1.0,2022.0,1.0,1.0,2022.0,2022.0,2.0,1.0,6.0,323.98,592.55,-268.56999999999994,-82.89709241311189,970.0,970.0,0.0,No Quality Issue,High Rejection,Good
RB-002379,Rift Bloom - Kapseret Farm,Pink Floyd,50.0,A,20.0,249.0,4980.0,2025-07-15,2025-07-15,2025-07-19,2025-07-24,Germany,Local Wholesaler - Eldoret,EUR,0.509,2534.82,AIR FREIGHT,182.38,1.6,0.0,,PAID,3.0,False,False,False,4.0,5.0,True,False,2025.0,7.0,3.0,2025.0,7.0,3.0,2025.0,2025.0,7.0,0.0,9.0,2534.82,182.38,2352.44,92.80501179570936,4980.0,4980.0,0.0,No Quality Issue,High Rejection,Average
RB-002842,Rift Bloom - Turbo Farm,Explorer,60.0,STANDARD,20.0,169.0,3380.0,2023-05-13,2023-05-13,2023-05-17,2023-05-18,France,FloraHolland Auction,USD,0.255,861.9,AIR FREIGHT,450.12,2.6,0.0,,PAID,4.0,False,False,False,4.0,1.0,True,False,2023.0,5.0,2.0,2023.0,5.0,2.0,2023.0,2023.0,5.0,0.0,5.0,861.9,450.12,411.78,47.77584406543682,3380.0,3380.0,0.0,No Quality Issue,High Rejection,Good
RB-001022,Rift Bloom - Moiben Farm,Sweetness,80.0,PREMIUM,40.0,139.0,5560.0,2023-12-29,2023-12-30,2023-12-31,2024-01-05,Germany,Carrefour Flowers,EUR,0.46,2557.6,AIR FREIGHT,210.05,1.2,0.0,,PAID,4.0,False,False,False,1.0,5.0,True,False,2023.0,12.0,4.0,2023.0,12.0,4.0,2023.0,2024.0,1.0,1.0,7.0,2557.6,210.05,2347.5499999999997,91.78722239599624,5560.0,5560.0,0.0,No Quality Issue,High Rejection,Good
RB-000502,Rift Bloom - Kapseret Farm,High & Magic,50.0,C,25.0,92.0,2300.0,2026-09-04,2026-10-04,2026-11-04,2026-04-17,United Arab Emirates,Blume2000,USD,0.42,966.0,AIR FREIGHT,176.04,0.9,0.0,,OVERDUE,5.0,False,False,False,31.0,-201.0,False,False,2026.0,9.0,3.0,2026.0,10.0,4.0,2026.0,2026.0,4.0,30.0,-140.0,966.0,176.04,789.96,81.77639751552796,2300.0,2300.0,0.0,No Quality Issue,High Rejection,Excellent
RB-000759,Rift Bloom - Timboroa Farm,Cool Water,50.0,PREMIUM,40.0,99.0,3960.0,2022-04-07,2022-09-04,2022-04-11,2022-04-14,United Arab Emirates,Carrefour Flowers,EUR,0.434,1718.64,AIR FREIGHT,87.06,0.1,0.0,,PAID,5.0,False,False,False,-146.0,3.0,False,False,2022.0,4.0,2.0,2022.0,9.0,3.0,2022.0,2022.0,4.0,150.0,7.0,1718.64,87.06,1631.5800000000002,94.93436670856026,3960.0,3960.0,0.0,No Quality Issue,High Rejection,Excellent
RB-002260,Rift Bloom - Timboroa Farm,High & Magic,40.0,PREMIUM,40.0,122.0,4880.0,2024-03-05,2024-05-05,2024-05-09,2024-05-11,Germany,Interflora Russia,EUR,0.373,1820.24,AIR FREIGHT,454.96,2.2,0.0,,PENDING,2.0,False,False,False,4.0,2.0,True,False,2024.0,3.0,1.0,2024.0,5.0,2.0,2024.0,2024.0,5.0,61.0,67.0,1820.24,454.96,1365.28,75.00549378103986,4880.0,4880.0,0.0,No Quality Issue,High Rejection,Poor
RB-000429,Rift Bloom - Timboroa Farm,Mondial,90.0,PREMIUM,40.0,100.0,4000.0,2024-07-27,2024-07-28,,2024-08-03,Poland,Aalsmeer Direct,USD,0.171,6840.0,AIR FREIGHT,409.88,1.2,0.0,,PAID,4.0,False,False,False,,,False,False,2024.0,7.0,3.0,2024.0,7.0,3.0,,2024.0,8.0,1.0,7.0,6840.0,409.88,6430.12,94.00760233918129,4000.0,4000.0,0.0,No Quality Issue,High Rejection,Good
RB-001618,Rift Bloom - Timboroa Farm,Peach Avalanche,60.0,PREMIUM,20.0,121.0,2420.0,2025-01-15,2025-01-16,2025-01-20,2025-01-23,Japan,Interflora Russia,USD,0.31,750.2,AIR FREIGHT,726.51,,0.0,,PENDING,4.0,False,False,False,4.0,3.0,True,False,2025.0,1.0,1.0,2025.0,1.0,1.0,2025.0,2025.0,1.0,1.0,8.0,750.2,726.51,23.690000000000055,3.1578245801119773,2420.0,2420.0,0.0,No Quality Issue,High Rejection,Good
RB-001318,Rift Bloom - Timboroa Farm,Mondial,50.0,A,25.0,99.0,2475.0,2025-02-18,2025-02-19,2025-02-21,2025-02-23,Russia,FloraHolland Auction,USD,0.406,1004.85,AIR FREIGHT,364.34,3.1,0.0,,PAID,5.0,False,False,False,2.0,2.0,True,False,2025.0,2.0,1.0,2025.0,2.0,1.0,2025.0,2025.0,2.0,1.0,5.0,1004.85,364.34,640.51,63.74185201771409,2475.0,2475.0,0.0,No Quality Issue,High Rejection,Excellent
RB-000074,Rift Bloom - Kapseret Farm,Explorer,70.0,PREMIUM,10.0,37.0,370.0,2026-01-09,2026-11-01,2026-01-13,2026-01-17,Russia,Dubai Flower Centre,NAN,0.437,161.69,AIR FREIGHT,254.15,,0.0,,OVERDUE,5.0,False,False,False,-292.0,4.0,False,False,2026.0,1.0,1.0,2026.0,11.0,4.0,2026.0,2026.0,1.0,296.0,8.0,161.69,254.15,-92.46000000000001,-57.18349928876245,370.0,370.0,0.0,No Quality Issue,High Rejection,Excellent
RB-001345,Rift Bloom - Ziwa Farm,Athena,90.0,,10.0,178.0,1780.0,2025-09-18,2025-09-18,2025-09-19,2025-09-21,Russia,Whole Foods Market,EUR,0.215,382.7,ROAD THEN AIR,518.06,,0.0,,NAN,4.0,False,False,False,1.0,2.0,True,False,2025.0,9.0,3.0,2025.0,9.0,3.0,2025.0,2025.0,9.0,0.0,3.0,382.7,518.06,-135.35999999999996,-35.36974131173242,1780.0,1780.0,0.0,No Quality Issue,High Rejection,Good
RB-002272,Rift Bloom - Kesses Farm,Yellow Babe,80.0,STANDARD,20.0,17.0,340.0,2025-02-12,2025-12-02,2025-02-14,2025-02-17,Norway,Carrefour Flowers,EUR,0.332,112.88,AIR FREIGHT,,3.5,0.0,,PAID,4.0,False,False,False,-291.0,3.0,False,False,2025.0,2.0,1.0,2025.0,12.0,4.0,2025.0,2025.0,2.0,293.0,5.0,112.88,,,,340.0,340.0,0.0,No Quality Issue,High Rejection,Good
RB-001127,Rift Bloom - Timboroa Farm,Mondial,70.0,A,20.0,137.0,2740.0,2023-02-02,2023-04-02,2023-02-06,2023-09-02,USA,FloraHolland Auction,NAN,0.379,1038.46,ROAD THEN AIR,267.05,4.4,0.0,,PAID,5.0,False,False,False,-55.0,208.0,False,False,2023.0,2.0,1.0,2023.0,4.0,2.0,2023.0,2023.0,9.0,59.0,212.0,1038.46,267.05,771.4100000000001,74.2840359763496,2740.0,2740.0,0.0,No Quality Issue,High Rejection,Excellent
RB-002332,Rift Bloom - Kapseret Farm,High & Magic,50.0,A,25.0,92.0,2300.0,2023-03-14,2023-03-16,2023-03-18,2023-03-22,Norway,Local Wholesaler - Eldoret,EUR,0.442,1016.6,ROAD THEN AIR,260.16,,0.0,,OVERDUE,4.0,False,False,False,2.0,4.0,True,False,2023.0,3.0,1.0,2023.0,3.0,1.0,2023.0,2023.0,3.0,2.0,8.0,1016.6,260.16,756.44,74.40881369270116,2300.0,2300.0,0.0,No Quality Issue,High Rejection,Good
RB-001140,Rift Bloom - Kesses Farm,Peach Avalanche,60.0,B,40.0,44.0,1760.0,2022-05-20,2022-05-20,2022-05-21,2022-05-24,France,Tokyo Flower Market,USD,0.354,623.04,AIR FREIGHT,,3.3,0.0,,PAID,4.0,False,False,False,1.0,3.0,True,False,2022.0,5.0,2.0,2022.0,5.0,2.0,2022.0,2022.0,5.0,0.0,4.0,623.04,,,,1760.0,1760.0,0.0,No Quality Issue,High Rejection,Good
RB-001752,Rift Bloom - Kesses Farm,Peach Avalanche,90.0,B,20.0,221.0,4420.0,2024-12-03,2024-03-14,2024-03-17,2024-03-19,France,Dubai Flower Centre,USD,0.495,2187.9,NAN,397.01,1.1,0.0,,PENDING,5.0,False,False,False,3.0,2.0,True,False,2024.0,12.0,4.0,2024.0,3.0,1.0,2024.0,2024.0,3.0,-264.0,-259.0,2187.9,397.01,1790.89,81.85428950134832,4420.0,4420.0,0.0,No Quality Issue,High Rejection,Excellent
RB-001395,Rift Bloom - Turbo Farm,Circus,80.0,PREMIUM,10.0,51.0,510.0,2022-11-22,2022-11-24,2022-11-28,2022-04-12,France,Aalsmeer Direct,KES,70.59,36000.9,AIR FREIGHT,374.77,1.8,0.0,,PAID,4.0,False,False,False,4.0,-230.0,False,False,2022.0,11.0,4.0,2022.0,11.0,4.0,2022.0,2022.0,4.0,2.0,-224.0,36000.9,374.77,35626.130000000005,98.95899824726605,510.0,510.0,0.0,No Quality Issue,High Rejection,Good
RB-002383,Rift Bloom - Kesses Farm,Vendela,50.0,A,10.0,167.0,1670.0,2024-10-10,2024-12-10,2024-10-14,2024-10-16,Poland,Carrefour Flowers,KES,28.73,47979.1,ROAD THEN AIR,152.82,-0.3,0.0,,NAN,5.0,False,False,True,-57.0,2.0,False,False,2024.0,10.0,4.0,2024.0,12.0,4.0,2024.0,2024.0,10.0,61.0,6.0,47979.1,152.82,47826.28,99.68148631383248,1670.0,1670.0,0.0,No Quality Issue,High Rejection,Excellent
RB-002679,Rift Bloom - Ziwa Farm,Cool Water,50.0,STANDARD,40.0,85.0,3400.0,2025-07-13,2025-07-14,2025-07-16,2025-07-17,US,Bloomon BV,USD,0.317,10778.0,AIR FREIGHT,317.42,2.1,0.0,,OVERDUE,4.0,False,False,False,2.0,1.0,True,False,2025.0,7.0,3.0,2025.0,7.0,3.0,2025.0,2025.0,7.0,1.0,4.0,10778.0,317.42,10460.58,97.0549267025422,3400.0,3400.0,0.0,No Quality Issue,High Rejection,Good
RB-002792,Rift Bloom - Turbo Farm,Yellow Babe,80.0,B,10.0,315.0,3150.0,2023-01-14,2023-01-15,2023-01-18,2023-01-19,Switzerland,Dubai Flower Centre,EUR,0.283,891.45,AIR FREIGHT,211.81,,0.0,,NAN,2.0,False,False,False,3.0,1.0,True,False,2023.0,1.0,1.0,2023.0,1.0,1.0,2023.0,2023.0,1.0,1.0,5.0,891.45,211.81,679.6400000000001,76.23983397834989,3150.0,3150.0,0.0,No Quality Issue,High Rejection,Poor
RB-001797,Rift Bloom - Timboroa Farm,Yellow Babe,60.0,UNKNOWN,20.0,93.0,1860.0,2023-10-08,2023-10-08,2023-08-14,2023-08-15,Poland,Blume2000,NAN,0.233,433.38,UNKNOWN,522.08,5.3,11.0,Petal Bruising,NAN,3.0,False,False,False,-55.0,1.0,False,False,2023.0,10.0,4.0,2023.0,10.0,4.0,2023.0,2023.0,8.0,0.0,-54.0,433.38,522.08,-88.70000000000005,-20.46702662790162,1860.0,1860.0,0.5913978494623656,Quality Issue,High Rejection,Average
RB-002921,Rift Bloom - Moiben Farm,Yellow Babe,60.0,STANDARD,25.0,124.0,3100.0,2024-11-10,2024-12-11,2024-11-14,,Switzerland,Aalsmeer Direct,NAN,0.396,1227.6,AIR FREIGHT,161.47,1.3,0.0,,PENDING,5.0,False,False,False,-27.0,,False,False,2024.0,11.0,4.0,2024.0,12.0,4.0,2024.0,,,31.0,,1227.6,161.47,1066.1299999999999,86.84669273378951,3100.0,3100.0,0.0,No Quality Issue,High Rejection,Excellent
RB-001121,Rift Bloom - Kesses Farm,Tibet,70.0,STANDARD,20.0,161.0,3220.0,2022-03-05,2022-03-05,2022-08-03,2022-03-14,netherlands,Dubai Flower Centre,EUR,0.156,502.32,AIR FREIGHT,172.41,,0.0,,NAN,1.0,False,False,False,151.0,-142.0,False,False,2022.0,3.0,1.0,2022.0,3.0,1.0,2022.0,2022.0,3.0,0.0,9.0,502.32,172.41,329.90999999999997,65.6772575250836,3220.0,3220.0,0.0,No Quality Issue,High Rejection,Poor
RB-002770,Rift Bloom - Ziwa Farm,Circus,70.0,B,40.0,117.0,4680.0,2023-11-03,,2023-03-13,2023-03-17,Australia,Carrefour Flowers,NAN,0.133,6224.4,AIR FREIGHT,111.0,21.4,0.0,,PENDING,5.0,False,False,False,,4.0,False,False,2023.0,11.0,4.0,,,,2023.0,2023.0,3.0,,-231.0,6224.4,111.0,6113.4,98.21669558511664,4680.0,4680.0,0.0,No Quality Issue,High Rejection,Excellent
RB-000612,Rift Bloom - Ziwa Farm,Circus,60.0,STANDARD,25.0,75.0,1875.0,2025-02-20,2025-02-22,2025-02-24,2025-01-03,United States,Bloomon BV,EUR,0.335,628.12,NAN,542.27,,0.0,,PAID,3.0,False,False,False,2.0,-52.0,False,False,2025.0,2.0,1.0,2025.0,2.0,1.0,2025.0,2025.0,1.0,2.0,-48.0,628.12,542.27,85.85000000000002,13.667770489715345,1875.0,1875.0,0.0,No Quality Issue,High Rejection,Average
RB-001139,Rift Bloom - Timboroa Farm,Yellow Babe,40.0,PREMIUM,20.0,101.0,2020.0,2025-05-09,2025-06-09,2025-09-08,2025-12-09,Australia,Interflora Russia,NAN,0.403,814.06,AIR FREIGHT,219.98,4.3,0.0,,NAN,4.0,False,False,False,91.0,92.0,True,False,2025.0,5.0,2.0,2025.0,6.0,2.0,2025.0,2025.0,12.0,31.0,214.0,814.06,219.98,594.0799999999999,72.97742181166007,2020.0,2020.0,0.0,No Quality Issue,High Rejection,Good
RB-000426,Rift Bloom - Turbo Farm,Vendela,40.0,C,10.0,176.0,1760.0,2023-10-16,2023-10-16,2023-10-19,2023-10-23,France,Local Wholesaler - Eldoret,KES,58.63,103188.8,NAN,528.24,1.4,0.0,,NAN,4.0,False,False,False,3.0,4.0,True,False,2023.0,10.0,4.0,2023.0,10.0,4.0,2023.0,2023.0,10.0,0.0,7.0,103188.8,528.24,102660.56,99.48808397810615,1760.0,1760.0,0.0,No Quality Issue,High Rejection,Good
RB-000649,Rift Bloom - Ziwa Farm,Explorer,60.0,PREMIUM,10.0,219.0,2190.0,2023-08-25,2023-08-27,2023-08-29,2023-02-09,Poland,Carrefour Flowers,NAN,0.599,1311.81,AIR FREIGHT,124.57,4.7,0.0,,PENDING,5.0,False,False,False,2.0,-201.0,False,False,2023.0,8.0,3.0,2023.0,8.0,3.0,2023.0,2023.0,2.0,2.0,-197.0,1311.81,124.57,1187.24,90.5039601771598,2190.0,2190.0,0.0,No Quality Issue,High Rejection,Excellent
RB-002502,Rift Bloom - Kapseret Farm,Sweetness,50.0,C,20.0,359.0,7180.0,2025-01-25,2025-01-27,2025-01-31,2025-03-02,Russia,Dubai Flower Centre,USD,0.317,2276.06,ROAD THEN AIR,228.97,3.6,14.0,,PENDING,2.0,False,False,False,4.0,30.0,True,False,2025.0,1.0,1.0,2025.0,1.0,1.0,2025.0,2025.0,3.0,2.0,36.0,2276.06,228.97,2047.09,89.94007187859722,7180.0,7180.0,0.19498607242339833,No Quality Issue,High Rejection,Poor
RB-002826,Rift Bloom - Kapseret Farm,Vendela,40.0,B,10.0,99.0,990.0,2023-04-21,2023-04-22,2023-04-23,2023-04-25,Norway,FloraHolland Auction,USD,0.373,369.27,AIR FREIGHT,475.77,2.4,0.0,,PAID,4.0,False,False,False,1.0,2.0,True,False,2023.0,4.0,2.0,2023.0,4.0,2.0,2023.0,2023.0,4.0,1.0,4.0,369.27,475.77,-106.5,-28.840685677146805,990.0,990.0,0.0,No Quality Issue,High Rejection,Good
RB-001409,Rift Bloom - Timboroa Farm,High & Magic,90.0,A,40.0,74.0,2960.0,2025-11-23,2025-11-25,2025-11-28,2025-11-30,France,Aalsmeer Direct,USD,0.62,1835.2,NAN,129.72,2.9,0.0,,PAID,2.0,False,False,False,3.0,2.0,True,False,2025.0,11.0,4.0,2025.0,11.0,4.0,2025.0,2025.0,11.0,2.0,7.0,1835.2,129.72,1705.48,92.93156059285091,2960.0,2960.0,0.0,No Quality Issue,High Rejection,Poor
RB-000566,Rift Bloom - Kesses Farm,Explorer,70.0,STANDARD,20.0,42.0,840.0,2023-11-02,2023-02-11,2023-06-11,2023-11-10,Switzerland,FloraHolland Auction,USD,0.377,316.68,AIR FREIGHT,,2.3,0.0,,PAID,1.0,True,False,False,120.0,152.0,True,False,2023.0,11.0,4.0,2023.0,2.0,1.0,2023.0,2023.0,11.0,-264.0,8.0,316.68,,,,840.0,840.0,0.0,No Quality Issue,High Rejection,Poor
RB-002458,Rift Bloom - Ziwa Farm,Circus,40.0,B,10.0,16.0,160.0,2026-08-05,2026-06-08,2026-07-08,2026-11-08,United Arab Emirates,Blume2000,USD,0.219,35.04,AIR FREIGHT,43.73,2.2,0.0,,NAN,4.0,False,False,False,30.0,123.0,True,False,2026.0,8.0,3.0,2026.0,6.0,2.0,2026.0,2026.0,11.0,-58.0,95.0,35.04,43.73,-8.689999999999998,-24.800228310502277,160.0,160.0,0.0,No Quality Issue,High Rejection,Good
RB-000886,Rift Bloom - Turbo Farm,Athena,50.0,STANDARD,25.0,42.0,1050.0,2026-01-27,2026-01-27,2026-01-30,2026-03-02,Japan,Interflora Russia,USD,0.236,247.8,AIR FREIGHT,304.19,2.2,0.0,,UNKNOWN,4.0,False,False,False,3.0,31.0,True,False,2026.0,1.0,1.0,2026.0,1.0,1.0,2026.0,2026.0,3.0,0.0,34.0,247.8,304.19,-56.389999999999986,-22.75625504439063,1050.0,1050.0,0.0,No Quality Issue,High Rejection,Good
RB-002859,rift bloom turbo farm,High & Magic,60.0,STANDARD,10.0,144.0,1440.0,2025-11-15,2025-11-17,2025-11-19,2025-11-21,Switzerland,Bloomon BV,EUR,0.418,601.92,ROAD THEN AIR,597.36,2.9,0.0,,PENDING,4.0,False,False,False,2.0,2.0,True,False,2025.0,11.0,4.0,2025.0,11.0,4.0,2025.0,2025.0,11.0,2.0,6.0,601.92,597.36,4.559999999999945,0.7575757575757486,1440.0,1440.0,0.0,No Quality Issue,High Rejection,Good
RB-000783,Rift Bloom - Ziwa Farm,Cool Water,40.0,B,25.0,180.0,4500.0,2022-08-29,2022-08-29,2022-01-09,2022-05-09,Poland,Dubai Flower Centre,KES,42.12,189540.0,AIR FREIGHT,411.85,-1.6,0.0,,NAN,5.0,False,False,True,-232.0,120.0,False,False,2022.0,8.0,3.0,2022.0,8.0,3.0,2022.0,2022.0,5.0,0.0,-112.0,189540.0,411.85,189128.15,99.78271077345151,4500.0,4500.0,0.0,No Quality Issue,High Rejection,Excellent
RB-002639,Rift Bloom - Ziwa Farm,Circus,40.0,B,40.0,52.0,2080.0,2022-03-19,2022-03-19,2022-03-23,2022-03-26,Netherlands,Interflora Russia,KES,55.9,116272.0,AIR FREIGHT,,1.9,0.0,,PENDING,5.0,False,False,False,4.0,3.0,True,False,2022.0,3.0,1.0,2022.0,3.0,1.0,2022.0,2022.0,3.0,0.0,7.0,116272.0,,,,2080.0,2080.0,0.0,No Quality Issue,High Rejection,Excellent
RB-000630,Rift Bloom - Kesses Farm,High & Magic,70.0,C,10.0,140.0,1400.0,2024-11-08,2024-09-11,,2024-11-15,France,Interflora Russia,EUR,0.341,477.4,AIR FREIGHT,378.35,0.8,50.0,Bud Blast,NAN,4.0,False,False,False,,,False,False,2024.0,11.0,4.0,2024.0,9.0,3.0,,2024.0,11.0,-58.0,7.0,477.4,378.35,99.04999999999995,20.747800586510255,1400.0,1400.0,3.571428571428571,Quality Issue,High Rejection,Good
RB-002907,Rift Bloom - Timboroa Farm,Sweetness,90.0,A,20.0,68.0,1360.0,2023-10-19,2023-10-20,2023-10-22,2023-10-23,Australia,Blume2000,EUR,0.401,545.36,ROAD THEN AIR,693.46,0.4,0.0,,PENDING,4.0,False,False,False,2.0,1.0,True,False,2023.0,10.0,4.0,2023.0,10.0,4.0,2023.0,2023.0,10.0,1.0,4.0,545.36,693.46,-148.10000000000002,-27.156373771453723,1360.0,1360.0,0.0,No Quality Issue,High Rejection,Good
RB-002273,Rift Bloom - Kapseret Farm,Red Naomi,90.0,B,10.0,29.0,290.0,2024-09-23,2024-09-25,2024-09-26,2024-09-27,Poland,Local Wholesaler - Eldoret,KES,51.74,15004.6,AIR FREIGHT,422.02,-1.6,0.0,,NAN,5.0,False,False,True,1.0,1.0,True,False,2024.0,9.0,3.0,2024.0,9.0,3.0,2024.0,2024.0,9.0,2.0,4.0,15004.6,422.02,14582.58,97.18739586526797,290.0,290.0,0.0,No Quality Issue,High Rejection,Excellent
RB-000501,Rift Bloom - Timboroa Farm,High & Magic,70.0,A,40.0,107.0,4280.0,2024-10-28,2024-10-30,2024-11-03,2024-11-05,Russia,Local Wholesaler - Eldoret,EUR,0.285,1219.8,AIR FREIGHT,292.88,3.1,0.0,,PAID,5.0,False,False,False,4.0,2.0,True,False,2024.0,10.0,4.0,2024.0,10.0,4.0,2024.0,2024.0,11.0,2.0,8.0,1219.8,292.88,926.92,75.98950647647155,4280.0,4280.0,0.0,No Quality Issue,High Rejection,Excellent
RB-001731,Rift Bloom - Timboroa Farm,Circus,40.0,A,25.0,158.0,3950.0,2022-08-04,2022-06-08,2022-08-08,2022-10-08,Switzerland,Dubai Flower Centre,NAN,0.246,971.7,AIR FREIGHT,113.5,0.0,0.0,,NAN,4.0,False,False,False,61.0,61.0,True,False,2022.0,8.0,3.0,2022.0,6.0,2.0,2022.0,2022.0,10.0,-57.0,65.0,971.7,113.5,858.2,88.31944015642688,3950.0,3950.0,0.0,No Quality Issue,High Rejection,Good
RB-001916,Rift Bloom - Turbo Farm,Peach Avalanche,60.0,PREMIUM,40.0,79.0,3160.0,2022-09-15,2022-09-15,2022-09-18,2022-09-20,Netherlands,Tokyo Flower Market,EUR,0.406,1282.96,UNKNOWN,420.09,4.1,0.0,,PENDING,4.0,False,False,False,3.0,2.0,True,False,2022.0,9.0,3.0,2022.0,9.0,3.0,2022.0,2022.0,9.0,0.0,5.0,1282.96,420.09,862.8700000000001,67.25618881336909,3160.0,3160.0,0.0,No Quality Issue,High Rejection,Good
RB-000409,Rift Bloom - Timboroa Farm,Explorer,80.0,B,40.0,156.0,6240.0,2024-09-28,2024-09-30,2024-03-10,2024-10-06,United Kingdom,M-Farm Traders,EUR,0.356,2221.44,AIR FREIGHT,,3.1,0.0,,NAN,4.0,False,False,False,-204.0,210.0,False,False,2024.0,9.0,3.0,2024.0,9.0,3.0,2024.0,2024.0,10.0,2.0,8.0,2221.44,,,,6240.0,6240.0,0.0,No Quality Issue,High Rejection,Good
RB-001344,Rift Bloom - Kapseret Farm,Circus,500.0,B,20.0,108.0,2160.0,2025-07-04,2025-05-07,2025-07-09,2025-07-15,U.A.E,FloraHolland Auction,KES,40.43,87328.8,NAN,216.99,3.8,0.0,,PAID,5.0,False,False,False,63.0,6.0,True,False,2025.0,7.0,3.0,2025.0,5.0,2.0,2025.0,2025.0,7.0,-58.0,11.0,87328.8,216.99,87111.81,99.75152527001401,2160.0,2160.0,0.0,No Quality Issue,High Rejection,Excellent
RB-000165,Rift Bloom - Kapseret Farm,Athena,90.0,A,25.0,276.0,6900.0,2023-05-08,2023-06-08,2023-09-08,2023-08-14,Norway,M-Farm Traders,USD,0.393,2711.7,NAN,350.71,4.3,0.0,,PENDING,5.0,False,False,False,92.0,-25.0,False,False,2023.0,5.0,2.0,2023.0,6.0,2.0,2023.0,2023.0,8.0,31.0,98.0,2711.7,350.71,2360.99,87.06678467382085,6900.0,6900.0,0.0,No Quality Issue,High Rejection,Excellent
RB-002517,Rift Bloom - Ziwa Farm,Circus,90.0,A,40.0,113.0,4520.0,2022-01-27,2022-01-29,2022-01-30,2022-02-01,Japan,Blume2000,EUR,0.341,1541.32,ROAD THEN AIR,240.69,5.3,0.0,,NAN,4.0,False,False,False,1.0,2.0,True,False,2022.0,1.0,1.0,2022.0,1.0,1.0,2022.0,2022.0,2.0,2.0,5.0,1541.32,240.69,1300.6299999999999,84.38416422287389,4520.0,4520.0,0.0,No Quality Issue,High Rejection,Good
RB-000244,Rift Bloom - Timboroa Farm,High & Magic,40.0,PREMIUM,25.0,28.0,700.0,2022-10-18,2022-10-20,2022-10-21,2022-10-27,Russia,Tokyo Flower Market,EUR,0.45,315.0,AIR FREIGHT,119.66,0.9,0.0,,PAID,3.0,False,False,False,1.0,6.0,True,False,2022.0,10.0,4.0,2022.0,10.0,4.0,2022.0,2022.0,10.0,2.0,9.0,315.0,119.66,195.34,62.01269841269842,700.0,700.0,0.0,No Quality Issue,High Rejection,Average
RB-002887,Rift Bloom - Ziwa Farm,red naomi,60.0,PREMIUM,20.0,31.0,620.0,2022-07-30,2022-07-30,2022-08-03,2022-08-08,Poland,Blume2000,USD,0.264,163.68,AIR FREIGHT,389.62,24.6,0.0,,PAID,4.0,False,False,False,4.0,5.0,True,False,2022.0,7.0,3.0,2022.0,7.0,3.0,2022.0,2022.0,8.0,0.0,9.0,163.68,389.62,-225.94,-138.03763440860214,620.0,620.0,0.0,No Quality Issue,High Rejection,Good
RB-002856,Rift Bloom - Turbo Farm,Sweetness,50.0,UNKNOWN,10.0,48.0,480.0,2024-05-15,2024-05-17,2024-05-19,2024-05-20,Japan,Aalsmeer Direct,NAN,0.224,107.52,AIR FREIGHT,215.31,2.5,0.0,,PAID,4.0,False,False,False,2.0,1.0,True,False,2024.0,5.0,2.0,2024.0,5.0,2.0,2024.0,2024.0,5.0,2.0,5.0,107.52,215.31,-107.79,-100.25111607142858,480.0,480.0,0.0,No Quality Issue,High Rejection,Good
RB-000379,Rift Bloom - Kesses Farm,Cool Water,70.0,STANDARD,10.0,179.0,1790.0,2023-05-28,,2023-05-31,2023-06-01,usa,Marks & Spencer Flowers,EUR,0.408,730.32,AIR FREIGHT,166.23,2.4,0.0,,PENDING,5.0,False,False,False,,1.0,False,False,2023.0,5.0,2.0,,,,2023.0,2023.0,6.0,,4.0,730.32,166.23,564.09,77.23874465987512,1790.0,1790.0,0.0,No Quality Issue,High Rejection,Excellent
RB-001088,Rift Bloom - Moiben Farm,Sweetness,70.0,C,40.0,150.0,6000.0,2026-06-24,2026-06-26,2026-06-27,2026-06-29,Australia,Dubai Flower Centre,EUR,0.089,534.0,ROAD THEN AIR,373.87,5.0,0.0,,NAN,5.0,False,False,False,1.0,2.0,True,False,2026.0,6.0,2.0,2026.0,6.0,2.0,2026.0,2026.0,6.0,2.0,5.0,534.0,373.87,160.13,29.986891385767787,6000.0,6000.0,0.0,No Quality Issue,High Rejection,Excellent
RB-001845,Rift Bloom - Kesses Farm,Vendela,60.0,B,40.0,344.0,13760.0,2026-05-20,2026-05-20,2026-05-22,2026-05-26,Japan,FloraHolland Auction,EUR,0.217,2985.92,ROAD THEN AIR,614.78,3.8,0.0,,PENDING,4.0,False,False,False,2.0,4.0,True,False,2026.0,5.0,2.0,2026.0,5.0,2.0,2026.0,2026.0,5.0,0.0,6.0,2985.92,614.78,2371.1400000000003,79.4107008895081,13760.0,13760.0,0.0,No Quality Issue,High Rejection,Good
RB-001963,Rift Bloom - Ziwa Farm,Tibet,70.0,A,20.0,161.0,3220.0,2026-01-02,2026-03-01,2026-06-01,2026-12-01,UAE,Whole Foods Market,USD,0.234,753.48,NAN,,2.2,0.0,,UNKNOWN,3.0,False,False,False,92.0,183.0,True,False,2026.0,1.0,1.0,2026.0,3.0,1.0,2026.0,2026.0,12.0,58.0,333.0,753.48,,,,3220.0,3220.0,0.0,No Quality Issue,High Rejection,Average
RB-000316,Rift Bloom - Moiben Farm,Athena,40.0,STANDARD,20.0,135.0,2700.0,2023-06-09,2023-10-06,2023-06-14,2023-06-16,United Arab Emirates,Marks & Spencer Flowers,USD,0.348,939.6,ROAD THEN AIR,135.24,-1.2,0.0,,PAID,2.0,False,False,True,-114.0,2.0,False,False,2023.0,6.0,2.0,2023.0,10.0,4.0,2023.0,2023.0,6.0,119.0,7.0,939.6,135.24,804.36,85.6066411238825,2700.0,2700.0,0.0,No Quality Issue,High Rejection,Poor
RB-000529,Rift Bloom - Moiben Farm,Circus,70.0,PREMIUM,40.0,43.0,1720.0,2025-10-15,2025-10-17,2025-10-20,2025-10-21,Russia,Blume2000,EUR,0.482,829.04,AIR FREIGHT,30.24,1.9,30.0,Wilting,PAID,1.0,False,False,False,3.0,1.0,True,False,2025.0,10.0,4.0,2025.0,10.0,4.0,2025.0,2025.0,10.0,2.0,6.0,829.04,30.24,798.8,96.35240760397568,1720.0,1720.0,1.744186046511628,Quality Issue,High Rejection,Poor
RB-002990,Rift Bloom - Timboroa Farm,Sweetness,80.0,STANDARD,20.0,145.0,2900.0,2022-02-02,2022-03-02,2022-04-02,2022-10-02,United States,Whole Foods Market,EUR,0.501,1452.9,AIR FREIGHT,537.03,2.1,0.0,,NAN,5.0,False,False,False,31.0,183.0,True,False,2022.0,2.0,1.0,2022.0,3.0,1.0,2022.0,2022.0,10.0,28.0,242.0,1452.9,537.03,915.8700000000001,63.037373528804466,2900.0,2900.0,0.0,No Quality Issue,High Rejection,Excellent
RB-001178,Rift Bloom - Moiben Farm,Pink Floyd,60.0,B,40.0,60.0,2400.0,2026-01-29,2026-01-30,2026-03-02,2026-06-02,France,Local Wholesaler - Eldoret,USD,0.37,888.0,NAN,621.35,3.7,0.0,,PAID,5.0,False,False,False,31.0,92.0,True,False,2026.0,1.0,1.0,2026.0,1.0,1.0,2026.0,2026.0,6.0,1.0,124.0,888.0,621.35,266.65,30.028153153153152,2400.0,2400.0,0.0,No Quality Issue,High Rejection,Excellent
RB-000190,Rift Bloom - Turbo Farm,Athena,90.0,STANDARD,40.0,116.0,4640.0,2023-10-03,,2023-04-10,2023-09-10,Norway,Dubai Flower Centre,USD,0.421,1953.44,AIR FREIGHT,294.55,3.7,0.0,,PENDING,5.0,False,False,False,,153.0,False,False,2023.0,10.0,4.0,,,,2023.0,2023.0,9.0,,-23.0,1953.44,294.55,1658.89,84.92147186501762,4640.0,4640.0,0.0,No Quality Issue,High Rejection,Excellent
RB-000028,Rift Bloom - Kesses Farm,Vendela,50.0,B,40.0,161.0,6440.0,2026-10-03,2026-12-03,2026-03-13,2026-03-16,Russia,Interflora Russia,KES,24.31,156556.4,ROAD THEN AIR,513.03,-1.1,0.0,,OVERDUE,5.0,False,False,True,-265.0,3.0,False,False,2026.0,10.0,4.0,2026.0,12.0,4.0,2026.0,2026.0,3.0,61.0,-201.0,156556.4,513.03,156043.37,99.67230339992489,6440.0,6440.0,0.0,No Quality Issue,High Rejection,Excellent
RB-002018,Rift Bloom - Kapseret Farm,Mondial,50.0,,25.0,95.0,2375.0,2026-06-02,,2026-12-02,2026-02-15,Japan,Dubai Flower Centre,KES,24.31,57736.25,AIR FREIGHT,353.61,4.7,0.0,,NAN,5.0,False,False,False,,-290.0,False,False,2026.0,6.0,2.0,,,,2026.0,2026.0,2.0,,-107.0,57736.25,353.61,57382.64,99.38754248847128,2375.0,2375.0,0.0,No Quality Issue,High Rejection,Excellent
RB-000275,Rift Bloom - Kapseret Farm,Peach Avalanche,60.0,STANDARD,10.0,157.0,1570.0,2022-06-04,2022-06-04,2022-09-04,2022-11-04,United Kingdom,M-Farm Traders,USD,0.375,588.75,NAN,228.13,1.6,0.0,,PAID,4.0,False,False,False,92.0,61.0,True,False,2022.0,6.0,2.0,2022.0,6.0,2.0,2022.0,2022.0,11.0,0.0,153.0,588.75,228.13,360.62,61.25180467091296,1570.0,1570.0,0.0,No Quality Issue,High Rejection,Good
RB-002993,Rift Bloom - Kesses Farm,Sweetness,70.0,STANDARD,20.0,139.0,2780.0,2026-07-21,2026-07-21,2026-07-24,2026-07-30,France,Blume2000,USD,0.249,692.22,AIR FREIGHT,270.74,1.1,0.0,,PAID,4.0,False,False,False,3.0,6.0,True,False,2026.0,7.0,3.0,2026.0,7.0,3.0,2026.0,2026.0,7.0,0.0,9.0,692.22,270.74,421.48,60.88815694432406,2780.0,2780.0,0.0,No Quality Issue,High Rejection,Good
RB-002248,Rift Bloom - Kesses Farm,Athena,70.0,STANDARD,20.0,100.0,2000.0,2022-07-06,2022-06-09,2022-12-06,2022-06-18,France,Dubai Flower Centre,EUR,0.05,100.0,ROAD THEN AIR,93.23,0.5,0.0,,PAID,5.0,False,False,False,180.0,-171.0,False,False,2022.0,7.0,3.0,2022.0,6.0,2.0,2022.0,2022.0,6.0,-27.0,-18.0,100.0,93.23,6.769999999999996,6.769999999999995,2000.0,2000.0,0.0,No Quality Issue,High Rejection,Excellent
RB-001992,Rift Bloom - Kesses Farm,Pink Floyd,70.0,A,10.0,140.0,1400.0,2025-10-16,2025-10-18,2025-10-22,2025-10-27,US,Interflora Russia,EUR,0.339,474.6,AIR FREIGHT,63.53,1.0,0.0,,PENDING,4.0,False,False,False,4.0,5.0,True,False,2025.0,10.0,4.0,2025.0,10.0,4.0,2025.0,2025.0,10.0,2.0,11.0,474.6,63.53,411.07000000000005,86.61399072903498,1400.0,1400.0,0.0,No Quality Issue,High Rejection,Good
RB-002698,Rift Bloom - Kesses Farm,Freedom,50.0,,40.0,168.0,6720.0,2026-06-13,2026-06-14,2026-06-17,2026-06-18,Germany,Carrefour Flowers,KES,53.69,360796.8,AIR FREIGHT,260.87,2.0,0.0,,NAN,4.0,False,False,False,3.0,1.0,True,False,2026.0,6.0,2.0,2026.0,6.0,2.0,2026.0,2026.0,6.0,1.0,5.0,360796.8,260.87,360535.93,99.9276961436465,6720.0,6720.0,0.0,No Quality Issue,High Rejection,Good
RB-002265,Rift Bloom - Ziwa Farm,Tibet,90.0,C,20.0,51.0,1020.0,2024-07-16,2024-07-16,2024-07-19,2024-07-22,Norway,Bloomon BV,NAN,0.231,235.62,AIR FREIGHT,188.19,2.4,0.0,,OVERDUE,4.0,False,False,False,3.0,3.0,True,False,2024.0,7.0,3.0,2024.0,7.0,3.0,2024.0,2024.0,7.0,0.0,6.0,235.62,188.19,47.43000000000001,20.12987012987013,1020.0,1020.0,0.0,No Quality Issue,High Rejection,Good
RB-002085,Rift Bloom - Kapseret Farm,High & Magic,50.0,C,25.0,77.0,1925.0,2022-06-09,2022-09-07,2022-11-09,2022-09-14,Poland,Dubai Flower Centre,EUR,0.52,1001.0,AIR FREIGHT,111.72,2.4,0.0,,PAID,5.0,False,False,False,63.0,-56.0,False,False,2022.0,6.0,2.0,2022.0,9.0,3.0,2022.0,2022.0,9.0,90.0,97.0,1001.0,111.72,889.28,88.83916083916084,1925.0,1925.0,0.0,No Quality Issue,High Rejection,Excellent
RB-000586,Rift Bloom - Ziwa Farm,Peach Avalanche,90.0,C,25.0,120.0,3000.0,2022-11-10,2022-11-10,2022-10-15,2022-10-21,Japan,Marks & Spencer Flowers,EUR,0.397,1191.0,AIR FREIGHT,306.91,2.6,0.0,,OVERDUE,4.0,False,False,False,-26.0,6.0,False,False,2022.0,11.0,4.0,2022.0,11.0,4.0,2022.0,2022.0,10.0,0.0,-20.0,1191.0,306.91,884.0899999999999,74.23089840470193,3000.0,3000.0,0.0,No Quality Issue,High Rejection,Good
RB-000711,Rift Bloom - Timboroa Farm,Sweetness,40.0,STANDARD,20.0,87.0,1740.0,2025-06-01,2025-02-06,2025-06-06,,Germany,Aalsmeer Direct,USD,0.553,962.22,NAN,115.23,1.7,0.0,,NAN,3.0,False,False,False,120.0,,False,False,2025.0,6.0,2.0,2025.0,2.0,1.0,2025.0,,,-115.0,,962.22,115.23,846.99,88.0245681860697,1740.0,1740.0,0.0,No Quality Issue,High Rejection,Average
RB-001681,Rift Bloom - Turbo Farm,Cool Water,50.0,PREMIUM,25.0,136.0,3400.0,2025-05-12,2025-05-12,,2025-05-15,France,FloraHolland Auction,USD,0.491,1669.4,AIR FREIGHT,1092.84,1.7,0.0,,NAN,4.0,False,False,False,,,False,False,2025.0,5.0,2.0,2025.0,5.0,2.0,,2025.0,5.0,0.0,3.0,1669.4,1092.84,576.5600000000002,34.53695938660598,3400.0,3400.0,0.0,No Quality Issue,High Rejection,Good
RB-002605,Rift Bloom - Ziwa Farm,Athena,60.0,PREMIUM,25.0,285.0,7125.0,2022-12-20,2022-12-21,2022-12-22,2022-12-27,NL,Tokyo Flower Market,KES,36.14,257497.5,AIR FREIGHT,945.36,4.3,21.0,Cold Chain Break,PAID,5.0,False,False,False,1.0,5.0,True,False,2022.0,12.0,4.0,2022.0,12.0,4.0,2022.0,2022.0,12.0,1.0,7.0,257497.5,945.36,256552.14,99.63286633850814,7125.0,7125.0,0.2947368421052632,Quality Issue,High Rejection,Excellent
RB-001810,Rift Bloom - Ziwa Farm,Tibet,40.0,STANDARD,25.0,-160.0,-4000.0,2025-12-25,2025-12-25,2025-12-29,2026-02-01,The Netherlands,Tokyo Flower Market,NAN,0.225,-900.0,AIR FREIGHT,69.23,3.4,9.0,,NAN,4.0,False,False,False,4.0,34.0,True,False,2025.0,12.0,4.0,2025.0,12.0,4.0,2025.0,2026.0,2.0,0.0,38.0,-900.0,69.23,-969.23,,-4000.0,-4000.0,0.0,No Quality Issue,High Rejection,Good
RB-000817,Rift Bloom - Timboroa Farm,High & Magic,50.0,C,10.0,136.0,1360.0,2025-03-14,2025-03-15,2025-03-19,,Switzerland,Local Wholesaler - Eldoret,KES,39.0,53040.0,AIR FREIGHT,50.44,3.4,0.0,,OVERDUE,5.0,False,False,False,4.0,,False,False,2025.0,3.0,1.0,2025.0,3.0,1.0,2025.0,,,1.0,,53040.0,50.44,52989.56,99.90490196078431,1360.0,1360.0,0.0,No Quality Issue,High Rejection,Excellent
RB-001948,Rift Bloom - Ziwa Farm,Pink Floyd,50.0,A,40.0,127.0,5080.0,2024-10-26,2024-10-27,2024-10-30,2024-01-11,Poland,FloraHolland Auction,USD,0.261,1325.88,AIR FREIGHT,409.18,-0.9,0.0,,PAID,1.0,False,False,True,3.0,-293.0,False,False,2024.0,10.0,4.0,2024.0,10.0,4.0,2024.0,2024.0,1.0,1.0,-289.0,1325.88,409.18,916.7,69.1389869369777,5080.0,5080.0,0.0,No Quality Issue,High Rejection,Poor
RB-000303,Rift Bloom - Timboroa Farm,Tibet,90.0,A,25.0,123.0,3075.0,2023-07-03,2023-07-03,2023-10-03,2023-03-16,France,Local Wholesaler - Eldoret,EUR,0.357,1097.77,AIR FREIGHT,381.7,3.3,0.0,,PENDING,3.0,False,False,False,92.0,-201.0,False,False,2023.0,7.0,3.0,2023.0,7.0,3.0,2023.0,2023.0,3.0,0.0,-109.0,1097.77,381.7,716.0699999999999,65.22951073539994,3075.0,3075.0,0.0,No Quality Issue,High Rejection,Average
RB-002670,Rift Bloom - Ziwa Farm,High & Magic,50.0,PREMIUM,20.0,285.0,5700.0,,2025-06-10,2025-07-10,2025-10-13,Germany,Carrefour Flowers,USD,0.547,3117.9,AIR FREIGHT,239.81,0.1,0.0,,NAN,5.0,False,False,False,30.0,95.0,True,False,,,,2025.0,6.0,2.0,2025.0,2025.0,10.0,,,3117.9,239.81,2878.09,92.30860515090285,5700.0,5700.0,0.0,No Quality Issue,High Rejection,Excellent
RB-000631,Rift Bloom - Ziwa Farm,Vendela,80.0,A,25.0,92.0,2300.0,2024-10-11,2024-10-11,2024-11-11,2024-11-13,Netherlands,Whole Foods Market,KES,33.02,75946.0,AIR FREIGHT,908.26,5.0,0.0,,NAN,5.0,False,False,False,31.0,2.0,True,False,2024.0,10.0,4.0,2024.0,10.0,4.0,2024.0,2024.0,11.0,0.0,33.0,75946.0,908.26,75037.74,98.80407131382826,2300.0,2300.0,0.0,No Quality Issue,High Rejection,Excellent
RB-001512,Rift Bloom - Kesses Farm,Explorer,60.0,B,10.0,78.0,780.0,2026-06-22,2026-06-23,2026-06-27,,Switzerland,FloraHolland Auction,EUR,0.439,342.42,NAN,556.56,2.3,0.0,,PENDING,5.0,False,False,False,4.0,,False,False,2026.0,6.0,2.0,2026.0,6.0,2.0,2026.0,,,1.0,,342.42,556.56,-214.13999999999993,-62.53723497459258,780.0,780.0,0.0,No Quality Issue,High Rejection,Excellent
RB-002481,Rift Bloom - Turbo Farm,Pink Floyd,50.0,PREMIUM,20.0,84.0,1680.0,,2024-07-06,2024-09-06,2024-06-13,Russia,Whole Foods Market,EUR,0.414,695.52,UNKNOWN,430.63,3.3,0.0,,NAN,5.0,False,False,False,62.0,-85.0,False,False,,,,2024.0,7.0,3.0,2024.0,2024.0,6.0,,,695.52,430.63,264.89,38.085173682999766,1680.0,1680.0,0.0,No Quality Issue,High Rejection,Excellent
RB-002953,Rift Bloom - Kesses Farm,Mondial,70.0,B,40.0,105.0,4200.0,2025-03-29,2025-03-31,2025-01-04,2025-04-04,Australia,Carrefour Flowers,KES,54.73,229866.0,AIR FREIGHT,156.98,2.9,0.0,,NAN,4.0,False,False,False,-86.0,90.0,False,False,2025.0,3.0,1.0,2025.0,3.0,1.0,2025.0,2025.0,4.0,2.0,6.0,229866.0,156.98,229709.02,99.93170803859638,4200.0,4200.0,0.0,No Quality Issue,High Rejection,Good
RB-001725,Rift Bloom - Moiben Farm,Tibet,60.0,STANDARD,25.0,318.0,7950.0,2022-03-16,2022-03-16,2022-03-19,2022-03-25,Poland,Dubai Flower Centre,USD,0.277,2202.15,AIR FREIGHT,238.76,0.5,14.0,,PAID,4.0,False,False,False,3.0,6.0,True,False,2022.0,3.0,1.0,2022.0,3.0,1.0,2022.0,2022.0,3.0,0.0,9.0,2202.15,238.76,1963.39,89.15786844674523,7950.0,7950.0,0.1761006289308176,No Quality Issue,High Rejection,Good
RB-002225,Rift Bloom - Ziwa Farm,Sweetness,70.0,A,10.0,73.0,730.0,2022-11-18,2022-11-19,2022-11-20,,Norway,Bloomon BV,KES,49.79,36346.7,ROAD THEN AIR,415.45,1.8,0.0,,OVERDUE,5.0,False,False,False,1.0,,False,False,2022.0,11.0,4.0,2022.0,11.0,4.0,2022.0,,,1.0,,36346.7,415.45,35931.25,98.85698013849952,730.0,730.0,0.0,No Quality Issue,High Rejection,Excellent
RB-001876,Rift Bloom - Ziwa Farm,Athena,50.0,B,25.0,145.0,3625.0,2024-05-10,2024-05-12,2024-05-14,2024-05-19,France,FloraHolland Auction,USD,0.363,1315.88,NAN,399.97,1.5,0.0,,OVERDUE,4.0,False,False,False,2.0,5.0,True,False,2024.0,5.0,2.0,2024.0,5.0,2.0,2024.0,2024.0,5.0,2.0,9.0,1315.88,399.97,915.9100000000001,69.60437121926012,3625.0,3625.0,0.0,No Quality Issue,High Rejection,Good
RB-001865,Rift Bloom - Kesses Farm,High & Magic,50.0,B,20.0,130.0,2600.0,2022-03-15,2022-03-15,2022-03-17,2022-03-23,France,Marks & Spencer Flowers,EUR,0.35,910.0,AIR FREIGHT,282.33,,0.0,,PAID,4.0,False,False,False,2.0,6.0,True,False,2022.0,3.0,1.0,2022.0,3.0,1.0,2022.0,2022.0,3.0,0.0,8.0,910.0,282.33,627.6700000000001,68.97472527472527,2600.0,2600.0,0.0,No Quality Issue,High Rejection,Good
RB-000924,Rift Bloom - Turbo Farm,Sweetness,70.0,A,10.0,307.0,3070.0,2024-04-11,2024-05-11,2024-06-11,2024-11-07,Norway,Tokyo Flower Market,KES,37.7,115739.0,NAN,301.19,1.4,0.0,,NAN,5.0,False,False,False,31.0,149.0,True,False,2024.0,4.0,2.0,2024.0,5.0,2.0,2024.0,2024.0,11.0,30.0,210.0,115739.0,301.19,115437.81,99.73976792610961,3070.0,3070.0,0.0,No Quality Issue,High Rejection,Excellent
RB-000723,Rift Bloom - Turbo Farm,Mondial,40.0,C,40.0,94.0,3760.0,2026-06-08,2026-08-08,2026-09-08,2026-08-14,Switzerland,Interflora Russia,EUR,0.436,1639.36,AIR FREIGHT,,2.3,0.0,,NAN,3.0,False,False,False,31.0,-25.0,False,False,2026.0,6.0,2.0,2026.0,8.0,3.0,2026.0,2026.0,8.0,61.0,67.0,1639.36,,,,3760.0,3760.0,0.0,No Quality Issue,High Rejection,Average
RB-000060,Rift Bloom - Moiben Farm,Avalanche,90.0,PREMIUM,20.0,88.0,1760.0,2022-11-15,2022-11-15,2022-11-18,2022-11-23,Russia,Tokyo Flower Market,EUR,0.355,624.8,ROAD THEN AIR,357.36,,0.0,,PENDING,4.0,False,False,False,3.0,5.0,True,False,2022.0,11.0,4.0,2022.0,11.0,4.0,2022.0,2022.0,11.0,0.0,8.0,624.8,357.36,267.43999999999994,42.80409731113956,1760.0,1760.0,0.0,No Quality Issue,High Rejection,Good
RB-002253,Rift Bloom - Ziwa Farm,Circus,70.0,B,10.0,127.0,1270.0,2023-03-21,2023-03-23,2023-03-25,2023-03-31,USA,FloraHolland Auction,EUR,0.312,396.24,AIR FREIGHT,102.3,5.3,0.0,,PENDING,5.0,False,False,False,2.0,6.0,True,False,2023.0,3.0,1.0,2023.0,3.0,1.0,2023.0,2023.0,3.0,2.0,10.0,396.24,102.3,293.94,74.18231374924288,1270.0,1270.0,0.0,No Quality Issue,High Rejection,Excellent
RB-002627,Rift Bloom - Moiben Farm,Athena,50.0,PREMIUM,20.0,18.0,360.0,2022-10-19,2022-10-19,2022-10-20,2022-10-25,Germany,Interflora Russia,EUR,0.446,160.56,ROAD THEN AIR,431.32,,0.0,,PENDING,5.0,False,False,False,1.0,5.0,True,False,2022.0,10.0,4.0,2022.0,10.0,4.0,2022.0,2022.0,10.0,0.0,6.0,160.56,431.32,-270.76,-168.63477827603387,360.0,360.0,0.0,No Quality Issue,High Rejection,Excellent
RB-001873,Rift Bloom - Kapseret Farm,Cool Water,70.0,PREMIUM,25.0,187.0,4675.0,2024-06-20,,2024-06-23,2024-06-28,Norway,Interflora Russia,USD,0.214,1000.45,AIR FREIGHT,88.49,3.5,0.0,,PENDING,3.0,False,False,False,,5.0,False,False,2024.0,6.0,2.0,,,,2024.0,2024.0,6.0,,8.0,1000.45,88.49,911.96,91.1549802588835,4675.0,4675.0,0.0,No Quality Issue,High Rejection,Average
RB-000024,Rift Bloom - Kesses Farm,Tibet,70.0,PREMIUM,40.0,148.0,5920.0,2022-09-03,2022-11-03,2022-03-14,2022-03-20,uae,Blume2000,USD,0.464,2746.88,AIR FREIGHT,591.56,4.8,0.0,,PENDING,2.0,False,False,False,-234.0,6.0,False,False,2022.0,9.0,3.0,2022.0,11.0,4.0,2022.0,2022.0,3.0,61.0,-167.0,2746.88,591.56,2155.32,78.46429403541472,5920.0,5920.0,0.0,No Quality Issue,High Rejection,Poor
RB-000578,Rift Bloom - Ziwa Farm,Cool Water,60.0,PREMIUM,25.0,59.0,1475.0,2024-03-21,2024-03-22,2024-03-24,2024-03-25,Russia,Carrefour Flowers,NAN,0.104,153.4,AIR FREIGHT,58.54,1.4,0.0,,NAN,2.0,False,False,False,2.0,1.0,True,False,2024.0,3.0,1.0,2024.0,3.0,1.0,2024.0,2024.0,3.0,1.0,4.0,153.4,58.54,94.86000000000001,61.838331160365065,1475.0,1475.0,0.0,No Quality Issue,High Rejection,Poor
RB-000684,Rift Bloom - Timboroa Farm,Avalanche,70.0,PREMIUM,10.0,65.0,650.0,2025-11-08,2025-09-11,2025-10-11,2025-11-15,Australia,Aalsmeer Direct,USD,0.507,329.55,NAN,447.09,4.1,0.0,,PAID,5.0,False,False,False,30.0,35.0,True,False,2025.0,11.0,4.0,2025.0,9.0,3.0,2025.0,2025.0,11.0,-58.0,7.0,329.55,447.09,-117.53999999999996,-35.66681838871187,650.0,650.0,0.0,No Quality Issue,High Rejection,Excellent
RB-002329,Rift Bloom - Kesses Farm,Avalanche,80.0,A,25.0,135.0,3375.0,2023-12-23,2023-12-25,2023-12-28,2023-12-31,Norway,Carrefour Flowers,KES,34.06,114952.5,ROAD THEN AIR,421.04,3.5,62.0,Bud Blast,PENDING,5.0,False,False,False,3.0,3.0,True,False,2023.0,12.0,4.0,2023.0,12.0,4.0,2023.0,2023.0,12.0,2.0,8.0,114952.5,421.04,114531.46,99.633726974185,3375.0,3375.0,1.837037037037037,Quality Issue,High Rejection,Excellent
RB-001016,Rift Bloom - Ziwa Farm,Pink Floyd,50.0,B,40.0,101.0,4040.0,2023-07-30,2023-01-08,2023-08-04,2023-10-08,Switzerland,M-Farm Traders,EUR,0.554,2238.16,AIR FREIGHT,355.66,1.6,0.0,,NAN,3.0,False,False,False,208.0,65.0,True,False,2023.0,7.0,3.0,2023.0,1.0,1.0,2023.0,2023.0,10.0,-203.0,70.0,2238.16,355.66,1882.4999999999998,84.10926832755477,4040.0,4040.0,0.0,No Quality Issue,High Rejection,Average
RB-000347,Rift Bloom - Moiben Farm,Mondial,70.0,A,20.0,122.0,2440.0,2026-10-05,2026-05-12,2026-05-13,2026-05-18,Germany,M-Farm Traders,UNKNOWN,0.328,800.32,UNKNOWN,470.3,0.9,0.0,,PAID,5.0,False,False,False,1.0,5.0,True,False,2026.0,10.0,4.0,2026.0,5.0,2.0,2026.0,2026.0,5.0,-146.0,-140.0,800.32,470.3,330.02000000000004,41.2360055977609,2440.0,2440.0,0.0,No Quality Issue,High Rejection,Excellent
RB-002291,Rift Bloom - Turbo Farm,Circus,60.0,PREMIUM,25.0,109.0,2725.0,2022-08-03,2022-03-10,2022-11-03,2022-03-12,Japan,Bloomon BV,EUR,0.427,1163.58,AIR FREIGHT,182.38,0.8,0.0,,PENDING,4.0,False,False,False,238.0,-236.0,False,False,2022.0,8.0,3.0,2022.0,3.0,1.0,2022.0,2022.0,3.0,-146.0,-144.0,1163.58,182.38,981.1999999999999,84.32595953866515,2725.0,2725.0,0.0,No Quality Issue,High Rejection,Good
RB-001668,Rift Bloom - Kapseret Farm,Tibet,90.0,C,20.0,148.0,2960.0,2024-01-13,2024-01-13,2024-01-16,2024-01-17,Norway,Blume2000,EUR,0.145,429.2,NAN,232.07,1.8,3.0,Undersized Stems,PENDING,5.0,False,False,False,3.0,1.0,True,False,2024.0,1.0,1.0,2024.0,1.0,1.0,2024.0,2024.0,1.0,0.0,4.0,429.2,232.07,197.13,45.92963653308481,2960.0,2960.0,0.10135135135135136,Quality Issue,High Rejection,Excellent
RB-001556,Rift Bloom - Turbo Farm,Pink Floyd,50.0,,25.0,69.0,1725.0,2025-03-21,2025-03-21,2025-03-23,2025-03-25,Switzerland,M-Farm Traders,EUR,0.57,983.25,AIR FREIGHT,273.47,1.4,0.0,,PAID,4.0,False,False,False,2.0,2.0,True,False,2025.0,3.0,1.0,2025.0,3.0,1.0,2025.0,2025.0,3.0,0.0,4.0,983.25,273.47,709.78,72.18713450292398,1725.0,1725.0,0.0,No Quality Issue,High Rejection,Good
RB-000009,Rift Bloom - Moiben Farm,Yellow Babe,80.0,UNKNOWN,40.0,124.0,4960.0,2022-09-23,2022-09-25,2022-09-27,2022-02-10,Australia,FloraHolland Auction,EUR,0.178,882.88,AIR FREIGHT,360.26,3.8,0.0,,NAN,3.0,False,False,False,2.0,-229.0,False,False,2022.0,9.0,3.0,2022.0,9.0,3.0,2022.0,2022.0,2.0,2.0,-225.0,882.88,360.26,522.62,59.19490757520841,4960.0,4960.0,0.0,No Quality Issue,High Rejection,Average
RB-000490,Rift Bloom - Turbo Farm,Sweetness,70.0,PREMIUM,20.0,70.0,1400.0,2024-03-11,2024-11-03,2024-03-14,2024-03-16,Switzerland,Marks & Spencer Flowers,NAN,0.294,411.6,NAN,152.27,1.4,0.0,,NAN,4.0,False,False,False,-234.0,2.0,False,False,2024.0,3.0,1.0,2024.0,11.0,4.0,2024.0,2024.0,3.0,237.0,5.0,411.6,152.27,259.33000000000004,63.00534499514092,1400.0,1400.0,0.0,No Quality Issue,High Rejection,Good
RB-000566,Rift Bloom - Kesses Farm,Explorer,70.0,STANDARD,20.0,42.0,840.0,2023-11-02,2023-02-11,2023-06-11,2023-11-10,Switzerland,FloraHolland Auction,USD,0.377,316.68,AIR FREIGHT,,2.3,0.0,,PAID,1.0,True,False,False,120.0,152.0,True,False,2023.0,11.0,4.0,2023.0,2.0,1.0,2023.0,2023.0,11.0,-264.0,8.0,316.68,,,,840.0,840.0,0.0,No Quality Issue,High Rejection,Poor
RB-000830,Rift Bloom - Timboroa Farm,Vendela,50.0,STANDARD,25.0,36.0,900.0,2023-02-22,2023-02-23,2023-02-25,2023-02-28,Australia,Bloomon BV,KES,63.83,57447.0,AIR FREIGHT,97.04,3.2,0.0,,OVERDUE,2.0,False,False,False,2.0,3.0,True,False,2023.0,2.0,1.0,2023.0,2.0,1.0,2023.0,2023.0,2.0,1.0,6.0,57447.0,97.04,57349.96,99.83107908158824,900.0,900.0,0.0,No Quality Issue,High Rejection,Poor
RB-001743,Rift Bloom - Turbo Farm,Explorer,60.0,STANDARD,25.0,107.0,2675.0,2023-12-14,2023-12-14,2023-12-16,2023-12-17,Norway,Tokyo Flower Market,KES,53.17,142229.75,NAN,159.8,0.1,0.0,,PAID,3.0,False,False,False,2.0,1.0,True,False,2023.0,12.0,4.0,2023.0,12.0,4.0,2023.0,2023.0,12.0,0.0,3.0,142229.75,159.8,142069.95,99.88764657183185,2675.0,2675.0,0.0,No Quality Issue,High Rejection,Average
RB-000450,Rift Bloom - Ziwa Farm,Explorer,60.0,,20.0,231.0,4620.0,2022-08-05,2022-05-09,2022-05-12,2022-05-15,France,FloraHolland Auction,NAN,0.196,905.52,ROAD THEN AIR,586.22,0.7,0.0,,OVERDUE,5.0,False,False,False,3.0,3.0,True,False,2022.0,8.0,3.0,2022.0,5.0,2.0,2022.0,2022.0,5.0,-88.0,-82.0,905.52,586.22,319.29999999999995,35.26150720028271,4620.0,4620.0,0.0,No Quality Issue,High Rejection,Excellent
RB-000016,Rift Bloom - Kapseret Farm,avalanche,40.0,UNKNOWN,40.0,141.0,5640.0,2022-10-11,2022-10-13,2022-10-14,2022-10-20,Switzerland,M-Farm Traders,NAN,0.396,2233.44,AIR FREIGHT,640.56,2.2,0.0,,PAID,4.0,False,False,False,1.0,6.0,True,False,2022.0,10.0,4.0,2022.0,10.0,4.0,2022.0,2022.0,10.0,2.0,9.0,2233.44,640.56,1592.88,71.31957876638728,5640.0,5640.0,0.0,No Quality Issue,High Rejection,Good
RB-001115,Rift Bloom - Moiben Farm,Pink Floyd,80.0,PREMIUM,20.0,234.0,4680.0,2022-03-17,2022-03-17,2022-03-18,2022-03-24,Australia,Interflora Russia,NAN,0.311,1455.48,ROAD THEN AIR,136.16,,0.0,,PENDING,5.0,False,False,False,1.0,6.0,True,False,2022.0,3.0,1.0,2022.0,3.0,1.0,2022.0,2022.0,3.0,0.0,7.0,1455.48,136.16,1319.32,90.64501058070189,4680.0,4680.0,0.0,No Quality Issue,High Rejection,Excellent
RB-002870,Rift Bloom - Kesses Farm,Freedom,50.0,C,40.0,132.0,5280.0,2023-12-27,2023-12-27,2023-12-30,2023-12-31,United Arab Emirates,Blume2000,USD,0.356,1879.68,AIR FREIGHT,370.52,,0.0,,PAID,5.0,False,False,False,3.0,1.0,True,False,2023.0,12.0,4.0,2023.0,12.0,4.0,2023.0,2023.0,12.0,0.0,4.0,1879.68,370.52,1509.16,80.2881341504937,5280.0,5280.0,0.0,No Quality Issue,High Rejection,Excellent
RB-001389,Rift Bloom - Ziwa Farm,Tibet,40.0,B,20.0,51.0,1020.0,2024-07-16,2024-07-16,2024-07-19,2024-07-20,France,Bloomon BV,NAN,0.343,349.86,AIR FREIGHT,,1.2,0.0,,NAN,5.0,False,False,False,3.0,1.0,True,False,2024.0,7.0,3.0,2024.0,7.0,3.0,2024.0,2024.0,7.0,0.0,4.0,349.86,,,,1020.0,1020.0,0.0,No Quality Issue,High Rejection,Excellent
RB-002475,Rift Bloom - Kapseret Farm,Tibet,70.0,A,20.0,33.0,660.0,2022-02-25,2022-02-25,2022-01-03,2022-02-03,Norway,Whole Foods Market,USD,0.528,348.48,AIR FREIGHT,533.79,,0.0,,PAID,5.0,False,False,False,-53.0,31.0,False,False,2022.0,2.0,1.0,2022.0,2.0,1.0,2022.0,2022.0,2.0,0.0,-22.0,348.48,533.79,-185.30999999999995,-53.17665289256196,660.0,660.0,0.0,No Quality Issue,High Rejection,Excellent
RB-000824,Rift Bloom - Turbo Farm,Pink Floyd,70.0,A,20.0,169.0,3380.0,2025-04-14,2025-04-14,2025-04-17,2025-04-21,Poland,Blume2000,EUR,0.273,922.74,AIR FREIGHT,874.39,1.6,0.0,,PAID,5.0,False,False,False,3.0,4.0,True,False,2025.0,4.0,2.0,2025.0,4.0,2.0,2025.0,2025.0,4.0,0.0,7.0,922.74,874.39,48.35000000000002,5.239829204326249,3380.0,3380.0,0.0,No Quality Issue,High Rejection,Excellent
RB-002403,Rift Bloom - Kesses Farm,Yellow Babe,60.0,STANDARD,25.0,70.0,1750.0,2025-05-24,2025-05-24,2025-05-28,2025-05-31,Switzerland,Aalsmeer Direct,NAN,0.402,703.5,ROAD THEN AIR,184.72,3.0,0.0,,PAID,4.0,False,False,False,4.0,3.0,True,False,2025.0,5.0,2.0,2025.0,5.0,2.0,2025.0,2025.0,5.0,0.0,7.0,703.5,184.72,518.78,73.74271499644634,1750.0,1750.0,0.0,No Quality Issue,High Rejection,Good
RB-001227,Rift Bloom - Kesses Farm,Circus,90.0,A,40.0,196.0,7840.0,2023-11-02,2023-11-02,2023-02-14,2023-02-15,Norway,Carrefour Flowers,USD,0.596,4672.64,NAN,121.26,1.2,0.0,,NAN,5.0,False,False,False,-261.0,1.0,False,False,2023.0,11.0,4.0,2023.0,11.0,4.0,2023.0,2023.0,2.0,0.0,-260.0,4672.64,121.26,4551.38,97.40489316531982,7840.0,7840.0,0.0,No Quality Issue,High Rejection,Excellent
RB-001962,Rift Bloom - Turbo Farm,Cool Water,70.0,PREMIUM,40.0,202.0,8080.0,2022-03-04,2022-03-04,2022-04-04,2022-06-04,Switzerland,Local Wholesaler - Eldoret,EUR,0.373,3013.84,AIR FREIGHT,625.39,-1.7,0.0,,PAID,5.0,False,False,True,31.0,61.0,True,False,2022.0,3.0,1.0,2022.0,3.0,1.0,2022.0,2022.0,6.0,0.0,92.0,3013.84,625.39,2388.4500000000003,79.2493961192366,8080.0,8080.0,0.0,No Quality Issue,High Rejection,Excellent
RB-002686,Rift Bloom - Timboroa Farm,Avalanche,50.0,PREMIUM,25.0,167.0,4175.0,2023-07-20,2023-07-21,2023-07-22,2023-07-24,Netherlands,Blume2000,EUR,0.327,1365.23,ROAD THEN AIR,310.6,1.6,0.0,,PAID,4.0,False,False,False,1.0,2.0,True,False,2023.0,7.0,3.0,2023.0,7.0,3.0,2023.0,2023.0,7.0,1.0,4.0,1365.23,310.6,1054.63,77.24925470433554,4175.0,4175.0,0.0,No Quality Issue,High Rejection,Good
RB-002004,Rift Bloom - Ziwa Farm,High & Magic,60.0,STANDARD,10.0,137.0,1370.0,2025-10-31,2025-11-01,2025-05-11,2025-07-11,Norway,Bloomon BV,EUR,0.506,693.22,AIR FREIGHT,287.71,,0.0,,OVERDUE,3.0,False,False,False,-174.0,61.0,False,False,2025.0,10.0,4.0,2025.0,11.0,4.0,2025.0,2025.0,7.0,1.0,-112.0,693.22,287.71,405.51000000000005,58.49658117192234,1370.0,1370.0,0.0,No Quality Issue,High Rejection,Average
RB-001232,Rift Bloom - Ziwa Farm,Peach Avalanche,80.0,PREMIUM,10.0,204.0,2040.0,2024-09-02,2024-09-03,2024-06-09,2024-09-09,Russia,Local Wholesaler - Eldoret,EUR,0.428,873.12,AIR FREIGHT,262.35,2.9,0.0,,OVERDUE,5.0,False,False,False,-86.0,92.0,False,False,2024.0,9.0,3.0,2024.0,9.0,3.0,2024.0,2024.0,9.0,1.0,7.0,873.12,262.35,610.77,69.95258383727322,2040.0,2040.0,0.0,No Quality Issue,High Rejection,Excellent
RB-002563,Rift Bloom - Timboroa Farm,Circus,90.0,C,10.0,97.0,970.0,2024-06-27,2024-06-28,2024-06-30,2024-05-07,U.K.,Whole Foods Market,EUR,0.335,324.95,AIR FREIGHT,,4.1,0.0,,PENDING,4.0,False,False,False,2.0,-54.0,False,False,2024.0,6.0,2.0,2024.0,6.0,2.0,2024.0,2024.0,5.0,1.0,-51.0,324.95,,,,970.0,970.0,0.0,No Quality Issue,High Rejection,Good
RB-001010,Rift Bloom - Kesses Farm,High & Magic,60.0,C,10.0,79.0,790.0,2023-09-08,2023-11-08,2023-08-14,2023-08-15,Japan,Marks & Spencer Flowers,USD,0.413,326.27,UNKNOWN,690.41,1.9,0.0,,PAID,5.0,False,False,False,-86.0,1.0,False,False,2023.0,9.0,3.0,2023.0,11.0,4.0,2023.0,2023.0,8.0,61.0,-24.0,326.27,690.41,-364.14,-111.60695129800473,790.0,790.0,0.0,No Quality Issue,High Rejection,Excellent
RB-001993,Rift Bloom - Ziwa Farm,Avalanche+,90.0,UNKNOWN,20.0,56.0,1120.0,2024-04-08,2024-08-06,2024-08-09,2024-08-10,France,Aalsmeer Direct,KES,56.03,62753.6,AIR FREIGHT,62.88,1.7,0.0,,PAID,3.0,False,False,False,3.0,1.0,True,False,2024.0,4.0,2.0,2024.0,8.0,3.0,2024.0,2024.0,8.0,120.0,124.0,62753.6,62.88,62690.72,99.89979857729277,1120.0,1120.0,0.0,No Quality Issue,High Rejection,Average
RB-002812,Rift Bloom - Kapseret Farm,Sweetness,50.0,PREMIUM,25.0,154.0,3850.0,2024-08-12,2024-10-12,2024-12-14,2024-12-18,Norway,FloraHolland Auction,USD,0.177,681.45,AIR FREIGHT,597.8,1.6,0.0,,PENDING,5.0,False,False,False,63.0,4.0,True,False,2024.0,8.0,3.0,2024.0,10.0,4.0,2024.0,2024.0,12.0,61.0,128.0,681.45,597.8,83.65000000000009,12.275295326142796,3850.0,3850.0,0.0,No Quality Issue,High Rejection,Excellent
RB-002450,Rift Bloom - Turbo Farm,Circus,60.0,STANDARD,40.0,49.0,1960.0,2024-12-30,2025-01-01,2025-02-01,2025-01-08,Australia,Marks & Spencer Flowers,USD,0.156,305.76,AIR FREIGHT,,3.0,0.0,,NAN,4.0,False,False,False,31.0,-24.0,False,False,2024.0,12.0,4.0,2025.0,1.0,1.0,2025.0,2025.0,1.0,2.0,9.0,305.76,,,,1960.0,1960.0,0.0,No Quality Issue,High Rejection,Good
RB-001107,Rift Bloom - Moiben Farm,Vendela,70.0,A,25.0,57.0,1425.0,2023-01-07,2023-01-07,2023-04-07,2023-07-07,United States,Carrefour Flowers,KES,30.03,42792.75,AIR FREIGHT,49.48,2.0,0.0,,PAID,3.0,False,False,False,90.0,91.0,True,False,2023.0,1.0,1.0,2023.0,1.0,1.0,2023.0,2023.0,7.0,0.0,181.0,42792.75,49.48,42743.27,99.8843729370045,1425.0,1425.0,0.0,No Quality Issue,High Rejection,Average
RB-000498,Rift Bloom - Moiben Farm,Freedom,60.0,B,40.0,208.0,8320.0,2025-03-05,2025-05-05,2025-09-05,2025-05-12,Netherlands,Carrefour Flowers,KES,23.14,192524.8,ROAD THEN AIR,246.79,3.3,0.0,,PENDING,4.0,False,False,False,123.0,-116.0,False,False,2025.0,3.0,1.0,2025.0,5.0,2.0,2025.0,2025.0,5.0,61.0,68.0,192524.8,246.79,192278.00999999998,99.8718139169603,8320.0,8320.0,0.0,No Quality Issue,High Rejection,Good
RB-000353,Rift Bloom - Moiben Farm,FREEDOM,50.0,A,10.0,106.0,1060.0,2025-04-24,2025-04-24,2025-04-26,2025-04-27,Germany,Whole Foods Market,EUR,0.466,493.96,ROAD THEN AIR,242.37,4.4,0.0,,PENDING,4.0,False,False,False,2.0,1.0,True,False,2025.0,4.0,2.0,2025.0,4.0,2.0,2025.0,2025.0,4.0,0.0,3.0,493.96,242.37,251.58999999999997,50.93327394930763,1060.0,1060.0,0.0,No Quality Issue,High Rejection,Good
RB-001938,Rift Bloom - Turbo Farm,Yellow Babe,70.0,,20.0,180.0,3600.0,2022-01-26,2022-01-27,2022-01-30,2022-02-02,Japan,Aalsmeer Direct,EUR,0.501,1803.6,AIR FREIGHT,553.24,1.8,0.0,,PENDING,4.0,False,False,False,3.0,3.0,True,False,2022.0,1.0,1.0,2022.0,1.0,1.0,2022.0,2022.0,2.0,1.0,7.0,1803.6,553.24,1250.36,69.32579285872698,3600.0,3600.0,0.0,No Quality Issue,High Rejection,Good
RB-000002,Rift Bloom - Timboroa Farm,Tibet,60.0,,10.0,106.0,1060.0,2024-10-11,2024-10-13,2024-10-17,2024-10-20,USA,Whole Foods Market,USD,0.33,349.8,AIR FREIGHT,190.7,1.6,0.0,,PAID,5.0,False,False,False,4.0,3.0,True,False,2024.0,10.0,4.0,2024.0,10.0,4.0,2024.0,2024.0,10.0,2.0,9.0,349.8,190.7,159.10000000000002,45.48313321898228,1060.0,1060.0,0.0,No Quality Issue,High Rejection,Excellent
RB-000286,Rift Bloom - Kesses Farm,High & Magic,50.0,UNKNOWN,25.0,81.0,2025.0,2022-10-25,2022-10-27,2022-10-30,2022-01-11,United States,Carrefour Flowers,USD,0.376,761.4,ROAD THEN AIR,440.07,3.4,0.0,,NAN,1.0,False,False,False,3.0,-292.0,False,False,2022.0,10.0,4.0,2022.0,10.0,4.0,2022.0,2022.0,1.0,2.0,-287.0,761.4,440.07,321.33,42.20252167060677,2025.0,2025.0,0.0,No Quality Issue,High Rejection,Poor
RB-001561,Rift Bloom - Ziwa Farm,Athena,60.0,B,10.0,183.0,1830.0,2022-03-20,2022-03-21,2022-03-24,2022-03-29,France,Interflora Russia,USD,0.264,483.12,NAN,96.57,16.2,0.0,,PAID,4.0,False,False,False,3.0,5.0,True,False,2022.0,3.0,1.0,2022.0,3.0,1.0,2022.0,2022.0,3.0,1.0,9.0,483.12,96.57,386.55,80.01117734724292,1830.0,1830.0,0.0,No Quality Issue,High Rejection,Good
RB-000784,Rift Bloom - Turbo Farm,Tibet,70.0,A,25.0,235.0,5875.0,2025-01-08,2025-08-02,2025-04-08,2025-06-08,Norway,Marks & Spencer Flowers,KES,44.2,259675.0,AIR FREIGHT,365.42,0.2,0.0,,PAID,5.0,False,False,False,-116.0,61.0,False,False,2025.0,1.0,1.0,2025.0,8.0,3.0,2025.0,2025.0,6.0,206.0,151.0,259675.0,365.42,259309.58,99.85927794358332,5875.0,5875.0,0.0,No Quality Issue,High Rejection,Excellent
RB-000861,Rift Bloom - Kesses Farm,AVALANCHE,70.0,PREMIUM,25.0,199.0,4975.0,2024-07-27,2024-07-27,2024-07-31,2024-03-08,Poland,Interflora Russia,EUR,0.479,2383.03,AIR FREIGHT,177.6,1.0,0.0,,NAN,4.0,False,False,False,4.0,-145.0,False,False,2024.0,7.0,3.0,2024.0,7.0,3.0,2024.0,2024.0,3.0,0.0,-141.0,2383.03,177.6,2205.4300000000003,92.54730322320744,4975.0,4975.0,0.0,No Quality Issue,High Rejection,Good
RB-002725,Rift Bloom - Ziwa Farm,High & Magic,50.0,PREMIUM,25.0,168.0,4200.0,2024-05-07,2024-07-05,2024-05-09,2024-05-12,usa,Aalsmeer Direct,USD,0.72,3024.0,AIR FREIGHT,298.77,2.8,0.0,,PAID,4.0,False,False,False,-57.0,3.0,False,False,2024.0,5.0,2.0,2024.0,7.0,3.0,2024.0,2024.0,5.0,59.0,5.0,3024.0,298.77,2725.23,90.12003968253968,4200.0,4200.0,0.0,No Quality Issue,High Rejection,Good
RB-000349,Rift Bloom - Turbo Farm,Avalanche+,60.0,PREMIUM,40.0,80.0,3200.0,2024-02-25,2024-02-27,2024-02-29,2024-04-03,France,Interflora Russia,NAN,0.296,947.2,NAN,28.93,1.0,0.0,,OVERDUE,4.0,False,False,False,2.0,34.0,True,False,2024.0,2.0,1.0,2024.0,2.0,1.0,2024.0,2024.0,4.0,2.0,38.0,947.2,28.93,918.2700000000001,96.9457347972973,3200.0,3200.0,0.0,No Quality Issue,High Rejection,Good
RB-000404,Rift Bloom - Ziwa Farm,Cool Water,60.0,A,10.0,137.0,1370.0,2022-07-21,2022-07-21,2022-07-23,2022-07-25,Japan,Marks & Spencer Flowers,EUR,0.215,294.55,AIR FREIGHT,151.67,0.5,0.0,,PAID,3.0,False,False,False,2.0,2.0,True,False,2022.0,7.0,3.0,2022.0,7.0,3.0,2022.0,2022.0,7.0,0.0,4.0,294.55,151.67,142.88000000000002,48.50789339670685,1370.0,1370.0,0.0,No Quality Issue,High Rejection,Average
RB-002381,Rift Bloom - Timboroa Farm,freedom,70.0,,10.0,50.0,500.0,2023-04-14,2023-04-15,2023-04-19,2023-04-21,Switzerland,Local Wholesaler - Eldoret,USD,0.457,228.5,AIR FREIGHT,,3.7,0.0,,PAID,5.0,False,False,False,4.0,2.0,True,False,2023.0,4.0,2.0,2023.0,4.0,2.0,2023.0,2023.0,4.0,1.0,7.0,228.5,,,,500.0,500.0,0.0,No Quality Issue,High Rejection,Excellent
RB-000755,Rift Bloom - Ziwa Farm,Athena,50.0,B,40.0,325.0,13000.0,2022-09-22,2022-09-24,2022-09-26,2022-09-28,Germany,Tokyo Flower Market,USD,0.379,4927.0,AIR FREIGHT,245.01,2.9,13.0,Undersized Stems,NAN,1.0,False,False,False,2.0,2.0,True,False,2022.0,9.0,3.0,2022.0,9.0,3.0,2022.0,2022.0,9.0,2.0,6.0,4927.0,245.01,4681.99,95.02719707732899,13000.0,13000.0,0.1,Quality Issue,High Rejection,Poor
RB-000798,Rift Bloom - Kapseret Farm,FREEDOM,50.0,B,25.0,88.0,2200.0,2025-06-10,2025-06-10,2025-10-08,2025-12-10,Australia,Whole Foods Market,EUR,0.318,699.6,AIR FREIGHT,186.65,,12.0,Wilting,PAID,2.0,False,False,False,120.0,63.0,True,False,2025.0,6.0,2.0,2025.0,6.0,2.0,2025.0,2025.0,12.0,0.0,183.0,699.6,186.65,512.95,73.32046883933677,2200.0,2200.0,0.5454545454545455,Quality Issue,High Rejection,Poor
RB-001051,Rift Bloom - Moiben Farm,Vendela,70.0,B,20.0,169.0,3380.0,2026-07-06,2026-07-08,2026-09-07,2026-07-11,Japan,Whole Foods Market,USD,0.126,425.88,AIR FREIGHT,1018.31,0.7,0.0,,OVERDUE,1.0,False,False,False,61.0,-58.0,False,False,2026.0,7.0,3.0,2026.0,7.0,3.0,2026.0,2026.0,7.0,2.0,5.0,425.88,1018.31,-592.43,-139.1072602611064,3380.0,3380.0,0.0,No Quality Issue,High Rejection,Poor
RB-002459,Rift Bloom - Timboroa Farm,Yellow Babe,50.0,B,25.0,173.0,4325.0,2022-11-28,2022-11-30,2022-03-12,2022-12-05,Netherlands,Carrefour Flowers,USD,0.424,18338.0,AIR FREIGHT,,1.2,0.0,,PENDING,2.0,False,False,False,-263.0,268.0,False,False,2022.0,11.0,4.0,2022.0,11.0,4.0,2022.0,2022.0,12.0,2.0,7.0,18338.0,,,,4325.0,4325.0,0.0,No Quality Issue,High Rejection,Poor
RB-000954,Rift Bloom - Kesses Farm,Tibet,90.0,C,40.0,123.0,4920.0,2022-06-04,2022-04-06,2022-04-07,2022-04-13,USA,Carrefour Flowers,USD,0.404,1987.68,AIR FREIGHT,427.32,2.2,0.0,,PAID,5.0,False,False,False,1.0,6.0,True,False,2022.0,6.0,2.0,2022.0,4.0,2.0,2022.0,2022.0,4.0,-59.0,-52.0,1987.68,427.32,1560.3600000000001,78.50156966916204,4920.0,4920.0,0.0,No Quality Issue,High Rejection,Excellent
RB-001381,Rift Bloom - Turbo Farm,Cool Water,40.0,STANDARD,20.0,30.0,600.0,2024-08-15,2024-08-15,2024-08-19,2024-08-20,U.S.A,Carrefour Flowers,USD,0.11,66.0,AIR FREIGHT,483.46,2.2,7.0,,PENDING,4.0,False,False,False,4.0,1.0,True,False,2024.0,8.0,3.0,2024.0,8.0,3.0,2024.0,2024.0,8.0,0.0,5.0,66.0,483.46,-417.46,-632.5151515151515,600.0,600.0,1.1666666666666667,No Quality Issue,High Rejection,Good
RB-002212,Rift Bloom - Turbo Farm,Cool Water,40.0,PREMIUM,20.0,155.0,3100.0,2023-06-29,2023-06-30,2023-02-07,2023-08-07,Netherlands,Tokyo Flower Market,EUR,0.282,874.2,AIR FREIGHT,193.86,3.2,0.0,,NAN,4.0,False,False,False,-143.0,181.0,False,False,2023.0,6.0,2.0,2023.0,6.0,2.0,2023.0,2023.0,8.0,1.0,39.0,874.2,193.86,680.34,77.82429649965682,3100.0,3100.0,0.0,No Quality Issue,High Rejection,Good
RB-001823,Rift Bloom - Turbo Farm,Cool Water,90.0,PREMIUM,25.0,346.0,8650.0,2023-06-20,2023-06-20,2023-06-21,2023-06-22,United kingdom,Carrefour Flowers,EUR,0.285,2465.25,AIR FREIGHT,404.8,0.7,0.0,,PENDING,4.0,False,False,False,1.0,1.0,True,False,2023.0,6.0,2.0,2023.0,6.0,2.0,2023.0,2023.0,6.0,0.0,2.0,2465.25,404.8,2060.45,83.57975864516783,8650.0,8650.0,0.0,No Quality Issue,High Rejection,Good
RB-002126,Rift Bloom - Ziwa Farm,Tibet,60.0,STANDARD,10.0,63.0,630.0,2026-05-31,2026-06-01,2026-06-02,,Netherlands,Interflora Russia,KES,21.97,13841.1,NAN,394.09,2.8,0.0,,PENDING,4.0,False,False,False,1.0,,False,False,2026.0,5.0,2.0,2026.0,6.0,2.0,2026.0,,,1.0,,13841.1,394.09,13447.01,97.15275520009247,630.0,630.0,0.0,No Quality Issue,High Rejection,Good
RB-001902,Rift Bloom - Timboroa Farm,High & Magic,60.0,,10.0,183.0,1830.0,2025-06-28,2025-06-28,2025-06-30,2025-04-07,Germany,M-Farm Traders,NAN,0.236,431.88,AIR FREIGHT,726.59,2.1,29.0,Botrytis,NAN,5.0,False,False,False,2.0,-84.0,False,False,2025.0,6.0,2.0,2025.0,6.0,2.0,2025.0,2025.0,4.0,0.0,-82.0,431.88,726.59,-294.71000000000004,-68.2388626470316,1830.0,1830.0,1.5846994535519126,Quality Issue,High Rejection,Excellent
RB-000253,Rift Bloom - Timboroa Farm,High & Magic,70.0,PREMIUM,10.0,128.0,1280.0,2026-05-31,2026-06-02,2026-04-06,2026-08-06,Australia,Tokyo Flower Market,USD,0.124,158.72,AIR FREIGHT,275.59,0.1,0.0,,OVERDUE,4.0,False,False,False,-57.0,122.0,False,False,2026.0,5.0,2.0,2026.0,6.0,2.0,2026.0,2026.0,8.0,2.0,67.0,158.72,275.59,-116.86999999999998,-73.63281249999999,1280.0,1280.0,0.0,No Quality Issue,High Rejection,Good
RB-001757,Rift Bloom - Kapseret Farm,Vendela,60.0,C,10.0,141.0,1410.0,2024-09-19,2024-09-20,2024-09-23,2024-09-29,Germany,Aalsmeer Direct,USD,0.226,318.66,NAN,687.8,2.4,0.0,,NAN,4.0,False,False,False,3.0,6.0,True,False,2024.0,9.0,3.0,2024.0,9.0,3.0,2024.0,2024.0,9.0,1.0,10.0,318.66,687.8,-369.13999999999993,-115.84133559279479,1410.0,1410.0,0.0,No Quality Issue,High Rejection,Good
RB-001439,Rift Bloom - Kapseret Farm,High & Magic,50.0,,20.0,73.0,1460.0,2022-08-11,2022-08-13,2022-08-16,2022-08-20,Japan,Whole Foods Market,NAN,0.197,287.62,NAN,,,0.0,,PAID,3.0,False,False,False,3.0,4.0,True,False,2022.0,8.0,3.0,2022.0,8.0,3.0,2022.0,2022.0,8.0,2.0,9.0,287.62,,,,1460.0,1460.0,0.0,No Quality Issue,High Rejection,Average
RB-000559,Rift Bloom - Moiben Farm,Tibet,70.0,PREMIUM,10.0,125.0,1250.0,2025-04-16,2025-04-16,2025-04-17,2025-04-22,Poland,Blume2000,USD,0.573,716.25,AIR FREIGHT,81.77,2.1,0.0,,UNKNOWN,3.0,False,False,False,1.0,5.0,True,False,2025.0,4.0,2.0,2025.0,4.0,2.0,2025.0,2025.0,4.0,0.0,6.0,716.25,81.77,634.48,88.58359511343805,1250.0,1250.0,0.0,No Quality Issue,High Rejection,Average
RB-001578,Rift Bloom - Turbo Farm,Avalanche,70.0,,20.0,122.0,2440.0,2023-05-19,2023-05-20,2023-05-21,2023-05-25,Poland,Local Wholesaler - Eldoret,USD,0.517,1261.48,AIR FREIGHT,287.37,2.0,0.0,,PAID,3.0,False,False,False,1.0,4.0,True,False,2023.0,5.0,2.0,2023.0,5.0,2.0,2023.0,2023.0,5.0,1.0,6.0,1261.48,287.37,974.11,77.21961505533184,2440.0,2440.0,0.0,No Quality Issue,High Rejection,Average
RB-002813,Rift Bloom - Moiben Farm,Yellow Babe,60.0,A,10.0,225.0,2250.0,2022-10-11,,2022-10-17,2022-10-22,United Kingdom,Bloomon BV,EUR,0.35,787.5,AIR FREIGHT,768.31,0.4,0.0,,OVERDUE,3.0,False,False,False,,5.0,False,False,2022.0,10.0,4.0,,,,2022.0,2022.0,10.0,,11.0,787.5,768.31,19.190000000000055,2.436825396825404,2250.0,2250.0,0.0,No Quality Issue,High Rejection,Average
RB-001508,Rift Bloom - Kesses Farm,Peach Avalanche,80.0,A,25.0,78.0,1950.0,2024-04-10,2024-12-04,2024-04-16,2024-04-18,France,M-Farm Traders,NAN,0.322,627.9,UNKNOWN,121.39,0.0,0.0,,PAID,4.0,False,False,False,-232.0,2.0,False,False,2024.0,4.0,2.0,2024.0,12.0,4.0,2024.0,2024.0,4.0,238.0,8.0,627.9,121.39,506.51,80.66730371078197,1950.0,1950.0,0.0,No Quality Issue,High Rejection,Good
RB-001941,Rift Bloom - Ziwa Farm,Pink Floyd,40.0,B,10.0,207.0,2070.0,2026-01-25,2026-01-26,2026-01-30,2026-01-31,Japan,Marks & Spencer Flowers,USD,0.419,867.33,NAN,81.01,0.0,0.0,,PAID,3.0,False,False,False,4.0,1.0,True,False,2026.0,1.0,1.0,2026.0,1.0,1.0,2026.0,2026.0,1.0,1.0,6.0,867.33,81.01,786.32,90.65984112160308,2070.0,2070.0,0.0,No Quality Issue,High Rejection,Average
RB-000245,Rift Bloom - Turbo Farm,red naomi,80.0,PREMIUM,25.0,181.0,4525.0,2024-10-13,2024-10-13,2024-10-14,2024-10-16,Poland,Blume2000,KES,59.8,270595.0,AIR FREIGHT,121.71,3.4,0.0,,PENDING,3.0,False,False,False,1.0,2.0,True,False,2024.0,10.0,4.0,2024.0,10.0,4.0,2024.0,2024.0,10.0,0.0,3.0,270595.0,121.71,270473.29,99.95502134185776,4525.0,4525.0,0.0,No Quality Issue,High Rejection,Average
RB-000446,Rift Bloom - Ziwa Farm,Red Naomi,50.0,A,40.0,91.0,3640.0,2025-01-28,2025-01-30,2025-01-02,2025-05-02,Australia,Marks & Spencer Flowers,EUR,0.343,1248.52,AIR FREIGHT,84.13,3.5,0.0,,OVERDUE,3.0,False,False,False,-28.0,120.0,False,False,2025.0,1.0,1.0,2025.0,1.0,1.0,2025.0,2025.0,5.0,2.0,94.0,1248.52,84.13,1164.3899999999999,93.26162176016403,3640.0,3640.0,0.0,No Quality Issue,High Rejection,Average
RB-000539,Rift Bloom - Ziwa Farm,Freedom,70.0,UNKNOWN,40.0,94.0,3760.0,2024-05-09,2024-09-06,2024-10-09,2024-09-15,Netherlands,Bloomon BV,USD,0.191,718.16,NAN,517.09,0.6,0.0,,PAID,3.0,False,False,False,33.0,-24.0,False,False,2024.0,5.0,2.0,2024.0,9.0,3.0,2024.0,2024.0,9.0,120.0,129.0,718.16,517.09,201.06999999999994,27.997939177899067,3760.0,3760.0,0.0,No Quality Issue,High Rejection,Average
RB-001331,Rift Bloom - Kesses Farm,Peach Avalanche,50.0,C,40.0,95.0,3800.0,2024-08-10,2024-10-08,2024-08-13,2024-08-16,Poland,Dubai Flower Centre,KES,72.28,274664.0,ROAD THEN AIR,,2.9,0.0,,PAID,4.0,False,False,False,-56.0,3.0,False,False,2024.0,8.0,3.0,2024.0,10.0,4.0,2024.0,2024.0,8.0,59.0,6.0,274664.0,,,,3800.0,3800.0,0.0,No Quality Issue,High Rejection,Good
RB-000256,Rift Bloom - Turbo Farm,High & Magic,90.0,PREMIUM,20.0,157.0,3140.0,2022-04-16,2022-04-18,2022-04-20,2022-04-21,Norway,M-Farm Traders,NAN,0.392,1230.88,AIR FREIGHT,101.31,2.5,0.0,,PAID,2.0,False,False,False,2.0,1.0,True,False,2022.0,4.0,2.0,2022.0,4.0,2.0,2022.0,2022.0,4.0,2.0,5.0,1230.88,101.31,1129.5700000000002,91.76930326270636,3140.0,3140.0,0.0,No Quality Issue,High Rejection,Poor
RB-000452,Rift Bloom - Kapseret Farm,Cool Water,80.0,UNKNOWN,20.0,28.0,560.0,2023-08-27,2023-08-29,2023-08-31,2023-09-04,Germany,Dubai Flower Centre,NAN,0.271,151.76,AIR FREIGHT,264.47,3.9,34.0,Undersized Stems,PAID,4.0,False,False,False,2.0,4.0,True,False,2023.0,8.0,3.0,2023.0,8.0,3.0,2023.0,2023.0,9.0,2.0,8.0,151.76,264.47,-112.71000000000004,-74.26858197153403,560.0,560.0,6.071428571428571,Quality Issue,High Rejection,Good
RB-001489,Rift Bloom - Timboroa Farm,Vendela,60.0,B,20.0,98.0,1960.0,2022-06-02,,2022-08-02,2022-02-13,Switzerland,Carrefour Flowers,EUR,0.236,462.56,UNKNOWN,316.03,-0.6,0.0,,PENDING,5.0,False,False,True,,-170.0,False,False,2022.0,6.0,2.0,,,,2022.0,2022.0,2.0,,-109.0,462.56,316.03,146.53000000000003,31.678052576962994,1960.0,1960.0,0.0,No Quality Issue,High Rejection,Excellent
RB-001745,Rift Bloom - Turbo Farm,Explorer,60.0,PREMIUM,20.0,189.0,3780.0,2026-01-28,2026-01-28,2026-02-01,2026-02-03,UAE,Marks & Spencer Flowers,EUR,0.134,506.52,AIR FREIGHT,110.06,2.2,0.0,,PAID,4.0,False,False,False,4.0,2.0,True,False,2026.0,1.0,1.0,2026.0,1.0,1.0,2026.0,2026.0,2.0,0.0,6.0,506.52,110.06,396.46,78.27134170417752,3780.0,3780.0,0.0,No Quality Issue,High Rejection,Good
RB-002386,Rift Bloom - Turbo Farm,Yellow Babe,60.0,B,20.0,187.0,3740.0,2025-11-27,2025-11-29,2025-03-12,,Norway,Marks & Spencer Flowers,EUR,0.439,1641.86,AIR FREIGHT,752.46,4.5,0.0,,NAN,4.0,False,False,False,-262.0,,False,False,2025.0,11.0,4.0,2025.0,11.0,4.0,2025.0,,,2.0,,1641.86,752.46,889.3999999999999,54.170270303192716,3740.0,3740.0,0.0,No Quality Issue,High Rejection,Good
RB-002992,Rift Bloom - Turbo Farm,Yellow Babe,70.0,B,25.0,142.0,3550.0,2022-12-10,2022-10-14,,2022-10-16,Russia,Aalsmeer Direct,USD,0.502,1782.1,NAN,65.09,1.5,0.0,,PENDING,5.0,False,False,False,,,False,False,2022.0,12.0,4.0,2022.0,10.0,4.0,,2022.0,10.0,-57.0,-55.0,1782.1,65.09,1717.01,96.34756747657258,3550.0,3550.0,0.0,No Quality Issue,High Rejection,Excellent
RB-002454,Rift Bloom - Timboroa Farm,Explorer,50.0,PREMIUM,10.0,94.0,940.0,2023-01-10,2023-10-01,2023-01-13,2023-01-19,Poland,FloraHolland Auction,USD,0.414,389.16,NAN,420.63,0.7,0.0,,PAID,5.0,False,False,False,-261.0,6.0,False,False,2023.0,1.0,1.0,2023.0,10.0,4.0,2023.0,2023.0,1.0,264.0,9.0,389.16,420.63,-31.46999999999997,-8.086648165279055,940.0,940.0,0.0,No Quality Issue,High Rejection,Excellent
RB-002375,Rift Bloom - Kesses Farm,Vendela,40.0,,10.0,72.0,720.0,2025-01-19,2025-01-19,2025-01-23,2025-01-29,France,Whole Foods Market,EUR,0.304,218.88,ROAD THEN AIR,503.87,0.1,0.0,,PAID,5.0,False,False,False,4.0,6.0,True,False,2025.0,1.0,1.0,2025.0,1.0,1.0,2025.0,2025.0,1.0,0.0,10.0,218.88,503.87,-284.99,-130.20376461988306,720.0,720.0,0.0,No Quality Issue,High Rejection,Excellent
RB-000949,Rift Bloom - Kapseret Farm,Yellow Babe,60.0,C,10.0,48.0,480.0,2022-08-27,2022-08-27,2022-08-30,2022-03-09,France,Bloomon BV,USD,0.503,241.44,AIR FREIGHT,106.2,,0.0,,PAID,1.0,False,False,False,3.0,-174.0,False,False,2022.0,8.0,3.0,2022.0,8.0,3.0,2022.0,2022.0,3.0,0.0,-171.0,241.44,106.2,135.24,56.01391650099404,480.0,480.0,0.0,No Quality Issue,High Rejection,Poor
RB-000511,Rift Bloom - Ziwa Farm,Vendela,50.0,,40.0,84.0,3360.0,2022-11-11,2022-12-11,,2022-11-20,United kingdom,Bloomon BV,EUR,0.247,829.92,ROAD THEN AIR,641.45,4.1,0.0,,PAID,5.0,False,False,False,,,False,False,2022.0,11.0,4.0,2022.0,12.0,4.0,,2022.0,11.0,30.0,9.0,829.92,641.45,188.4699999999999,22.70941777520724,3360.0,3360.0,0.0,No Quality Issue,High Rejection,Excellent
RB-001509,Rift Bloom - Timboroa Farm,Yellow Babe,50.0,A,10.0,164.0,1640.0,2025-04-23,2025-04-23,2025-04-27,2025-05-03,Norway,Marks & Spencer Flowers,EUR,0.217,355.88,AIR FREIGHT,452.9,2.8,0.0,,PENDING,4.0,False,False,False,4.0,6.0,True,False,2025.0,4.0,2.0,2025.0,4.0,2.0,2025.0,2025.0,5.0,0.0,10.0,355.88,452.9,-97.01999999999998,-27.261998426435873,1640.0,1640.0,0.0,No Quality Issue,High Rejection,Good
RB-001903,Rift Bloom - Ziwa Farm,Sweetness,90.0,A,40.0,50.0,2000.0,2022-10-29,2022-10-29,2022-10-30,2022-11-01,The Netherlands,Whole Foods Market,KES,50.83,101660.0,AIR FREIGHT,44.77,-1.8,0.0,,NAN,4.0,False,False,True,1.0,2.0,True,False,2022.0,10.0,4.0,2022.0,10.0,4.0,2022.0,2022.0,11.0,0.0,3.0,101660.0,44.77,101615.23,99.955961046626,2000.0,2000.0,0.0,No Quality Issue,High Rejection,Good
RB-001332,Rift Bloom - Timboroa Farm,Mondial,70.0,,25.0,103.0,2575.0,2024-05-16,2024-05-17,2024-05-20,2024-05-24,Norway,Local Wholesaler - Eldoret,NAN,0.197,507.28,UNKNOWN,149.2,3.5,0.0,,NAN,2.0,False,False,False,3.0,4.0,True,False,2024.0,5.0,2.0,2024.0,5.0,2.0,2024.0,2024.0,5.0,1.0,8.0,507.28,149.2,358.08,70.58823529411765,2575.0,2575.0,0.0,No Quality Issue,High Rejection,Poor
RB-001310,Rift Bloom - Timboroa Farm,Explorer,70.0,B,10.0,53.0,530.0,2025-11-16,2025-11-17,2025-11-21,2025-11-23,Switzerland,Bloomon BV,NAN,0.469,248.57,AIR FREIGHT,133.68,1.3,0.0,,NAN,5.0,False,False,False,4.0,2.0,True,False,2025.0,11.0,4.0,2025.0,11.0,4.0,2025.0,2025.0,11.0,1.0,7.0,248.57,133.68,114.88999999999999,46.22038057689986,530.0,530.0,0.0,No Quality Issue,High Rejection,Excellent
RB-001919,Rift Bloom - Moiben Farm,Circus,90.0,UNKNOWN,25.0,62.0,1550.0,2024-12-18,2024-12-20,2024-12-23,2024-12-29,Germany,Tokyo Flower Market,KES,63.83,98936.5,AIR FREIGHT,226.0,4.4,0.0,,NAN,5.0,False,False,False,3.0,6.0,True,False,2024.0,12.0,4.0,2024.0,12.0,4.0,2024.0,2024.0,12.0,2.0,11.0,98936.5,226.0,98710.5,99.77157065390428,1550.0,1550.0,0.0,No Quality Issue,High Rejection,Excellent
RB-002671,Rift Bloom - Ziwa Farm,Avalanche,40.0,B,40.0,125.0,5000.0,2026-06-21,,2026-06-26,2026-06-27,usa,Blume2000,USD,0.159,795.0,AIR FREIGHT,,0.7,10.0,Petal Bruising,PAID,4.0,False,False,False,,1.0,False,False,2026.0,6.0,2.0,,,,2026.0,2026.0,6.0,,6.0,795.0,,,,5000.0,5000.0,0.2,Quality Issue,High Rejection,Good
RB-002472,Rift Bloom - Moiben Farm,Sweetness,-50.0,PREMIUM,10.0,101.0,1010.0,2023-04-05,2023-07-04,,2023-04-12,Australia,Tokyo Flower Market,USD,0.589,594.89,AIR FREIGHT,210.34,0.9,0.0,,PAID,3.0,False,False,False,,,False,False,2023.0,4.0,2.0,2023.0,7.0,3.0,,2023.0,4.0,90.0,7.0,594.89,210.34,384.54999999999995,64.64220276017414,1010.0,1010.0,0.0,No Quality Issue,High Rejection,Average
RB-001937,Rift Bloom - Kapseret Farm,Sweetness,60.0,STANDARD,20.0,172.0,3440.0,2023-01-28,2023-01-29,2023-02-02,2023-07-02,Norway,Interflora Russia,KES,42.12,1448928.0,AIR FREIGHT,99.08,0.3,0.0,,PAID,4.0,False,False,False,4.0,150.0,True,False,2023.0,1.0,1.0,2023.0,1.0,1.0,2023.0,2023.0,7.0,1.0,155.0,1448928.0,99.08,1448828.92,99.99316184103006,3440.0,3440.0,0.0,No Quality Issue,High Rejection,Good
RB-002469,Rift Bloom - Moiben Farm,Sweetness,50.0,PREMIUM,20.0,124.0,2480.0,2026-05-13,,2026-05-18,2026-05-24,France,Blume2000,EUR,0.431,1068.88,AIR FREIGHT,392.39,2.6,0.0,,PENDING,4.0,False,False,False,,6.0,False,False,2026.0,5.0,2.0,,,,2026.0,2026.0,5.0,,11.0,1068.88,392.39,676.4900000000001,63.28961155602126,2480.0,2480.0,0.0,No Quality Issue,High Rejection,Good
RB-002427,Rift Bloom - Kesses Farm,Tibet,80.0,A,25.0,173.0,4325.0,2025-12-26,2025-12-26,2025-12-27,2025-12-28,Australia,Carrefour Flowers,USD,0.338,1461.85,AIR FREIGHT,,1.9,44.0,,PAID,5.0,False,False,False,1.0,1.0,True,False,2025.0,12.0,4.0,2025.0,12.0,4.0,2025.0,2025.0,12.0,0.0,2.0,1461.85,,,,4325.0,4325.0,1.0173410404624277,No Quality Issue,High Rejection,Excellent
RB-001672,Rift Bloom - Kapseret Farm,Pink Floyd,60.0,A,40.0,169.0,6760.0,2024-04-08,2024-08-06,2024-10-08,2024-08-15,Russia,Carrefour Flowers,NAN,0.184,1243.84,AIR FREIGHT,,2.4,0.0,,NAN,4.0,False,False,False,63.0,-54.0,False,False,2024.0,4.0,2.0,2024.0,8.0,3.0,2024.0,2024.0,8.0,120.0,129.0,1243.84,,,,6760.0,6760.0,0.0,No Quality Issue,High Rejection,Good
RB-001701,Rift Bloom - Moiben Farm,Cool Water,40.0,PREMIUM,40.0,226.0,9040.0,2022-06-17,2022-06-17,2022-06-18,2022-06-21,Russia,Bloomon BV,EUR,0.365,3299.6,AIR FREIGHT,957.44,0.4,17.0,Wilting,NAN,5.0,False,False,False,1.0,3.0,True,False,2022.0,6.0,2.0,2022.0,6.0,2.0,2022.0,2022.0,6.0,0.0,4.0,3299.6,957.44,2342.16,70.98314947266336,9040.0,9040.0,0.18805309734513273,Quality Issue,High Rejection,Excellent
RB-001894,Rift Bloom - Timboroa Farm,High & Magic,60.0,C,25.0,125.0,3125.0,2026-01-08,2026-08-02,2026-08-04,2026-07-08,Germany,Carrefour Flowers,USD,0.309,965.62,NAN,150.5,0.4,0.0,,PAID,4.0,False,False,False,2.0,-27.0,False,False,2026.0,1.0,1.0,2026.0,8.0,3.0,2026.0,2026.0,7.0,206.0,181.0,965.62,150.5,815.12,84.41415877881569,3125.0,3125.0,0.0,No Quality Issue,High Rejection,Good
RB-001201,Rift Bloom - Turbo Farm,High & Magic,60.0,,40.0,126.0,5040.0,2023-10-14,2023-10-16,,2023-10-21,Australia,Dubai Flower Centre,USD,0.201,1013.04,ROAD THEN AIR,70.35,0.7,0.0,,PENDING,5.0,False,False,False,,,False,False,2023.0,10.0,4.0,2023.0,10.0,4.0,,2023.0,10.0,2.0,7.0,1013.04,70.35,942.6899999999999,93.05555555555556,5040.0,5040.0,0.0,No Quality Issue,High Rejection,Excellent
RB-002726,Rift Bloom - Kesses Farm,Tibet,50.0,C,40.0,27.0,1080.0,2025-05-16,2025-05-18,2025-05-20,2025-05-26,Poland,Tokyo Flower Market,EUR,0.283,305.64,AIR FREIGHT,671.02,0.9,33.0,Petal Bruising,PAID,2.0,False,False,False,2.0,6.0,True,False,2025.0,5.0,2.0,2025.0,5.0,2.0,2025.0,2025.0,5.0,2.0,10.0,305.64,671.02,-365.38,-119.54587095929851,1080.0,1080.0,3.0555555555555554,Quality Issue,High Rejection,Poor
RB-000664,Rift Bloom - Timboroa Farm,Sweetness,50.0,C,25.0,144.0,3600.0,2024-07-16,2024-07-17,2024-07-18,2024-07-20,United Kingdom,Tokyo Flower Market,USD,0.229,824.4,AIR FREIGHT,242.93,0.7,0.0,,PAID,3.0,False,False,False,1.0,2.0,True,False,2024.0,7.0,3.0,2024.0,7.0,3.0,2024.0,2024.0,7.0,1.0,4.0,824.4,242.93,581.47,70.53250849102378,3600.0,3600.0,0.0,No Quality Issue,High Rejection,Average
RB-000775,Rift Bloom - Moiben Farm,Explorer,40.0,B,40.0,93.0,3720.0,2025-05-22,2025-05-24,2025-05-28,2025-05-29,Japan,Blume2000,KES,43.81,162973.2,AIR FREIGHT,68.5,,0.0,,PAID,5.0,False,False,False,4.0,1.0,True,False,2025.0,5.0,2.0,2025.0,5.0,2.0,2025.0,2025.0,5.0,2.0,7.0,162973.2,68.5,162904.7,99.9579685494302,3720.0,3720.0,0.0,No Quality Issue,High Rejection,Excellent
RB-001122,Rift Bloom - Kesses Farm,Avalanche,50.0,PREMIUM,40.0,118.0,4720.0,2023-03-23,2023-03-25,2023-03-29,2023-04-04,Poland,M-Farm Traders,KES,39.65,187148.0,AIR FREIGHT,243.42,2.0,39.0,Undersized Stems,PAID,5.0,False,False,False,4.0,6.0,True,False,2023.0,3.0,1.0,2023.0,3.0,1.0,2023.0,2023.0,4.0,2.0,12.0,187148.0,243.42,186904.58,99.86993181866757,4720.0,4720.0,0.826271186440678,Quality Issue,High Rejection,Excellent
RB-000551,Rift Bloom - Kesses Farm,Avalanche,50.0,STANDARD,10.0,73.0,730.0,2024-08-12,2024-12-08,2024-12-11,2024-12-15,France,Carrefour Flowers,USD,0.34,248.2,AIR FREIGHT,89.27,-3.3,0.0,,OVERDUE,5.0,False,False,True,3.0,4.0,True,False,2024.0,8.0,3.0,2024.0,12.0,4.0,2024.0,2024.0,12.0,118.0,125.0,248.2,89.27,158.93,64.03303787268332,730.0,730.0,0.0,No Quality Issue,High Rejection,Excellent
RB-002579,Rift Bloom - Kesses Farm,Circus,70.0,B,10.0,226.0,2260.0,2023-07-26,2023-07-26,2023-07-28,2023-07-31,USA,Blume2000,USD,0.092,2079.2,NAN,154.58,4.3,0.0,,OVERDUE,4.0,False,False,False,2.0,3.0,True,False,2023.0,7.0,3.0,2023.0,7.0,3.0,2023.0,2023.0,7.0,0.0,5.0,2079.2,154.58,1924.62,92.56540977298961,2260.0,2260.0,0.0,No Quality Issue,High Rejection,Good
RB-000259,Rift Bloom - Timboroa Farm,Red-Naomi,70.0,A,25.0,158.0,3950.0,2023-12-25,2023-12-27,2023-12-31,2024-04-01,Germany,Interflora Russia,USD,0.354,1398.3,NAN,263.59,0.5,0.0,,NAN,4.0,False,False,False,4.0,92.0,True,False,2023.0,12.0,4.0,2023.0,12.0,4.0,2023.0,2024.0,4.0,2.0,98.0,1398.3,263.59,1134.71,81.14925266394908,3950.0,3950.0,0.0,No Quality Issue,High Rejection,Good
RB-000617,Rift Bloom - Kesses Farm,Vendela,50.0,A,10.0,61.0,610.0,2025-10-10,2025-10-11,2025-10-15,2025-10-16,USA,FloraHolland Auction,KES,59.67,36398.7,ROAD THEN AIR,,0.9,11.0,Stem Bent,PENDING,4.0,False,False,False,4.0,1.0,True,False,2025.0,10.0,4.0,2025.0,10.0,4.0,2025.0,2025.0,10.0,1.0,6.0,36398.7,,,,610.0,610.0,1.8032786885245904,Quality Issue,High Rejection,Good
RB-001812,Rift Bloom - Timboroa Farm,Cool Water,70.0,B,40.0,75.0,3000.0,2022-10-30,2022-10-31,2022-04-11,2022-11-07,USA,Aalsmeer Direct,USD,0.418,1254.0,AIR FREIGHT,333.23,0.5,0.0,,PAID,4.0,False,False,False,-203.0,210.0,False,False,2022.0,10.0,4.0,2022.0,10.0,4.0,2022.0,2022.0,11.0,1.0,8.0,1254.0,333.23,920.77,73.42663476874003,3000.0,3000.0,0.0,No Quality Issue,High Rejection,Good
RB-002226,Rift Bloom - Ziwa Farm,Cool Water,60.0,A,40.0,170.0,6800.0,2023-08-18,2023-08-20,2023-08-22,2023-08-27,Norway,Whole Foods Market,EUR,0.465,3162.0,AIR FREIGHT,156.85,3.3,0.0,,OVERDUE,5.0,False,False,False,2.0,5.0,True,False,2023.0,8.0,3.0,2023.0,8.0,3.0,2023.0,2023.0,8.0,2.0,9.0,3162.0,156.85,3005.15,95.03953194180899,6800.0,6800.0,0.0,No Quality Issue,High Rejection,Excellent
RB-000726,Rift Bloom - Timboroa Farm,freedom,80.0,PREMIUM,10.0,138.0,1380.0,2025-03-01,2025-04-01,2025-05-01,2025-01-08,Germany,Local Wholesaler - Eldoret,USD,0.372,513.36,AIR FREIGHT,,2.3,14.0,-,NAN,4.0,False,False,False,30.0,-113.0,False,True,2025.0,3.0,1.0,2025.0,4.0,2.0,2025.0,2025.0,1.0,31.0,-52.0,513.36,,,,1380.0,1380.0,1.0144927536231882,Quality Issue,High Rejection,Good
RB-001637,Rift Bloom - Turbo Farm,Freedom,60.0,B,10.0,137.0,1370.0,2023-02-16,2023-02-17,2023-02-21,2023-02-26,France,Whole Foods Market,NAN,0.212,290.44,AIR FREIGHT,226.39,0.4,0.0,,OVERDUE,4.0,False,False,False,4.0,5.0,True,False,2023.0,2.0,1.0,2023.0,2.0,1.0,2023.0,2023.0,2.0,1.0,10.0,290.44,226.39,64.05000000000001,22.05274755543314,1370.0,1370.0,0.0,No Quality Issue,High Rejection,Good
RB-002133,Rift Bloom - Kesses Farm,Cool Water,60.0,PREMIUM,20.0,125.0,2500.0,2026-01-20,2026-01-20,2026-01-22,2026-01-25,Germany,Whole Foods Market,NAN,0.264,660.0,AIR FREIGHT,,1.6,0.0,,PAID,4.0,False,False,False,2.0,3.0,True,False,2026.0,1.0,1.0,2026.0,1.0,1.0,2026.0,2026.0,1.0,0.0,5.0,660.0,,,,2500.0,2500.0,0.0,No Quality Issue,High Rejection,Good
RB-002036,Rift Bloom - Timboroa Farm,Peach Avalanche,70.0,B,20.0,60.0,1200.0,2023-10-08,2023-11-08,2023-08-13,2023-08-16,Germany,Blume2000,EUR,0.207,248.4,NAN,422.22,4.4,0.0,,PENDING,1.0,False,False,False,-87.0,3.0,False,False,2023.0,10.0,4.0,2023.0,11.0,4.0,2023.0,2023.0,8.0,31.0,-53.0,248.4,422.22,-173.82000000000002,-69.97584541062803,1200.0,1200.0,0.0,No Quality Issue,High Rejection,Poor
RB-001153,Rift Bloom - Turbo Farm,High & Magic,80.0,B,25.0,82.0,2050.0,2025-03-09,2025-11-03,2025-12-03,2025-03-13,UAE,Aalsmeer Direct,EUR,0.35,717.5,AIR FREIGHT,,2.1,0.0,,OVERDUE,2.0,False,False,False,30.0,-265.0,False,False,2025.0,3.0,1.0,2025.0,11.0,4.0,2025.0,2025.0,3.0,239.0,4.0,717.5,,,,2050.0,2050.0,0.0,No Quality Issue,High Rejection,Poor
RB-000056,Rift Bloom - Turbo Farm,Vendela,60.0,A,40.0,144.0,5760.0,2026-07-09,2026-07-10,2026-11-07,2026-07-13,United Arab Emirates,Interflora Russia,KES,54.6,314496.0,AIR FREIGHT,50.76,4.0,0.0,,NAN,3.0,False,False,False,120.0,-117.0,False,False,2026.0,7.0,3.0,2026.0,7.0,3.0,2026.0,2026.0,7.0,1.0,4.0,314496.0,50.76,314445.24,99.98385989010988,5760.0,5760.0,0.0,No Quality Issue,High Rejection,Average
RB-002037,Rift Bloom - Timboroa Farm,Red Naomi,80.0,,40.0,47.0,1880.0,2026-05-03,2026-06-03,2026-03-08,2026-03-09,United kingdom,FloraHolland Auction,EUR,0.448,842.24,AIR FREIGHT,369.39,-0.3,0.0,,PAID,5.0,False,False,True,-87.0,1.0,False,False,2026.0,5.0,2.0,2026.0,6.0,2.0,2026.0,2026.0,3.0,31.0,-55.0,842.24,369.39,472.85,56.14195478723405,1880.0,1880.0,0.0,No Quality Issue,High Rejection,Excellent
RB-002264,Rift Bloom - Ziwa Farm,Freedom,70.0,PREMIUM,20.0,151.0,3020.0,2025-04-16,2025-04-18,2025-04-19,2025-04-20,Australia,M-Farm Traders,KES,63.96,193159.2,UNKNOWN,75.15,1.1,0.0,,PENDING,4.0,False,False,False,1.0,1.0,True,False,2025.0,4.0,2.0,2025.0,4.0,2.0,2025.0,2025.0,4.0,2.0,4.0,193159.2,75.15,193084.05000000002,99.96109426835481,3020.0,3020.0,0.0,No Quality Issue,High Rejection,Good
RB-001897,Rift Bloom - Kapseret Farm,Yellow Babe,50.0,UNKNOWN,10.0,123.0,1230.0,2022-10-16,2022-10-18,2022-10-20,2022-10-23,Australia,Bloomon BV,EUR,0.404,496.92,AIR FREIGHT,64.95,,0.0,,NAN,5.0,True,False,False,2.0,3.0,True,False,2022.0,10.0,4.0,2022.0,10.0,4.0,2022.0,2022.0,10.0,2.0,7.0,496.92,64.95,431.97,86.92948563148998,1230.0,1230.0,0.0,No Quality Issue,High Rejection,Excellent
RB-000888,Rift Bloom - Timboroa Farm,Yellow Babe,80.0,A,25.0,137.0,3425.0,2022-05-01,2022-05-01,2022-08-01,2022-12-01,United Kingdom,Interflora Russia,EUR,0.386,1322.05,AIR FREIGHT,330.27,2.3,0.0,,PENDING,4.0,False,False,False,92.0,122.0,True,False,2022.0,5.0,2.0,2022.0,5.0,2.0,2022.0,2022.0,12.0,0.0,214.0,1322.05,330.27,991.78,75.01834272531296,3425.0,3425.0,0.0,No Quality Issue,High Rejection,Good
RB-000889,Rift Bloom - Ziwa Farm,Peach Avalanche,50.0,B,20.0,331.0,6620.0,2023-01-10,2023-02-10,2023-05-10,2023-09-10,Netherlands,Interflora Russia,USD,0.468,3098.16,ROAD THEN AIR,104.6,0.1,51.0,Botrytis,PAID,5.0,False,False,False,89.0,123.0,True,False,2023.0,1.0,1.0,2023.0,2.0,1.0,2023.0,2023.0,9.0,31.0,243.0,3098.16,104.6,2993.56,96.62380251504119,6620.0,6620.0,0.770392749244713,Quality Issue,High Rejection,Excellent
RB-002398,Rift Bloom - Timboroa Farm,Peach Avalanche,70.0,B,25.0,108.0,2700.0,2024-08-26,2024-08-26,2024-08-29,2024-02-09,United Kingdom,Bloomon BV,KES,10.4,28080.0,AIR FREIGHT,147.5,2.9,0.0,,PAID,3.0,False,False,False,3.0,-202.0,False,False,2024.0,8.0,3.0,2024.0,8.0,3.0,2024.0,2024.0,2.0,0.0,-199.0,28080.0,147.5,27932.5,99.4747150997151,2700.0,2700.0,0.0,No Quality Issue,High Rejection,Average
RB-001820,Rift Bloom - Ziwa Farm,Cool Water,80.0,PREMIUM,40.0,223.0,8920.0,2023-08-28,2023-08-30,2023-09-02,2023-09-07,Norway,Aalsmeer Direct,EUR,0.501,4468.92,AIR FREIGHT,312.57,0.5,0.0,,PAID,5.0,False,False,False,3.0,5.0,True,False,2023.0,8.0,3.0,2023.0,8.0,3.0,2023.0,2023.0,9.0,2.0,10.0,4468.92,312.57,4156.35,93.00569265057331,8920.0,8920.0,0.0,No Quality Issue,High Rejection,Excellent
RB-001234,Rift Bloom - Ziwa Farm,Tibet,60.0,B,10.0,86.0,860.0,2023-07-09,2023-11-07,2023-07-14,2023-07-20,U.A.E,Aalsmeer Direct,KES,59.41,51092.6,AIR FREIGHT,,1.2,42.0,Wilting,NAN,5.0,True,False,False,-116.0,6.0,False,False,2023.0,7.0,3.0,2023.0,11.0,4.0,2023.0,2023.0,7.0,121.0,11.0,51092.6,,,,860.0,860.0,4.883720930232558,Quality Issue,High Rejection,Excellent
RB-000499,Rift Bloom - Moiben Farm,High & Magic,90.0,,25.0,71.0,1775.0,2026-07-26,2026-07-28,2026-08-01,2026-06-08,Japan,Interflora Russia,USD,0.379,672.73,AIR FREIGHT,182.54,1.5,0.0,,NAN,4.0,False,False,False,4.0,-54.0,False,False,2026.0,7.0,3.0,2026.0,7.0,3.0,2026.0,2026.0,6.0,2.0,-48.0,672.73,182.54,490.19000000000005,72.86578567924725,1775.0,1775.0,0.0,No Quality Issue,High Rejection,Good
RB-000715,Rift Bloom - Turbo Farm,Vendela,80.0,UNKNOWN,20.0,118.0,2360.0,2026-03-13,2026-03-14,2026-03-15,2026-03-17,Australia,Interflora Russia,USD,0.434,1024.24,AIR FREIGHT,273.39,0.6,0.0,,PAID,5.0,False,False,False,1.0,2.0,True,False,2026.0,3.0,1.0,2026.0,3.0,1.0,2026.0,2026.0,3.0,1.0,4.0,1024.24,273.39,750.85,73.3080137467781,2360.0,2360.0,0.0,No Quality Issue,High Rejection,Excellent
RB-001057,Rift Bloom - Timboroa Farm,Pink Floyd,70.0,A,25.0,91.0,2275.0,2025-06-05,2025-07-06,2025-06-10,2025-06-14,Norway,Interflora Russia,EUR,0.277,630.18,AIR FREIGHT,401.41,3.5,0.0,,NAN,4.0,False,False,False,-26.0,4.0,False,False,2025.0,6.0,2.0,2025.0,7.0,3.0,2025.0,2025.0,6.0,31.0,9.0,630.18,401.41,228.76999999999992,36.30232631946427,2275.0,2275.0,0.0,No Quality Issue,High Rejection,Good
RB-002772,Rift Bloom - Moiben Farm,Explorer,70.0,STANDARD,20.0,61.0,1220.0,2022-09-09,2022-11-09,2022-09-13,2022-09-15,Japan,Interflora Russia,EUR,0.353,430.66,AIR FREIGHT,400.87,2.4,0.0,,OVERDUE,5.0,False,False,False,-57.0,2.0,False,False,2022.0,9.0,3.0,2022.0,11.0,4.0,2022.0,2022.0,9.0,61.0,6.0,430.66,400.87,29.79000000000002,6.917289741327269,1220.0,1220.0,0.0,No Quality Issue,High Rejection,Excellent
RB-000365,Rift Bloom - Ziwa Farm,Avalanche,60.0,B,10.0,123.0,1230.0,2023-11-03,2023-11-05,2023-11-06,2023-08-11,Switzerland,Local Wholesaler - Eldoret,USD,0.214,263.22,NAN,67.82,,0.0,,PAID,5.0,True,False,False,1.0,-87.0,False,False,2023.0,11.0,4.0,2023.0,11.0,4.0,2023.0,2023.0,8.0,2.0,-84.0,263.22,67.82,195.40000000000003,74.23448066256364,1230.0,1230.0,0.0,No Quality Issue,High Rejection,Excellent
RB-002337,Rift Bloom - Kesses Farm,Yellow Babe,40.0,A,25.0,85.0,2125.0,2024-10-06,2024-10-08,2024-09-10,2024-10-14,Netherlands,M-Farm Traders,EUR,0.251,533.38,AIR FREIGHT,730.13,0.5,0.0,,PENDING,3.0,False,False,False,-28.0,34.0,False,False,2024.0,10.0,4.0,2024.0,10.0,4.0,2024.0,2024.0,10.0,2.0,8.0,533.38,730.13,-196.75,-36.88739735273164,2125.0,2125.0,0.0,No Quality Issue,High Rejection,Average
RB-001728,Rift Bloom - Ziwa Farm,Mondial,50.0,A,20.0,143.0,2860.0,2022-01-09,2022-01-09,2022-09-02,2022-04-09,Poland,Local Wholesaler - Eldoret,NAN,0.364,1041.04,AIR FREIGHT,162.95,2.4,0.0,,PAID,3.0,False,False,False,236.0,-146.0,False,False,2022.0,1.0,1.0,2022.0,1.0,1.0,2022.0,2022.0,4.0,0.0,90.0,1041.04,162.95,878.0899999999999,84.34738338584492,2860.0,2860.0,0.0,No Quality Issue,High Rejection,Average
RB-001173,Rift Bloom - Ziwa Farm,Freedom,90.0,UNKNOWN,10.0,95.0,950.0,2024-08-06,2024-08-06,2024-10-08,2024-08-15,Australia,Marks & Spencer Flowers,USD,0.45,427.5,AIR FREIGHT,262.9,2.0,0.0,,OVERDUE,1.0,False,False,False,63.0,-54.0,False,False,2024.0,8.0,3.0,2024.0,8.0,3.0,2024.0,2024.0,8.0,0.0,9.0,427.5,262.9,164.60000000000002,38.502923976608194,950.0,950.0,0.0,No Quality Issue,High Rejection,Poor
RB-000801,Rift Bloom - Ziwa Farm,Mondial,70.0,STANDARD,40.0,148.0,5920.0,2025-06-07,2025-07-07,2025-07-11,2025-07-17,U.K.,Local Wholesaler - Eldoret,EUR,0.356,2107.52,ROAD THEN AIR,297.88,0.6,0.0,,OVERDUE,4.0,False,False,False,4.0,6.0,True,False,2025.0,6.0,2.0,2025.0,7.0,3.0,2025.0,2025.0,7.0,30.0,40.0,2107.52,297.88,1809.6399999999999,85.86585180686303,5920.0,5920.0,0.0,No Quality Issue,High Rejection,Good
RB-000618,Rift Bloom - Timboroa Farm,Sweetness,60.0,A,20.0,93.0,1860.0,2022-05-29,2022-05-30,2022-02-06,2022-07-06,United Arab Emirates,Local Wholesaler - Eldoret,UNKNOWN,0.597,1110.42,AIR FREIGHT,470.96,1.3,0.0,,OVERDUE,5.0,False,False,False,-113.0,150.0,False,False,2022.0,5.0,2.0,2022.0,5.0,2.0,2022.0,2022.0,7.0,1.0,38.0,1110.42,470.96,639.46,57.587219250373735,1860.0,1860.0,0.0,No Quality Issue,High Rejection,Excellent
RB-002042,Rift Bloom - Kapseret Farm,freedom,70.0,A,25.0,420.0,10500.0,2023-03-21,2023-03-21,2023-03-25,,Netherlands,M-Farm Traders,USD,0.392,4116.0,AIR FREIGHT,377.91,3.4,0.0,,OVERDUE,4.0,False,False,False,4.0,,False,False,2023.0,3.0,1.0,2023.0,3.0,1.0,2023.0,,,0.0,,4116.0,377.91,3738.09,90.81851311953353,10500.0,10500.0,0.0,No Quality Issue,High Rejection,Good
RB-000601,Rift Bloom - Ziwa Farm,Sweetness,90.0,PREMIUM,20.0,216.0,4320.0,2025-09-22,2025-09-23,2025-09-25,2025-09-29,The Netherlands,Marks & Spencer Flowers,USD,0.362,1563.84,AIR FREIGHT,288.27,0.7,0.0,,PENDING,4.0,False,False,False,2.0,4.0,True,False,2025.0,9.0,3.0,2025.0,9.0,3.0,2025.0,2025.0,9.0,1.0,7.0,1563.84,288.27,1275.57,81.56652854511971,4320.0,4320.0,0.0,No Quality Issue,High Rejection,Good
RB-000335,Rift Bloom - Ziwa Farm,High & Magic,70.0,B,25.0,131.0,3275.0,2025-07-03,2025-08-03,2025-03-11,2025-03-15,Russia,Whole Foods Market,USD,0.538,1761.95,AIR FREIGHT,472.39,3.5,0.0,,PAID,4.0,False,False,False,-145.0,4.0,False,False,2025.0,7.0,3.0,2025.0,8.0,3.0,2025.0,2025.0,3.0,31.0,-110.0,1761.95,472.39,1289.56,73.1893640568688,3275.0,3275.0,0.0,No Quality Issue,High Rejection,Good
RB-001858,Rift Bloom - Turbo Farm,Pink Floyd,70.0,C,25.0,8.0,200.0,2022-08-04,2022-04-10,2022-04-12,2022-04-18,NL,Marks & Spencer Flowers,NAN,0.219,43.8,AIR FREIGHT,213.42,3.3,0.0,,PAID,3.0,False,False,False,2.0,6.0,True,False,2022.0,8.0,3.0,2022.0,4.0,2.0,2022.0,2022.0,4.0,-116.0,-108.0,43.8,213.42,-169.62,-387.26027397260276,200.0,200.0,0.0,No Quality Issue,High Rejection,Average
RB-002301,Rift Bloom - Turbo Farm,Peach Avalanche,50.0,UNKNOWN,10.0,188.0,1880.0,2025-07-03,,,2025-07-07,USA,Dubai Flower Centre,EUR,0.492,924.96,NAN,102.53,1.6,0.0,,OVERDUE,4.0,True,False,False,,,False,False,2025.0,7.0,3.0,,,,,2025.0,7.0,,4.0,924.96,102.53,822.4300000000001,88.91519633281439,1880.0,1880.0,0.0,No Quality Issue,High Rejection,Good
RB-000305,Rift Bloom - Kapseret Farm,Pink Floyd,50.0,A,20.0,65.0,1300.0,2024-09-07,2024-11-07,2024-12-07,2024-07-18,Russia,Whole Foods Market,KES,60.71,78923.0,AIR FREIGHT,426.99,0.1,0.0,,PAID,2.0,False,False,False,30.0,-142.0,False,False,2024.0,9.0,3.0,2024.0,11.0,4.0,2024.0,2024.0,7.0,61.0,-51.0,78923.0,426.99,78496.01,99.45897900485282,1300.0,1300.0,0.0,No Quality Issue,High Rejection,Poor
RB-000981,Rift Bloom - Kesses Farm,Yellow Babe,90.0,PREMIUM,40.0,119.0,4760.0,2026-07-10,2026-10-07,,2026-07-14,Netherlands,Blume2000,KES,27.43,130566.8,ROAD THEN AIR,468.98,-2.1,0.0,,PAID,5.0,False,False,True,,,False,False,2026.0,7.0,3.0,2026.0,10.0,4.0,,2026.0,7.0,89.0,4.0,130566.8,468.98,130097.82,99.64081221259923,4760.0,4760.0,0.0,No Quality Issue,High Rejection,Excellent
RB-002132,Rift Bloom - Ziwa Farm,Explorer,90.0,,25.0,137.0,3425.0,2025-05-31,2025-06-01,2025-05-06,2025-06-06,France,Aalsmeer Direct,USD,0.283,969.27,ROAD THEN AIR,144.94,2.5,0.0,,PENDING,2.0,False,False,False,-26.0,31.0,False,False,2025.0,5.0,2.0,2025.0,6.0,2.0,2025.0,2025.0,6.0,1.0,6.0,969.27,144.94,824.3299999999999,85.04647827746655,3425.0,3425.0,0.0,No Quality Issue,High Rejection,Poor
RB-000919,rift bloom turbo farm,Yellow Babe,40.0,PREMIUM,10.0,39.0,390.0,2026-05-04,2026-06-04,2026-09-04,2026-12-04,United Arab Emirates,M-Farm Traders,KES,48.75,19012.5,AIR FREIGHT,191.19,1.5,22.0,Petal Bruising,PAID,2.0,False,False,False,92.0,91.0,True,False,2026.0,5.0,2.0,2026.0,6.0,2.0,2026.0,2026.0,12.0,31.0,214.0,19012.5,191.19,18821.31,98.99439842209074,390.0,390.0,5.641025641025641,Quality Issue,High Rejection,Poor
RB-001080,Rift Bloom - Kapseret Farm,Sweetness,70.0,,10.0,45.0,450.0,2023-08-19,2023-08-19,2023-08-20,2023-08-21,Netherlands,Marks & Spencer Flowers,EUR,0.212,95.4,ROAD THEN AIR,413.66,2.1,0.0,,PENDING,2.0,False,False,False,1.0,1.0,True,False,2023.0,8.0,3.0,2023.0,8.0,3.0,2023.0,2023.0,8.0,0.0,2.0,95.4,413.66,-318.26,-333.6058700209643,450.0,450.0,0.0,No Quality Issue,High Rejection,Poor
RB-000582,Rift Bloom - Kapseret Farm,Explorer,50.0,STANDARD,40.0,260.0,10400.0,2023-04-09,2023-06-09,2023-08-09,2023-09-12,USA,Interflora Russia,EUR,0.254,2641.6,AIR FREIGHT,221.2,2.0,35.0,Undersized Stems,PENDING,3.0,False,False,False,61.0,34.0,True,False,2023.0,4.0,2.0,2023.0,6.0,2.0,2023.0,2023.0,9.0,61.0,156.0,2641.6,221.2,2420.4,91.62628709872806,10400.0,10400.0,0.33653846153846156,Quality Issue,High Rejection,Average
RB-002969,Rift Bloom - Moiben Farm,Sweetness,80.0,,40.0,187.0,7480.0,2026-09-04,2026-09-04,,2026-04-18,Norway,Carrefour Flowers,USD,0.258,1929.84,AIR FREIGHT,240.87,2.4,0.0,,PAID,4.0,False,False,False,,,False,False,2026.0,9.0,3.0,2026.0,9.0,3.0,,2026.0,4.0,0.0,-139.0,1929.84,240.87,1688.9699999999998,87.51865439621936,7480.0,7480.0,0.0,No Quality Issue,High Rejection,Good
RB-001617,Rift Bloom - Ziwa Farm,Athena,90.0,B,20.0,36.0,720.0,2022-09-22,2022-09-22,2022-09-23,2022-09-25,Russia,Marks & Spencer Flowers,UNKNOWN,0.206,148.32,AIR FREIGHT,307.38,1.8,0.0,,PAID,3.0,False,False,False,1.0,2.0,True,False,2022.0,9.0,3.0,2022.0,9.0,3.0,2022.0,2022.0,9.0,0.0,3.0,148.32,307.38,-159.06,-107.2411003236246,720.0,720.0,0.0,No Quality Issue,High Rejection,Average
RB-001275,Rift Bloom - Timboroa Farm,Cool Water,70.0,B,40.0,274.0,10960.0,2024-01-12,2024-01-12,2024-02-12,2024-07-12,France,Whole Foods Market,KES,36.27,397519.2,AIR FREIGHT,194.94,1.7,0.0,,PAID,4.0,False,False,False,31.0,151.0,True,False,2024.0,1.0,1.0,2024.0,1.0,1.0,2024.0,2024.0,7.0,0.0,182.0,397519.2,194.94,397324.26,99.95096085924907,10960.0,10960.0,0.0,No Quality Issue,High Rejection,Good
RB-001285,Rift Bloom - Kapseret Farm,Avalanche+,50.0,A,10.0,92.0,920.0,2023-11-06,2023-11-06,2023-06-13,2023-06-16,USA,Interflora Russia,USD,0.272,250.24,ROAD THEN AIR,107.79,3.2,0.0,,PAID,5.0,False,False,False,-146.0,3.0,False,False,2023.0,11.0,4.0,2023.0,11.0,4.0,2023.0,2023.0,6.0,0.0,-143.0,250.24,107.79,142.45,56.92535166240409,920.0,920.0,0.0,No Quality Issue,High Rejection,Excellent
RB-001195,Rift Bloom - Kesses Farm,Tibet,40.0,STANDARD,20.0,88.0,1760.0,2024-09-17,2024-09-17,2024-09-19,2024-09-25,Russia,Aalsmeer Direct,USD,0.529,931.04,AIR FREIGHT,312.52,4.2,0.0,,PAID,4.0,False,False,False,2.0,6.0,True,False,2024.0,9.0,3.0,2024.0,9.0,3.0,2024.0,2024.0,9.0,0.0,8.0,931.04,312.52,618.52,66.43323595119438,1760.0,1760.0,0.0,No Quality Issue,High Rejection,Good
RB-000829,Rift Bloom - Kesses Farm,Tibet,60.0,STANDARD,25.0,203.0,5075.0,2022-06-10,2022-06-10,2022-07-10,2022-11-10,France,Local Wholesaler - Eldoret,EUR,0.314,1593.55,AIR FREIGHT,,3.1,0.0,,PENDING,5.0,False,False,False,30.0,123.0,True,False,2022.0,6.0,2.0,2022.0,6.0,2.0,2022.0,2022.0,11.0,0.0,153.0,1593.55,,,,5075.0,5075.0,0.0,No Quality Issue,High Rejection,Excellent
RB-000992,Rift Bloom - Kesses Farm,Freedom,40.0,C,25.0,266.0,6650.0,2025-06-24,2025-06-25,2025-06-27,2025-06-30,USA,Local Wholesaler - Eldoret,USD,0.278,1848.7,NAN,390.8,1.0,0.0,,PAID,4.0,False,False,False,2.0,3.0,True,False,2025.0,6.0,2.0,2025.0,6.0,2.0,2025.0,2025.0,6.0,1.0,6.0,1848.7,390.8,1457.9,78.86082111754206,6650.0,6650.0,0.0,No Quality Issue,High Rejection,Good
RB-001198,Rift Bloom - Kesses Farm,High & Magic,70.0,B,20.0,72.0,1440.0,2023-08-24,2023-08-25,2023-08-27,2023-08-31,United Arab Emirates,Marks & Spencer Flowers,USD,0.305,439.2,AIR FREIGHT,153.44,2.4,0.0,,PAID,5.0,False,False,False,2.0,4.0,True,False,2023.0,8.0,3.0,2023.0,8.0,3.0,2023.0,2023.0,8.0,1.0,7.0,439.2,153.44,285.76,65.06375227686702,1440.0,1440.0,0.0,No Quality Issue,High Rejection,Excellent
RB-001196,Rift Bloom - Timboroa Farm,Pink Floyd,80.0,PREMIUM,10.0,67.0,670.0,2022-09-17,2022-09-19,2022-09-23,2022-09-27,Australia,M-Farm Traders,KES,54.21,36320.7,AIR FREIGHT,219.6,1.9,0.0,,NAN,4.0,False,False,False,4.0,4.0,True,False,2022.0,9.0,3.0,2022.0,9.0,3.0,2022.0,2022.0,9.0,2.0,10.0,36320.7,219.6,36101.1,99.39538610214011,670.0,670.0,0.0,No Quality Issue,High Rejection,Good
RB-001825,Rift Bloom - Ziwa Farm,Yellow Babe,80.0,A,20.0,48.0,960.0,2024-08-21,2024-08-23,2024-08-27,2024-08-31,Russia,Blume2000,EUR,0.506,485.76,AIR FREIGHT,138.97,1.8,9.0,,PAID,3.0,False,False,False,4.0,4.0,True,False,2024.0,8.0,3.0,2024.0,8.0,3.0,2024.0,2024.0,8.0,2.0,10.0,485.76,138.97,346.78999999999996,71.39122200263503,960.0,960.0,0.9375,No Quality Issue,High Rejection,Average
RB-001862,Rift Bloom - Kapseret Farm,Peach Avalanche,60.0,B,25.0,97.0,2425.0,2026-03-02,2026-03-04,2026-03-06,2026-08-03,USA,Tokyo Flower Market,KES,8.19,19860.75,NAN,241.79,0.5,5.0,-,PAID,5.0,False,False,False,2.0,150.0,True,True,2026.0,3.0,1.0,2026.0,3.0,1.0,2026.0,2026.0,8.0,2.0,154.0,19860.75,241.79,19618.96,98.7825736691716,2425.0,2425.0,0.2061855670103093,Quality Issue,High Rejection,Excellent
RB-001351,Rift Bloom - Moiben Farm,Tibet,90.0,PREMIUM,40.0,196.0,7840.0,2025-08-29,2025-08-30,2025-09-01,2025-05-09,USA,Local Wholesaler - Eldoret,USD,0.209,1638.56,AIR FREIGHT,125.91,2.9,0.0,,PAID,4.0,False,False,False,2.0,-115.0,False,False,2025.0,8.0,3.0,2025.0,8.0,3.0,2025.0,2025.0,5.0,1.0,-112.0,1638.56,125.91,1512.6499999999999,92.31581388536276,7840.0,7840.0,0.0,No Quality Issue,High Rejection,Good
RB-001528,Rift Bloom - Turbo Farm,Athena,80.0,STANDARD,20.0,111.0,2220.0,2022-07-04,2022-07-04,2022-09-04,2022-04-15,Netherlands,Local Wholesaler - Eldoret,EUR,0.35,777.0,AIR FREIGHT,197.85,2.7,0.0,,PAID,4.0,False,False,False,62.0,-142.0,False,False,2022.0,7.0,3.0,2022.0,7.0,3.0,2022.0,2022.0,4.0,0.0,-80.0,777.0,197.85,579.15,74.53667953667953,2220.0,2220.0,0.0,No Quality Issue,High Rejection,Good
RB-002425,Rift Bloom - Turbo Farm,Yellow Babe,80.0,PREMIUM,25.0,139.0,3475.0,2026-03-20,2026-03-20,2026-03-23,2026-03-28,Poland,M-Farm Traders,NAN,0.151,524.73,NAN,299.23,0.6,0.0,,NAN,5.0,False,False,False,3.0,5.0,True,False,2026.0,3.0,1.0,2026.0,3.0,1.0,2026.0,2026.0,3.0,0.0,8.0,524.73,299.23,225.5,42.97448211461132,3475.0,3475.0,0.0,No Quality Issue,High Rejection,Excellent
RB-000410,Rift Bloom - Kesses Farm,High & Magic,70.0,A,25.0,57.0,1425.0,2022-11-12,2022-11-12,2022-12-14,2022-12-15,France,M-Farm Traders,EUR,0.57,812.25,ROAD THEN AIR,407.66,1.6,0.0,,PENDING,5.0,False,False,False,32.0,1.0,True,False,2022.0,11.0,4.0,2022.0,11.0,4.0,2022.0,2022.0,12.0,0.0,33.0,812.25,407.66,404.59,49.811018775007696,1425.0,1425.0,0.0,No Quality Issue,High Rejection,Excellent
RB-000676,Rift Bloom - Timboroa Farm,Mondial,70.0,A,25.0,93.0,2325.0,2024-12-30,2025-01-01,2025-01-04,2025-06-01,Germany,Whole Foods Market,EUR,0.472,1097.4,AIR FREIGHT,293.96,1.8,0.0,,NAN,4.0,False,False,False,3.0,148.0,True,False,2024.0,12.0,4.0,2025.0,1.0,1.0,2025.0,2025.0,6.0,2.0,153.0,1097.4,293.96,803.44,73.2130490249681,2325.0,2325.0,0.0,No Quality Issue,High Rejection,Good
RB-000298,Rift Bloom - Kesses Farm,Circus,50.0,A,40.0,86.0,3440.0,2026-03-26,2026-03-28,2026-03-31,2026-04-05,Germany,Carrefour Flowers,EUR,0.552,1898.88,ROAD THEN AIR,160.56,1.5,0.0,,PENDING,5.0,False,False,False,3.0,5.0,True,False,2026.0,3.0,1.0,2026.0,3.0,1.0,2026.0,2026.0,4.0,2.0,10.0,1898.88,160.56,1738.3200000000002,91.54448938321538,3440.0,3440.0,0.0,No Quality Issue,High Rejection,Excellent
RB-002079,Rift Bloom - Ziwa Farm,avalanche,60.0,PREMIUM,10.0,76.0,760.0,2024-06-13,2024-06-15,2024-06-17,2024-06-18,Switzerland,Whole Foods Market,KES,51.22,38927.2,AIR FREIGHT,212.65,1.9,0.0,,PENDING,5.0,False,False,False,2.0,1.0,True,False,2024.0,6.0,2.0,2024.0,6.0,2.0,2024.0,2024.0,6.0,2.0,5.0,38927.2,212.65,38714.549999999996,99.45372387430896,760.0,760.0,0.0,No Quality Issue,High Rejection,Excellent
RB-002020,Rift Bloom - Ziwa Farm,Tibet,90.0,PREMIUM,10.0,96.0,960.0,2023-04-18,2023-04-18,2023-04-19,2023-04-20,France,Blume2000,KES,51.61,49545.6,AIR FREIGHT,410.9,1.2,0.0,,NAN,3.0,False,False,False,1.0,1.0,True,False,2023.0,4.0,2.0,2023.0,4.0,2.0,2023.0,2023.0,4.0,0.0,2.0,49545.6,410.9,49134.7,99.17066298520957,960.0,960.0,0.0,No Quality Issue,High Rejection,Average
RB-000729,Rift Bloom - Turbo Farm,Avalanche,70.0,A,40.0,71.0,2840.0,2024-12-06,2024-06-14,2024-06-16,2024-06-19,Japan,Blume2000,USD,0.188,533.92,AIR FREIGHT,480.86,1.7,0.0,,PENDING,4.0,False,False,False,2.0,3.0,True,False,2024.0,12.0,4.0,2024.0,6.0,2.0,2024.0,2024.0,6.0,-175.0,-170.0,533.92,480.86,53.059999999999945,9.937818399760253,2840.0,2840.0,0.0,No Quality Issue,High Rejection,Good
RB-001622,Rift Bloom - Moiben Farm,Avalanche,40.0,PREMIUM,25.0,53.0,1325.0,2024-09-15,2024-09-15,2024-09-16,2024-09-21,USA,Dubai Flower Centre,EUR,0.243,321.97,NAN,409.19,4.1,59.0,Cold Chain Break,PAID,4.0,False,False,False,1.0,5.0,True,False,2024.0,9.0,3.0,2024.0,9.0,3.0,2024.0,2024.0,9.0,0.0,6.0,321.97,409.19,-87.21999999999997,-27.089480386371388,1325.0,1325.0,4.452830188679245,Quality Issue,High Rejection,Good
RB-001347,Rift Bloom - Kapseret Farm,Avalanche,40.0,PREMIUM,25.0,55.0,1375.0,2026-07-25,2026-07-25,2026-07-29,2026-08-03,Switzerland,Interflora Russia,NAN,0.279,383.63,ROAD THEN AIR,296.02,2.7,0.0,,UNKNOWN,4.0,False,False,False,4.0,5.0,True,False,2026.0,7.0,3.0,2026.0,7.0,3.0,2026.0,2026.0,8.0,0.0,9.0,383.63,296.02,87.61000000000001,22.83710867241874,1375.0,1375.0,0.0,No Quality Issue,High Rejection,Good
RB-001308,Rift Bloom - Kesses Farm,Cool Water,50.0,C,20.0,63.0,1260.0,2022-10-31,2022-02-11,2022-04-11,2022-08-11,France,Whole Foods Market,KES,46.8,58968.0,AIR FREIGHT,232.88,4.0,0.0,,NAN,5.0,False,False,False,59.0,122.0,True,False,2022.0,10.0,4.0,2022.0,2.0,1.0,2022.0,2022.0,8.0,-262.0,-81.0,58968.0,232.88,58735.12,99.60507393840727,1260.0,1260.0,0.0,No Quality Issue,High Rejection,Excellent
RB-000894,Rift Bloom - Timboroa Farm,Avalanche,40.0,PREMIUM,40.0,28.0,1120.0,2023-05-02,2023-02-06,2023-08-02,2023-09-02,Norway,Bloomon BV,EUR,0.495,554.4,ROAD THEN AIR,,2.9,0.0,,PAID,4.0,False,False,False,177.0,31.0,True,False,2023.0,5.0,2.0,2023.0,2.0,1.0,2023.0,2023.0,9.0,-85.0,123.0,554.4,,,,1120.0,1120.0,0.0,No Quality Issue,High Rejection,Good
RB-001673,Rift Bloom - Moiben Farm,Cool Water,50.0,,10.0,182.0,1820.0,,2025-11-20,,2025-11-30,Australia,Aalsmeer Direct,KES,63.57,115697.4,AIR FREIGHT,,4.4,0.0,,PAID,2.0,False,False,False,,,False,False,,,,2025.0,11.0,4.0,,2025.0,11.0,,,115697.4,,,,1820.0,1820.0,0.0,No Quality Issue,High Rejection,Poor
RB-000182,Rift Bloom - Turbo Farm,Vendela,60.0,A,10.0,181.0,1810.0,2022-05-07,2022-07-07,2022-07-11,2022-07-16,Switzerland,Marks & Spencer Flowers,EUR,0.372,673.32,ROAD THEN AIR,354.16,3.1,0.0,,PENDING,4.0,False,False,False,4.0,5.0,True,False,2022.0,5.0,2.0,2022.0,7.0,3.0,2022.0,2022.0,7.0,61.0,70.0,673.32,354.16,319.16,47.40093863244817,1810.0,1810.0,0.0,No Quality Issue,High Rejection,Good
RB-002964,Rift Bloom - Turbo Farm,Sweetness,60.0,PREMIUM,25.0,178.0,4450.0,2023-10-20,2023-10-21,2023-10-22,2023-10-23,Russia,Marks & Spencer Flowers,EUR,0.316,1406.2,AIR FREIGHT,224.95,2.5,12.0,,PAID,5.0,False,False,False,1.0,1.0,True,False,2023.0,10.0,4.0,2023.0,10.0,4.0,2023.0,2023.0,10.0,1.0,3.0,1406.2,224.95,1181.25,84.00298677286303,4450.0,4450.0,0.2696629213483146,No Quality Issue,High Rejection,Excellent
RB-000294,Rift Bloom - Turbo Farm,Mondial,80.0,STANDARD,40.0,221.0,8840.0,2023-04-15,2023-04-16,2023-04-17,2023-04-21,uk,M-Farm Traders,EUR,0.434,3836.56,AIR FREIGHT,1041.08,2.2,0.0,,PENDING,4.0,False,False,False,1.0,4.0,True,False,2023.0,4.0,2.0,2023.0,4.0,2.0,2023.0,2023.0,4.0,1.0,6.0,3836.56,1041.08,2795.48,72.8642325416519,8840.0,8840.0,0.0,No Quality Issue,High Rejection,Good
RB-000202,Rift Bloom - Timboroa Farm,Avalanche,50.0,C,20.0,162.0,3240.0,2022-01-14,2022-01-14,2022-01-18,2022-01-19,United Kingdom,Dubai Flower Centre,NAN,0.41,1328.4,AIR FREIGHT,231.78,2.1,0.0,,PAID,3.0,False,False,False,4.0,1.0,True,False,2022.0,1.0,1.0,2022.0,1.0,1.0,2022.0,2022.0,1.0,0.0,5.0,1328.4,231.78,1096.6200000000001,82.55194218608854,3240.0,3240.0,0.0,No Quality Issue,High Rejection,Average
RB-002148,Rift Bloom - Timboroa Farm,Explorer,60.0,A,40.0,167.0,6680.0,2023-01-14,,2023-01-18,2023-01-19,Australia,FloraHolland Auction,USD,0.315,2104.2,ROAD THEN AIR,259.57,0.4,0.0,,PENDING,3.0,False,False,False,,1.0,False,False,2023.0,1.0,1.0,,,,2023.0,2023.0,1.0,,5.0,2104.2,259.57,1844.6299999999999,87.66419541868645,6680.0,6680.0,0.0,No Quality Issue,High Rejection,Average
RB-000532,Rift Bloom - Ziwa Farm,Athena,70.0,,10.0,184.0,1840.0,2023-07-17,2023-07-17,2023-07-20,2023-07-26,Australia,Whole Foods Market,EUR,0.483,888.72,AIR FREIGHT,163.61,1.0,0.0,,OVERDUE,5.0,False,False,False,3.0,6.0,True,False,2023.0,7.0,3.0,2023.0,7.0,3.0,2023.0,2023.0,7.0,0.0,9.0,888.72,163.61,725.11,81.59037717166262,1840.0,1840.0,0.0,No Quality Issue,High Rejection,Excellent
RB-001432,Rift Bloom - Ziwa Farm,Circus,50.0,C,25.0,195.0,4875.0,2025-07-04,2025-09-04,2025-04-13,2025-04-19,Switzerland,FloraHolland Auction,USD,0.196,955.5,AIR FREIGHT,172.69,0.4,0.0,,PAID,4.0,False,False,False,-144.0,6.0,False,False,2025.0,7.0,3.0,2025.0,9.0,3.0,2025.0,2025.0,4.0,62.0,-76.0,955.5,172.69,782.81,81.92673992673993,4875.0,4875.0,0.0,No Quality Issue,High Rejection,Good
RB-000200,Rift Bloom - Kapseret Farm,Freedom,50.0,A,40.0,40.0,1600.0,2026-03-10,2026-03-10,2026-03-13,2026-03-16,Germany,Marks & Spencer Flowers,EUR,0.439,702.4,AIR FREIGHT,528.18,2.0,0.0,,PAID,5.0,False,False,False,3.0,3.0,True,False,2026.0,3.0,1.0,2026.0,3.0,1.0,2026.0,2026.0,3.0,0.0,6.0,702.4,528.18,174.22000000000003,24.803530751708433,1600.0,1600.0,0.0,No Quality Issue,High Rejection,Excellent
RB-002526,Rift Bloom - Ziwa Farm,Sweetness,60.0,A,20.0,203.0,4060.0,2026-04-18,2026-04-19,2026-04-20,2026-04-23,Russia,Local Wholesaler - Eldoret,USD,0.538,2184.28,AIR FREIGHT,855.53,1.6,0.0,,NAN,4.0,False,False,False,1.0,3.0,True,False,2026.0,4.0,2.0,2026.0,4.0,2.0,2026.0,2026.0,4.0,1.0,5.0,2184.28,855.53,1328.7500000000002,60.83240243924772,4060.0,4060.0,0.0,No Quality Issue,High Rejection,Good
RB-002189,Rift Bloom - Kesses Farm,Red Naomi,90.0,PREMIUM,20.0,134.0,2680.0,2025-05-13,2025-05-14,2025-05-16,2025-05-17,U.K.,Aalsmeer Direct,EUR,0.202,541.36,AIR FREIGHT,784.9,2.8,58.0,Wilting,NAN,3.0,False,False,False,2.0,1.0,True,False,2025.0,5.0,2.0,2025.0,5.0,2.0,2025.0,2025.0,5.0,1.0,4.0,541.36,784.9,-243.53999999999996,-44.98670016255356,2680.0,2680.0,2.164179104477612,Quality Issue,High Rejection,Average
RB-000693,Rift Bloom - Kapseret Farm,Red Naomi,60.0,A,25.0,105.0,2625.0,2026-05-16,2026-05-18,2026-05-19,2026-05-22,uk,Whole Foods Market,KES,30.81,80876.25,AIR FREIGHT,173.25,3.2,0.0,,PAID,5.0,False,False,False,1.0,3.0,True,False,2026.0,5.0,2.0,2026.0,5.0,2.0,2026.0,2026.0,5.0,2.0,6.0,80876.25,173.25,80703.0,99.78578383641675,2625.0,2625.0,0.0,No Quality Issue,High Rejection,Excellent
RB-000935,Rift Bloom - Timboroa Farm,Circus,90.0,C,25.0,102.0,2550.0,2024-09-18,2024-09-19,2024-09-23,2024-09-25,Japan,FloraHolland Auction,USD,0.3,765.0,ROAD THEN AIR,296.75,1.7,0.0,,OVERDUE,2.0,False,False,False,4.0,2.0,True,False,2024.0,9.0,3.0,2024.0,9.0,3.0,2024.0,2024.0,9.0,1.0,7.0,765.0,296.75,468.25,61.20915032679739,2550.0,2550.0,0.0,No Quality Issue,High Rejection,Poor
RB-000217,Rift Bloom - Kesses Farm,Explorer,80.0,A,20.0,133.0,2660.0,2023-06-04,2023-06-06,2023-10-06,,UAE,Tokyo Flower Market,USD,0.327,869.82,ROAD THEN AIR,329.19,2.1,0.0,,NAN,3.0,False,False,False,122.0,,False,False,2023.0,6.0,2.0,2023.0,6.0,2.0,2023.0,,,2.0,,869.82,329.19,540.6300000000001,62.15423880802926,2660.0,2660.0,0.0,No Quality Issue,High Rejection,Average
RB-002851,Rift Bloom - Moiben Farm,High & Magic,90.0,A,10.0,136.0,1360.0,2023-06-18,2023-06-19,2023-06-23,2023-06-29,Japan,Whole Foods Market,KES,45.89,62410.4,AIR FREIGHT,377.73,4.3,10.0,-,PAID,4.0,False,False,False,4.0,6.0,True,True,2023.0,6.0,2.0,2023.0,6.0,2.0,2023.0,2023.0,6.0,1.0,11.0,62410.4,377.73,62032.67,99.39476433414943,1360.0,1360.0,0.7352941176470588,Quality Issue,High Rejection,Good
RB-001278,Rift Bloom - Kesses Farm,Circus,50.0,A,40.0,83.0,3320.0,2025-03-08,2025-08-03,2025-05-08,2025-08-07,Norway,M-Farm Traders,KES,59.93,198967.6,AIR FREIGHT,413.65,1.7,0.0,,PAID,2.0,False,False,False,-87.0,91.0,False,False,2025.0,3.0,1.0,2025.0,8.0,3.0,2025.0,2025.0,8.0,148.0,152.0,198967.6,413.65,198553.95,99.79210182964464,3320.0,3320.0,0.0,No Quality Issue,High Rejection,Poor
RB-000153,Rift Bloom - Kesses Farm,High & Magic,50.0,A,10.0,136.0,1360.0,2022-02-15,2022-02-17,2022-02-19,2022-02-24,USA,Aalsmeer Direct,EUR,0.3,408.0,ROAD THEN AIR,786.41,2.9,0.0,,NAN,5.0,False,False,False,2.0,5.0,True,False,2022.0,2.0,1.0,2022.0,2.0,1.0,2022.0,2022.0,2.0,2.0,9.0,408.0,786.41,-378.40999999999997,-92.74754901960783,1360.0,1360.0,0.0,No Quality Issue,High Rejection,Excellent
RB-002444,Rift Bloom - Timboroa Farm,Cool Water,50.0,STANDARD,40.0,52.0,2080.0,2023-12-01,2023-03-12,2023-12-07,2023-09-12,Germany,Whole Foods Market,NAN,0.268,557.44,NAN,130.15,2.7,3.0,Petal Bruising,PAID,4.0,False,False,False,270.0,-86.0,False,False,2023.0,12.0,4.0,2023.0,3.0,1.0,2023.0,2023.0,9.0,-264.0,-80.0,557.44,130.15,427.2900000000001,76.65219575200919,2080.0,2080.0,0.14423076923076925,Quality Issue,High Rejection,Good
RB-001842,Rift Bloom - Moiben Farm,Peach Avalanche,90.0,B,20.0,122.0,2440.0,2023-10-27,2023-10-27,2023-10-31,,Japan,Marks & Spencer Flowers,KES,39.65,96746.0,AIR FREIGHT,654.5,2.3,0.0,,PAID,3.0,False,False,False,4.0,,False,False,2023.0,10.0,4.0,2023.0,10.0,4.0,2023.0,,,0.0,,96746.0,654.5,96091.5,99.32348624232526,2440.0,2440.0,0.0,No Quality Issue,High Rejection,Average
RB-000479,Rift Bloom - Ziwa Farm,Peach Avalanche,60.0,PREMIUM,25.0,71.0,1775.0,2024-10-17,2024-10-17,2024-10-20,2024-10-25,United Kingdom,Marks & Spencer Flowers,KES,50.31,89300.25,AIR FREIGHT,229.94,0.0,0.0,,PENDING,4.0,False,False,False,3.0,5.0,True,False,2024.0,10.0,4.0,2024.0,10.0,4.0,2024.0,2024.0,10.0,0.0,8.0,89300.25,229.94,89070.31,99.74250911951535,1775.0,1775.0,0.0,No Quality Issue,High Rejection,Good
RB-001283,Rift Bloom - Moiben Farm,Pink Floyd,80.0,A,40.0,59.0,2360.0,2026-02-09,2026-10-02,2026-02-14,2026-02-18,Switzerland,Carrefour Flowers,KES,53.43,126094.8,AIR FREIGHT,84.44,1.0,0.0,,PAID,4.0,False,False,False,-230.0,4.0,False,False,2026.0,2.0,1.0,2026.0,10.0,4.0,2026.0,2026.0,2.0,235.0,9.0,126094.8,84.44,126010.36,99.93303451054287,2360.0,2360.0,0.0,No Quality Issue,High Rejection,Good
RB-001605,Rift Bloom - Timboroa Farm,Explorer,-50.0,PREMIUM,10.0,188.0,1880.0,2023-10-25,2023-10-25,2023-10-28,2023-11-01,Norway,Aalsmeer Direct,EUR,0.688,1293.44,AIR FREIGHT,139.25,0.1,0.0,,NAN,5.0,False,False,False,3.0,4.0,True,False,2023.0,10.0,4.0,2023.0,10.0,4.0,2023.0,2023.0,11.0,0.0,7.0,1293.44,139.25,1154.19,89.23413532904503,1880.0,1880.0,0.0,No Quality Issue,High Rejection,Excellent
RB-002284,Rift Bloom - Kapseret Farm,Pink Floyd,60.0,UNKNOWN,20.0,155.0,3100.0,2024-09-17,2024-09-18,,2024-09-25,Japan,Carrefour Flowers,USD,0.395,1224.5,NAN,240.67,17.9,0.0,,PAID,4.0,False,False,False,,,False,False,2024.0,9.0,3.0,2024.0,9.0,3.0,,2024.0,9.0,1.0,8.0,1224.5,240.67,983.83,80.34544712127399,3100.0,3100.0,0.0,No Quality Issue,High Rejection,Good
RB-001667,Rift Bloom - Turbo Farm,AVALANCHE,80.0,PREMIUM,10.0,249.0,2490.0,2025-09-07,2025-07-09,2025-12-07,2025-07-16,United Arab Emirates,FloraHolland Auction,KES,40.17,100023.3,AIR FREIGHT,75.56,2.9,0.0,,NAN,5.0,False,False,False,151.0,-144.0,False,False,2025.0,9.0,3.0,2025.0,7.0,3.0,2025.0,2025.0,7.0,-60.0,-53.0,100023.3,75.56,99947.74,99.92445760137888,2490.0,2490.0,0.0,No Quality Issue,High Rejection,Excellent
RB-002775,Rift Bloom - Timboroa Farm,Peach Avalanche,60.0,PREMIUM,10.0,161.0,1610.0,2025-08-17,2025-08-17,2025-08-20,2025-08-23,Switzerland,Interflora Russia,EUR,0.282,454.02,ROAD THEN AIR,401.0,2.7,0.0,,PENDING,2.0,True,False,False,3.0,3.0,True,False,2025.0,8.0,3.0,2025.0,8.0,3.0,2025.0,2025.0,8.0,0.0,6.0,454.02,401.0,53.01999999999998,11.677899651997706,1610.0,1610.0,0.0,No Quality Issue,High Rejection,Poor
RB-000813,Rift Bloom - Turbo Farm,freedom,40.0,A,40.0,131.0,5240.0,2023-11-13,2023-11-14,2023-11-15,2023-11-20,Switzerland,Bloomon BV,EUR,0.172,901.28,AIR FREIGHT,303.13,,0.0,,NAN,4.0,False,False,False,1.0,5.0,True,False,2023.0,11.0,4.0,2023.0,11.0,4.0,2023.0,2023.0,11.0,1.0,7.0,901.28,303.13,598.15,66.36672288301084,5240.0,5240.0,0.0,No Quality Issue,High Rejection,Good
RB-002747,Rift Bloom - Turbo Farm,Yellow Babe,40.0,B,10.0,268.0,2680.0,2024-03-21,2024-03-21,2024-03-22,2024-03-25,Japan,FloraHolland Auction,EUR,0.444,1189.92,AIR FREIGHT,495.34,1.4,0.0,,PAID,4.0,False,False,False,1.0,3.0,True,False,2024.0,3.0,1.0,2024.0,3.0,1.0,2024.0,2024.0,3.0,0.0,4.0,1189.92,495.34,694.5800000000002,58.371991394379464,2680.0,2680.0,0.0,No Quality Issue,High Rejection,Good
RB-001555,Rift Bloom - Kesses Farm,Freedom,90.0,C,25.0,119.0,2975.0,2026-04-30,2026-04-30,2026-01-05,2026-02-05,Poland,Aalsmeer Direct,KES,41.6,123760.0,AIR FREIGHT,536.28,,0.0,,OVERDUE,4.0,False,False,False,-115.0,31.0,False,False,2026.0,4.0,2.0,2026.0,4.0,2.0,2026.0,2026.0,2.0,0.0,-84.0,123760.0,536.28,123223.72,99.56667744020685,2975.0,2975.0,0.0,No Quality Issue,High Rejection,Good
RB-000844,Rift Bloom - Kesses Farm,Circus,-50.0,C,40.0,115.0,4600.0,2023-02-24,2023-02-25,2023-02-28,2023-06-03,UAE,M-Farm Traders,USD,0.336,1545.6,NAN,129.24,2.1,26.0,,PAID,4.0,False,False,False,3.0,95.0,True,False,2023.0,2.0,1.0,2023.0,2.0,1.0,2023.0,2023.0,6.0,1.0,99.0,1545.6,129.24,1416.36,91.63819875776397,4600.0,4600.0,0.5652173913043479,No Quality Issue,High Rejection,Good
RB-002426,Rift Bloom - Kesses Farm,Yellow Babe,40.0,A,40.0,74.0,2960.0,2023-07-04,2023-04-09,2023-04-13,2023-04-16,Holland,Marks & Spencer Flowers,KES,54.47,161231.2,ROAD THEN AIR,192.17,5.1,0.0,,UNKNOWN,4.0,False,False,False,4.0,3.0,True,False,2023.0,7.0,3.0,2023.0,4.0,2.0,2023.0,2023.0,4.0,-86.0,-79.0,161231.2,192.17,161039.03,99.88081091004717,2960.0,2960.0,0.0,No Quality Issue,High Rejection,Good
RB-001265,Rift Bloom - Turbo Farm,Tibet,60.0,A,20.0,27.0,540.0,2026-01-23,2026-01-25,2026-01-28,2026-01-30,Germany,M-Farm Traders,KES,67.21,36293.4,AIR FREIGHT,217.22,,0.0,,PENDING,3.0,False,False,False,3.0,2.0,True,False,2026.0,1.0,1.0,2026.0,1.0,1.0,2026.0,2026.0,1.0,2.0,7.0,36293.4,217.22,36076.18,99.40148897595705,540.0,540.0,0.0,No Quality Issue,High Rejection,Average
RB-001009,Rift Bloom - Timboroa Farm,Cool Water,70.0,A,10.0,62.0,620.0,2025-09-28,2025-09-30,,2025-04-10,uk,Bloomon BV,KES,73.97,45861.4,AIR FREIGHT,276.3,2.6,6.0,Petal Bruising,PAID,4.0,False,False,False,,,False,False,2025.0,9.0,3.0,2025.0,9.0,3.0,,2025.0,4.0,2.0,-171.0,45861.4,276.3,45585.1,99.3975325655126,620.0,620.0,0.967741935483871,Quality Issue,High Rejection,Good
RB-000328,Rift Bloom - Kesses Farm,High & Magic,40.0,UNKNOWN,25.0,115.0,2875.0,,2025-04-04,2025-08-04,2025-04-12,Switzerland,Local Wholesaler - Eldoret,KES,25.35,72881.25,AIR FREIGHT,127.52,2.0,0.0,,PAID,5.0,False,False,False,122.0,-114.0,False,False,,,,2025.0,4.0,2.0,2025.0,2025.0,4.0,,,72881.25,127.52,72753.73,99.8250304433582,2875.0,2875.0,0.0,No Quality Issue,High Rejection,Excellent
RB-000968,Rift Bloom - Moiben Farm,Mondial,70.0,,40.0,220.0,8800.0,2025-02-12,2025-12-04,2025-12-06,,Australia,Marks & Spencer Flowers,KES,44.33,390104.0,NAN,247.3,1.3,40.0,Botrytis,PAID,3.0,False,False,False,2.0,,False,False,2025.0,2.0,1.0,2025.0,12.0,4.0,2025.0,,,295.0,,390104.0,247.3,389856.7,99.93660664848349,8800.0,8800.0,0.45454545454545453,Quality Issue,High Rejection,Average
RB-000950,Rift Bloom - Timboroa Farm,Mondial,80.0,B,40.0,74.0,2960.0,2022-03-10,2022-03-12,2022-03-16,2022-03-17,Netherlands,Local Wholesaler - Eldoret,USD,0.469,1388.24,ROAD THEN AIR,17.86,3.5,0.0,,NAN,4.0,False,False,False,4.0,1.0,True,False,2022.0,3.0,1.0,2022.0,3.0,1.0,2022.0,2022.0,3.0,2.0,7.0,1388.24,17.86,1370.38,98.71347893735954,2960.0,2960.0,0.0,No Quality Issue,High Rejection,Good
RB-002358,Rift Bloom - Turbo Farm,Pink Floyd,70.0,A,25.0,43.0,1075.0,2025-04-16,,2025-04-19,2025-04-22,Japan,Carrefour Flowers,KES,52.0,55900.0,AIR FREIGHT,410.76,3.2,0.0,,PAID,5.0,False,False,False,,3.0,False,False,2025.0,4.0,2.0,,,,2025.0,2025.0,4.0,,6.0,55900.0,410.76,55489.24,99.26518783542039,1075.0,1075.0,0.0,No Quality Issue,High Rejection,Excellent
RB-001897,Rift Bloom - Kapseret Farm,Yellow Babe,50.0,,10.0,123.0,1230.0,2022-10-16,2022-10-18,2022-10-20,2022-10-23,Australia,Bloomon BV,EUR,0.404,496.92,AIR FREIGHT,64.95,,0.0,,NAN,5.0,True,False,False,2.0,3.0,True,False,2022.0,10.0,4.0,2022.0,10.0,4.0,2022.0,2022.0,10.0,2.0,7.0,496.92,64.95,431.97,86.92948563148998,1230.0,1230.0,0.0,No Quality Issue,High Rejection,Excellent
RB-000188,Rift Bloom - Turbo Farm,Explorer,90.0,C,10.0,151.0,1510.0,2023-09-05,2023-05-09,2023-08-09,2023-09-14,United Kingdom,Local Wholesaler - Eldoret,KES,68.9,104039.0,ROAD THEN AIR,455.65,3.2,0.0,,PENDING,5.0,False,False,False,92.0,36.0,True,False,2023.0,9.0,3.0,2023.0,5.0,2.0,2023.0,2023.0,9.0,-119.0,9.0,104039.0,455.65,103583.35,99.56203923528678,1510.0,1510.0,0.0,No Quality Issue,High Rejection,Excellent
RB-000247,Rift Bloom - Timboroa Farm,Vendela,50.0,B,40.0,122.0,4880.0,2026-02-25,2026-02-25,2026-02-27,2026-01-03,Netherlands,Dubai Flower Centre,KES,31.72,154793.6,AIR FREIGHT,392.83,0.6,0.0,,OVERDUE,4.0,False,False,False,2.0,-55.0,False,False,2026.0,2.0,1.0,2026.0,2.0,1.0,2026.0,2026.0,1.0,0.0,-53.0,154793.6,392.83,154400.77000000002,99.74622335807166,4880.0,4880.0,0.0,No Quality Issue,High Rejection,Good
RB-002119,Rift Bloom - Kesses Farm,Circus,90.0,STANDARD,20.0,71.0,1420.0,2023-01-27,2023-01-28,2023-01-30,2023-05-02,Russia,Interflora Russia,USD,0.437,620.54,AIR FREIGHT,842.57,0.5,0.0,,PAID,5.0,False,False,False,2.0,92.0,True,False,2023.0,1.0,1.0,2023.0,1.0,1.0,2023.0,2023.0,5.0,1.0,95.0,620.54,842.57,-222.0300000000001,-35.78012698617335,1420.0,1420.0,0.0,No Quality Issue,High Rejection,Excellent
RB-002542,Rift Bloom - Kapseret Farm,Explorer,80.0,C,40.0,229.0,9160.0,2025-07-08,2025-08-08,2025-11-08,2025-08-13,UK,Interflora Russia,EUR,0.264,2418.24,AIR FREIGHT,272.58,3.5,74.0,Petal Bruising,OVERDUE,5.0,False,False,False,92.0,-87.0,False,False,2025.0,7.0,3.0,2025.0,8.0,3.0,2025.0,2025.0,8.0,31.0,36.0,2418.24,272.58,2145.66,88.72816593886463,9160.0,9160.0,0.8078602620087336,Quality Issue,High Rejection,Excellent
RB-002957,Rift Bloom - Kapseret Farm,Yellow Babe,50.0,PREMIUM,25.0,353.0,8825.0,2024-09-15,2024-09-16,2024-09-17,2024-09-23,Switzerland,FloraHolland Auction,USD,0.486,4288.95,NAN,202.78,2.4,11.0,,PAID,4.0,False,False,False,1.0,6.0,True,False,2024.0,9.0,3.0,2024.0,9.0,3.0,2024.0,2024.0,9.0,1.0,8.0,4288.95,202.78,4086.1699999999996,95.27203627927581,8825.0,8825.0,0.12464589235127478,No Quality Issue,High Rejection,Good
RB-002116,Rift Bloom - Ziwa Farm,Mondial,70.0,A,40.0,70.0,2800.0,2025-09-18,2025-09-18,2025-09-20,2025-09-23,Poland,Tokyo Flower Market,EUR,0.203,568.4,AIR FREIGHT,328.53,1.5,0.0,,NAN,4.0,False,False,False,2.0,3.0,True,False,2025.0,9.0,3.0,2025.0,9.0,3.0,2025.0,2025.0,9.0,0.0,5.0,568.4,328.53,239.87,42.200914848698105,2800.0,2800.0,0.0,No Quality Issue,High Rejection,Good
RB-002356,Rift Bloom - Moiben Farm,Explorer,80.0,PREMIUM,25.0,75.0,1875.0,2022-11-23,2022-11-25,2022-11-27,2022-12-01,France,FloraHolland Auction,EUR,0.22,412.5,AIR FREIGHT,873.56,2.5,0.0,,PAID,5.0,False,False,False,2.0,4.0,True,False,2022.0,11.0,4.0,2022.0,11.0,4.0,2022.0,2022.0,12.0,2.0,8.0,412.5,873.56,-461.05999999999995,-111.77212121212119,1875.0,1875.0,0.0,No Quality Issue,High Rejection,Excellent
RB-001327,Rift Bloom - Moiben Farm,Sweetness,70.0,A,40.0,92.0,3680.0,2025-02-06,2025-07-02,2025-02-09,2025-02-14,Norway,Dubai Flower Centre,USD,0.3,1104.0,AIR FREIGHT,422.88,,0.0,,NAN,4.0,False,False,False,-143.0,5.0,False,False,2025.0,2.0,1.0,2025.0,7.0,3.0,2025.0,2025.0,2.0,146.0,8.0,1104.0,422.88,681.12,61.69565217391304,3680.0,3680.0,0.0,No Quality Issue,High Rejection,Good
RB-002493,Rift Bloom - Kapseret Farm,Cool Water,50.0,A,20.0,129.0,2580.0,2024-11-29,2024-11-29,2024-12-03,2024-06-12,USA,Carrefour Flowers,NAN,0.306,789.48,ROAD THEN AIR,842.38,2.5,69.0,Botrytis,NAN,3.0,False,False,False,4.0,-174.0,False,False,2024.0,11.0,4.0,2024.0,11.0,4.0,2024.0,2024.0,6.0,0.0,-170.0,789.48,842.38,-52.89999999999998,-6.70061306176217,2580.0,2580.0,2.6744186046511627,Quality Issue,High Rejection,Average
RB-000284,Rift Bloom - Ziwa Farm,Circus,70.0,B,10.0,71.0,710.0,2025-06-17,2025-06-17,2025-06-18,,France,Marks & Spencer Flowers,USD,0.473,335.83,AIR FREIGHT,187.44,1.4,0.0,,UNKNOWN,4.0,False,False,False,1.0,,False,False,2025.0,6.0,2.0,2025.0,6.0,2.0,2025.0,,,0.0,,335.83,187.44,148.39,44.18604651162791,710.0,710.0,0.0,No Quality Issue,High Rejection,Good
RB-002346,Rift Bloom - Ziwa Farm,Cool Water,50.0,A,20.0,209.0,4180.0,2022-09-20,2022-09-20,2022-09-22,2022-09-26,United Arab Emirates,Dubai Flower Centre,EUR,0.327,1366.86,AIR FREIGHT,276.75,1.7,0.0,,PENDING,3.0,False,False,False,2.0,4.0,True,False,2022.0,9.0,3.0,2022.0,9.0,3.0,2022.0,2022.0,9.0,0.0,6.0,1366.86,276.75,1090.11,79.75286422896272,4180.0,4180.0,0.0,No Quality Issue,High Rejection,Average
RB-001506,Rift Bloom - Timboroa Farm,Peach Avalanche,50.0,A,25.0,34.0,850.0,2025-02-13,2025-02-15,2025-02-16,,Australia,Aalsmeer Direct,USD,0.22,187.0,AIR FREIGHT,155.16,1.7,0.0,,OVERDUE,5.0,False,False,False,1.0,,False,False,2025.0,2.0,1.0,2025.0,2.0,1.0,2025.0,,,2.0,,187.0,155.16,31.840000000000003,17.02673796791444,850.0,850.0,0.0,No Quality Issue,High Rejection,Excellent
RB-001346,Rift Bloom - Kapseret Farm,Vendela,50.0,A,25.0,168.0,4200.0,2025-01-08,2025-08-01,2025-02-08,2025-04-08,United Arab Emirates,Marks & Spencer Flowers,NAN,0.361,1516.2,AIR FREIGHT,578.99,2.2,0.0,,OVERDUE,4.0,False,False,False,-174.0,59.0,False,False,2025.0,1.0,1.0,2025.0,8.0,3.0,2025.0,2025.0,4.0,205.0,90.0,1516.2,578.99,937.21,61.8130853449413,4200.0,4200.0,0.0,No Quality Issue,High Rejection,Good
RB-001270,Rift Bloom - Ziwa Farm,Freedom,90.0,A,40.0,118.0,4720.0,2023-05-08,2023-06-08,2023-09-08,2023-10-08,Germany,Local Wholesaler - Eldoret,EUR,0.275,1298.0,AIR FREIGHT,74.78,2.9,0.0,,PAID,5.0,False,False,False,92.0,30.0,True,False,2023.0,5.0,2.0,2023.0,6.0,2.0,2023.0,2023.0,10.0,31.0,153.0,1298.0,74.78,1223.22,94.23882896764253,4720.0,4720.0,0.0,No Quality Issue,High Rejection,Excellent
RB-002432,Rift Bloom - Timboroa Farm,Red Naomi,60.0,A,20.0,147.0,2940.0,2024-06-12,2024-06-13,2024-06-14,2024-06-18,Japan,Carrefour Flowers,KES,68.12,200272.8,ROAD THEN AIR,355.18,2.1,35.0,Petal Bruising,PAID,4.0,False,False,False,1.0,4.0,True,False,2024.0,6.0,2.0,2024.0,6.0,2.0,2024.0,2024.0,6.0,1.0,6.0,200272.8,355.18,199917.62,99.82265190280458,2940.0,2940.0,1.1904761904761905,Quality Issue,High Rejection,Good
RB-000976,Rift Bloom - Turbo Farm,Red Naomi,40.0,A,20.0,110.0,2200.0,2023-09-05,2023-05-10,2023-05-12,2023-05-13,Germany,Bloomon BV,USD,0.718,1579.6,AIR FREIGHT,318.84,,0.0,,PAID,5.0,False,False,False,2.0,1.0,True,False,2023.0,9.0,3.0,2023.0,5.0,2.0,2023.0,2023.0,5.0,-118.0,-115.0,1579.6,318.84,1260.76,79.815143074196,2200.0,2200.0,0.0,No Quality Issue,High Rejection,Excellent
RB-002194,Rift Bloom - Kesses Farm,Mondial,70.0,A,20.0,60.0,1200.0,2023-11-04,2023-12-04,2023-04-15,2023-04-18,United kingdom,Dubai Flower Centre,EUR,0.373,447.6,AIR FREIGHT,35.24,3.9,0.0,,PAID,3.0,False,False,False,-233.0,3.0,False,False,2023.0,11.0,4.0,2023.0,12.0,4.0,2023.0,2023.0,4.0,30.0,-200.0,447.6,35.24,412.36,92.12689901697945,1200.0,1200.0,0.0,No Quality Issue,High Rejection,Average
RB-001680,Rift Bloom - Turbo Farm,Yellow Babe,50.0,PREMIUM,10.0,51.0,510.0,2022-12-16,2022-12-18,2022-12-19,2022-12-23,Germany,Interflora Russia,USD,0.511,260.61,AIR FREIGHT,,-0.3,0.0,,PAID,4.0,False,False,True,1.0,4.0,True,False,2022.0,12.0,4.0,2022.0,12.0,4.0,2022.0,2022.0,12.0,2.0,7.0,260.61,,,,510.0,510.0,0.0,No Quality Issue,High Rejection,Good
RB-000123,Rift Bloom - Timboroa Farm,Explorer,70.0,STANDARD,10.0,23.0,230.0,2024-12-11,2024-11-14,2024-11-18,2024-11-20,Norway,FloraHolland Auction,USD,0.463,106.49,AIR FREIGHT,28.42,2.1,0.0,,NAN,4.0,False,False,False,4.0,2.0,True,False,2024.0,12.0,4.0,2024.0,11.0,4.0,2024.0,2024.0,11.0,-27.0,-21.0,106.49,28.42,78.07,73.3120480796319,230.0,230.0,0.0,No Quality Issue,High Rejection,Good
RB-002984,Rift Bloom - Moiben Farm,Pink Floyd,70.0,C,40.0,73.0,2920.0,2024-02-06,2024-02-08,2024-10-02,2024-02-16,USA,Dubai Flower Centre,EUR,0.385,1124.2,AIR FREIGHT,109.49,3.3,0.0,,NAN,4.0,False,False,False,237.0,-229.0,False,False,2024.0,2.0,1.0,2024.0,2.0,1.0,2024.0,2024.0,2.0,2.0,10.0,1124.2,109.49,1014.71,90.26062978117773,2920.0,2920.0,0.0,No Quality Issue,High Rejection,Good
RB-001535,Rift Bloom - Ziwa Farm,Mondial,70.0,B,25.0,267.0,6675.0,2025-01-30,2025-01-02,2025-04-02,2025-02-06,Poland,Interflora Russia,USD,0.464,3097.2,AIR FREIGHT,157.49,1.5,0.0,,NAN,3.0,False,False,False,90.0,-55.0,False,False,2025.0,1.0,1.0,2025.0,1.0,1.0,2025.0,2025.0,2.0,-28.0,7.0,3097.2,157.49,2939.71,94.91508459253521,6675.0,6675.0,0.0,No Quality Issue,High Rejection,Average
RB-001305,Rift Bloom - Timboroa Farm,Vendela,50.0,STANDARD,10.0,57.0,570.0,2024-12-13,2024-12-13,2024-12-14,2024-12-17,Norway,FloraHolland Auction,NAN,0.181,103.17,ROAD THEN AIR,36.02,23.6,30.0,Wilting,NAN,4.0,False,False,False,1.0,3.0,True,False,2024.0,12.0,4.0,2024.0,12.0,4.0,2024.0,2024.0,12.0,0.0,4.0,103.17,36.02,67.15,65.08675002423186,570.0,570.0,5.263157894736842,Quality Issue,High Rejection,Good
RB-002692,Rift Bloom - Turbo Farm,Sweetness,70.0,UNKNOWN,25.0,50.0,1250.0,2025-05-03,2025-07-03,2025-08-03,2025-03-12,Australia,Interflora Russia,USD,0.336,420.0,AIR FREIGHT,577.08,1.6,0.0,,PENDING,4.0,False,False,False,31.0,-144.0,False,False,2025.0,5.0,2.0,2025.0,7.0,3.0,2025.0,2025.0,3.0,61.0,-52.0,420.0,577.08,-157.08000000000004,-37.40000000000001,1250.0,1250.0,0.0,No Quality Issue,High Rejection,Good
RB-002574,Rift Bloom - Moiben Farm,Vendela,50.0,,10.0,156.0,1560.0,2022-01-16,2022-01-16,2022-01-18,2022-01-23,Australia,M-Farm Traders,KES,60.45,94302.0,UNKNOWN,348.9,1.6,0.0,,PAID,5.0,False,False,False,2.0,5.0,True,False,2022.0,1.0,1.0,2022.0,1.0,1.0,2022.0,2022.0,1.0,0.0,7.0,94302.0,348.9,93953.1,99.63001845135841,1560.0,1560.0,0.0,No Quality Issue,High Rejection,Excellent
RB-000418,rift bloom turbo farm,Sweetness,70.0,C,25.0,137.0,3425.0,2024-01-24,2024-01-26,2024-01-29,2024-02-03,Germany,Whole Foods Market,KES,22.88,78364.0,AIR FREIGHT,916.85,3.3,0.0,,PAID,2.0,False,False,False,3.0,5.0,True,False,2024.0,1.0,1.0,2024.0,1.0,1.0,2024.0,2024.0,2.0,2.0,10.0,78364.0,916.85,77447.15,98.83001122964626,3425.0,3425.0,0.0,No Quality Issue,High Rejection,Poor
RB-000870,Rift Bloom - Moiben Farm,Sweetness,80.0,C,25.0,-132.0,-3300.0,2026-08-03,2026-10-03,2026-03-13,2026-03-14,Norway,M-Farm Traders,USD,0.332,-1095.6,AIR FREIGHT,175.54,4.3,0.0,,UNKNOWN,4.0,False,False,False,-204.0,1.0,False,False,2026.0,8.0,3.0,2026.0,10.0,4.0,2026.0,2026.0,3.0,61.0,-142.0,-1095.6,175.54,-1271.1399999999999,,-3300.0,-3300.0,0.0,No Quality Issue,High Rejection,Good
RB-002487,Rift Bloom - Timboroa Farm,Pink Floyd,60.0,C,40.0,51.0,2040.0,,2025-05-31,2025-02-06,2025-06-06,Australia,Aalsmeer Direct,UNKNOWN,0.115,234.6,AIR FREIGHT,167.45,4.3,0.0,,PAID,3.0,False,False,False,-114.0,120.0,False,False,,,,2025.0,5.0,2.0,2025.0,2025.0,6.0,,,234.6,167.45,67.15,28.623188405797105,2040.0,2040.0,0.0,No Quality Issue,High Rejection,Average
RB-001031,Rift Bloom - Kapseret Farm,Mondial,40.0,C,25.0,81.0,2025.0,2025-04-23,2025-04-24,2025-04-26,2025-04-28,USA,Dubai Flower Centre,EUR,0.346,700.65,NAN,271.53,1.2,0.0,,PENDING,5.0,False,False,False,2.0,2.0,True,False,2025.0,4.0,2.0,2025.0,4.0,2.0,2025.0,2025.0,4.0,1.0,5.0,700.65,271.53,429.12,61.24598587026333,2025.0,2025.0,0.0,No Quality Issue,High Rejection,Excellent
RB-001161,Rift Bloom - Kapseret Farm,Explorer,50.0,B,10.0,246.0,2460.0,2025-11-04,2025-04-13,2025-04-16,2025-04-18,Germany,Carrefour Flowers,USD,0.243,597.78,NAN,431.22,-1.0,0.0,,PAID,4.0,True,False,True,3.0,2.0,True,False,2025.0,11.0,4.0,2025.0,4.0,2.0,2025.0,2025.0,4.0,-205.0,-200.0,597.78,431.22,166.55999999999995,27.863093445749264,2460.0,2460.0,0.0,No Quality Issue,High Rejection,Good
RB-002219,Rift Bloom - Turbo Farm,Freedom,70.0,A,20.0,164.0,3280.0,2026-02-21,2026-02-21,2026-02-25,2026-03-02,Germany,Interflora Russia,UNKNOWN,0.417,1367.76,AIR FREIGHT,266.05,2.3,0.0,,PAID,5.0,False,False,False,4.0,5.0,True,False,2026.0,2.0,1.0,2026.0,2.0,1.0,2026.0,2026.0,3.0,0.0,9.0,1367.76,266.05,1101.71,80.54848803883723,3280.0,3280.0,0.0,No Quality Issue,High Rejection,Excellent
RB-000757,Rift Bloom - Timboroa Farm,Red-Naomi,60.0,A,40.0,198.0,7920.0,2024-01-24,2024-01-26,2024-01-30,2024-01-31,Netherlands,Dubai Flower Centre,UNKNOWN,0.393,3112.56,NAN,368.92,2.6,0.0,,PENDING,4.0,False,False,False,4.0,1.0,True,False,2024.0,1.0,1.0,2024.0,1.0,1.0,2024.0,2024.0,1.0,2.0,7.0,3112.56,368.92,2743.64,88.14737707867478,7920.0,7920.0,0.0,No Quality Issue,High Rejection,Good
RB-001999,Rift Bloom - Kapseret Farm,Circus,60.0,B,10.0,83.0,830.0,2023-06-29,,2023-02-07,2023-07-06,Australia,Interflora Russia,EUR,0.455,377.65,NAN,572.39,2.3,0.0,,PAID,1.0,False,False,False,,149.0,False,False,2023.0,6.0,2.0,,,,2023.0,2023.0,7.0,,7.0,377.65,572.39,-194.74,-51.566265060240966,830.0,830.0,0.0,No Quality Issue,High Rejection,Poor
RB-001702,Rift Bloom - Kesses Farm,AVALANCHE,50.0,STANDARD,40.0,121.0,4840.0,2022-09-04,2022-09-04,2022-04-11,2022-04-13,Netherlands,Aalsmeer Direct,USD,0.196,948.64,AIR FREIGHT,377.71,3.8,0.0,,PAID,4.0,False,False,False,-146.0,2.0,False,False,2022.0,9.0,3.0,2022.0,9.0,3.0,2022.0,2022.0,4.0,0.0,-144.0,948.64,377.71,570.9300000000001,60.18405296002699,4840.0,4840.0,0.0,No Quality Issue,High Rejection,Good
RB-001543,Rift Bloom - Timboroa Farm,Mondial,40.0,A,25.0,196.0,4900.0,2023-01-02,2023-01-02,2023-03-02,2023-07-02,USA,Dubai Flower Centre,USD,0.302,1479.8,AIR FREIGHT,,1.8,7.0,Stem Bent,PAID,3.0,False,False,False,59.0,122.0,True,False,2023.0,1.0,1.0,2023.0,1.0,1.0,2023.0,2023.0,7.0,0.0,181.0,1479.8,,,,4900.0,4900.0,0.14285714285714285,Quality Issue,High Rejection,Average
RB-001157,Rift Bloom - Turbo Farm,High & Magic,60.0,STANDARD,10.0,84.0,840.0,2023-08-06,2023-07-08,2023-08-08,2023-08-11,United Arab Emirates,Aalsmeer Direct,NAN,0.462,388.08,AIR FREIGHT,289.23,2.3,13.0,-,NAN,5.0,False,False,False,31.0,3.0,True,True,2023.0,8.0,3.0,2023.0,7.0,3.0,2023.0,2023.0,8.0,-29.0,5.0,388.08,289.23,98.84999999999997,25.471552257266534,840.0,840.0,1.5476190476190477,Quality Issue,High Rejection,Excellent
RB-001109,Rift Bloom - Moiben Farm,Pink Floyd,70.0,A,10.0,211.0,2110.0,2023-09-24,2023-09-24,2023-09-28,2023-09-29,United Arab Emirates,Local Wholesaler - Eldoret,UNKNOWN,0.49,1033.9,AIR FREIGHT,237.28,,0.0,,PENDING,4.0,False,False,False,4.0,1.0,True,False,2023.0,9.0,3.0,2023.0,9.0,3.0,2023.0,2023.0,9.0,0.0,5.0,1033.9,237.28,796.6200000000001,77.05000483605765,2110.0,2110.0,0.0,No Quality Issue,High Rejection,Good
RB-002302,Rift Bloom - Moiben Farm,Explorer,90.0,PREMIUM,20.0,81.0,1620.0,2025-12-12,2025-12-13,,2025-12-18,Poland,Carrefour Flowers,USD,0.49,793.8,AIR FREIGHT,114.73,3.0,0.0,,UNKNOWN,4.0,False,False,False,,,False,False,2025.0,12.0,4.0,2025.0,12.0,4.0,,2025.0,12.0,1.0,6.0,793.8,114.73,679.0699999999999,85.54673721340387,1620.0,1620.0,0.0,No Quality Issue,High Rejection,Good
RB-000333,Rift Bloom - Timboroa Farm,Pink Floyd,60.0,B,10.0,20.0,200.0,2023-03-28,2023-03-29,2023-03-30,2023-02-04,Norway,Carrefour Flowers,USD,0.363,72.6,ROAD THEN AIR,655.73,4.5,0.0,,OVERDUE,2.0,False,False,False,1.0,-54.0,False,False,2023.0,3.0,1.0,2023.0,3.0,1.0,2023.0,2023.0,2.0,1.0,-52.0,72.6,655.73,-583.13,-803.2093663911846,200.0,200.0,0.0,No Quality Issue,High Rejection,Poor
RB-001593,Rift Bloom - Moiben Farm,FREEDOM,50.0,STANDARD,25.0,120.0,3000.0,2025-03-27,2025-03-29,2025-03-30,2025-04-05,Japan,FloraHolland Auction,EUR,0.32,960.0,AIR FREIGHT,428.88,-0.6,0.0,,UNKNOWN,5.0,False,False,True,1.0,6.0,True,False,2025.0,3.0,1.0,2025.0,3.0,1.0,2025.0,2025.0,4.0,2.0,9.0,960.0,428.88,531.12,55.325,3000.0,3000.0,0.0,No Quality Issue,High Rejection,Excellent
RB-000337,Rift Bloom - Ziwa Farm,Cool Water,40.0,PREMIUM,25.0,80.0,2000.0,2024-06-18,2024-06-20,2024-06-23,,Russia,Local Wholesaler - Eldoret,USD,0.378,756.0,AIR FREIGHT,456.89,1.8,0.0,,OVERDUE,4.0,False,False,False,3.0,,False,False,2024.0,6.0,2.0,2024.0,6.0,2.0,2024.0,,,2.0,,756.0,456.89,299.11,39.56481481481482,2000.0,2000.0,0.0,No Quality Issue,High Rejection,Good
RB-000913,Rift Bloom - Moiben Farm,Sweetness,50.0,,20.0,54.0,1080.0,2025-11-29,2025-11-29,2025-12-01,2025-05-12,United States,Local Wholesaler - Eldoret,USD,0.226,244.08,AIR FREIGHT,154.69,1.6,0.0,,PAID,5.0,False,False,False,2.0,-203.0,False,False,2025.0,11.0,4.0,2025.0,11.0,4.0,2025.0,2025.0,5.0,0.0,-201.0,244.08,154.69,89.39000000000001,36.62323828253032,1080.0,1080.0,0.0,No Quality Issue,High Rejection,Excellent
RB-001576,Rift Bloom - Timboroa Farm,Circus,50.0,B,20.0,154.0,3080.0,2025-03-07,2025-03-07,2025-04-07,2025-06-07,Russia,Bloomon BV,USD,0.433,1333.64,AIR FREIGHT,475.85,2.8,0.0,,OVERDUE,5.0,False,False,False,31.0,61.0,True,False,2025.0,3.0,1.0,2025.0,3.0,1.0,2025.0,2025.0,6.0,0.0,92.0,1333.64,475.85,857.7900000000001,64.31945652499925,3080.0,3080.0,0.0,No Quality Issue,High Rejection,Excellent
RB-001537,Rift Bloom - Timboroa Farm,Avalanche,60.0,A,10.0,93.0,930.0,2024-07-16,2024-07-18,2024-07-21,2024-07-26,The Netherlands,Blume2000,USD,0.278,258.54,NAN,429.13,0.0,0.0,,PAID,3.0,False,False,False,3.0,5.0,True,False,2024.0,7.0,3.0,2024.0,7.0,3.0,2024.0,2024.0,7.0,2.0,10.0,258.54,429.13,-170.58999999999997,-65.98205306722362,930.0,930.0,0.0,No Quality Issue,High Rejection,Average
RB-000902,Rift Bloom - Kapseret Farm,Mondial,70.0,B,25.0,26.0,650.0,2022-10-18,2022-10-19,2022-10-23,2022-10-25,Australia,Carrefour Flowers,USD,0.236,1534.0,AIR FREIGHT,83.11,1.2,0.0,,PENDING,4.0,False,False,False,4.0,2.0,True,False,2022.0,10.0,4.0,2022.0,10.0,4.0,2022.0,2022.0,10.0,1.0,7.0,1534.0,83.11,1450.89,94.58213820078227,650.0,650.0,0.0,No Quality Issue,High Rejection,Good
RB-001407,Rift Bloom - Moiben Farm,Freedom,70.0,,25.0,29.0,725.0,2022-11-08,2022-11-08,2022-08-14,2022-08-20,Japan,Carrefour Flowers,USD,0.269,195.03,ROAD THEN AIR,183.22,5.4,0.0,,PENDING,5.0,False,False,False,-86.0,6.0,False,False,2022.0,11.0,4.0,2022.0,11.0,4.0,2022.0,2022.0,8.0,0.0,-80.0,195.03,183.22,11.810000000000002,6.055478644311132,725.0,725.0,0.0,No Quality Issue,High Rejection,Excellent
RB-000866,Rift Bloom - Moiben Farm,Avalanche,50.0,PREMIUM,40.0,102.0,4080.0,2023-05-17,2023-05-17,2023-05-21,2023-05-25,Japan,Interflora Russia,EUR,0.458,1868.64,AIR FREIGHT,281.17,2.1,0.0,,NAN,5.0,False,False,False,4.0,4.0,True,False,2023.0,5.0,2.0,2023.0,5.0,2.0,2023.0,2023.0,5.0,0.0,8.0,1868.64,281.17,1587.47,84.95322801609727,4080.0,4080.0,0.0,No Quality Issue,High Rejection,Excellent
RB-000885,Rift Bloom - Kapseret Farm,Mondial,70.0,A,10.0,125.0,1250.0,2022-05-08,2022-05-10,2022-05-13,2022-05-19,Russia,Blume2000,USD,0.416,520.0,NAN,232.05,,0.0,,PENDING,4.0,False,False,False,3.0,6.0,True,False,2022.0,5.0,2.0,2022.0,5.0,2.0,2022.0,2022.0,5.0,2.0,11.0,520.0,232.05,287.95,55.375,1250.0,1250.0,0.0,No Quality Issue,High Rejection,Good
RB-000478,Rift Bloom - Kesses Farm,Athena,50.0,C,40.0,209.0,8360.0,2022-09-20,2022-09-22,2022-09-24,2022-09-25,netherlands,FloraHolland Auction,EUR,0.277,2315.72,AIR FREIGHT,208.87,2.4,9.0,,UNKNOWN,4.0,False,False,False,2.0,1.0,True,False,2022.0,9.0,3.0,2022.0,9.0,3.0,2022.0,2022.0,9.0,2.0,5.0,2315.72,208.87,2106.85,90.98034304665504,8360.0,8360.0,0.10765550239234449,No Quality Issue,High Rejection,Good
RB-001343,Rift Bloom - Kesses Farm,Circus,50.0,A,10.0,143.0,1430.0,2024-06-13,2024-06-14,2024-06-17,,Australia,Local Wholesaler - Eldoret,USD,0.499,713.57,AIR FREIGHT,28.38,4.1,0.0,,PENDING,4.0,False,False,False,3.0,,False,False,2024.0,6.0,2.0,2024.0,6.0,2.0,2024.0,,,1.0,,713.57,28.38,685.19,96.02281486049021,1430.0,1430.0,0.0,No Quality Issue,High Rejection,Good
RB-000742,Rift Bloom - Kesses Farm,Yellow Babe,70.0,A,20.0,102.0,2040.0,2023-08-14,2023-08-14,2023-08-15,2023-08-20,Norway,Marks & Spencer Flowers,KES,59.8,121992.0,ROAD THEN AIR,354.46,3.5,0.0,,PENDING,5.0,False,False,False,1.0,5.0,True,False,2023.0,8.0,3.0,2023.0,8.0,3.0,2023.0,2023.0,8.0,0.0,6.0,121992.0,354.46,121637.54,99.70943996327628,2040.0,2040.0,0.0,No Quality Issue,High Rejection,Excellent
RB-002820,Rift Bloom - Moiben Farm,Vendela,60.0,PREMIUM,25.0,225.0,5625.0,2022-04-24,2022-04-25,2022-04-29,2022-05-05,Switzerland,Local Wholesaler - Eldoret,KES,33.41,187931.25,AIR FREIGHT,179.96,3.7,0.0,,PENDING,3.0,False,False,False,4.0,6.0,True,False,2022.0,4.0,2.0,2022.0,4.0,2.0,2022.0,2022.0,5.0,1.0,11.0,187931.25,179.96,187751.29,99.90424157770462,5625.0,5625.0,0.0,No Quality Issue,High Rejection,Average
RB-002672,Rift Bloom - Moiben Farm,Yellow Babe,70.0,A,10.0,231.0,2310.0,2024-12-15,,2024-12-19,2024-12-21,France,M-Farm Traders,EUR,0.224,517.44,AIR FREIGHT,210.23,,0.0,,PENDING,4.0,False,False,False,,2.0,False,False,2024.0,12.0,4.0,,,,2024.0,2024.0,12.0,,6.0,517.44,210.23,307.21000000000004,59.37113481756339,2310.0,2310.0,0.0,No Quality Issue,High Rejection,Good
RB-000133,Rift Bloom - Kapseret Farm,Avalanche,60.0,B,20.0,190.0,3800.0,2022-07-13,2022-07-14,2022-07-17,2022-07-20,France,FloraHolland Auction,EUR,0.379,1440.2,AIR FREIGHT,592.29,,0.0,,PAID,5.0,False,False,False,3.0,3.0,True,False,2022.0,7.0,3.0,2022.0,7.0,3.0,2022.0,2022.0,7.0,1.0,7.0,1440.2,592.29,847.9100000000001,58.874461880294405,3800.0,3800.0,0.0,No Quality Issue,High Rejection,Excellent
RB-002825,Rift Bloom - Kapseret Farm,FREEDOM,40.0,PREMIUM,10.0,128.0,1280.0,2025-02-01,2025-03-02,2025-07-02,2025-02-13,uae,Whole Foods Market,USD,0.121,154.88,AIR FREIGHT,108.02,-0.5,0.0,,NAN,5.0,False,False,True,122.0,-139.0,False,False,2025.0,2.0,1.0,2025.0,3.0,1.0,2025.0,2025.0,2.0,29.0,12.0,154.88,108.02,46.86,30.255681818181817,1280.0,1280.0,0.0,No Quality Issue,High Rejection,Excellent
RB-000982,Rift Bloom - Kesses Farm,Sweetness,50.0,A,25.0,186.0,4650.0,2025-08-29,2025-08-31,2025-09-03,2025-09-09,Australia,FloraHolland Auction,EUR,0.319,1483.35,AIR FREIGHT,133.21,2.2,0.0,,PENDING,4.0,False,False,False,3.0,6.0,True,False,2025.0,8.0,3.0,2025.0,8.0,3.0,2025.0,2025.0,9.0,2.0,11.0,1483.35,133.21,1350.1399999999999,91.01965146459028,4650.0,4650.0,0.0,No Quality Issue,High Rejection,Good
RB-001234,Rift Bloom - Ziwa Farm,Tibet,60.0,B,10.0,86.0,860.0,2023-07-09,2023-11-07,2023-07-14,2023-07-20,U.A.E,Aalsmeer Direct,KES,59.41,51092.6,AIR FREIGHT,,1.2,42.0,Wilting,NAN,5.0,True,False,False,-116.0,6.0,False,False,2023.0,7.0,3.0,2023.0,11.0,4.0,2023.0,2023.0,7.0,121.0,11.0,51092.6,,,,860.0,860.0,4.883720930232558,Quality Issue,High Rejection,Excellent
RB-001629,Rift Bloom - Turbo Farm,Cool Water,60.0,C,20.0,153.0,3060.0,2022-12-05,2022-05-14,2022-05-18,2022-05-23,Russia,Aalsmeer Direct,USD,0.538,1646.28,AIR FREIGHT,339.38,,13.0,,PAID,4.0,False,False,False,4.0,5.0,True,False,2022.0,12.0,4.0,2022.0,5.0,2.0,2022.0,2022.0,5.0,-205.0,-196.0,1646.28,339.38,1306.9,79.38503778215129,3060.0,3060.0,0.42483660130718953,No Quality Issue,High Rejection,Good
RB-002294,Rift Bloom - Ziwa Farm,Pink Floyd,60.0,B,25.0,159.0,3975.0,2025-12-14,2025-12-14,2025-12-17,2025-12-19,Poland,FloraHolland Auction,USD,0.204,810.9,NAN,178.56,1.4,0.0,,OVERDUE,3.0,False,False,False,3.0,2.0,True,False,2025.0,12.0,4.0,2025.0,12.0,4.0,2025.0,2025.0,12.0,0.0,5.0,810.9,178.56,632.3399999999999,77.98002219755827,3975.0,3975.0,0.0,No Quality Issue,High Rejection,Average
RB-001150,Rift Bloom - Ziwa Farm,Mondial,60.0,STANDARD,25.0,184.0,4600.0,2023-02-15,2023-02-15,2023-02-19,2023-02-24,uk,Aalsmeer Direct,EUR,0.07,322.0,AIR FREIGHT,335.46,0.2,0.0,,UNKNOWN,5.0,False,False,False,4.0,5.0,True,False,2023.0,2.0,1.0,2023.0,2.0,1.0,2023.0,2023.0,2.0,0.0,9.0,322.0,335.46,-13.45999999999998,-4.180124223602478,4600.0,4600.0,0.0,No Quality Issue,High Rejection,Excellent
RB-000257,Rift Bloom - Timboroa Farm,High & Magic,90.0,A,20.0,72.0,1440.0,2025-01-25,2025-01-26,2025-01-28,2025-01-31,Germany,Tokyo Flower Market,EUR,0.341,491.04,AIR FREIGHT,,5.3,1.0,Stem Bent,NAN,5.0,False,False,False,2.0,3.0,True,False,2025.0,1.0,1.0,2025.0,1.0,1.0,2025.0,2025.0,1.0,1.0,6.0,491.04,,,,1440.0,1440.0,0.06944444444444445,Quality Issue,High Rejection,Excellent
RB-000634,Rift Bloom - Moiben Farm,Circus,50.0,PREMIUM,20.0,86.0,1720.0,2024-12-06,2024-12-06,2024-06-16,2024-06-22,USA,Aalsmeer Direct,EUR,0.625,1075.0,AIR FREIGHT,193.34,5.0,0.0,,PAID,1.0,False,False,False,-173.0,6.0,False,False,2024.0,12.0,4.0,2024.0,12.0,4.0,2024.0,2024.0,6.0,0.0,-167.0,1075.0,193.34,881.66,82.01488372093023,1720.0,1720.0,0.0,No Quality Issue,High Rejection,Poor
RB-002451,Rift Bloom - Kesses Farm,Tibet,60.0,B,40.0,118.0,4720.0,2025-01-06,2025-01-06,2025-08-01,2025-01-14,UK,FloraHolland Auction,KES,25.22,119038.4,AIR FREIGHT,472.6,1.9,0.0,,PAID,4.0,False,False,False,207.0,-199.0,False,False,2025.0,1.0,1.0,2025.0,1.0,1.0,2025.0,2025.0,1.0,0.0,8.0,119038.4,472.6,118565.79999999999,99.60298525517815,4720.0,4720.0,0.0,No Quality Issue,High Rejection,Good
RB-002411,Rift Bloom - Turbo Farm,FREEDOM,60.0,PREMIUM,25.0,79.0,1975.0,2026-07-03,2026-09-03,2026-03-13,2026-03-18,Switzerland,Dubai Flower Centre,USD,0.273,539.18,NAN,,2.7,0.0,,PENDING,5.0,False,False,False,-174.0,5.0,False,False,2026.0,7.0,3.0,2026.0,9.0,3.0,2026.0,2026.0,3.0,62.0,-107.0,539.18,,,,1975.0,1975.0,0.0,No Quality Issue,High Rejection,Excellent
RB-000558,Rift Bloom - Timboroa Farm,Red-Naomi,50.0,,10.0,122.0,1220.0,2023-12-25,2023-12-26,2023-12-27,2023-12-31,France,M-Farm Traders,NAN,0.415,506.3,AIR FREIGHT,685.86,1.3,0.0,,NAN,3.0,False,False,False,1.0,4.0,True,False,2023.0,12.0,4.0,2023.0,12.0,4.0,2023.0,2023.0,12.0,1.0,6.0,506.3,685.86,-179.56,-35.46513924550661,1220.0,1220.0,0.0,No Quality Issue,High Rejection,Average
RB-002822,Rift Bloom - Timboroa Farm,Sweetness,50.0,A,25.0,187.0,4675.0,,2023-05-10,2023-06-10,2023-12-10,Russia,Blume2000,EUR,0.516,2412.3,NAN,605.55,1.4,0.0,,NAN,5.0,False,False,False,31.0,183.0,True,False,,,,2023.0,5.0,2.0,2023.0,2023.0,12.0,,,2412.3,605.55,1806.7500000000002,74.89740082079344,4675.0,4675.0,0.0,No Quality Issue,High Rejection,Excellent
RB-000262,Rift Bloom - Timboroa Farm,Vendela,70.0,PREMIUM,25.0,149.0,3725.0,2025-02-14,2025-02-14,2025-02-18,2025-02-24,Australia,Aalsmeer Direct,USD,0.269,1002.03,AIR FREIGHT,596.97,2.5,0.0,,PAID,1.0,False,False,False,4.0,6.0,True,False,2025.0,2.0,1.0,2025.0,2.0,1.0,2025.0,2025.0,2.0,0.0,10.0,1002.03,596.97,405.05999999999995,40.423939403011886,3725.0,3725.0,0.0,No Quality Issue,High Rejection,Poor
RB-002912,Rift Bloom - Moiben Farm,Vendela,90.0,STANDARD,10.0,161.0,1610.0,2023-11-01,2023-02-11,2023-05-11,2023-10-11,Russia,Marks & Spencer Flowers,EUR,0.187,301.07,AIR FREIGHT,801.79,2.6,0.0,,UNKNOWN,4.0,False,False,False,89.0,153.0,True,False,2023.0,11.0,4.0,2023.0,2.0,1.0,2023.0,2023.0,10.0,-263.0,-21.0,301.07,801.79,-500.71999999999997,-166.31348191450493,1610.0,1610.0,0.0,No Quality Issue,High Rejection,Good
RB-002076,Rift Bloom - Kapseret Farm,Yellow Babe,60.0,B,10.0,48.0,480.0,2023-09-02,2023-09-02,2023-12-02,2023-02-15,USA,FloraHolland Auction,EUR,0.27,129.6,AIR FREIGHT,1044.48,1.3,0.0,,PAID,3.0,False,False,False,91.0,-290.0,False,False,2023.0,9.0,3.0,2023.0,9.0,3.0,2023.0,2023.0,2.0,0.0,-199.0,129.6,1044.48,-914.88,-705.925925925926,480.0,480.0,0.0,No Quality Issue,High Rejection,Average
RB-002916,Rift Bloom - Kesses Farm,Yellow Babe,80.0,A,10.0,61.0,610.0,2022-02-22,,2022-02-24,2022-02-26,Norway,Tokyo Flower Market,NAN,0.223,136.03,ROAD THEN AIR,70.01,2.0,0.0,,PAID,2.0,False,False,False,,2.0,False,False,2022.0,2.0,1.0,,,,2022.0,2022.0,2.0,,4.0,136.03,70.01,66.02,48.53341174740866,610.0,610.0,0.0,No Quality Issue,High Rejection,Poor
RB-000209,Rift Bloom - Moiben Farm,Explorer,50.0,C,10.0,159.0,1590.0,,2024-04-26,2024-04-30,2024-03-05,Poland,Local Wholesaler - Eldoret,UNKNOWN,0.128,203.52,NAN,,4.0,0.0,,OVERDUE,5.0,False,False,False,4.0,-56.0,False,False,,,,2024.0,4.0,2.0,2024.0,2024.0,3.0,,,203.52,,,,1590.0,1590.0,0.0,No Quality Issue,High Rejection,Excellent
RB-002715,Rift Bloom - Turbo Farm,Avalanche,50.0,B,20.0,67.0,1340.0,2022-10-24,2022-10-24,2022-10-28,2022-03-11,United Arab Emirates,FloraHolland Auction,USD,0.399,534.66,AIR FREIGHT,623.76,2.3,0.0,,PAID,4.0,False,False,False,4.0,-231.0,False,False,2022.0,10.0,4.0,2022.0,10.0,4.0,2022.0,2022.0,3.0,0.0,-227.0,534.66,623.76,-89.10000000000002,-16.664796319156107,1340.0,1340.0,0.0,No Quality Issue,High Rejection,Good
RB-001021,Rift Bloom - Timboroa Farm,High & Magic,70.0,B,25.0,51.0,1275.0,2025-01-12,2025-01-12,2025-12-05,2025-06-12,Russia,Whole Foods Market,EUR,0.397,506.18,AIR FREIGHT,228.73,1.2,0.0,,PAID,3.0,False,False,False,327.0,-176.0,False,False,2025.0,1.0,1.0,2025.0,1.0,1.0,2025.0,2025.0,6.0,0.0,151.0,506.18,228.73,277.45000000000005,54.812517286340835,1275.0,1275.0,0.0,No Quality Issue,High Rejection,Average
RB-001404,Rift Bloom - Turbo Farm,Mondial,70.0,C,25.0,133.0,3325.0,2022-04-15,2022-04-17,2022-04-20,2022-04-26,Poland,Whole Foods Market,USD,0.467,1552.78,NAN,450.37,3.7,0.0,,OVERDUE,4.0,False,False,False,3.0,6.0,True,False,2022.0,4.0,2.0,2022.0,4.0,2.0,2022.0,2022.0,4.0,2.0,11.0,1552.78,450.37,1102.4099999999999,70.9958912402272,3325.0,3325.0,0.0,No Quality Issue,High Rejection,Good
RB-002092,Rift Bloom - Moiben Farm,Tibet,60.0,A,40.0,111.0,4440.0,2024-11-14,2024-11-14,2024-11-16,2024-11-19,Norway,Local Wholesaler - Eldoret,USD,0.107,475.08,NAN,155.95,2.3,0.0,,UNKNOWN,5.0,False,False,False,2.0,3.0,True,False,2024.0,11.0,4.0,2024.0,11.0,4.0,2024.0,2024.0,11.0,0.0,5.0,475.08,155.95,319.13,67.17394965058516,4440.0,4440.0,0.0,No Quality Issue,High Rejection,Excellent
RB-000210,Rift Bloom - Ziwa Farm,Red Naomi,70.0,C,40.0,23.0,920.0,2024-07-01,2024-07-02,2024-05-07,2024-08-07,Australia,Aalsmeer Direct,UNKNOWN,0.362,333.04,AIR FREIGHT,925.27,3.5,0.0,,PAID,3.0,False,False,False,-56.0,92.0,False,False,2024.0,7.0,3.0,2024.0,7.0,3.0,2024.0,2024.0,8.0,1.0,37.0,333.04,925.27,-592.23,-177.82548642805668,920.0,920.0,0.0,No Quality Issue,High Rejection,Average
RB-000154,Rift Bloom - Moiben Farm,Yellow Babe,60.0,B,40.0,163.0,6520.0,2023-07-12,2023-07-13,2023-07-14,2023-07-18,Netherlands,Bloomon BV,KES,73.06,476351.2,NAN,299.46,1.6,0.0,,PENDING,5.0,False,False,False,1.0,4.0,True,False,2023.0,7.0,3.0,2023.0,7.0,3.0,2023.0,2023.0,7.0,1.0,6.0,476351.2,299.46,476051.74,99.93713461832363,6520.0,6520.0,0.0,No Quality Issue,High Rejection,Excellent
RB-001591,Rift Bloom - Turbo Farm,Athena,40.0,A,10.0,164.0,1640.0,2022-09-30,2022-09-30,2022-10-03,2022-09-10,U.A.E,Interflora Russia,KES,57.07,93594.8,AIR FREIGHT,,0.6,0.0,,PENDING,4.0,False,False,False,3.0,-23.0,False,False,2022.0,9.0,3.0,2022.0,9.0,3.0,2022.0,2022.0,9.0,0.0,-20.0,93594.8,,,,1640.0,1640.0,0.0,No Quality Issue,High Rejection,Good
RB-001148,Rift Bloom - Kesses Farm,Sweetness,60.0,,10.0,18.0,180.0,2023-09-01,2023-01-10,2023-01-11,2023-01-16,usa,Carrefour Flowers,EUR,0.383,68.94,NAN,98.12,2.4,0.0,,PAID,5.0,False,False,False,1.0,5.0,True,False,2023.0,9.0,3.0,2023.0,1.0,1.0,2023.0,2023.0,1.0,-234.0,-228.0,68.94,98.12,-29.180000000000007,-42.32666086451988,180.0,180.0,0.0,No Quality Issue,High Rejection,Excellent
RB-001968,Rift Bloom - Timboroa Farm,Red Naomi,60.0,STANDARD,25.0,211.0,5275.0,2023-07-09,2023-09-09,2023-09-13,2023-09-17,Australia,Whole Foods Market,NAN,0.441,2326.28,AIR FREIGHT,230.75,,0.0,,OVERDUE,5.0,False,False,False,4.0,4.0,True,False,2023.0,7.0,3.0,2023.0,9.0,3.0,2023.0,2023.0,9.0,62.0,70.0,2326.28,230.75,2095.53,90.08072974878345,5275.0,5275.0,0.0,No Quality Issue,High Rejection,Excellent
RB-001634,Rift Bloom - Timboroa Farm,freedom,60.0,A,40.0,57.0,2280.0,2023-04-16,2023-04-18,2023-04-20,2023-04-22,United Kingdom,FloraHolland Auction,KES,48.88,111446.4,AIR FREIGHT,209.12,1.3,0.0,,PAID,5.0,False,False,False,2.0,2.0,True,False,2023.0,4.0,2.0,2023.0,4.0,2.0,2023.0,2023.0,4.0,2.0,6.0,111446.4,209.12,111237.28,99.81235822781176,2280.0,2280.0,0.0,No Quality Issue,High Rejection,Excellent
RB-000598,Rift Bloom - Kesses Farm,Yellow Babe,60.0,PREMIUM,10.0,75.0,750.0,2024-10-29,2024-10-30,2024-10-31,,Norway,Local Wholesaler - Eldoret,EUR,0.437,327.75,AIR FREIGHT,106.37,,0.0,,PAID,1.0,False,False,False,1.0,,False,False,2024.0,10.0,4.0,2024.0,10.0,4.0,2024.0,,,1.0,,327.75,106.37,221.38,67.54538520213578,750.0,750.0,0.0,No Quality Issue,High Rejection,Poor
RB-001932,Rift Bloom - Ziwa Farm,High & Magic,40.0,PREMIUM,10.0,55.0,550.0,2024-05-26,2024-05-26,2024-05-27,2024-05-31,Japan,Carrefour Flowers,EUR,0.371,204.05,AIR FREIGHT,217.75,1.3,5.0,Bud Blast,PAID,5.0,False,False,False,1.0,4.0,True,False,2024.0,5.0,2.0,2024.0,5.0,2.0,2024.0,2024.0,5.0,0.0,5.0,204.05,217.75,-13.699999999999989,-6.714040676304821,550.0,550.0,0.9090909090909091,Quality Issue,High Rejection,Excellent
RB-001657,Rift Bloom - Kapseret Farm,Vendela,90.0,STANDARD,20.0,33.0,660.0,2022-10-27,2022-10-27,2022-10-31,2022-11-05,France,Local Wholesaler - Eldoret,USD,0.422,278.52,AIR FREIGHT,359.46,1.4,0.0,,NAN,4.0,False,False,False,4.0,5.0,True,False,2022.0,10.0,4.0,2022.0,10.0,4.0,2022.0,2022.0,11.0,0.0,9.0,278.52,359.46,-80.94,-29.060749676863423,660.0,660.0,0.0,No Quality Issue,High Rejection,Good
RB-000681,Rift Bloom - Turbo Farm,Circus,50.0,A,10.0,62.0,620.0,2024-08-31,2024-09-02,2024-09-05,2024-09-09,Australia,Bloomon BV,NAN,0.186,115.32,ROAD THEN AIR,150.89,2.1,0.0,,PAID,5.0,True,False,False,3.0,4.0,True,False,2024.0,8.0,3.0,2024.0,9.0,3.0,2024.0,2024.0,9.0,2.0,9.0,115.32,150.89,-35.56999999999999,-30.84460631286853,620.0,620.0,0.0,No Quality Issue,High Rejection,Excellent
RB-001566,Rift Bloom - Timboroa Farm,Sweetness,70.0,STANDARD,10.0,81.0,810.0,2026-06-16,2026-06-16,2026-06-18,2026-06-20,Poland,Whole Foods Market,USD,0.615,498.15,AIR FREIGHT,319.69,4.2,44.0,,PAID,3.0,False,False,False,2.0,2.0,True,False,2026.0,6.0,2.0,2026.0,6.0,2.0,2026.0,2026.0,6.0,0.0,4.0,498.15,319.69,178.45999999999998,35.82455083810097,810.0,810.0,5.432098765432099,No Quality Issue,High Rejection,Average
RB-001329,Rift Bloom - Turbo Farm,Vendela,60.0,,25.0,115.0,2875.0,2026-03-20,2026-03-20,2026-03-24,2026-03-27,United Kingdom,Carrefour Flowers,USD,0.371,1066.62,AIR FREIGHT,14.11,3.4,0.0,,NAN,4.0,False,False,False,4.0,3.0,True,False,2026.0,3.0,1.0,2026.0,3.0,1.0,2026.0,2026.0,3.0,0.0,7.0,1066.62,14.11,1052.51,98.67712962442108,2875.0,2875.0,0.0,No Quality Issue,High Rejection,Good
RB-002088,Rift Bloom - Turbo Farm,Athena,80.0,,40.0,68.0,2720.0,2025-09-08,2025-11-08,2025-08-15,2025-08-17,Poland,Blume2000,USD,0.327,889.44,AIR FREIGHT,260.05,1.1,10.0,Botrytis,PENDING,4.0,False,False,False,-85.0,2.0,False,False,2025.0,9.0,3.0,2025.0,11.0,4.0,2025.0,2025.0,8.0,61.0,-22.0,889.44,260.05,629.3900000000001,70.76250224860587,2720.0,2720.0,0.3676470588235294,Quality Issue,High Rejection,Good
RB-001519,Rift Bloom - Turbo Farm,Athena,50.0,B,25.0,66.0,1650.0,2022-03-22,2022-03-24,2022-03-26,,Switzerland,FloraHolland Auction,EUR,0.473,780.45,AIR FREIGHT,393.93,2.9,0.0,,UNKNOWN,2.0,False,False,False,2.0,,False,False,2022.0,3.0,1.0,2022.0,3.0,1.0,2022.0,,,2.0,,780.45,393.93,386.52000000000004,49.52527388045358,1650.0,1650.0,0.0,No Quality Issue,High Rejection,Poor
RB-000226,Rift Bloom - Kapseret Farm,Circus,-50.0,A,25.0,84.0,2100.0,,2026-06-23,2026-06-26,2026-06-30,United Kingdom,Whole Foods Market,EUR,0.253,531.3,NAN,,4.1,0.0,,PAID,5.0,False,False,False,3.0,4.0,True,False,,,,2026.0,6.0,2.0,2026.0,2026.0,6.0,,,531.3,,,,2100.0,2100.0,0.0,No Quality Issue,High Rejection,Excellent
RB-002410,Rift Bloom - Moiben Farm,Yellow Babe,70.0,B,20.0,241.0,4820.0,2023-03-27,2023-03-29,2023-04-01,2023-04-04,Switzerland,Aalsmeer Direct,EUR,0.388,1870.16,NAN,264.76,1.7,0.0,,PENDING,5.0,False,False,False,3.0,3.0,True,False,2023.0,3.0,1.0,2023.0,3.0,1.0,2023.0,2023.0,4.0,2.0,8.0,1870.16,264.76,1605.4,85.84292253069256,4820.0,4820.0,0.0,No Quality Issue,High Rejection,Excellent
RB-001761,Rift Bloom - Kapseret Farm,Avalanche,50.0,PREMIUM,20.0,207.0,4140.0,2022-09-23,2022-09-24,2022-09-27,2022-09-28,Switzerland,Tokyo Flower Market,USD,0.518,2144.52,AIR FREIGHT,572.13,4.0,0.0,,OVERDUE,4.0,False,False,False,3.0,1.0,True,False,2022.0,9.0,3.0,2022.0,9.0,3.0,2022.0,2022.0,9.0,1.0,5.0,2144.52,572.13,1572.3899999999999,73.32130266912876,4140.0,4140.0,0.0,No Quality Issue,High Rejection,Good
RB-001361,Rift Bloom - Moiben Farm,Vendela,50.0,PREMIUM,20.0,83.0,1660.0,2023-03-14,2023-03-14,2023-03-15,2023-03-18,France,Tokyo Flower Market,EUR,0.265,439.9,ROAD THEN AIR,256.27,,0.0,,PENDING,4.0,False,False,False,1.0,3.0,True,False,2023.0,3.0,1.0,2023.0,3.0,1.0,2023.0,2023.0,3.0,0.0,4.0,439.9,256.27,183.63,41.743578085928625,1660.0,1660.0,0.0,No Quality Issue,High Rejection,Good
RB-002631,Rift Bloom - Moiben Farm,Vendela,80.0,C,10.0,265.0,2650.0,,2023-08-28,2023-08-29,2023-01-09,Netherlands,Local Wholesaler - Eldoret,UNKNOWN,0.409,1083.85,AIR FREIGHT,46.24,2.3,0.0,,PAID,2.0,False,False,False,1.0,-232.0,False,False,,,,2023.0,8.0,3.0,2023.0,2023.0,1.0,,,1083.85,46.24,1037.61,95.7337269917424,2650.0,2650.0,0.0,No Quality Issue,High Rejection,Poor
RB-001493,Rift Bloom - Turbo Farm,Athena,50.0,PREMIUM,10.0,153.0,1530.0,2025-02-02,2025-02-02,2025-03-02,2025-05-02,Australia,Dubai Flower Centre,EUR,0.302,462.06,AIR FREIGHT,147.43,3.5,0.0,,OVERDUE,5.0,False,False,False,28.0,61.0,True,False,2025.0,2.0,1.0,2025.0,2.0,1.0,2025.0,2025.0,5.0,0.0,89.0,462.06,147.43,314.63,68.09288836947583,1530.0,1530.0,0.0,No Quality Issue,High Rejection,Excellent
RB-002010,Rift Bloom - Turbo Farm,Sweetness,50.0,,10.0,30.0,300.0,2025-11-01,2025-12-01,2025-01-15,2025-01-19,Germany,M-Farm Traders,USD,0.369,110.7,AIR FREIGHT,262.38,2.7,0.0,,OVERDUE,4.0,False,False,False,-320.0,4.0,False,False,2025.0,11.0,4.0,2025.0,12.0,4.0,2025.0,2025.0,1.0,30.0,-286.0,110.7,262.38,-151.68,-137.01897018970192,300.0,300.0,0.0,No Quality Issue,High Rejection,Good
RB-000206,Rift Bloom - Moiben Farm,Pink Floyd,50.0,STANDARD,25.0,89.0,2225.0,2025-09-01,2025-09-02,2025-04-09,2025-05-09,NL,FloraHolland Auction,NAN,0.329,732.02,AIR FREIGHT,359.45,3.2,0.0,,OVERDUE,5.0,False,False,False,-146.0,30.0,False,False,2025.0,9.0,3.0,2025.0,9.0,3.0,2025.0,2025.0,5.0,1.0,-115.0,732.02,359.45,372.57,50.89615037840496,2225.0,2225.0,0.0,No Quality Issue,High Rejection,Excellent
RB-001028,Rift Bloom - Turbo Farm,Explorer,60.0,B,10.0,186.0,1860.0,2024-12-28,2024-12-30,2025-01-01,2025-03-01,United Arab Emirates,Dubai Flower Centre,EUR,0.509,946.74,AIR FREIGHT,148.07,2.2,0.0,,PAID,5.0,False,False,False,2.0,59.0,True,False,2024.0,12.0,4.0,2024.0,12.0,4.0,2025.0,2025.0,3.0,2.0,63.0,946.74,148.07,798.6700000000001,84.3600143650844,1860.0,1860.0,0.0,No Quality Issue,High Rejection,Excellent
RB-002766,Rift Bloom - Moiben Farm,FREEDOM,70.0,C,40.0,50.0,2000.0,2025-02-24,2025-02-24,,2025-02-28,NL,Bloomon BV,USD,0.235,470.0,AIR FREIGHT,258.92,0.6,0.0,,PAID,3.0,False,False,False,,,False,False,2025.0,2.0,1.0,2025.0,2.0,1.0,,2025.0,2.0,0.0,4.0,470.0,258.92,211.07999999999998,44.91063829787233,2000.0,2000.0,0.0,No Quality Issue,High Rejection,Average
RB-002125,Rift Bloom - Timboroa Farm,Sweetness,60.0,B,20.0,197.0,3940.0,2022-08-29,2022-08-29,2022-09-01,2022-07-09,The Netherlands,Carrefour Flowers,KES,45.63,1797822.0,ROAD THEN AIR,299.56,-0.2,0.0,,PAID,2.0,False,False,True,3.0,-54.0,False,False,2022.0,8.0,3.0,2022.0,8.0,3.0,2022.0,2022.0,7.0,0.0,-51.0,1797822.0,299.56,1797522.44,99.98333761629348,3940.0,3940.0,0.0,No Quality Issue,High Rejection,Poor
RB-001047,Rift Bloom - Ziwa Farm,Red-Naomi,70.0,B,40.0,96.0,3840.0,2023-08-21,2023-08-23,2023-08-27,2023-08-29,United Arab Emirates,Blume2000,USD,0.398,15283.2,AIR FREIGHT,145.81,4.7,0.0,,PAID,4.0,False,False,False,4.0,2.0,True,False,2023.0,8.0,3.0,2023.0,8.0,3.0,2023.0,2023.0,8.0,2.0,8.0,15283.2,145.81,15137.390000000001,99.04594587520938,3840.0,3840.0,0.0,No Quality Issue,High Rejection,Good
RB-000694,Rift Bloom - Ziwa Farm,Peach Avalanche,90.0,B,10.0,77.0,770.0,2022-08-12,2022-12-09,2022-10-12,2022-12-14,Japan,M-Farm Traders,EUR,0.445,342.65,AIR FREIGHT,214.29,2.1,0.0,,PENDING,3.0,False,False,False,-58.0,63.0,False,False,2022.0,8.0,3.0,2022.0,12.0,4.0,2022.0,2022.0,12.0,119.0,124.0,342.65,214.29,128.35999999999999,37.46096600029184,770.0,770.0,0.0,No Quality Issue,High Rejection,Average
RB-002414,Rift Bloom - Moiben Farm,Sweetness,70.0,C,20.0,240.0,4800.0,2022-06-24,2022-06-24,2022-06-27,2022-01-07,France,Whole Foods Market,EUR,0.243,1166.4,AIR FREIGHT,175.58,5.7,0.0,,PENDING,5.0,False,False,False,3.0,-171.0,False,False,2022.0,6.0,2.0,2022.0,6.0,2.0,2022.0,2022.0,1.0,0.0,-168.0,1166.4,175.58,990.82,84.9468449931413,4800.0,4800.0,0.0,No Quality Issue,High Rejection,Excellent
RB-002827,rift bloom turbo farm,Circus,70.0,A,40.0,105.0,4200.0,2025-11-06,2025-06-13,2025-06-14,2025-06-20,United Arab Emirates,M-Farm Traders,EUR,0.079,331.8,AIR FREIGHT,588.67,3.0,0.0,,PAID,3.0,False,False,False,1.0,6.0,True,False,2025.0,11.0,4.0,2025.0,6.0,2.0,2025.0,2025.0,6.0,-146.0,-139.0,331.8,588.67,-256.86999999999995,-77.41711874623265,4200.0,4200.0,0.0,No Quality Issue,High Rejection,Average
RB-001187,Rift Bloom - Moiben Farm,High & Magic,80.0,B,10.0,42.0,420.0,2024-03-14,2024-03-15,2024-03-19,2024-03-23,Russia,Aalsmeer Direct,USD,0.34,142.8,AIR FREIGHT,343.66,1.6,22.0,Wilting,PENDING,2.0,False,False,False,4.0,4.0,True,False,2024.0,3.0,1.0,2024.0,3.0,1.0,2024.0,2024.0,3.0,1.0,9.0,142.8,343.66,-200.86,-140.65826330532212,420.0,420.0,5.238095238095238,Quality Issue,High Rejection,Poor
RB-001370,Rift Bloom - Turbo Farm,Tibet,40.0,A,20.0,130.0,2600.0,2023-09-04,2023-09-04,2023-09-07,2023-10-09,Australia,Carrefour Flowers,EUR,0.328,852.8,AIR FREIGHT,437.63,1.1,0.0,,OVERDUE,3.0,False,False,False,3.0,32.0,True,False,2023.0,9.0,3.0,2023.0,9.0,3.0,2023.0,2023.0,10.0,0.0,35.0,852.8,437.63,415.16999999999996,48.68316135084427,2600.0,2600.0,0.0,No Quality Issue,High Rejection,Average
RB-001908,Rift Bloom - Kapseret Farm,Mondial,80.0,PREMIUM,20.0,41.0,820.0,2025-10-16,2025-10-17,2025-10-20,2025-10-22,Switzerland,M-Farm Traders,KES,66.3,54366.0,NAN,85.8,1.3,0.0,,UNKNOWN,5.0,False,False,False,3.0,2.0,True,False,2025.0,10.0,4.0,2025.0,10.0,4.0,2025.0,2025.0,10.0,1.0,6.0,54366.0,85.8,54280.2,99.84218077474893,820.0,820.0,0.0,No Quality Issue,High Rejection,Excellent
RB-000017,Rift Bloom - Turbo Farm,Red Naomi,80.0,B,25.0,262.0,6550.0,2023-04-16,2023-04-18,2023-04-22,2023-04-26,U.A.E,FloraHolland Auction,KES,38.35,251192.5,AIR FREIGHT,356.82,0.5,0.0,,PAID,4.0,False,False,False,4.0,4.0,True,False,2023.0,4.0,2.0,2023.0,4.0,2.0,2023.0,2023.0,4.0,2.0,10.0,251192.5,356.82,250835.68,99.857949580501,6550.0,6550.0,0.0,No Quality Issue,High Rejection,Good
RB-000173,Rift Bloom - Kesses Farm,High & Magic,50.0,B,40.0,67.0,2680.0,2024-12-24,2024-12-25,2024-12-28,2024-12-29,Norway,M-Farm Traders,EUR,0.141,377.88,AIR FREIGHT,459.47,1.5,0.0,,PENDING,3.0,False,False,False,3.0,1.0,True,False,2024.0,12.0,4.0,2024.0,12.0,4.0,2024.0,2024.0,12.0,1.0,5.0,377.88,459.47,-81.59000000000003,-21.591510532444172,2680.0,2680.0,0.0,No Quality Issue,High Rejection,Average
RB-001677,Rift Bloom - Timboroa Farm,Yellow Babe,50.0,A,10.0,151.0,1510.0,2023-03-29,2023-03-31,2023-02-04,2023-04-08,Japan,Aalsmeer Direct,EUR,0.372,561.72,UNKNOWN,502.11,2.3,0.0,,OVERDUE,3.0,False,False,False,-55.0,63.0,False,False,2023.0,3.0,1.0,2023.0,3.0,1.0,2023.0,2023.0,4.0,2.0,10.0,561.72,502.11,59.610000000000014,10.612048707541126,1510.0,1510.0,0.0,No Quality Issue,High Rejection,Average
RB-001185,Rift Bloom - Turbo Farm,Pink Floyd,40.0,PREMIUM,20.0,82.0,1640.0,2025-11-13,2025-11-13,2025-11-14,2025-11-19,Germany,Carrefour Flowers,KES,33.41,54792.4,AIR FREIGHT,109.31,2.2,17.0,Stem Bent,PAID,5.0,False,False,False,1.0,5.0,True,False,2025.0,11.0,4.0,2025.0,11.0,4.0,2025.0,2025.0,11.0,0.0,6.0,54792.4,109.31,54683.090000000004,99.80050152940919,1640.0,1640.0,1.0365853658536586,Quality Issue,High Rejection,Excellent
RB-000657,Rift Bloom - Moiben Farm,Circus,50.0,B,25.0,143.0,3575.0,2022-02-04,2022-02-06,2022-02-07,2022-09-02,United kingdom,Tokyo Flower Market,KES,49.01,175210.75,AIR FREIGHT,668.25,,0.0,,OVERDUE,3.0,False,False,False,1.0,207.0,True,False,2022.0,2.0,1.0,2022.0,2.0,1.0,2022.0,2022.0,9.0,2.0,210.0,175210.75,668.25,174542.5,99.61860216910206,3575.0,3575.0,0.0,No Quality Issue,High Rejection,Average
RB-001572,Rift Bloom - Kesses Farm,Red Naomi,70.0,,25.0,33.0,825.0,2024-06-22,2024-06-22,,2024-06-29,Switzerland,FloraHolland Auction,EUR,0.547,451.28,AIR FREIGHT,258.81,2.1,0.0,,NAN,3.0,False,False,False,,,False,False,2024.0,6.0,2.0,2024.0,6.0,2.0,,2024.0,6.0,0.0,7.0,451.28,258.81,192.46999999999997,42.64979613543697,825.0,825.0,0.0,No Quality Issue,High Rejection,Average
RB-001420,Rift Bloom - Kesses Farm,High & Magic,60.0,STANDARD,20.0,184.0,3680.0,2025-06-09,2025-09-06,2025-06-13,2025-06-18,Netherlands,Whole Foods Market,USD,0.379,1394.72,AIR FREIGHT,220.51,1.0,0.0,,NAN,4.0,False,False,False,-85.0,5.0,False,False,2025.0,6.0,2.0,2025.0,9.0,3.0,2025.0,2025.0,6.0,89.0,9.0,1394.72,220.51,1174.21,84.1896581392681,3680.0,3680.0,0.0,No Quality Issue,High Rejection,Good
RB-000400,Rift Bloom - Kapseret Farm,Yellow Babe,50.0,,40.0,255.0,10200.0,2025-12-16,2025-12-18,2025-12-21,2025-12-23,Australia,M-Farm Traders,NAN,0.05,510.0,AIR FREIGHT,239.78,1.8,0.0,,PENDING,5.0,False,False,False,3.0,2.0,True,False,2025.0,12.0,4.0,2025.0,12.0,4.0,2025.0,2025.0,12.0,2.0,7.0,510.0,239.78,270.22,52.9843137254902,10200.0,10200.0,0.0,No Quality Issue,High Rejection,Excellent
RB-000619,Rift Bloom - Timboroa Farm,High & Magic,60.0,,10.0,45.0,450.0,,2022-04-16,2022-04-17,2022-04-21,UK,Bloomon BV,EUR,0.224,100.8,AIR FREIGHT,391.48,3.8,0.0,,PENDING,4.0,False,False,False,1.0,4.0,True,False,,,,2022.0,4.0,2.0,2022.0,2022.0,4.0,,,100.8,391.48,-290.68,-288.37301587301585,450.0,450.0,0.0,No Quality Issue,High Rejection,Good
RB-000868,Rift Bloom - Ziwa Farm,RedNaomi,70.0,A,20.0,77.0,1540.0,2024-09-15,2024-09-15,2024-09-18,,United Kingdom,Carrefour Flowers,KES,10.01,15415.4,AIR FREIGHT,412.41,19.7,0.0,,PENDING,3.0,False,False,False,3.0,,False,False,2024.0,9.0,3.0,2024.0,9.0,3.0,2024.0,,,0.0,,15415.4,412.41,15002.99,97.32468829871426,1540.0,1540.0,0.0,No Quality Issue,High Rejection,Average
RB-000887,Rift Bloom - Moiben Farm,High & Magic,90.0,B,40.0,184.0,7360.0,2022-02-25,2022-02-26,2022-03-01,2022-03-03,Norway,Whole Foods Market,USD,0.167,1229.12,AIR FREIGHT,180.26,2.3,0.0,,PENDING,4.0,False,False,False,3.0,2.0,True,False,2022.0,2.0,1.0,2022.0,2.0,1.0,2022.0,2022.0,3.0,1.0,6.0,1229.12,180.26,1048.86,85.33422285863055,7360.0,7360.0,0.0,No Quality Issue,High Rejection,Good
RB-002111,Rift Bloom - Kesses Farm,RedNaomi,70.0,STANDARD,10.0,64.0,640.0,2024-04-28,2024-04-28,2024-02-05,2024-04-05,United Arab Emirates,Dubai Flower Centre,USD,0.204,130.56,NAN,698.7,1.6,0.0,,OVERDUE,4.0,False,False,False,-83.0,60.0,False,False,2024.0,4.0,2.0,2024.0,4.0,2.0,2024.0,2024.0,4.0,0.0,-23.0,130.56,698.7,-568.1400000000001,-435.1562500000001,640.0,640.0,0.0,No Quality Issue,High Rejection,Good
RB-002172,Rift Bloom - Timboroa Farm,Avalanche,50.0,PREMIUM,40.0,57.0,2280.0,2026-04-15,2026-04-16,2026-04-19,2026-04-23,Russia,Bloomon BV,EUR,0.351,800.28,AIR FREIGHT,319.19,2.4,12.0,Cold Chain Break,PENDING,4.0,False,False,False,3.0,4.0,True,False,2026.0,4.0,2.0,2026.0,4.0,2.0,2026.0,2026.0,4.0,1.0,8.0,800.28,319.19,481.09,60.115209676613176,2280.0,2280.0,0.5263157894736842,Quality Issue,High Rejection,Good
RB-000458,Rift Bloom - Timboroa Farm,Sweetness,60.0,PREMIUM,20.0,66.0,1320.0,2024-05-02,2024-02-06,2024-07-02,2024-02-12,France,Local Wholesaler - Eldoret,EUR,0.472,623.04,AIR FREIGHT,383.87,3.7,0.0,,PENDING,4.0,False,False,False,147.0,-141.0,False,False,2024.0,5.0,2.0,2024.0,2.0,1.0,2024.0,2024.0,2.0,-86.0,-80.0,623.04,383.87,239.16999999999996,38.387583461736,1320.0,1320.0,0.0,No Quality Issue,High Rejection,Good
RB-000791,Rift Bloom - Moiben Farm,Mondial,50.0,A,40.0,113.0,4520.0,2024-07-07,2024-07-07,2024-08-07,2024-07-14,USA,Blume2000,EUR,0.405,1830.6,AIR FREIGHT,206.25,2.9,25.0,Undersized Stems,NAN,4.0,False,False,False,31.0,-24.0,False,False,2024.0,7.0,3.0,2024.0,7.0,3.0,2024.0,2024.0,7.0,0.0,7.0,1830.6,206.25,1624.35,88.73320222877746,4520.0,4520.0,0.5530973451327433,Quality Issue,High Rejection,Good
RB-000651,Rift Bloom - Kesses Farm,Circus,90.0,PREMIUM,10.0,119.0,1190.0,2024-01-31,2024-01-31,2024-03-02,2024-06-02,United Arab Emirates,Local Wholesaler - Eldoret,NAN,0.315,374.85,ROAD THEN AIR,1227.13,,0.0,,PAID,5.0,False,False,False,31.0,92.0,True,False,2024.0,1.0,1.0,2024.0,1.0,1.0,2024.0,2024.0,6.0,0.0,123.0,374.85,1227.13,-852.2800000000001,-227.36561291183142,1190.0,1190.0,0.0,No Quality Issue,High Rejection,Excellent
RB-000734,Rift Bloom - Kapseret Farm,Tibet,80.0,,40.0,182.0,7280.0,2023-11-24,2023-11-25,2023-11-29,2023-12-02,Norway,Marks & Spencer Flowers,NAN,0.328,2387.84,AIR FREIGHT,493.81,2.8,0.0,,OVERDUE,4.0,False,False,False,4.0,3.0,True,False,2023.0,11.0,4.0,2023.0,11.0,4.0,2023.0,2023.0,12.0,1.0,8.0,2387.84,493.81,1894.0300000000002,79.31980367193782,7280.0,7280.0,0.0,No Quality Issue,High Rejection,Good
RB-002863,Rift Bloom - Kesses Farm,red naomi,50.0,,10.0,176.0,1760.0,2023-08-05,,2023-09-08,2023-11-08,Norway,Interflora Russia,EUR,0.366,644.16,AIR FREIGHT,127.32,1.7,0.0,,PENDING,4.0,False,False,False,,61.0,False,False,2023.0,8.0,3.0,,,,2023.0,2023.0,11.0,,95.0,644.16,127.32,516.8399999999999,80.23472429210133,1760.0,1760.0,0.0,No Quality Issue,High Rejection,Good
RB-000380,Rift Bloom - Moiben Farm,Pink Floyd,60.0,STANDARD,20.0,42.0,840.0,2023-12-22,2023-12-23,2023-12-27,2023-12-29,USA,Tokyo Flower Market,EUR,0.361,303.24,ROAD THEN AIR,209.44,0.3,0.0,,OVERDUE,4.0,False,False,False,4.0,2.0,True,False,2023.0,12.0,4.0,2023.0,12.0,4.0,2023.0,2023.0,12.0,1.0,7.0,303.24,209.44,93.80000000000001,30.932594644506008,840.0,840.0,0.0,No Quality Issue,High Rejection,Good
RB-002452,Rift Bloom - Turbo Farm,Sweetness,60.0,C,10.0,123.0,1230.0,,2024-01-07,2024-07-02,2024-07-05,Norway,Local Wholesaler - Eldoret,EUR,0.385,473.55,AIR FREIGHT,619.58,5.5,0.0,,NAN,4.0,False,False,False,177.0,3.0,True,False,,,,2024.0,1.0,1.0,2024.0,2024.0,7.0,,,473.55,619.58,-146.03000000000003,-30.837292788512304,1230.0,1230.0,0.0,No Quality Issue,High Rejection,Good
RB-000957,Rift Bloom - Moiben Farm,Tibet,80.0,,25.0,172.0,4300.0,2022-08-14,2022-08-15,2022-08-17,2022-08-22,UAE,Carrefour Flowers,EUR,0.393,1689.9,UNKNOWN,753.87,1.5,0.0,,PAID,1.0,False,False,False,2.0,5.0,True,False,2022.0,8.0,3.0,2022.0,8.0,3.0,2022.0,2022.0,8.0,1.0,8.0,1689.9,753.87,936.0300000000001,55.38966802769395,4300.0,4300.0,0.0,No Quality Issue,High Rejection,Poor
RB-000172,Rift Bloom - Moiben Farm,Avalanche,60.0,B,40.0,90.0,3600.0,2022-11-10,2022-11-10,2022-11-13,2022-11-14,Russia,Carrefour Flowers,USD,0.227,817.2,AIR FREIGHT,67.33,-0.3,0.0,,PENDING,1.0,False,False,True,3.0,1.0,True,False,2022.0,11.0,4.0,2022.0,11.0,4.0,2022.0,2022.0,11.0,0.0,4.0,817.2,67.33,749.87,91.76089084679393,3600.0,3600.0,0.0,No Quality Issue,High Rejection,Poor
RB-001945,Rift Bloom - Kapseret Farm,Athena,60.0,STANDARD,20.0,41.0,820.0,2025-06-13,2025-06-15,2025-06-17,2025-06-22,Japan,Bloomon BV,KES,42.64,34964.8,NAN,209.11,0.1,0.0,,PAID,5.0,False,False,False,2.0,5.0,True,False,2025.0,6.0,2.0,2025.0,6.0,2.0,2025.0,2025.0,6.0,2.0,9.0,34964.8,209.11,34755.69,99.40194138104607,820.0,820.0,0.0,No Quality Issue,High Rejection,Excellent
RB-000660,Rift Bloom - Kapseret Farm,avalanche,40.0,PREMIUM,20.0,62.0,1240.0,2024-04-05,2024-05-04,2024-07-04,2024-04-08,Norway,M-Farm Traders,EUR,0.46,570.4,NAN,155.69,,0.0,,PENDING,4.0,False,False,False,61.0,-87.0,False,False,2024.0,4.0,2.0,2024.0,5.0,2.0,2024.0,2024.0,4.0,29.0,3.0,570.4,155.69,414.71,72.70511921458626,1240.0,1240.0,0.0,No Quality Issue,High Rejection,Good
RB-002121,Rift Bloom - Timboroa Farm,Circus,50.0,,25.0,189.0,4725.0,2024-11-23,2024-11-25,2024-11-28,2024-01-12,Germany,Dubai Flower Centre,EUR,0.396,1871.1,AIR FREIGHT,,,0.0,,PENDING,2.0,False,False,False,3.0,-321.0,False,False,2024.0,11.0,4.0,2024.0,11.0,4.0,2024.0,2024.0,1.0,2.0,-316.0,1871.1,,,,4725.0,4725.0,0.0,No Quality Issue,High Rejection,Poor
RB-001095,Rift Bloom - Timboroa Farm,Athena,80.0,,25.0,178.0,4450.0,2024-04-09,2024-04-10,2024-04-13,,USA,Marks & Spencer Flowers,KES,39.39,175285.5,ROAD THEN AIR,419.31,-1.0,43.0,Cold Chain Break,PAID,4.0,False,False,True,3.0,,False,False,2024.0,4.0,2.0,2024.0,4.0,2.0,2024.0,,,1.0,,175285.5,419.31,174866.19,99.76078454863637,4450.0,4450.0,0.9662921348314606,Quality Issue,High Rejection,Good
RB-000169,Rift Bloom - Kapseret Farm,Circus,60.0,PREMIUM,20.0,141.0,2820.0,2024-06-02,2024-06-03,2024-06-04,2024-06-10,Australia,Dubai Flower Centre,EUR,0.488,1376.16,NAN,566.43,1.9,0.0,,PAID,4.0,False,False,False,1.0,6.0,True,False,2024.0,6.0,2.0,2024.0,6.0,2.0,2024.0,2024.0,6.0,1.0,8.0,1376.16,566.43,809.7300000000001,58.839815137774686,2820.0,2820.0,0.0,No Quality Issue,High Rejection,Good
RB-001518,Rift Bloom - Moiben Farm,Circus,80.0,B,25.0,70.0,1750.0,2023-12-14,2023-12-15,2023-12-19,2023-12-23,Norway,Dubai Flower Centre,EUR,0.332,581.0,AIR FREIGHT,264.7,2.5,0.0,,PENDING,5.0,False,False,False,4.0,4.0,True,False,2023.0,12.0,4.0,2023.0,12.0,4.0,2023.0,2023.0,12.0,1.0,9.0,581.0,264.7,316.3,54.44061962134251,1750.0,1750.0,0.0,No Quality Issue,High Rejection,Excellent
RB-001801,Rift Bloom - Timboroa Farm,Athena,50.0,PREMIUM,40.0,97.0,3880.0,2025-11-16,2025-11-16,2025-11-18,2025-11-21,France,Local Wholesaler - Eldoret,EUR,0.312,1210.56,AIR FREIGHT,640.62,0.9,0.0,,NAN,5.0,False,False,False,2.0,3.0,True,False,2025.0,11.0,4.0,2025.0,11.0,4.0,2025.0,2025.0,11.0,0.0,5.0,1210.56,640.62,569.9399999999999,47.080689928628075,3880.0,3880.0,0.0,No Quality Issue,High Rejection,Excellent
RB-002190,Rift Bloom - Timboroa Farm,Sweetness,50.0,STANDARD,20.0,326.0,6520.0,2024-10-22,2024-10-23,2024-10-24,2024-10-30,Netherlands,Blume2000,USD,0.34,2216.8,NAN,344.34,0.6,0.0,,NAN,4.0,False,False,False,1.0,6.0,True,False,2024.0,10.0,4.0,2024.0,10.0,4.0,2024.0,2024.0,10.0,1.0,8.0,2216.8,344.34,1872.4600000000003,84.46679898953447,6520.0,6520.0,0.0,No Quality Issue,High Rejection,Good
RB-001918,Rift Bloom - Moiben Farm,Sweetness,70.0,B,25.0,34.0,850.0,2023-08-09,2023-10-09,2023-09-14,2023-09-16,Germany,Bloomon BV,USD,0.273,232.05,ROAD THEN AIR,,2.2,10.0,-,NAN,4.0,False,False,False,-25.0,2.0,False,True,2023.0,8.0,3.0,2023.0,10.0,4.0,2023.0,2023.0,9.0,61.0,38.0,232.05,,,,850.0,850.0,1.1764705882352942,Quality Issue,High Rejection,Good
RB-001216,Rift Bloom - Timboroa Farm,Circus,60.0,C,10.0,52.0,520.0,2026-03-14,2026-03-15,2026-03-16,2026-03-17,Russia,Blume2000,EUR,0.316,164.32,NAN,331.75,1.7,0.0,,PAID,5.0,False,False,False,1.0,1.0,True,False,2026.0,3.0,1.0,2026.0,3.0,1.0,2026.0,2026.0,3.0,1.0,3.0,164.32,331.75,-167.43,-101.89264849074976,520.0,520.0,0.0,No Quality Issue,High Rejection,Excellent
RB-001119,Rift Bloom - Timboroa Farm,Athena,50.0,,20.0,181.0,3620.0,2026-04-22,2026-04-24,,,NL,Bloomon BV,USD,0.362,1310.44,ROAD THEN AIR,137.13,2.7,0.0,,OVERDUE,5.0,False,False,False,,,False,False,2026.0,4.0,2.0,2026.0,4.0,2.0,,,,2.0,,1310.44,137.13,1173.31,89.5355758371234,3620.0,3620.0,0.0,No Quality Issue,High Rejection,Excellent
RB-002519,rift bloom turbo farm,RedNaomi,60.0,B,25.0,319.0,7975.0,2025-05-23,2025-05-24,2025-05-25,2025-05-26,France,FloraHolland Auction,EUR,0.243,1937.92,AIR FREIGHT,,0.9,0.0,,PAID,4.0,False,False,False,1.0,1.0,True,False,2025.0,5.0,2.0,2025.0,5.0,2.0,2025.0,2025.0,5.0,1.0,3.0,1937.92,,,,7975.0,7975.0,0.0,No Quality Issue,High Rejection,Good
RB-001067,Rift Bloom - Kapseret Farm,Peach Avalanche,60.0,STANDARD,20.0,43.0,860.0,2023-07-16,2023-07-17,2023-07-19,2023-07-23,The Netherlands,Dubai Flower Centre,KES,45.76,39353.6,AIR FREIGHT,103.68,2.5,0.0,,PAID,2.0,False,False,False,2.0,4.0,True,False,2023.0,7.0,3.0,2023.0,7.0,3.0,2023.0,2023.0,7.0,1.0,7.0,39353.6,103.68,39249.92,99.7365425272402,860.0,860.0,0.0,No Quality Issue,High Rejection,Poor
RB-002282,Rift Bloom - Kesses Farm,Freedom,50.0,B,20.0,75.0,1500.0,2026-12-02,2026-02-13,2026-02-17,2026-02-18,Poland,Whole Foods Market,KES,54.86,82290.0,NAN,,2.4,0.0,,PAID,3.0,False,False,False,4.0,1.0,True,False,2026.0,12.0,4.0,2026.0,2.0,1.0,2026.0,2026.0,2.0,-292.0,-287.0,82290.0,,,,1500.0,1500.0,0.0,No Quality Issue,High Rejection,Average
RB-001913,Rift Bloom - Turbo Farm,Yellow Babe,60.0,B,40.0,150.0,6000.0,2022-10-05,2022-05-10,2022-10-06,2022-09-10,Russia,Carrefour Flowers,EUR,0.6,3600.0,ROAD THEN AIR,362.55,2.6,13.0,-,OVERDUE,2.0,False,False,False,149.0,-26.0,False,True,2022.0,10.0,4.0,2022.0,5.0,2.0,2022.0,2022.0,9.0,-148.0,-25.0,3600.0,362.55,3237.45,89.92916666666666,6000.0,6000.0,0.21666666666666665,Quality Issue,High Rejection,Poor
RB-000039,Rift Bloom - Kesses Farm,Yellow Babe,70.0,B,25.0,316.0,7900.0,2025-07-13,2025-07-15,2025-07-19,2025-07-23,Australia,M-Farm Traders,USD,0.328,2591.2,AIR FREIGHT,40.28,2.6,0.0,,PAID,1.0,False,False,False,4.0,4.0,True,False,2025.0,7.0,3.0,2025.0,7.0,3.0,2025.0,2025.0,7.0,2.0,10.0,2591.2,40.28,2550.9199999999996,98.44550787280025,7900.0,7900.0,0.0,No Quality Issue,High Rejection,Poor
RB-000307,Rift Bloom - Kapseret Farm,Peach Avalanche,50.0,STANDARD,10.0,96.0,960.0,2022-10-15,2022-10-15,2022-10-18,2022-10-20,Japan,Local Wholesaler - Eldoret,EUR,0.357,342.72,AIR FREIGHT,150.77,5.3,0.0,,PAID,3.0,False,False,False,3.0,2.0,True,False,2022.0,10.0,4.0,2022.0,10.0,4.0,2022.0,2022.0,10.0,0.0,5.0,342.72,150.77,191.95000000000002,56.0078197945845,960.0,960.0,0.0,No Quality Issue,High Rejection,Average
RB-000007,Rift Bloom - Ziwa Farm,Vendela,60.0,A,40.0,86.0,3440.0,2023-12-16,2023-12-17,2023-12-18,2023-12-20,Germany,Blume2000,EUR,0.418,1437.92,AIR FREIGHT,130.72,4.9,0.0,,PAID,4.0,False,False,False,1.0,2.0,True,False,2023.0,12.0,4.0,2023.0,12.0,4.0,2023.0,2023.0,12.0,1.0,4.0,1437.92,130.72,1307.2,90.9090909090909,3440.0,3440.0,0.0,No Quality Issue,High Rejection,Good
RB-001191,Rift Bloom - Kesses Farm,Avalanche,40.0,,10.0,398.0,3980.0,2022-08-03,,,2022-11-08,Australia,Aalsmeer Direct,EUR,0.498,1982.04,AIR FREIGHT,157.92,1.4,0.0,,PENDING,5.0,False,False,False,,,False,False,2022.0,8.0,3.0,,,,,2022.0,11.0,,97.0,1982.04,157.92,1824.12,92.03245141369499,3980.0,3980.0,0.0,No Quality Issue,High Rejection,Excellent
RB-000584,Rift Bloom - Kesses Farm,Peach Avalanche,60.0,B,10.0,72.0,720.0,2023-02-21,2023-02-21,2023-02-23,2023-02-25,United Kingdom,Tokyo Flower Market,USD,0.19,136.8,AIR FREIGHT,234.93,2.5,0.0,,PAID,5.0,False,False,False,2.0,2.0,True,False,2023.0,2.0,1.0,2023.0,2.0,1.0,2023.0,2023.0,2.0,0.0,4.0,136.8,234.93,-98.13,-71.73245614035086,720.0,720.0,0.0,No Quality Issue,High Rejection,Excellent
RB-002556,Rift Bloom - Turbo Farm,Pink Floyd,90.0,PREMIUM,40.0,246.0,9840.0,2026-04-17,2026-04-17,2026-04-20,2026-04-22,United Arab Emirates,Tokyo Flower Market,EUR,0.308,3030.72,AIR FREIGHT,211.98,3.7,2.0,Petal Bruising,NAN,1.0,False,False,False,3.0,2.0,True,False,2026.0,4.0,2.0,2026.0,4.0,2.0,2026.0,2026.0,4.0,0.0,5.0,3030.72,211.98,2818.74,93.00562242635412,9840.0,9840.0,0.02032520325203252,Quality Issue,High Rejection,Poor
RB-002983,Rift Bloom - Timboroa Farm,Mondial,60.0,STANDARD,20.0,73.0,1460.0,2025-12-14,2025-12-16,2025-12-18,2025-12-19,Australia,M-Farm Traders,USD,0.216,315.36,AIR FREIGHT,86.77,0.9,21.0,Wilting,UNKNOWN,5.0,False,False,False,2.0,1.0,True,False,2025.0,12.0,4.0,2025.0,12.0,4.0,2025.0,2025.0,12.0,2.0,5.0,315.36,86.77,228.59000000000003,72.48541349568748,1460.0,1460.0,1.4383561643835616,Quality Issue,High Rejection,Excellent
RB-002981,Rift Bloom - Turbo Farm,Peach Avalanche,60.0,A,40.0,49.0,1960.0,2025-05-26,2025-05-27,2025-05-31,2025-04-06,United Kingdom,M-Farm Traders,USD,0.469,919.24,NAN,,3.8,0.0,,NAN,5.0,False,False,False,4.0,-55.0,False,False,2025.0,5.0,2.0,2025.0,5.0,2.0,2025.0,2025.0,4.0,1.0,-50.0,919.24,,,,1960.0,1960.0,0.0,No Quality Issue,High Rejection,Excellent
RB-002247,Rift Bloom - Turbo Farm,red naomi,70.0,B,40.0,49.0,1960.0,2022-02-18,2022-02-19,2022-02-21,2022-02-22,USA,Carrefour Flowers,EUR,0.386,756.56,AIR FREIGHT,228.6,2.9,0.0,,PENDING,4.0,False,False,False,2.0,1.0,True,False,2022.0,2.0,1.0,2022.0,2.0,1.0,2022.0,2022.0,2.0,1.0,4.0,756.56,228.6,527.9599999999999,69.78428677170349,1960.0,1960.0,0.0,No Quality Issue,High Rejection,Good
RB-000317,Rift Bloom - Moiben Farm,Pink Floyd,60.0,A,10.0,147.0,1470.0,2025-05-09,2025-11-05,2025-05-14,2025-05-18,US,Blume2000,USD,0.357,524.79,UNKNOWN,278.38,4.8,0.0,,PAID,3.0,False,False,False,-175.0,4.0,False,False,2025.0,5.0,2.0,2025.0,11.0,4.0,2025.0,2025.0,5.0,180.0,9.0,524.79,278.38,246.40999999999997,46.95401970311934,1470.0,1470.0,0.0,No Quality Issue,High Rejection,Average
RB-001795,Rift Bloom - Kesses Farm,Vendela,70.0,B,40.0,115.0,4600.0,2026-03-27,2026-03-29,2026-01-04,2026-07-04,Germany,Blume2000,KES,58.76,270296.0,AIR FREIGHT,340.5,1.7,0.0,,PENDING,2.0,False,False,False,-84.0,181.0,False,False,2026.0,3.0,1.0,2026.0,3.0,1.0,2026.0,2026.0,7.0,2.0,99.0,270296.0,340.5,269955.5,99.8740269926303,4600.0,4600.0,0.0,No Quality Issue,High Rejection,Poor
RB-000549,Rift Bloom - Kesses Farm,Circus,80.0,A,40.0,55.0,2200.0,2023-12-15,2023-12-16,2023-12-20,2023-12-22,United Arab Emirates,Blume2000,EUR,0.31,682.0,NAN,294.28,2.8,0.0,,NAN,4.0,False,False,False,4.0,2.0,True,False,2023.0,12.0,4.0,2023.0,12.0,4.0,2023.0,2023.0,12.0,1.0,7.0,682.0,294.28,387.72,56.850439882697955,2200.0,2200.0,0.0,No Quality Issue,High Rejection,Good
RB-001720,Rift Bloom - Kesses Farm,Vendela,40.0,,40.0,118.0,4720.0,2026-01-17,2026-01-18,2026-01-22,2026-01-26,France,Carrefour Flowers,NAN,0.386,1821.92,AIR FREIGHT,441.87,0.0,0.0,,PAID,3.0,False,False,False,4.0,4.0,True,False,2026.0,1.0,1.0,2026.0,1.0,1.0,2026.0,2026.0,1.0,1.0,9.0,1821.92,441.87,1380.0500000000002,75.74701413893037,4720.0,4720.0,0.0,No Quality Issue,High Rejection,Average
RB-002799,rift bloom turbo farm,Pink Floyd,70.0,STANDARD,40.0,107.0,4280.0,2022-02-23,2022-02-25,2022-03-01,2022-07-03,netherlands,M-Farm Traders,USD,0.361,1545.08,AIR FREIGHT,292.32,1.4,0.0,,OVERDUE,3.0,False,False,False,4.0,124.0,True,False,2022.0,2.0,1.0,2022.0,2.0,1.0,2022.0,2022.0,7.0,2.0,130.0,1545.08,292.32,1252.76,81.08059129624357,4280.0,4280.0,0.0,No Quality Issue,High Rejection,Average
RB-002809,Rift Bloom - Ziwa Farm,Vendela,40.0,,40.0,72.0,2880.0,2022-05-15,2022-05-16,2022-05-19,2022-05-23,Poland,Tokyo Flower Market,KES,60.84,175219.2,AIR FREIGHT,48.69,3.0,0.0,,PENDING,4.0,False,False,False,3.0,4.0,True,False,2022.0,5.0,2.0,2022.0,5.0,2.0,2022.0,2022.0,5.0,1.0,8.0,175219.2,48.69,175170.51,99.9722119493754,2880.0,2880.0,0.0,No Quality Issue,High Rejection,Good
RB-000599,Rift Bloom - Kapseret Farm,Cool Water,60.0,,25.0,105.0,2625.0,2022-02-26,2022-02-26,2022-02-27,,United Kingdom,Whole Foods Market,EUR,0.528,1386.0,AIR FREIGHT,173.42,22.3,0.0,,PAID,5.0,False,False,False,1.0,,False,False,2022.0,2.0,1.0,2022.0,2.0,1.0,2022.0,,,0.0,,1386.0,173.42,1212.58,87.48773448773449,2625.0,2625.0,0.0,No Quality Issue,High Rejection,Excellent
RB-000895,Rift Bloom - Kesses Farm,Avalanche,60.0,C,40.0,83.0,3320.0,2022-12-09,2022-12-09,2022-09-15,2022-09-20,Japan,M-Farm Traders,EUR,0.176,584.32,AIR FREIGHT,66.92,2.2,14.0,Undersized Stems,PAID,3.0,False,False,False,-85.0,5.0,False,False,2022.0,12.0,4.0,2022.0,12.0,4.0,2022.0,2022.0,9.0,0.0,-80.0,584.32,66.92,517.4000000000001,88.54737130339541,3320.0,3320.0,0.42168674698795183,Quality Issue,High Rejection,Average
RB-002651,Rift Bloom - Turbo Farm,Red Naomi,90.0,A,10.0,89.0,890.0,2026-06-20,2026-06-21,2026-06-24,2026-06-29,Japan,Bloomon BV,USD,0.409,364.01,AIR FREIGHT,866.81,1.0,0.0,,NAN,4.0,False,False,False,3.0,5.0,True,False,2026.0,6.0,2.0,2026.0,6.0,2.0,2026.0,2026.0,6.0,1.0,9.0,364.01,866.81,-502.79999999999995,-138.12807340457678,890.0,890.0,0.0,No Quality Issue,High Rejection,Good
RB-001776,Rift Bloom - Timboroa Farm,Red-Naomi,70.0,A,25.0,160.0,4000.0,2022-02-16,2022-02-16,2022-02-19,2022-02-25,Australia,Carrefour Flowers,NAN,0.578,2312.0,ROAD THEN AIR,409.88,4.7,0.0,,NAN,5.0,False,False,False,3.0,6.0,True,False,2022.0,2.0,1.0,2022.0,2.0,1.0,2022.0,2022.0,2.0,0.0,9.0,2312.0,409.88,1902.12,82.27162629757785,4000.0,4000.0,0.0,No Quality Issue,High Rejection,Excellent
RB-002000,Rift Bloom - Ziwa Farm,Vendela,60.0,STANDARD,25.0,50.0,1250.0,,2025-08-20,2025-08-24,2025-08-30,UK,Carrefour Flowers,KES,47.84,59800.0,AIR FREIGHT,,2.8,0.0,,OVERDUE,3.0,False,False,False,4.0,6.0,True,False,,,,2025.0,8.0,3.0,2025.0,2025.0,8.0,,,59800.0,,,,1250.0,1250.0,0.0,No Quality Issue,High Rejection,Average
RB-000062,Rift Bloom - Kesses Farm,Tibet,60.0,PREMIUM,10.0,66.0,660.0,2024-04-13,2024-04-15,2024-04-16,2024-04-21,Japan,Tokyo Flower Market,USD,0.469,309.54,AIR FREIGHT,599.94,1.5,0.0,,OVERDUE,4.0,False,False,False,1.0,5.0,True,False,2024.0,4.0,2.0,2024.0,4.0,2.0,2024.0,2024.0,4.0,2.0,8.0,309.54,599.94,-290.40000000000003,-93.81663113006397,660.0,660.0,0.0,No Quality Issue,High Rejection,Good
RB-001248,Rift Bloom - Kesses Farm,Sweetness,60.0,C,40.0,112.0,4480.0,2023-08-03,2023-08-03,2023-07-08,2023-12-08,Poland,Dubai Flower Centre,KES,50.83,227718.4,AIR FREIGHT,210.38,0.9,0.0,,PAID,1.0,False,False,False,-26.0,153.0,False,False,2023.0,8.0,3.0,2023.0,8.0,3.0,2023.0,2023.0,12.0,0.0,127.0,227718.4,210.38,227508.02,99.90761396531856,4480.0,4480.0,0.0,No Quality Issue,High Rejection,Poor
RB-000810,Rift Bloom - Kesses Farm,Peach Avalanche,50.0,A,10.0,261.0,2610.0,2025-11-23,2025-11-23,2025-11-25,2025-11-27,Germany,FloraHolland Auction,USD,0.329,858.69,AIR FREIGHT,165.18,3.1,0.0,,PENDING,5.0,False,False,False,2.0,2.0,True,False,2025.0,11.0,4.0,2025.0,11.0,4.0,2025.0,2025.0,11.0,0.0,4.0,858.69,165.18,693.51,80.76372148272368,2610.0,2610.0,0.0,No Quality Issue,High Rejection,Excellent
RB-001050,Rift Bloom - Turbo Farm,Cool Water,50.0,STANDARD,10.0,109.0,1090.0,2022-02-08,2022-08-04,2022-06-08,2022-07-08,France,Interflora Russia,USD,0.394,429.46,AIR FREIGHT,489.74,1.8,0.0,,PENDING,5.0,False,False,False,-57.0,30.0,False,False,2022.0,2.0,1.0,2022.0,8.0,3.0,2022.0,2022.0,7.0,177.0,150.0,429.46,489.74,-60.28000000000003,-14.036231546593402,1090.0,1090.0,0.0,No Quality Issue,High Rejection,Excellent
RB-002154,Rift Bloom - Moiben Farm,Athena,50.0,PREMIUM,10.0,138.0,1380.0,2023-06-11,2023-11-07,2023-10-11,2023-12-11,United Arab Emirates,Blume2000,USD,0.175,241.5,AIR FREIGHT,368.14,,0.0,,OVERDUE,4.0,False,False,False,-27.0,61.0,False,False,2023.0,6.0,2.0,2023.0,11.0,4.0,2023.0,2023.0,12.0,149.0,183.0,241.5,368.14,-126.63999999999999,-52.43892339544512,1380.0,1380.0,0.0,No Quality Issue,High Rejection,Good
RB-000674,Rift Bloom - Moiben Farm,Yellow Babe,80.0,B,20.0,93.0,1860.0,2025-06-03,2025-06-03,2025-06-07,,Switzerland,Blume2000,EUR,0.395,734.7,AIR FREIGHT,,19.9,0.0,,NAN,3.0,False,False,False,4.0,,False,False,2025.0,6.0,2.0,2025.0,6.0,2.0,2025.0,,,0.0,,734.7,,,,1860.0,1860.0,0.0,No Quality Issue,High Rejection,Average
RB-000666,Rift Bloom - Timboroa Farm,Pink Floyd,50.0,A,20.0,195.0,3900.0,2025-04-26,2025-04-27,2025-04-28,2025-04-05,Poland,M-Farm Traders,NAN,0.447,1743.3,AIR FREIGHT,314.18,3.4,0.0,,PENDING,4.0,False,False,False,1.0,-23.0,False,False,2025.0,4.0,2.0,2025.0,4.0,2.0,2025.0,2025.0,4.0,1.0,-21.0,1743.3,314.18,1429.12,81.97785808524063,3900.0,3900.0,0.0,No Quality Issue,High Rejection,Good
RB-000510,Rift Bloom - Turbo Farm,High & Magic,80.0,PREMIUM,20.0,64.0,1280.0,2023-04-02,2023-05-02,2023-06-02,2023-02-07,France,Carrefour Flowers,EUR,0.236,302.08,AIR FREIGHT,647.87,-1.4,0.0,,NAN,5.0,False,False,True,31.0,-115.0,False,False,2023.0,4.0,2.0,2023.0,5.0,2.0,2023.0,2023.0,2.0,30.0,-54.0,302.08,647.87,-345.79,-114.46967690677967,1280.0,1280.0,0.0,No Quality Issue,High Rejection,Excellent
RB-002180,Rift Bloom - Timboroa Farm,Circus,80.0,PREMIUM,40.0,266.0,10640.0,2025-02-24,2025-02-25,2025-02-27,2025-02-03,United Arab Emirates,Dubai Flower Centre,EUR,0.435,4628.4,AIR FREIGHT,278.76,-0.9,0.0,,PENDING,3.0,False,False,True,2.0,-24.0,False,False,2025.0,2.0,1.0,2025.0,2.0,1.0,2025.0,2025.0,2.0,1.0,-21.0,4628.4,278.76,4349.639999999999,93.97718434016075,10640.0,10640.0,0.0,No Quality Issue,High Rejection,Average
RB-001641,Rift Bloom - Moiben Farm,Peach Avalanche,50.0,PREMIUM,25.0,99.0,2475.0,2025-12-20,2025-12-20,2025-12-22,2025-12-28,Australia,Interflora Russia,KES,44.33,109716.75,AIR FREIGHT,76.14,3.1,0.0,,PAID,4.0,False,False,False,2.0,6.0,True,False,2025.0,12.0,4.0,2025.0,12.0,4.0,2025.0,2025.0,12.0,0.0,8.0,109716.75,76.14,109640.61,99.93060312121895,2475.0,2475.0,0.0,No Quality Issue,High Rejection,Good
RB-002682,Rift Bloom - Ziwa Farm,Tibet,40.0,STANDARD,25.0,65.0,1625.0,2023-04-13,,2023-04-15,2023-04-16,Japan,Local Wholesaler - Eldoret,USD,0.24,390.0,AIR FREIGHT,517.28,4.4,0.0,,PAID,5.0,False,False,False,,1.0,False,False,2023.0,4.0,2.0,,,,2023.0,2023.0,4.0,,3.0,390.0,517.28,-127.27999999999997,-32.63589743589743,1625.0,1625.0,0.0,No Quality Issue,High Rejection,Excellent
RB-001533,Rift Bloom - Kapseret Farm,Cool Water,60.0,B,25.0,125.0,3125.0,2025-09-03,2025-10-03,2025-11-03,2025-03-17,The Netherlands,FloraHolland Auction,EUR,0.306,956.25,AIR FREIGHT,540.51,3.9,0.0,,PAID,3.0,False,False,False,31.0,-231.0,False,False,2025.0,9.0,3.0,2025.0,10.0,4.0,2025.0,2025.0,3.0,30.0,-170.0,956.25,540.51,415.74,43.47607843137255,3125.0,3125.0,0.0,No Quality Issue,High Rejection,Average
RB-000867,Rift Bloom - Moiben Farm,Vendela,40.0,PREMIUM,40.0,74.0,2960.0,2023-11-28,2023-11-28,2023-01-12,2023-07-12,Australia,FloraHolland Auction,EUR,0.444,1314.24,NAN,321.72,-0.8,0.0,,PAID,4.0,False,False,True,-320.0,181.0,False,False,2023.0,11.0,4.0,2023.0,11.0,4.0,2023.0,2023.0,7.0,0.0,-139.0,1314.24,321.72,992.52,75.52045288531775,2960.0,2960.0,0.0,No Quality Issue,High Rejection,Good
RB-001737,Rift Bloom - Kapseret Farm,Vendela,60.0,PREMIUM,10.0,149.0,1490.0,2023-03-26,2023-03-27,2023-03-28,2023-03-04,Japan,Blume2000,USD,0.324,482.76,ROAD THEN AIR,569.63,-0.8,0.0,,PAID,4.0,False,False,True,1.0,-24.0,False,False,2023.0,3.0,1.0,2023.0,3.0,1.0,2023.0,2023.0,3.0,1.0,-22.0,482.76,569.63,-86.87,-17.994448587289753,1490.0,1490.0,0.0,No Quality Issue,High Rejection,Good
RB-001061,Rift Bloom - Timboroa Farm,Vendela,40.0,B,25.0,238.0,5950.0,2022-11-11,2022-11-12,2022-11-13,2022-11-17,Netherlands,FloraHolland Auction,USD,0.274,1630.3,AIR FREIGHT,,1.2,0.0,,OVERDUE,4.0,False,False,False,1.0,4.0,True,False,2022.0,11.0,4.0,2022.0,11.0,4.0,2022.0,2022.0,11.0,1.0,6.0,1630.3,,,,5950.0,5950.0,0.0,No Quality Issue,High Rejection,Good
RB-002106,Rift Bloom - Turbo Farm,Freedom,50.0,B,25.0,153.0,3825.0,2025-10-03,2025-04-10,2025-10-06,2025-10-11,Poland,Marks & Spencer Flowers,KES,40.69,155639.25,ROAD THEN AIR,1086.86,3.3,0.0,,PENDING,4.0,False,False,False,179.0,5.0,True,False,2025.0,10.0,4.0,2025.0,4.0,2.0,2025.0,2025.0,10.0,-176.0,8.0,155639.25,1086.86,154552.39,99.30168000681063,3825.0,3825.0,0.0,No Quality Issue,High Rejection,Good
RB-002771,Rift Bloom - Ziwa Farm,Yellow Babe,60.0,B,20.0,102.0,2040.0,2025-01-26,2025-01-28,2025-01-29,,Switzerland,FloraHolland Auction,USD,0.398,811.92,ROAD THEN AIR,104.26,-1.1,0.0,,PAID,4.0,False,False,True,1.0,,False,False,2025.0,1.0,1.0,2025.0,1.0,1.0,2025.0,,,2.0,,811.92,104.26,707.66,87.15883338259928,2040.0,2040.0,0.0,No Quality Issue,High Rejection,Good
RB-002441,Rift Bloom - Kapseret Farm,Sweetness,70.0,C,10.0,71.0,710.0,2026-07-28,2026-07-29,2026-02-08,2026-08-03,United Arab Emirates,Aalsmeer Direct,EUR,0.352,249.92,AIR FREIGHT,999.11,1.1,0.0,,PAID,4.0,False,False,False,-171.0,176.0,False,False,2026.0,7.0,3.0,2026.0,7.0,3.0,2026.0,2026.0,8.0,1.0,6.0,249.92,999.11,-749.19,-299.77192701664535,710.0,710.0,0.0,No Quality Issue,High Rejection,Good
RB-002652,Rift Bloom - Moiben Farm,Athena,40.0,C,40.0,270.0,10800.0,2023-05-25,,2023-05-26,2023-05-27,France,FloraHolland Auction,KES,41.73,450684.0,ROAD THEN AIR,508.43,2.8,0.0,,PAID,3.0,False,False,False,,1.0,False,False,2023.0,5.0,2.0,,,,2023.0,2023.0,5.0,,2.0,450684.0,508.43,450175.57,99.88718703126803,10800.0,10800.0,0.0,No Quality Issue,High Rejection,Average
RB-000087,Rift Bloom - Kesses Farm,Peach Avalanche,70.0,A,25.0,213.0,5325.0,2026-02-16,2026-02-18,2026-02-21,2026-02-27,US,Tokyo Flower Market,USD,0.117,623.03,AIR FREIGHT,583.5,2.5,0.0,,NAN,4.0,False,False,False,3.0,6.0,True,False,2026.0,2.0,1.0,2026.0,2.0,1.0,2026.0,2026.0,2.0,2.0,11.0,623.03,583.5,39.52999999999997,6.344798805835991,5325.0,5325.0,0.0,No Quality Issue,High Rejection,Good
RB-002935,Rift Bloom - Kapseret Farm,Avalanche,60.0,A,25.0,171.0,4275.0,2024-09-02,2024-04-09,2024-07-09,2024-09-10,Netherlands,M-Farm Traders,EUR,0.423,1808.33,AIR FREIGHT,869.06,-1.4,0.0,,NAN,5.0,False,False,True,91.0,63.0,True,False,2024.0,9.0,3.0,2024.0,4.0,2.0,2024.0,2024.0,9.0,-146.0,8.0,1808.33,869.06,939.27,51.94129390100258,4275.0,4275.0,0.0,No Quality Issue,High Rejection,Excellent
RB-000772,Rift Bloom - Moiben Farm,Sweetness,60.0,B,10.0,261.0,2610.0,2025-06-27,2025-06-28,2025-06-29,2025-07-02,Poland,Bloomon BV,UNKNOWN,0.237,618.57,AIR FREIGHT,426.89,3.3,0.0,,NAN,4.0,False,False,False,1.0,3.0,True,False,2025.0,6.0,2.0,2025.0,6.0,2.0,2025.0,2025.0,7.0,1.0,5.0,618.57,426.89,191.68000000000006,30.987600433257363,2610.0,2610.0,0.0,No Quality Issue,High Rejection,Good
RB-000709,Rift Bloom - Turbo Farm,Circus,70.0,C,25.0,67.0,1675.0,2026-02-25,2026-02-26,2026-02-03,2026-03-06,United Arab Emirates,Interflora Russia,EUR,0.311,520.92,ROAD THEN AIR,277.41,2.2,0.0,,PENDING,3.0,False,False,False,-23.0,31.0,False,False,2026.0,2.0,1.0,2026.0,2.0,1.0,2026.0,2026.0,3.0,1.0,9.0,520.92,277.41,243.50999999999993,46.74614144206403,1675.0,1675.0,0.0,No Quality Issue,High Rejection,Average
RB-001861,Rift Bloom - Ziwa Farm,Red Naomi,70.0,B,10.0,243.0,2430.0,2026-07-04,2026-07-04,2026-04-08,2026-04-11,United Arab Emirates,Aalsmeer Direct,USD,0.164,398.52,UNKNOWN,126.37,1.7,0.0,,OVERDUE,4.0,False,False,False,-87.0,3.0,False,False,2026.0,7.0,3.0,2026.0,7.0,3.0,2026.0,2026.0,4.0,0.0,-84.0,398.52,126.37,272.15,68.29017364247716,2430.0,2430.0,0.0,No Quality Issue,High Rejection,Good
RB-002129,Rift Bloom - Timboroa Farm,Peach Avalanche,500.0,PREMIUM,25.0,92.0,2300.0,2024-04-23,2024-04-24,2024-04-26,2024-04-28,Russia,Dubai Flower Centre,USD,0.364,837.2,NAN,238.65,2.9,0.0,,PAID,3.0,False,False,False,2.0,2.0,True,False,2024.0,4.0,2.0,2024.0,4.0,2.0,2024.0,2024.0,4.0,1.0,5.0,837.2,238.65,598.5500000000001,71.49426660296227,2300.0,2300.0,0.0,No Quality Issue,High Rejection,Average
RB-000419,Rift Bloom - Kapseret Farm,Cool Water,70.0,A,40.0,175.0,7000.0,2024-08-10,2024-08-11,2024-08-15,2024-08-21,Russia,Marks & Spencer Flowers,EUR,0.345,2415.0,AIR FREIGHT,321.01,4.3,0.0,,PENDING,2.0,False,False,False,4.0,6.0,True,False,2024.0,8.0,3.0,2024.0,8.0,3.0,2024.0,2024.0,8.0,1.0,11.0,2415.0,321.01,2093.99,86.70766045548653,7000.0,7000.0,0.0,No Quality Issue,High Rejection,Poor
RB-001462,Rift Bloom - Kapseret Farm,Peach Avalanche,60.0,A,10.0,79.0,790.0,2023-05-30,2023-05-30,2023-03-06,2023-05-06,US,Dubai Flower Centre,KES,37.05,29269.5,NAN,356.68,0.5,0.0,,PAID,4.0,False,False,False,-85.0,61.0,False,False,2023.0,5.0,2.0,2023.0,5.0,2.0,2023.0,2023.0,5.0,0.0,-24.0,29269.5,356.68,28912.82,98.7813936008473,790.0,790.0,0.0,No Quality Issue,High Rejection,Good
RB-002810,Rift Bloom - Moiben Farm,Tibet,60.0,A,25.0,154.0,3850.0,2024-08-08,2024-08-08,2024-11-08,2024-08-16,Japan,Dubai Flower Centre,USD,0.277,1066.45,NAN,205.75,0.3,0.0,,PENDING,4.0,False,False,False,92.0,-84.0,False,False,2024.0,8.0,3.0,2024.0,8.0,3.0,2024.0,2024.0,8.0,0.0,8.0,1066.45,205.75,860.7,80.7070186131558,3850.0,3850.0,0.0,No Quality Issue,High Rejection,Good
RB-002922,Rift Bloom - Ziwa Farm,Sweetness,70.0,C,10.0,35.0,350.0,2026-02-28,2026-02-28,2026-01-03,2026-03-04,Australia,M-Farm Traders,EUR,0.373,130.55,AIR FREIGHT,60.12,4.6,7.0,,NAN,4.0,False,False,False,-56.0,60.0,False,False,2026.0,2.0,1.0,2026.0,2.0,1.0,2026.0,2026.0,3.0,0.0,4.0,130.55,60.12,70.43,53.94867866717733,350.0,350.0,2.0,No Quality Issue,High Rejection,Good
RB-000852,rift bloom turbo farm,Cool Water,50.0,,10.0,64.0,640.0,2024-01-19,2024-01-21,2024-01-24,,Japan,Bloomon BV,USD,0.174,111.36,NAN,105.41,1.9,0.0,,PAID,5.0,False,False,False,3.0,,False,False,2024.0,1.0,1.0,2024.0,1.0,1.0,2024.0,,,2.0,,111.36,105.41,5.950000000000003,5.343031609195405,640.0,640.0,0.0,No Quality Issue,High Rejection,Excellent
RB-001005,Rift Bloom - Kapseret Farm,Peach Avalanche,90.0,C,40.0,53.0,2120.0,2022-01-14,2022-01-16,2022-01-19,2022-01-23,UK,Dubai Flower Centre,EUR,0.24,508.8,AIR FREIGHT,176.88,4.9,0.0,,PENDING,5.0,False,False,False,3.0,4.0,True,False,2022.0,1.0,1.0,2022.0,1.0,1.0,2022.0,2022.0,1.0,2.0,9.0,508.8,176.88,331.92,65.23584905660378,2120.0,2120.0,0.0,No Quality Issue,High Rejection,Excellent
RB-001997,Rift Bloom - Moiben Farm,Vendela,50.0,A,40.0,141.0,5640.0,2023-11-03,2023-11-03,2023-03-15,2023-03-21,UK,Tokyo Flower Market,UNKNOWN,0.391,2205.24,NAN,48.97,2.9,0.0,,PENDING,4.0,False,False,False,-233.0,6.0,False,False,2023.0,11.0,4.0,2023.0,11.0,4.0,2023.0,2023.0,3.0,0.0,-227.0,2205.24,48.97,2156.27,97.77938002212912,5640.0,5640.0,0.0,No Quality Issue,High Rejection,Good
RB-002406,Rift Bloom - Moiben Farm,High & Magic,50.0,A,20.0,116.0,2320.0,2024-02-06,2024-06-03,2024-04-06,2024-05-06,netherlands,Tokyo Flower Market,KES,22.23,51573.6,AIR FREIGHT,76.25,3.0,28.0,Stem Bent,PENDING,5.0,False,False,False,-58.0,30.0,False,False,2024.0,2.0,1.0,2024.0,6.0,2.0,2024.0,2024.0,5.0,118.0,90.0,51573.6,76.25,51497.35,99.8521530395396,2320.0,2320.0,1.206896551724138,Quality Issue,High Rejection,Excellent
RB-000437,Rift Bloom - Kesses Farm,Yellow Babe,50.0,A,20.0,71.0,1420.0,2023-10-18,2023-10-19,2023-10-20,2023-10-26,France,Dubai Flower Centre,NAN,0.363,515.46,NAN,83.49,5.8,11.0,,NAN,4.0,False,False,False,1.0,6.0,True,False,2023.0,10.0,4.0,2023.0,10.0,4.0,2023.0,2023.0,10.0,1.0,8.0,515.46,83.49,431.97,83.80281690140845,1420.0,1420.0,0.7746478873239436,No Quality Issue,High Rejection,Good
RB-001317,Rift Bloom - Kesses Farm,Tibet,70.0,,20.0,14.0,280.0,2025-11-06,2025-11-06,2025-12-06,2025-06-13,Russia,Local Wholesaler - Eldoret,EUR,0.352,98.56,AIR FREIGHT,255.75,1.4,0.0,,OVERDUE,2.0,False,False,False,30.0,-176.0,False,False,2025.0,11.0,4.0,2025.0,11.0,4.0,2025.0,2025.0,6.0,0.0,-146.0,98.56,255.75,-157.19,-159.48660714285714,280.0,280.0,0.0,No Quality Issue,High Rejection,Poor
RB-001624,Rift Bloom - Kapseret Farm,avalanche,60.0,PREMIUM,20.0,14.0,280.0,,2025-03-06,2025-06-06,2025-10-06,Russia,Carrefour Flowers,EUR,0.342,95.76,NAN,121.6,1.5,0.0,,PAID,5.0,False,False,False,92.0,122.0,True,False,,,,2025.0,3.0,1.0,2025.0,2025.0,10.0,,,95.76,121.6,-25.83999999999999,-26.98412698412697,280.0,280.0,0.0,No Quality Issue,High Rejection,Excellent
RB-001481,Rift Bloom - Ziwa Farm,Explorer,50.0,A,20.0,244.0,4880.0,2025-09-11,2025-09-12,2025-09-13,2025-09-15,Germany,Bloomon BV,USD,0.309,1507.92,NAN,267.99,2.0,0.0,,PENDING,5.0,False,False,False,1.0,2.0,True,False,2025.0,9.0,3.0,2025.0,9.0,3.0,2025.0,2025.0,9.0,1.0,4.0,1507.92,267.99,1239.93,82.2278370205316,4880.0,4880.0,0.0,No Quality Issue,High Rejection,Excellent
RB-001649,Rift Bloom - Timboroa Farm,Circus,80.0,PREMIUM,20.0,87.0,1740.0,2023-11-18,2023-11-19,2023-11-20,2023-11-21,Norway,Whole Foods Market,USD,0.39,678.6,AIR FREIGHT,182.83,4.6,0.0,,NAN,3.0,False,False,False,1.0,1.0,True,False,2023.0,11.0,4.0,2023.0,11.0,4.0,2023.0,2023.0,11.0,1.0,3.0,678.6,182.83,495.77,73.05776598880047,1740.0,1740.0,0.0,No Quality Issue,High Rejection,Average
RB-001004,Rift Bloom - Turbo Farm,Athena,50.0,A,20.0,24.0,480.0,2024-07-03,2024-07-04,2024-07-07,2024-07-12,Germany,Aalsmeer Direct,USD,0.414,198.72,AIR FREIGHT,22.32,0.8,0.0,,PAID,4.0,False,False,False,3.0,5.0,True,False,2024.0,7.0,3.0,2024.0,7.0,3.0,2024.0,2024.0,7.0,1.0,9.0,198.72,22.32,176.4,88.76811594202898,480.0,480.0,0.0,No Quality Issue,High Rejection,Good
RB-001279,Rift Bloom - Kesses Farm,Circus,40.0,C,10.0,72.0,720.0,2022-03-22,2022-03-22,2022-03-23,2022-03-25,Norway,Whole Foods Market,USD,0.368,264.96,AIR FREIGHT,191.78,1.8,0.0,,PENDING,5.0,False,False,False,1.0,2.0,True,False,2022.0,3.0,1.0,2022.0,3.0,1.0,2022.0,2022.0,3.0,0.0,3.0,264.96,191.78,73.17999999999998,27.619263285024147,720.0,720.0,0.0,No Quality Issue,High Rejection,Excellent
RB-001824,Rift Bloom - Moiben Farm,Explorer,80.0,B,25.0,126.0,3150.0,2023-11-14,,2023-11-16,2023-11-21,France,Whole Foods Market,EUR,0.353,1111.95,AIR FREIGHT,11.31,4.6,0.0,,NAN,2.0,False,False,False,,5.0,False,False,2023.0,11.0,4.0,,,,2023.0,2023.0,11.0,,7.0,1111.95,11.31,1100.64,98.98286793470929,3150.0,3150.0,0.0,No Quality Issue,High Rejection,Poor
RB-002466,Rift Bloom - Kesses Farm,Athena,80.0,,40.0,75.0,3000.0,2022-01-21,2022-01-23,2022-01-27,2022-02-02,Russia,Aalsmeer Direct,EUR,0.21,630.0,AIR FREIGHT,118.72,0.1,23.0,Bud Blast,PAID,3.0,False,False,False,4.0,6.0,True,False,2022.0,1.0,1.0,2022.0,1.0,1.0,2022.0,2022.0,2.0,2.0,12.0,630.0,118.72,511.28,81.15555555555555,3000.0,3000.0,0.7666666666666666,Quality Issue,High Rejection,Average
RB-002924,rift bloom turbo farm,red naomi,50.0,UNKNOWN,20.0,195.0,3900.0,2025-05-16,2025-05-18,2025-05-21,2025-05-22,Norway,Local Wholesaler - Eldoret,USD,0.327,1275.3,AIR FREIGHT,,4.0,26.0,,PENDING,2.0,False,False,False,3.0,1.0,True,False,2025.0,5.0,2.0,2025.0,5.0,2.0,2025.0,2025.0,5.0,2.0,6.0,1275.3,,,,3900.0,3900.0,0.6666666666666667,No Quality Issue,High Rejection,Poor
RB-001837,Rift Bloom - Moiben Farm,Mondial,90.0,B,40.0,13.0,520.0,2023-11-15,2023-11-16,2023-11-19,2023-11-23,Switzerland,Local Wholesaler - Eldoret,USD,0.2,104.0,AIR FREIGHT,177.74,4.9,0.0,,PAID,3.0,False,False,False,3.0,4.0,True,False,2023.0,11.0,4.0,2023.0,11.0,4.0,2023.0,2023.0,11.0,1.0,8.0,104.0,177.74,-73.74000000000001,-70.90384615384616,520.0,520.0,0.0,No Quality Issue,High Rejection,Average
RB-002880,Rift Bloom - Timboroa Farm,RedNaomi,50.0,UNKNOWN,10.0,63.0,630.0,2023-01-08,2023-01-08,2023-04-08,2023-08-09,France,Marks & Spencer Flowers,USD,0.245,154.35,AIR FREIGHT,401.33,3.4,0.0,,PAID,4.0,False,False,False,90.0,123.0,True,False,2023.0,1.0,1.0,2023.0,1.0,1.0,2023.0,2023.0,8.0,0.0,213.0,154.35,401.33,-246.98,-160.01295756397798,630.0,630.0,0.0,No Quality Issue,High Rejection,Good
RB-001547,Rift Bloom - Ziwa Farm,Peach Avalanche,80.0,PREMIUM,10.0,56.0,560.0,2023-07-25,2023-07-26,2023-07-28,2023-07-29,Norway,Tokyo Flower Market,EUR,0.372,2083.2,ROAD THEN AIR,396.52,0.4,0.0,,OVERDUE,3.0,False,False,False,2.0,1.0,True,False,2023.0,7.0,3.0,2023.0,7.0,3.0,2023.0,2023.0,7.0,1.0,4.0,2083.2,396.52,1686.6799999999998,80.965821812596,560.0,560.0,0.0,No Quality Issue,High Rejection,Average
RB-000336,Rift Bloom - Ziwa Farm,Peach Avalanche,80.0,A,10.0,224.0,2240.0,2024-07-03,2024-05-07,2024-08-07,2024-11-07,France,Carrefour Flowers,USD,0.45,1008.0,AIR FREIGHT,369.74,1.6,0.0,,OVERDUE,5.0,False,False,False,92.0,92.0,True,False,2024.0,7.0,3.0,2024.0,5.0,2.0,2024.0,2024.0,11.0,-57.0,127.0,1008.0,369.74,638.26,63.31944444444444,2240.0,2240.0,0.0,No Quality Issue,High Rejection,Excellent
RB-000544,Rift Bloom - Kapseret Farm,Vendela,50.0,PREMIUM,10.0,64.0,640.0,2024-01-01,2024-01-02,2024-04-01,2024-01-05,Norway,Interflora Russia,UNKNOWN,0.458,293.12,AIR FREIGHT,656.14,3.6,0.0,,PAID,5.0,False,False,False,90.0,-87.0,False,False,2024.0,1.0,1.0,2024.0,1.0,1.0,2024.0,2024.0,1.0,1.0,4.0,293.12,656.14,-363.02,-123.8468886462882,640.0,640.0,0.0,No Quality Issue,High Rejection,Excellent
RB-001242,Rift Bloom - Kapseret Farm,Avalanche,50.0,STANDARD,40.0,50.0,2000.0,2022-03-04,2022-04-03,2022-05-04,2022-04-11,France,Interflora Russia,NAN,0.231,462.0,AIR FREIGHT,157.8,3.8,0.0,,PAID,5.0,False,False,False,31.0,-23.0,False,False,2022.0,3.0,1.0,2022.0,4.0,2.0,2022.0,2022.0,4.0,30.0,38.0,462.0,157.8,304.2,65.84415584415584,2000.0,2000.0,0.0,No Quality Issue,High Rejection,Excellent
RB-001881,Rift Bloom - Kapseret Farm,Vendela,50.0,A,25.0,110.0,2750.0,2022-06-27,2022-06-29,2022-07-02,2022-07-08,Netherlands,Whole Foods Market,EUR,0.348,957.0,AIR FREIGHT,113.65,1.3,0.0,,PAID,5.0,False,False,False,3.0,6.0,True,False,2022.0,6.0,2.0,2022.0,6.0,2.0,2022.0,2022.0,7.0,2.0,11.0,957.0,113.65,843.35,88.12434691745037,2750.0,2750.0,0.0,No Quality Issue,High Rejection,Excellent
RB-002529,Rift Bloom - Timboroa Farm,Pink Floyd,70.0,C,20.0,59.0,1180.0,2025-02-20,2025-02-22,2025-02-23,2025-02-27,Netherlands,Aalsmeer Direct,USD,0.096,113.28,AIR FREIGHT,237.11,0.4,0.0,,PAID,2.0,False,False,False,1.0,4.0,True,False,2025.0,2.0,1.0,2025.0,2.0,1.0,2025.0,2025.0,2.0,2.0,7.0,113.28,237.11,-123.83000000000001,-109.31320621468927,1180.0,1180.0,0.0,No Quality Issue,High Rejection,Poor
RB-000520,Rift Bloom - Moiben Farm,Circus,70.0,A,10.0,21.0,210.0,2024-08-28,2024-08-28,2024-08-29,2024-02-09,Australia,Tokyo Flower Market,USD,0.462,97.02,AIR FREIGHT,244.15,3.9,0.0,,OVERDUE,4.0,False,False,False,1.0,-202.0,False,False,2024.0,8.0,3.0,2024.0,8.0,3.0,2024.0,2024.0,2.0,0.0,-201.0,97.02,244.15,-147.13,-151.64914450628737,210.0,210.0,0.0,No Quality Issue,High Rejection,Good
RB-002370,Rift Bloom - Ziwa Farm,High & Magic,80.0,A,40.0,264.0,10560.0,2023-12-19,2023-12-19,2023-12-21,2023-12-23,NL,Blume2000,EUR,0.279,2946.24,ROAD THEN AIR,375.53,0.0,0.0,,OVERDUE,5.0,False,False,False,2.0,2.0,True,False,2023.0,12.0,4.0,2023.0,12.0,4.0,2023.0,2023.0,12.0,0.0,4.0,2946.24,375.53,2570.71,87.2539236450527,10560.0,10560.0,0.0,No Quality Issue,High Rejection,Excellent
RB-000879,Rift Bloom - Timboroa Farm,Freedom,40.0,C,20.0,106.0,2120.0,2022-11-07,2022-07-11,2022-07-15,2022-07-18,Japan,Dubai Flower Centre,EUR,0.348,737.76,AIR FREIGHT,,2.8,0.0,,PAID,5.0,False,False,False,4.0,3.0,True,False,2022.0,11.0,4.0,2022.0,7.0,3.0,2022.0,2022.0,7.0,-119.0,-112.0,737.76,,,,2120.0,2120.0,0.0,No Quality Issue,High Rejection,Excellent
RB-000826,Rift Bloom - Kesses Farm,Mondial,50.0,B,25.0,84.0,2100.0,2024-07-19,2024-07-19,2024-07-20,2024-07-24,Japan,Whole Foods Market,EUR,0.537,1127.7,AIR FREIGHT,459.33,1.4,0.0,,PAID,3.0,False,False,False,1.0,4.0,True,False,2024.0,7.0,3.0,2024.0,7.0,3.0,2024.0,2024.0,7.0,0.0,5.0,1127.7,459.33,668.3700000000001,59.26842245278,2100.0,2100.0,0.0,No Quality Issue,High Rejection,Average
RB-001291,Rift Bloom - Turbo Farm,Peach Avalanche,90.0,A,10.0,58.0,580.0,2024-08-18,2024-08-20,2024-08-24,2024-08-30,France,FloraHolland Auction,KES,59.28,34382.4,ROAD THEN AIR,1850.6,2.0,0.0,,OVERDUE,4.0,False,False,False,4.0,6.0,True,False,2024.0,8.0,3.0,2024.0,8.0,3.0,2024.0,2024.0,8.0,2.0,12.0,34382.4,1850.6,32531.800000000003,94.61759504862954,580.0,580.0,0.0,No Quality Issue,High Rejection,Good
RB-002585,Rift Bloom - Timboroa Farm,Vendela,60.0,PREMIUM,40.0,112.0,4480.0,2026-05-03,2026-05-05,2026-05-07,2026-05-11,Japan,Tokyo Flower Market,USD,0.398,1783.04,AIR FREIGHT,200.77,1.2,0.0,,NAN,4.0,False,False,False,2.0,4.0,True,False,2026.0,5.0,2.0,2026.0,5.0,2.0,2026.0,2026.0,5.0,2.0,8.0,1783.04,200.77,1582.27,88.74001704953338,4480.0,4480.0,0.0,No Quality Issue,High Rejection,Good
RB-000139,Rift Bloom - Ziwa Farm,Yellow Babe,40.0,B,20.0,98.0,1960.0,2026-06-05,2026-06-06,2026-06-09,2026-06-14,Norway,Blume2000,EUR,0.261,511.56,ROAD THEN AIR,315.27,3.7,0.0,,PAID,4.0,False,False,False,3.0,5.0,True,False,2026.0,6.0,2.0,2026.0,6.0,2.0,2026.0,2026.0,6.0,1.0,9.0,511.56,315.27,196.29000000000002,38.37086558761436,1960.0,1960.0,0.0,No Quality Issue,High Rejection,Good
RB-000164,Rift Bloom - Ziwa Farm,Tibet,40.0,PREMIUM,40.0,93.0,3720.0,2023-05-02,2023-06-02,2023-02-08,2023-02-13,Norway,Bloomon BV,KES,64.35,239382.0,ROAD THEN AIR,209.82,-2.9,8.0,Undersized Stems,OVERDUE,5.0,False,False,True,-114.0,5.0,False,False,2023.0,5.0,2.0,2023.0,6.0,2.0,2023.0,2023.0,2.0,31.0,-78.0,239382.0,209.82,239172.18,99.91234929944606,3720.0,3720.0,0.21505376344086022,Quality Issue,High Rejection,Excellent
RB-001619,Rift Bloom - Moiben Farm,High & Magic,60.0,B,40.0,197.0,7880.0,2024-09-18,2024-09-19,2024-09-20,2024-09-21,Netherlands,Bloomon BV,USD,0.361,2844.68,ROAD THEN AIR,628.04,2.0,0.0,,PENDING,4.0,False,False,False,1.0,1.0,True,False,2024.0,9.0,3.0,2024.0,9.0,3.0,2024.0,2024.0,9.0,1.0,3.0,2844.68,628.04,2216.64,77.92229705977473,7880.0,7880.0,0.0,No Quality Issue,High Rejection,Good
RB-001792,Rift Bloom - Turbo Farm,Mondial,70.0,PREMIUM,20.0,-46.0,-920.0,2024-05-17,2024-05-18,2024-05-19,2024-05-23,United Arab Emirates,M-Farm Traders,NAN,0.54,-496.8,AIR FREIGHT,37.46,2.4,0.0,,PENDING,3.0,False,False,False,1.0,4.0,True,False,2024.0,5.0,2.0,2024.0,5.0,2.0,2024.0,2024.0,5.0,1.0,6.0,-496.8,37.46,-534.26,,-920.0,-920.0,0.0,No Quality Issue,High Rejection,Average
RB-000961,Rift Bloom - Timboroa Farm,Freedom,50.0,B,10.0,40.0,400.0,2025-10-24,2025-10-25,2025-10-28,2025-03-11,Poland,Tokyo Flower Market,KES,46.54,18616.0,AIR FREIGHT,5.15,1.7,0.0,,NAN,4.0,False,False,False,3.0,-231.0,False,False,2025.0,10.0,4.0,2025.0,10.0,4.0,2025.0,2025.0,3.0,1.0,-227.0,18616.0,5.15,18610.85,99.97233562526858,400.0,400.0,0.0,No Quality Issue,High Rejection,Good
RB-001751,rift bloom turbo farm,Peach Avalanche,80.0,B,20.0,108.0,2160.0,2025-05-04,2025-06-05,2025-05-10,2025-05-16,usa,Blume2000,KES,36.4,78624.0,AIR FREIGHT,215.83,3.9,19.0,Petal Bruising,PENDING,4.0,False,False,False,-26.0,6.0,False,False,2025.0,5.0,2.0,2025.0,6.0,2.0,2025.0,2025.0,5.0,32.0,12.0,78624.0,215.83,78408.17,99.72549094424095,2160.0,2160.0,0.8796296296296297,Quality Issue,High Rejection,Good
RB-002608,Rift Bloom - Moiben Farm,Cool Water,70.0,B,10.0,192.0,1920.0,2026-02-19,2026-02-20,2026-02-24,2026-03-01,Germany,M-Farm Traders,USD,0.253,485.76,AIR FREIGHT,187.46,1.0,0.0,,PAID,2.0,False,False,False,4.0,5.0,True,False,2026.0,2.0,1.0,2026.0,2.0,1.0,2026.0,2026.0,3.0,1.0,10.0,485.76,187.46,298.29999999999995,61.408926218708814,1920.0,1920.0,0.0,No Quality Issue,High Rejection,Poor
RB-001505,Rift Bloom - Kesses Farm,Peach Avalanche,90.0,STANDARD,10.0,148.0,1480.0,2023-04-25,2023-04-27,2023-04-28,2023-05-01,U.S.A,Tokyo Flower Market,USD,0.244,361.12,AIR FREIGHT,339.85,2.0,0.0,,PAID,4.0,False,False,False,1.0,3.0,True,False,2023.0,4.0,2.0,2023.0,4.0,2.0,2023.0,2023.0,5.0,2.0,6.0,361.12,339.85,21.269999999999982,5.890008861320331,1480.0,1480.0,0.0,No Quality Issue,High Rejection,Good
RB-002301,Rift Bloom - Turbo Farm,Peach Avalanche,50.0,,10.0,188.0,1880.0,2025-07-03,,,2025-07-07,USA,Dubai Flower Centre,EUR,0.492,924.96,NAN,102.53,1.6,0.0,,OVERDUE,4.0,True,False,False,,,False,False,2025.0,7.0,3.0,,,,,2025.0,7.0,,4.0,924.96,102.53,822.4300000000001,88.91519633281439,1880.0,1880.0,0.0,No Quality Issue,High Rejection,Good
RB-002763,Rift Bloom - Timboroa Farm,Explorer,60.0,A,10.0,110.0,1100.0,2023-01-27,2023-01-28,2023-01-02,2023-07-02,Poland,Interflora Russia,USD,0.254,279.4,AIR FREIGHT,,5.4,0.0,,PAID,4.0,False,False,False,-26.0,181.0,False,False,2023.0,1.0,1.0,2023.0,1.0,1.0,2023.0,2023.0,7.0,1.0,156.0,279.4,,,,1100.0,1100.0,0.0,No Quality Issue,High Rejection,Good
RB-002065,Rift Bloom - Moiben Farm,red naomi,60.0,A,20.0,189.0,3780.0,2026-02-28,2026-01-03,2026-03-03,2026-04-03,USA,M-Farm Traders,USD,0.365,1379.7,AIR FREIGHT,74.16,2.6,0.0,,PENDING,4.0,False,False,False,59.0,31.0,True,False,2026.0,2.0,1.0,2026.0,1.0,1.0,2026.0,2026.0,4.0,-56.0,34.0,1379.7,74.16,1305.54,94.62491846053489,3780.0,3780.0,0.0,No Quality Issue,High Rejection,Good
RB-002364,Rift Bloom - Moiben Farm,Tibet,50.0,A,40.0,64.0,2560.0,2023-12-20,2023-12-21,2023-12-24,2023-12-30,Netherlands,FloraHolland Auction,USD,0.275,704.0,ROAD THEN AIR,302.01,2.2,0.0,,NAN,5.0,False,False,False,3.0,6.0,True,False,2023.0,12.0,4.0,2023.0,12.0,4.0,2023.0,2023.0,12.0,1.0,10.0,704.0,302.01,401.99,57.10085227272727,2560.0,2560.0,0.0,No Quality Issue,High Rejection,Excellent
RB-000138,Rift Bloom - Moiben Farm,Sweetness,60.0,PREMIUM,25.0,65.0,1625.0,2023-10-22,2023-10-22,2023-10-26,2023-10-28,Japan,Dubai Flower Centre,NAN,0.272,442.0,AIR FREIGHT,317.12,23.1,0.0,,NAN,5.0,False,False,False,4.0,2.0,True,False,2023.0,10.0,4.0,2023.0,10.0,4.0,2023.0,2023.0,10.0,0.0,6.0,442.0,317.12,124.88,28.25339366515837,1625.0,1625.0,0.0,No Quality Issue,High Rejection,Excellent
RB-000365,Rift Bloom - Ziwa Farm,Avalanche,60.0,B,10.0,123.0,1230.0,2023-11-03,2023-11-05,2023-11-06,2023-08-11,Switzerland,Local Wholesaler - Eldoret,USD,0.214,263.22,NAN,67.82,,0.0,,PAID,5.0,True,False,False,1.0,-87.0,False,False,2023.0,11.0,4.0,2023.0,11.0,4.0,2023.0,2023.0,8.0,2.0,-84.0,263.22,67.82,195.40000000000003,74.23448066256364,1230.0,1230.0,0.0,No Quality Issue,High Rejection,Excellent
RB-001977,Rift Bloom - Kesses Farm,Avalanche,80.0,B,10.0,131.0,1310.0,2024-03-07,2024-03-09,2024-03-12,2024-03-14,Germany,Interflora Russia,NAN,0.266,348.46,NAN,112.81,0.0,1.0,Bud Blast,NAN,4.0,False,False,False,3.0,2.0,True,False,2024.0,3.0,1.0,2024.0,3.0,1.0,2024.0,2024.0,3.0,2.0,7.0,348.46,112.81,235.64999999999998,67.62612638466395,1310.0,1310.0,0.07633587786259542,Quality Issue,High Rejection,Good
RB-001582,Rift Bloom - Turbo Farm,Red Naomi,90.0,,20.0,69.0,1380.0,2026-01-06,2026-01-06,2026-05-06,2026-07-06,Japan,Local Wholesaler - Eldoret,NAN,0.19,262.2,NAN,223.82,2.2,0.0,,PAID,3.0,False,False,False,120.0,61.0,True,False,2026.0,1.0,1.0,2026.0,1.0,1.0,2026.0,2026.0,7.0,0.0,181.0,262.2,223.82,38.379999999999995,14.637681159420287,1380.0,1380.0,0.0,No Quality Issue,High Rejection,Average
RB-000698,Rift Bloom - Kapseret Farm,Red Naomi,0.0,C,40.0,130.0,5200.0,2025-01-27,2025-01-28,2025-01-02,2025-02-02,Norway,Tokyo Flower Market,KES,34.58,179816.0,AIR FREIGHT,313.05,0.4,0.0,,PENDING,5.0,False,False,False,-26.0,31.0,False,False,2025.0,1.0,1.0,2025.0,1.0,1.0,2025.0,2025.0,2.0,1.0,6.0,179816.0,313.05,179502.95,99.82590536993372,5200.0,5200.0,0.0,No Quality Issue,High Rejection,Excellent
RB-001098,Rift Bloom - Timboroa Farm,Yellow Babe,80.0,A,25.0,82.0,2050.0,2023-12-29,2023-12-29,2024-01-02,2024-01-07,Poland,Whole Foods Market,USD,0.18,369.0,NAN,299.31,0.7,0.0,,OVERDUE,1.0,False,False,False,4.0,5.0,True,False,2023.0,12.0,4.0,2023.0,12.0,4.0,2024.0,2024.0,1.0,0.0,9.0,369.0,299.31,69.69,18.886178861788615,2050.0,2050.0,0.0,No Quality Issue,High Rejection,Poor
RB-002319,rift bloom turbo farm,Tibet,90.0,A,25.0,107.0,2675.0,2023-09-19,2023-09-19,2023-09-23,2023-09-26,Norway,Interflora Russia,USD,0.193,516.27,AIR FREIGHT,98.17,0.2,0.0,,PENDING,4.0,False,False,False,4.0,3.0,True,False,2023.0,9.0,3.0,2023.0,9.0,3.0,2023.0,2023.0,9.0,0.0,7.0,516.27,98.17,418.09999999999997,80.98475603850697,2675.0,2675.0,0.0,No Quality Issue,High Rejection,Good
RB-002657,Rift Bloom - Timboroa Farm,Explorer,70.0,STANDARD,25.0,152.0,3800.0,2026-01-28,2026-01-30,2026-02-03,2026-02-09,U.S.A,Local Wholesaler - Eldoret,NAN,0.508,1930.4,AIR FREIGHT,526.82,4.3,0.0,,PAID,5.0,False,False,False,4.0,6.0,True,False,2026.0,1.0,1.0,2026.0,1.0,1.0,2026.0,2026.0,2.0,2.0,12.0,1930.4,526.82,1403.58,72.70928305014505,3800.0,3800.0,0.0,No Quality Issue,High Rejection,Excellent
RB-002967,Rift Bloom - Kapseret Farm,Circus,50.0,A,40.0,79.0,3160.0,2023-08-11,2023-12-08,2023-08-15,2023-08-19,USA,Tokyo Flower Market,KES,37.57,118721.2,AIR FREIGHT,233.8,1.0,0.0,,PAID,4.0,False,False,False,-115.0,4.0,False,False,2023.0,8.0,3.0,2023.0,12.0,4.0,2023.0,2023.0,8.0,119.0,8.0,118721.2,233.8,118487.4,99.80306802828812,3160.0,3160.0,0.0,No Quality Issue,High Rejection,Good
RB-000136,Rift Bloom - Timboroa Farm,Peach Avalanche,70.0,B,40.0,35.0,1400.0,2024-07-30,2024-08-01,2024-03-08,2024-04-08,USA,Bloomon BV,EUR,0.384,537.6,UNKNOWN,562.36,3.4,14.0,,PAID,1.0,False,False,False,-146.0,31.0,False,False,2024.0,7.0,3.0,2024.0,8.0,3.0,2024.0,2024.0,4.0,2.0,-113.0,537.6,562.36,-24.75999999999999,-4.60565476190476,1400.0,1400.0,1.0,No Quality Issue,High Rejection,Poor
RB-001170,Rift Bloom - Turbo Farm,High & Magic,50.0,UNKNOWN,25.0,40.0,1000.0,2024-11-02,2024-03-11,2024-07-11,2024-11-10,Germany,Aalsmeer Direct,EUR,0.406,406.0,AIR FREIGHT,,1.3,0.0,,UNKNOWN,1.0,False,False,False,122.0,122.0,True,False,2024.0,11.0,4.0,2024.0,3.0,1.0,2024.0,2024.0,11.0,-236.0,8.0,406.0,,,,1000.0,1000.0,0.0,No Quality Issue,High Rejection,Poor
RB-001363,rift bloom turbo farm,Explorer,50.0,A,10.0,93.0,930.0,2024-06-12,2024-08-12,2024-12-11,2024-12-17,Switzerland,Tokyo Flower Market,EUR,0.343,318.99,UNKNOWN,590.63,1.5,0.0,,PAID,1.0,False,False,False,121.0,6.0,True,False,2024.0,6.0,2.0,2024.0,8.0,3.0,2024.0,2024.0,12.0,61.0,188.0,318.99,590.63,-271.64,-85.15627449136336,930.0,930.0,0.0,No Quality Issue,High Rejection,Poor
RB-002443,Rift Bloom - Kapseret Farm,Freedom,40.0,STANDARD,20.0,99.0,1980.0,2022-10-07,2022-12-07,2022-07-14,2022-07-16,Germany,Dubai Flower Centre,EUR,0.397,786.06,UNKNOWN,122.03,0.5,0.0,,PENDING,3.0,False,False,False,-146.0,2.0,False,False,2022.0,10.0,4.0,2022.0,12.0,4.0,2022.0,2022.0,7.0,61.0,-83.0,786.06,122.03,664.03,84.47573976541231,1980.0,1980.0,0.0,No Quality Issue,High Rejection,Average
RB-000149,Rift Bloom - Ziwa Farm,Athena,40.0,A,20.0,147.0,2940.0,2023-06-28,2023-06-29,2023-02-07,2023-05-07,Switzerland,Tokyo Flower Market,EUR,0.291,855.54,UNKNOWN,132.45,0.7,0.0,,PAID,4.0,False,False,False,-142.0,89.0,False,False,2023.0,6.0,2.0,2023.0,6.0,2.0,2023.0,2023.0,5.0,1.0,-52.0,855.54,132.45,723.0899999999999,84.5185496879164,2940.0,2940.0,0.0,No Quality Issue,High Rejection,Good
RB-001018,Rift Bloom - Timboroa Farm,Cool Water,70.0,C,10.0,93.0,930.0,2022-09-18,2022-09-18,2022-09-21,2022-09-24,United Arab Emirates,Bloomon BV,USD,0.201,186.93,NAN,334.12,1.3,28.0,Bud Blast,NAN,5.0,False,False,False,3.0,3.0,True,False,2022.0,9.0,3.0,2022.0,9.0,3.0,2022.0,2022.0,9.0,0.0,6.0,186.93,334.12,-147.19,-78.7407050767667,930.0,930.0,3.010752688172043,Quality Issue,High Rejection,Excellent
RB-001925,Rift Bloom - Turbo Farm,High & Magic,70.0,C,10.0,94.0,940.0,2026-04-15,2026-04-17,2026-04-20,2026-04-26,Japan,Bloomon BV,EUR,0.628,590.32,AIR FREIGHT,501.4,4.1,0.0,,PENDING,5.0,False,False,False,3.0,6.0,True,False,2026.0,4.0,2.0,2026.0,4.0,2.0,2026.0,2026.0,4.0,2.0,11.0,590.32,501.4,88.92000000000007,15.06301666892534,940.0,940.0,0.0,No Quality Issue,High Rejection,Excellent
RB-001053,Rift Bloom - Timboroa Farm,Tibet,80.0,UNKNOWN,40.0,83.0,3320.0,2023-08-03,2023-04-08,2023-08-08,2023-09-08,United Kingdom,Marks & Spencer Flowers,NAN,0.279,926.28,AIR FREIGHT,,0.5,0.0,,PAID,4.0,False,False,False,122.0,31.0,True,False,2023.0,8.0,3.0,2023.0,4.0,2.0,2023.0,2023.0,9.0,-117.0,36.0,926.28,,,,3320.0,3320.0,0.0,No Quality Issue,High Rejection,Good
RB-002774,Rift Bloom - Turbo Farm,Circus,70.0,STANDARD,10.0,190.0,1900.0,2024-04-11,2024-04-13,2024-04-17,2024-04-18,Netherlands,Tokyo Flower Market,EUR,0.552,1048.8,NAN,464.54,0.5,0.0,,PENDING,1.0,False,False,False,4.0,1.0,True,False,2024.0,4.0,2.0,2024.0,4.0,2.0,2024.0,2024.0,4.0,2.0,7.0,1048.8,464.54,584.26,55.707475209763544,1900.0,1900.0,0.0,No Quality Issue,High Rejection,Poor
RB-002399,Rift Bloom - Timboroa Farm,Pink Floyd,50.0,PREMIUM,25.0,191.0,4775.0,2025-03-08,2025-08-04,2025-08-05,2025-10-08,France,Interflora Russia,EUR,0.267,1274.93,AIR FREIGHT,,1.9,0.0,,OVERDUE,5.0,False,False,False,1.0,64.0,True,False,2025.0,3.0,1.0,2025.0,8.0,3.0,2025.0,2025.0,10.0,149.0,214.0,1274.93,,,,4775.0,4775.0,0.0,No Quality Issue,High Rejection,Excellent
RB-001905,Rift Bloom - Turbo Farm,Cool Water,60.0,STANDARD,40.0,161.0,6440.0,2025-11-01,2025-01-12,2025-01-13,2025-01-16,France,Carrefour Flowers,USD,0.489,3149.16,AIR FREIGHT,140.05,3.5,0.0,,PENDING,4.0,False,False,False,1.0,3.0,True,False,2025.0,11.0,4.0,2025.0,1.0,1.0,2025.0,2025.0,1.0,-293.0,-289.0,3149.16,140.05,3009.1099999999997,95.55278232925605,6440.0,6440.0,0.0,No Quality Issue,High Rejection,Good
RB-002646,Rift Bloom - Turbo Farm,Freedom,70.0,B,20.0,174.0,3480.0,2023-10-03,2023-03-12,2023-03-16,2023-03-19,United kingdom,Local Wholesaler - Eldoret,EUR,0.382,1329.36,AIR FREIGHT,266.1,-1.1,0.0,,PENDING,5.0,False,False,True,4.0,3.0,True,False,2023.0,10.0,4.0,2023.0,3.0,1.0,2023.0,2023.0,3.0,-205.0,-198.0,1329.36,266.1,1063.2599999999998,79.98284888969127,3480.0,3480.0,0.0,No Quality Issue,High Rejection,Excellent
RB-000199,Rift Bloom - Timboroa Farm,Freedom,40.0,A,20.0,63.0,1260.0,2026-06-27,2026-06-28,2026-06-30,2026-06-07,United Arab Emirates,M-Farm Traders,NAN,0.262,330.12,AIR FREIGHT,190.63,3.7,0.0,,NAN,5.0,True,False,False,2.0,-23.0,False,False,2026.0,6.0,2.0,2026.0,6.0,2.0,2026.0,2026.0,6.0,1.0,-20.0,330.12,190.63,139.49,42.25433175814855,1260.0,1260.0,0.0,No Quality Issue,High Rejection,Excellent
RB-001769,Rift Bloom - Moiben Farm,freedom,90.0,B,20.0,121.0,2420.0,2025-09-21,2025-09-22,2025-09-24,2025-09-25,Switzerland,Bloomon BV,NAN,0.312,755.04,AIR FREIGHT,164.82,2.1,0.0,,NAN,1.0,False,False,False,2.0,1.0,True,False,2025.0,9.0,3.0,2025.0,9.0,3.0,2025.0,2025.0,9.0,1.0,4.0,755.04,164.82,590.22,78.17069294342022,2420.0,2420.0,0.0,No Quality Issue,High Rejection,Poor
RB-002241,Rift Bloom - Kesses Farm,Explorer,60.0,C,20.0,298.0,5960.0,2022-12-27,2022-12-29,2023-02-01,2023-08-01,Netherlands,Bloomon BV,EUR,0.391,2330.36,ROAD THEN AIR,,0.6,11.0,,OVERDUE,4.0,False,False,False,34.0,181.0,True,False,2022.0,12.0,4.0,2022.0,12.0,4.0,2023.0,2023.0,8.0,2.0,217.0,2330.36,,,,5960.0,5960.0,0.18456375838926176,No Quality Issue,High Rejection,Good
RB-002700,Rift Bloom - Kapseret Farm,Circus,40.0,A,40.0,62.0,2480.0,2023-05-09,2023-05-10,2023-05-14,2023-05-20,USA,Interflora Russia,USD,0.355,880.4,AIR FREIGHT,361.31,4.1,0.0,,PAID,4.0,False,False,False,4.0,6.0,True,False,2023.0,5.0,2.0,2023.0,5.0,2.0,2023.0,2023.0,5.0,1.0,11.0,880.4,361.31,519.0899999999999,58.96069968196274,2480.0,2480.0,0.0,No Quality Issue,High Rejection,Good
RB-000681,Rift Bloom - Turbo Farm,Circus,50.0,A,10.0,62.0,620.0,2024-08-31,2024-09-02,2024-09-05,2024-09-09,Australia,Bloomon BV,NAN,0.186,115.32,ROAD THEN AIR,150.89,2.1,0.0,,PAID,5.0,True,False,False,3.0,4.0,True,False,2024.0,8.0,3.0,2024.0,9.0,3.0,2024.0,2024.0,9.0,2.0,9.0,115.32,150.89,-35.56999999999999,-30.84460631286853,620.0,620.0,0.0,No Quality Issue,High Rejection,Excellent
RB-000484,Rift Bloom - Kapseret Farm,Mondial,70.0,A,40.0,62.0,2480.0,2025-07-25,2025-07-27,2025-07-29,2025-04-08,Poland,Blume2000,EUR,0.571,1416.08,ROAD THEN AIR,164.32,1.2,0.0,,PENDING,4.0,False,False,False,2.0,-112.0,False,False,2025.0,7.0,3.0,2025.0,7.0,3.0,2025.0,2025.0,4.0,2.0,-108.0,1416.08,164.32,1251.76,88.39613581153608,2480.0,2480.0,0.0,No Quality Issue,High Rejection,Good
RB-001183,Rift Bloom - Kapseret Farm,Sweetness,50.0,,25.0,140.0,3500.0,2023-08-11,,2023-08-14,2023-08-17,United Arab Emirates,Dubai Flower Centre,USD,0.438,1533.0,AIR FREIGHT,311.38,,0.0,,PAID,3.0,False,False,False,,3.0,False,False,2023.0,8.0,3.0,,,,2023.0,2023.0,8.0,,6.0,1533.0,311.38,1221.62,79.68819308545335,3500.0,3500.0,0.0,No Quality Issue,High Rejection,Average
RB-001340,Rift Bloom - Ziwa Farm,Freedom,70.0,UNKNOWN,25.0,87.0,2175.0,2024-12-23,2024-12-25,2024-12-28,2025-01-01,Russia,M-Farm Traders,UNKNOWN,0.386,839.55,AIR FREIGHT,412.24,2.6,0.0,,PENDING,4.0,True,False,False,3.0,4.0,True,False,2024.0,12.0,4.0,2024.0,12.0,4.0,2024.0,2025.0,1.0,2.0,9.0,839.55,412.24,427.30999999999995,50.897504615567854,2175.0,2175.0,0.0,No Quality Issue,High Rejection,Good
RB-001281,Rift Bloom - Ziwa Farm,Avalanche,70.0,A,20.0,289.0,5780.0,2023-04-21,2023-04-23,2023-04-24,2023-04-25,Japan,M-Farm Traders,EUR,0.141,814.98,AIR FREIGHT,174.73,4.0,0.0,,OVERDUE,4.0,False,False,False,1.0,1.0,True,False,2023.0,4.0,2.0,2023.0,4.0,2.0,2023.0,2023.0,4.0,2.0,4.0,814.98,174.73,640.25,78.5602100665047,5780.0,5780.0,0.0,No Quality Issue,High Rejection,Good
RB-001032,Rift Bloom - Timboroa Farm,Yellow Babe,80.0,,20.0,63.0,1260.0,2025-04-13,2025-04-13,2025-04-17,2025-04-20,Switzerland,Bloomon BV,NAN,0.385,485.1,NAN,379.1,2.7,0.0,,PAID,5.0,False,False,False,4.0,3.0,True,False,2025.0,4.0,2.0,2025.0,4.0,2.0,2025.0,2025.0,4.0,0.0,7.0,485.1,379.1,106.0,21.851164708307564,1260.0,1260.0,0.0,No Quality Issue,High Rejection,Excellent
RB-000792,Rift Bloom - Kapseret Farm,Athena,70.0,C,40.0,66.0,2640.0,2024-11-02,2024-12-02,2024-02-16,2024-02-18,Norway,Carrefour Flowers,NAN,0.247,652.08,AIR FREIGHT,142.78,4.2,0.0,,PENDING,3.0,False,False,False,-290.0,2.0,False,False,2024.0,11.0,4.0,2024.0,12.0,4.0,2024.0,2024.0,2.0,30.0,-258.0,652.08,142.78,509.30000000000007,78.10391363022943,2640.0,2640.0,0.0,No Quality Issue,High Rejection,Average
RB-001202,Rift Bloom - Ziwa Farm,Sweetness,80.0,,20.0,90.0,1800.0,2024-02-26,2024-02-28,2024-02-03,2024-03-04,Norway,Blume2000,KES,40.43,72774.0,NAN,169.97,-0.1,0.0,,PAID,3.0,False,False,True,-25.0,30.0,False,False,2024.0,2.0,1.0,2024.0,2.0,1.0,2024.0,2024.0,3.0,2.0,7.0,72774.0,169.97,72604.03,99.76644131145738,1800.0,1800.0,0.0,No Quality Issue,High Rejection,Average
RB-000423,Rift Bloom - Kapseret Farm,Yellow Babe,60.0,A,25.0,74.0,1850.0,2022-06-23,2022-06-25,2022-06-29,2022-07-05,United Arab Emirates,Aalsmeer Direct,USD,0.323,597.55,AIR FREIGHT,246.75,1.8,0.0,,PAID,4.0,False,False,False,4.0,6.0,True,False,2022.0,6.0,2.0,2022.0,6.0,2.0,2022.0,2022.0,7.0,2.0,12.0,597.55,246.75,350.79999999999995,58.70638440297883,1850.0,1850.0,0.0,No Quality Issue,High Rejection,Good
RB-001884,Rift Bloom - Kapseret Farm,Athena,40.0,B,25.0,87.0,2175.0,2024-03-03,2024-04-03,2024-05-03,2024-03-09,Poland,Marks & Spencer Flowers,USD,0.524,1139.7,ROAD THEN AIR,192.3,,0.0,,NAN,1.0,False,False,False,30.0,-55.0,False,False,2024.0,3.0,1.0,2024.0,4.0,2.0,2024.0,2024.0,3.0,31.0,6.0,1139.7,192.3,947.4000000000001,83.12713872071599,2175.0,2175.0,0.0,No Quality Issue,High Rejection,Poor
RB-001480,Rift Bloom - Timboroa Farm,Avalanche,70.0,A,25.0,69.0,1725.0,2025-11-26,2025-11-26,2025-11-27,2025-12-03,France,Whole Foods Market,USD,0.375,646.88,AIR FREIGHT,,0.3,0.0,,PAID,4.0,False,False,False,1.0,6.0,True,False,2025.0,11.0,4.0,2025.0,11.0,4.0,2025.0,2025.0,12.0,0.0,7.0,646.88,,,,1725.0,1725.0,0.0,No Quality Issue,High Rejection,Good
RB-001929,Rift Bloom - Moiben Farm,Yellow Babe,50.0,A,10.0,222.0,2220.0,2024-08-10,2024-08-10,2024-08-13,2024-08-16,Poland,Aalsmeer Direct,EUR,0.467,1036.74,NAN,247.99,,0.0,,PAID,5.0,False,False,False,3.0,3.0,True,False,2024.0,8.0,3.0,2024.0,8.0,3.0,2024.0,2024.0,8.0,0.0,6.0,1036.74,247.99,788.75,76.07982715049097,2220.0,2220.0,0.0,No Quality Issue,High Rejection,Excellent
RB-002559,Rift Bloom - Ziwa Farm,Pink Floyd,50.0,A,25.0,112.0,2800.0,2026-01-05,2026-01-06,2026-01-09,2026-01-15,Poland,Dubai Flower Centre,NAN,0.366,1024.8,AIR FREIGHT,285.44,2.5,0.0,,PAID,1.0,False,False,False,3.0,6.0,True,False,2026.0,1.0,1.0,2026.0,1.0,1.0,2026.0,2026.0,1.0,1.0,10.0,1024.8,285.44,739.3599999999999,72.14676034348166,2800.0,2800.0,0.0,No Quality Issue,High Rejection,Poor
RB-001530,rift bloom turbo farm,High & Magic,60.0,B,40.0,49.0,1960.0,2023-08-18,2023-08-19,2023-08-21,2023-08-25,Australia,FloraHolland Auction,EUR,0.483,946.68,AIR FREIGHT,260.58,1.4,0.0,,PENDING,1.0,False,False,False,2.0,4.0,True,False,2023.0,8.0,3.0,2023.0,8.0,3.0,2023.0,2023.0,8.0,1.0,7.0,946.68,260.58,686.0999999999999,72.47433134744581,1960.0,1960.0,0.0,No Quality Issue,High Rejection,Poor
RB-000903,Rift Bloom - Ziwa Farm,Explorer,50.0,,10.0,82.0,820.0,2022-06-09,2022-11-06,2022-06-13,2022-06-14,Russia,Tokyo Flower Market,KES,55.51,45518.2,AIR FREIGHT,325.53,3.0,0.0,,OVERDUE,4.0,False,False,False,-146.0,1.0,False,False,2022.0,6.0,2.0,2022.0,11.0,4.0,2022.0,2022.0,6.0,150.0,5.0,45518.2,325.53,45192.67,99.28483551634292,820.0,820.0,0.0,No Quality Issue,High Rejection,Good
RB-000686,Rift Bloom - Turbo Farm,Red Naomi,70.0,B,40.0,111.0,4440.0,2026-03-08,2026-08-03,2026-11-03,2026-03-13,Poland,Marks & Spencer Flowers,EUR,0.505,2242.2,NAN,,2.0,0.0,,PAID,5.0,False,False,False,92.0,-235.0,False,False,2026.0,3.0,1.0,2026.0,8.0,3.0,2026.0,2026.0,3.0,148.0,5.0,2242.2,,,,4440.0,4440.0,0.0,No Quality Issue,High Rejection,Excellent
RB-001552,Rift Bloom - Kesses Farm,High & Magic,40.0,C,25.0,24.0,600.0,2023-12-17,2023-12-19,2023-12-21,2023-12-24,Poland,Bloomon BV,EUR,0.505,303.0,ROAD THEN AIR,,3.0,0.0,,PENDING,3.0,False,False,False,2.0,3.0,True,False,2023.0,12.0,4.0,2023.0,12.0,4.0,2023.0,2023.0,12.0,2.0,7.0,303.0,,,,600.0,600.0,0.0,No Quality Issue,High Rejection,Average
RB-001000,Rift Bloom - Ziwa Farm,Explorer,90.0,STANDARD,20.0,69.0,1380.0,2024-04-23,,2024-04-26,2024-04-30,U.S.A,Carrefour Flowers,USD,0.23,317.4,ROAD THEN AIR,161.31,-1.3,0.0,,PENDING,5.0,False,False,True,,4.0,False,False,2024.0,4.0,2.0,,,,2024.0,2024.0,4.0,,7.0,317.4,161.31,156.08999999999997,49.17769376181474,1380.0,1380.0,0.0,No Quality Issue,High Rejection,Excellent
RB-002764,Rift Bloom - Kesses Farm,Tibet,50.0,STANDARD,25.0,152.0,3800.0,2025-06-29,2025-06-30,2025-01-07,2025-07-02,Poland,Bloomon BV,EUR,0.267,1014.6,AIR FREIGHT,412.17,1.0,0.0,,PENDING,2.0,False,False,False,-174.0,176.0,False,False,2025.0,6.0,2.0,2025.0,6.0,2.0,2025.0,2025.0,7.0,1.0,3.0,1014.6,412.17,602.4300000000001,59.376108811354236,3800.0,3800.0,0.0,No Quality Issue,High Rejection,Poor
RB-002865,Rift Bloom - Turbo Farm,Explorer,50.0,STANDARD,25.0,69.0,1725.0,2024-05-25,2024-05-25,2024-05-26,2024-05-28,Norway,Aalsmeer Direct,NAN,0.086,148.35,AIR FREIGHT,219.97,1.3,0.0,,UNKNOWN,2.0,False,False,False,1.0,2.0,True,False,2024.0,5.0,2.0,2024.0,5.0,2.0,2024.0,2024.0,5.0,0.0,3.0,148.35,219.97,-71.62,-48.27772160431413,1725.0,1725.0,0.0,No Quality Issue,High Rejection,Poor
RB-000113,Rift Bloom - Kesses Farm,Red Naomi,70.0,B,25.0,149.0,3725.0,2024-03-10,2024-05-10,2024-09-10,2024-10-11,Russia,M-Farm Traders,USD,0.289,1076.52,NAN,115.69,3.0,0.0,,PENDING,2.0,False,False,False,123.0,31.0,True,False,2024.0,3.0,1.0,2024.0,5.0,2.0,2024.0,2024.0,10.0,61.0,215.0,1076.52,115.69,960.8299999999999,89.25333481960391,3725.0,3725.0,0.0,No Quality Issue,High Rejection,Poor
RB-002891,Rift Bloom - Kesses Farm,Cool Water,90.0,A,40.0,165.0,6600.0,,2026-07-06,2026-11-06,2026-06-17,Norway,FloraHolland Auction,NAN,0.3,1980.0,AIR FREIGHT,274.05,2.8,16.0,Wilting,NAN,2.0,False,False,False,123.0,-142.0,False,False,,,,2026.0,7.0,3.0,2026.0,2026.0,6.0,,,1980.0,274.05,1705.95,86.1590909090909,6600.0,6600.0,0.24242424242424243,Quality Issue,High Rejection,Poor
RB-001447,Rift Bloom - Turbo Farm,Peach Avalanche,40.0,C,40.0,102.0,4080.0,2022-03-24,2022-03-26,2022-03-28,2022-02-04,Russia,FloraHolland Auction,NAN,0.417,1701.36,ROAD THEN AIR,,,0.0,,PENDING,4.0,False,False,False,2.0,-52.0,False,False,2022.0,3.0,1.0,2022.0,3.0,1.0,2022.0,2022.0,2.0,2.0,-48.0,1701.36,,,,4080.0,4080.0,0.0,No Quality Issue,High Rejection,Good
RB-001953,Rift Bloom - Kesses Farm,avalanche,70.0,STANDARD,10.0,116.0,1160.0,2026-07-03,2026-08-03,2026-03-11,2026-03-17,Japan,FloraHolland Auction,UNKNOWN,0.241,279.56,AIR FREIGHT,193.2,1.0,0.0,,PENDING,5.0,False,False,False,-145.0,6.0,False,False,2026.0,7.0,3.0,2026.0,8.0,3.0,2026.0,2026.0,3.0,31.0,-108.0,279.56,193.2,86.36000000000001,30.89140077264273,1160.0,1160.0,0.0,No Quality Issue,High Rejection,Excellent
RB-000923,Rift Bloom - Turbo Farm,High & Magic,70.0,A,20.0,241.0,4820.0,2022-05-20,2022-05-20,2022-05-23,2022-05-25,Japan,Bloomon BV,USD,0.539,2597.98,ROAD THEN AIR,462.88,2.3,8.0,Stem Bent,PENDING,5.0,False,False,False,3.0,2.0,True,False,2022.0,5.0,2.0,2022.0,5.0,2.0,2022.0,2022.0,5.0,0.0,5.0,2597.98,462.88,2135.1,82.18308070116012,4820.0,4820.0,0.16597510373443983,Quality Issue,High Rejection,Excellent
RB-001625,Rift Bloom - Moiben Farm,RedNaomi,70.0,PREMIUM,20.0,130.0,2600.0,2025-06-02,2025-02-06,2025-08-02,2025-02-14,U.A.E,Bloomon BV,EUR,0.356,925.6,AIR FREIGHT,278.37,-0.7,0.0,,PAID,4.0,False,False,True,177.0,-169.0,False,False,2025.0,6.0,2.0,2025.0,2.0,1.0,2025.0,2025.0,2.0,-116.0,-108.0,925.6,278.37,647.23,69.92545375972342,2600.0,2600.0,0.0,No Quality Issue,High Rejection,Good
RB-002622,Rift Bloom - Kesses Farm,Red Naomi,70.0,B,25.0,62.0,1550.0,2025-05-12,2025-05-12,2025-05-13,2025-05-16,Germany,M-Farm Traders,USD,0.256,396.8,AIR FREIGHT,,1.5,0.0,,PAID,4.0,False,False,False,1.0,3.0,True,False,2025.0,5.0,2.0,2025.0,5.0,2.0,2025.0,2025.0,5.0,0.0,4.0,396.8,,,,1550.0,1550.0,0.0,No Quality Issue,High Rejection,Good
RB-001320,Rift Bloom - Kesses Farm,Athena,50.0,A,25.0,104.0,2600.0,2026-02-05,2026-02-05,2026-06-02,2026-02-12,uae,Interflora Russia,EUR,0.196,509.6,AIR FREIGHT,245.12,2.0,0.0,,PAID,5.0,False,False,False,117.0,-110.0,False,False,2026.0,2.0,1.0,2026.0,2.0,1.0,2026.0,2026.0,2.0,0.0,7.0,509.6,245.12,264.48,51.899529042386185,2600.0,2600.0,0.0,No Quality Issue,High Rejection,Excellent
RB-001664,Rift Bloom - Ziwa Farm,Mondial,50.0,PREMIUM,25.0,83.0,2075.0,2022-03-16,2022-03-17,2022-03-18,2022-03-21,Poland,FloraHolland Auction,KES,45.5,94412.5,ROAD THEN AIR,248.03,0.1,0.0,,PAID,4.0,False,False,False,1.0,3.0,True,False,2022.0,3.0,1.0,2022.0,3.0,1.0,2022.0,2022.0,3.0,1.0,5.0,94412.5,248.03,94164.47,99.73729114259234,2075.0,2075.0,0.0,No Quality Issue,High Rejection,Good
RB-000816,Rift Bloom - Moiben Farm,Mondial,90.0,,40.0,137.0,5480.0,2025-08-27,2025-08-28,2025-08-30,2025-09-02,United Kingdom,M-Farm Traders,USD,0.05,274.0,AIR FREIGHT,523.61,1.2,27.0,Stem Bent,PAID,4.0,False,False,False,2.0,3.0,True,False,2025.0,8.0,3.0,2025.0,8.0,3.0,2025.0,2025.0,9.0,1.0,6.0,274.0,523.61,-249.61,-91.09854014598541,5480.0,5480.0,0.4927007299270073,Quality Issue,High Rejection,Good
RB-002267,Rift Bloom - Kesses Farm,Mondial,50.0,PREMIUM,10.0,163.0,1630.0,,2022-04-26,2022-04-29,2022-05-05,Germany,Local Wholesaler - Eldoret,USD,0.638,1039.94,NAN,,1.8,0.0,,NAN,4.0,False,False,False,3.0,6.0,True,False,,,,2022.0,4.0,2.0,2022.0,2022.0,5.0,,,1039.94,,,,1630.0,1630.0,0.0,No Quality Issue,High Rejection,Good
RB-002751,Rift Bloom - Kapseret Farm,Pink Floyd,70.0,A,10.0,80.0,800.0,2022-01-03,2022-01-04,2022-01-06,2022-01-12,Germany,Interflora Russia,KES,34.19,27352.0,AIR FREIGHT,,-1.0,0.0,,NAN,5.0,False,False,True,2.0,6.0,True,False,2022.0,1.0,1.0,2022.0,1.0,1.0,2022.0,2022.0,1.0,1.0,9.0,27352.0,,,,800.0,800.0,0.0,No Quality Issue,High Rejection,Excellent
RB-001094,Rift Bloom - Turbo Farm,Peach Avalanche,70.0,PREMIUM,10.0,22.0,220.0,2022-07-30,2022-01-08,2022-08-03,2022-08-09,Russia,Marks & Spencer Flowers,USD,0.448,98.56,NAN,131.06,1.3,0.0,,PENDING,4.0,False,False,False,207.0,6.0,True,False,2022.0,7.0,3.0,2022.0,1.0,1.0,2022.0,2022.0,8.0,-203.0,10.0,98.56,131.06,-32.5,-32.97483766233766,220.0,220.0,0.0,No Quality Issue,High Rejection,Good
RB-000081,Rift Bloom - Moiben Farm,Explorer,60.0,STANDARD,40.0,205.0,8200.0,2024-06-29,2024-06-30,2024-03-07,2024-06-07,United Kingdom,FloraHolland Auction,USD,0.339,2779.8,NAN,211.97,-0.8,23.0,Undersized Stems,NAN,3.0,False,False,True,-115.0,92.0,False,False,2024.0,6.0,2.0,2024.0,6.0,2.0,2024.0,2024.0,6.0,1.0,-22.0,2779.8,211.97,2567.8300000000004,92.37463126843659,8200.0,8200.0,0.28048780487804875,Quality Issue,High Rejection,Average
RB-002500,Rift Bloom - Moiben Farm,Circus,60.0,PREMIUM,20.0,96.0,1920.0,2022-03-02,2022-05-02,2022-09-02,2022-02-14,Germany,Interflora Russia,USD,0.419,804.48,NAN,143.07,2.8,0.0,,PENDING,5.0,False,False,False,123.0,-200.0,False,False,2022.0,3.0,1.0,2022.0,5.0,2.0,2022.0,2022.0,2.0,61.0,-16.0,804.48,143.07,661.4100000000001,82.21584128878283,1920.0,1920.0,0.0,No Quality Issue,High Rejection,Excellent
RB-000330,Rift Bloom - Ziwa Farm,Vendela,60.0,C,40.0,77.0,3080.0,2022-02-26,2022-02-28,2022-01-03,2022-03-05,Switzerland,Blume2000,EUR,0.05,154.0,ROAD THEN AIR,44.84,23.5,0.0,,NAN,5.0,False,False,False,-56.0,61.0,False,False,2022.0,2.0,1.0,2022.0,2.0,1.0,2022.0,2022.0,3.0,2.0,7.0,154.0,44.84,109.16,70.88311688311688,3080.0,3080.0,0.0,No Quality Issue,High Rejection,Excellent
RB-000243,Rift Bloom - Ziwa Farm,Explorer,50.0,B,10.0,119.0,1190.0,2023-12-13,2023-12-14,2023-12-17,2023-12-22,Japan,Dubai Flower Centre,KES,77.22,918918.0,AIR FREIGHT,273.36,3.5,0.0,,PAID,4.0,False,False,False,3.0,5.0,True,False,2023.0,12.0,4.0,2023.0,12.0,4.0,2023.0,2023.0,12.0,1.0,9.0,918918.0,273.36,918644.64,99.97025197025197,1190.0,1190.0,0.0,No Quality Issue,High Rejection,Good
RB-000642,Rift Bloom - Timboroa Farm,High & Magic,80.0,A,10.0,23.0,230.0,2026-05-09,2026-11-05,2026-05-12,2026-05-18,USA,Carrefour Flowers,EUR,0.344,79.12,AIR FREIGHT,617.64,1.3,5.0,Cold Chain Break,PENDING,5.0,False,False,False,-177.0,6.0,False,False,2026.0,5.0,2.0,2026.0,11.0,4.0,2026.0,2026.0,5.0,180.0,9.0,79.12,617.64,-538.52,-680.6370070778564,230.0,230.0,2.1739130434782608,Quality Issue,High Rejection,Excellent
RB-000697,Rift Bloom - Kapseret Farm,Tibet,70.0,UNKNOWN,40.0,60.0,2400.0,2023-11-05,2023-05-11,2023-05-13,2023-05-16,Norway,FloraHolland Auction,NAN,0.318,763.2,AIR FREIGHT,170.62,0.8,27.0,,PAID,4.0,False,False,False,2.0,3.0,True,False,2023.0,11.0,4.0,2023.0,5.0,2.0,2023.0,2023.0,5.0,-178.0,-173.0,763.2,170.62,592.58,77.64412997903564,2400.0,2400.0,1.125,No Quality Issue,High Rejection,Good
RB-000754,Rift Bloom - Kesses Farm,Circus,80.0,A,25.0,144.0,3600.0,2023-10-25,2023-10-27,2023-10-31,,Switzerland,Carrefour Flowers,EUR,0.096,345.6,UNKNOWN,488.61,-1.0,0.0,,UNKNOWN,5.0,False,False,True,4.0,,False,False,2023.0,10.0,4.0,2023.0,10.0,4.0,2023.0,,,2.0,,345.6,488.61,-143.01,-41.38020833333333,3600.0,3600.0,0.0,No Quality Issue,High Rejection,Excellent
RB-001564,Rift Bloom - Moiben Farm,Tibet,50.0,A,20.0,145.0,2900.0,2025-01-19,2025-01-20,2025-01-24,2025-01-25,Germany,Blume2000,UNKNOWN,0.092,266.8,NAN,196.97,,0.0,,PAID,2.0,False,False,False,4.0,1.0,True,False,2025.0,1.0,1.0,2025.0,1.0,1.0,2025.0,2025.0,1.0,1.0,6.0,266.8,196.97,69.83000000000001,26.173163418290855,2900.0,2900.0,0.0,No Quality Issue,High Rejection,Poor
RB-001935,Rift Bloom - Ziwa Farm,Cool Water,60.0,B,25.0,61.0,1525.0,2025-07-24,2025-07-25,2025-07-28,2025-07-29,Poland,Dubai Flower Centre,USD,0.474,722.85,AIR FREIGHT,357.91,3.4,0.0,,NAN,4.0,False,False,False,3.0,1.0,True,False,2025.0,7.0,3.0,2025.0,7.0,3.0,2025.0,2025.0,7.0,1.0,5.0,722.85,357.91,364.94,50.48626962717022,1525.0,1525.0,0.0,No Quality Issue,High Rejection,Good
RB-000552,Rift Bloom - Kesses Farm,Sweetness,60.0,STANDARD,25.0,36.0,900.0,2024-06-07,2024-08-07,2024-07-12,2024-07-17,Germany,Aalsmeer Direct,EUR,0.493,443.7,NAN,212.8,1.5,0.0,,PENDING,3.0,False,False,False,-26.0,5.0,False,False,2024.0,6.0,2.0,2024.0,8.0,3.0,2024.0,2024.0,7.0,61.0,40.0,443.7,212.8,230.89999999999998,52.03966644128916,900.0,900.0,0.0,No Quality Issue,High Rejection,Average
RB-002647,Rift Bloom - Ziwa Farm,Yellow Babe,70.0,STANDARD,25.0,241.0,6025.0,2024-07-23,2024-07-23,2024-07-26,2024-07-29,United Kingdom,Local Wholesaler - Eldoret,EUR,0.346,2084.65,AIR FREIGHT,115.81,,0.0,,PENDING,4.0,False,False,False,3.0,3.0,True,False,2024.0,7.0,3.0,2024.0,7.0,3.0,2024.0,2024.0,7.0,0.0,6.0,2084.65,115.81,1968.8400000000001,94.4446309932123,6025.0,6025.0,0.0,No Quality Issue,High Rejection,Good
RB-000602,Rift Bloom - Ziwa Farm,Circus,90.0,STANDARD,40.0,74.0,2960.0,2022-08-25,2022-08-26,2022-08-28,2022-02-09,Netherlands,Whole Foods Market,EUR,0.492,1456.32,NAN,198.0,2.7,0.0,,NAN,4.0,False,False,False,2.0,-200.0,False,False,2022.0,8.0,3.0,2022.0,8.0,3.0,2022.0,2022.0,2.0,1.0,-197.0,1456.32,198.0,1258.32,86.40408701384311,2960.0,2960.0,0.0,No Quality Issue,High Rejection,Good
RB-001965,Rift Bloom - Kapseret Farm,Peach Avalanche,60.0,B,10.0,205.0,2050.0,2026-06-30,2026-02-07,2026-03-07,2026-07-05,France,Local Wholesaler - Eldoret,EUR,0.05,102.5,AIR FREIGHT,313.32,3.3,0.0,,PAID,5.0,False,False,False,28.0,120.0,True,False,2026.0,6.0,2.0,2026.0,2.0,1.0,2026.0,2026.0,7.0,-143.0,5.0,102.5,313.32,-210.82,-205.6780487804878,2050.0,2050.0,0.0,No Quality Issue,High Rejection,Excellent
RB-001014,Rift Bloom - Moiben Farm,Vendela,90.0,STANDARD,20.0,81.0,1620.0,2023-08-12,2023-09-12,2023-12-10,2023-12-16,France,Local Wholesaler - Eldoret,EUR,0.547,886.14,NAN,179.4,1.0,25.0,,NAN,4.0,False,False,False,89.0,6.0,True,False,2023.0,8.0,3.0,2023.0,9.0,3.0,2023.0,2023.0,12.0,31.0,126.0,886.14,179.4,706.74,79.7548920035209,1620.0,1620.0,1.5432098765432098,No Quality Issue,High Rejection,Good
RB-002503,Rift Bloom - Turbo Farm,Circus,70.0,B,10.0,83.0,830.0,2022-06-08,2022-08-06,2022-12-06,2022-06-17,Germany,Blume2000,USD,0.458,380.14,AIR FREIGHT,708.04,1.6,13.0,Petal Bruising,PENDING,3.0,False,False,False,122.0,-172.0,False,False,2022.0,6.0,2.0,2022.0,8.0,3.0,2022.0,2022.0,6.0,59.0,9.0,380.14,708.04,-327.9,-86.25769453359288,830.0,830.0,1.566265060240964,Quality Issue,High Rejection,Average
RB-001428,Rift Bloom - Turbo Farm,Sweetness,70.0,B,20.0,143.0,2860.0,2026-01-28,2026-01-28,2026-01-31,2026-03-02,United Arab Emirates,Blume2000,NAN,0.383,1095.38,AIR FREIGHT,513.18,2.9,0.0,,PAID,4.0,False,False,False,3.0,30.0,True,False,2026.0,1.0,1.0,2026.0,1.0,1.0,2026.0,2026.0,3.0,0.0,33.0,1095.38,513.18,582.2000000000002,53.150504847632796,2860.0,2860.0,0.0,No Quality Issue,High Rejection,Good
RB-002013,Rift Bloom - Ziwa Farm,Athena,50.0,B,40.0,302.0,12080.0,2025-02-02,2025-02-02,2025-05-02,2025-06-02,UAE,Interflora Russia,KES,41.86,505668.8,AIR FREIGHT,495.5,,0.0,,OVERDUE,3.0,False,False,False,89.0,31.0,True,False,2025.0,2.0,1.0,2025.0,2.0,1.0,2025.0,2025.0,6.0,0.0,120.0,505668.8,495.5,505173.3,99.90201096053384,12080.0,12080.0,0.0,No Quality Issue,High Rejection,Average
RB-001387,Rift Bloom - Ziwa Farm,Red Naomi,50.0,STANDARD,40.0,75.0,3000.0,2026-07-29,2026-07-30,2026-07-31,2026-03-08,USA,Local Wholesaler - Eldoret,USD,0.303,909.0,AIR FREIGHT,408.35,-0.2,0.0,,OVERDUE,5.0,False,False,True,1.0,-145.0,False,False,2026.0,7.0,3.0,2026.0,7.0,3.0,2026.0,2026.0,3.0,1.0,-143.0,909.0,408.35,500.65,55.077007700770075,3000.0,3000.0,0.0,No Quality Issue,High Rejection,Excellent
RB-000467,Rift Bloom - Ziwa Farm,Cool Water,70.0,STANDARD,25.0,215.0,5375.0,2025-08-10,2025-10-08,2025-08-12,2025-08-14,Norway,Tokyo Flower Market,USD,0.219,1177.12,AIR FREIGHT,563.08,4.0,5.0,Botrytis,PENDING,4.0,False,False,False,-57.0,2.0,False,False,2025.0,8.0,3.0,2025.0,10.0,4.0,2025.0,2025.0,8.0,59.0,4.0,1177.12,563.08,614.0399999999998,52.16460513796384,5375.0,5375.0,0.09302325581395349,Quality Issue,High Rejection,Good
RB-001500,Rift Bloom - Moiben Farm,Cool Water,90.0,PREMIUM,10.0,39.0,390.0,2023-10-27,2023-10-28,2023-10-31,2023-06-11,France,Local Wholesaler - Eldoret,KES,16.77,6540.3,UNKNOWN,23.31,2.2,0.0,,PENDING,4.0,False,False,False,3.0,-142.0,False,False,2023.0,10.0,4.0,2023.0,10.0,4.0,2023.0,2023.0,6.0,1.0,-138.0,6540.3,23.31,6516.99,99.6435943305353,390.0,390.0,0.0,No Quality Issue,High Rejection,Good
RB-002982,Rift Bloom - Kesses Farm,Avalanche,60.0,STANDARD,10.0,58.0,580.0,2022-12-28,2022-12-28,2023-01-01,,Switzerland,FloraHolland Auction,EUR,0.21,121.8,AIR FREIGHT,396.04,-0.5,0.0,,PAID,3.0,False,False,True,4.0,,False,False,2022.0,12.0,4.0,2022.0,12.0,4.0,2023.0,,,0.0,,121.8,396.04,-274.24,-225.15599343185553,580.0,580.0,0.0,No Quality Issue,High Rejection,Average
RB-000278,Rift Bloom - Ziwa Farm,Explorer,40.0,PREMIUM,25.0,62.0,1550.0,2024-04-09,2024-09-04,2024-04-10,2024-04-16,Netherlands,FloraHolland Auction,USD,0.333,516.15,AIR FREIGHT,98.45,0.8,0.0,,PAID,4.0,False,False,False,-147.0,6.0,False,False,2024.0,4.0,2.0,2024.0,9.0,3.0,2024.0,2024.0,4.0,148.0,7.0,516.15,98.45,417.7,80.92608737770028,1550.0,1550.0,0.0,No Quality Issue,High Rejection,Good
RB-001549,Rift Bloom - Turbo Farm,Explorer,90.0,,10.0,107.0,1070.0,2026-01-06,2026-01-08,2026-09-01,2026-01-15,France,Blume2000,USD,0.409,437.63,ROAD THEN AIR,337.16,0.1,0.0,,PAID,4.0,False,False,False,236.0,-229.0,False,False,2026.0,1.0,1.0,2026.0,1.0,1.0,2026.0,2026.0,1.0,2.0,9.0,437.63,337.16,100.46999999999997,22.957749697232817,1070.0,1070.0,0.0,No Quality Issue,High Rejection,Good
RB-001025,Rift Bloom - Ziwa Farm,Tibet,90.0,A,25.0,180.0,4500.0,,2024-12-11,2024-12-13,2024-12-14,United Kingdom,Marks & Spencer Flowers,EUR,0.436,1962.0,AIR FREIGHT,297.51,-0.2,0.0,,OVERDUE,4.0,False,False,True,2.0,1.0,True,False,,,,2024.0,12.0,4.0,2024.0,2024.0,12.0,,,1962.0,297.51,1664.49,84.83639143730886,4500.0,4500.0,0.0,No Quality Issue,High Rejection,Good
RB-001466,Rift Bloom - Kapseret Farm,Peach Avalanche,60.0,A,40.0,83.0,3320.0,2022-06-16,2022-06-16,2022-06-17,2022-06-20,USA,M-Farm Traders,KES,47.97,159260.4,AIR FREIGHT,179.4,1.0,0.0,,PAID,4.0,False,False,False,1.0,3.0,True,False,2022.0,6.0,2.0,2022.0,6.0,2.0,2022.0,2022.0,6.0,0.0,4.0,159260.4,179.4,159081.0,99.8873542952297,3320.0,3320.0,0.0,No Quality Issue,High Rejection,Good
RB-000941,Rift Bloom - Turbo Farm,High & Magic,80.0,A,10.0,73.0,730.0,2025-06-08,2025-06-08,2025-08-08,2025-10-08,Germany,Whole Foods Market,EUR,0.234,170.82,AIR FREIGHT,41.88,22.5,0.0,,PAID,5.0,False,False,False,61.0,61.0,True,False,2025.0,6.0,2.0,2025.0,6.0,2.0,2025.0,2025.0,10.0,0.0,122.0,170.82,41.88,128.94,75.48296452406042,730.0,730.0,0.0,No Quality Issue,High Rejection,Excellent
RB-001467,Rift Bloom - Ziwa Farm,Peach Avalanche,70.0,A,10.0,150.0,1500.0,2023-02-02,,2023-06-02,2023-07-02,UK,Whole Foods Market,USD,0.233,3495.0,AIR FREIGHT,80.48,1.9,0.0,,PAID,5.0,False,False,False,,30.0,False,False,2023.0,2.0,1.0,,,,2023.0,2023.0,7.0,,150.0,3495.0,80.48,3414.52,97.69728183118741,1500.0,1500.0,0.0,No Quality Issue,High Rejection,Excellent
RB-001324,Rift Bloom - Kesses Farm,Peach Avalanche,90.0,B,40.0,75.0,3000.0,2022-07-17,2022-07-19,2022-07-23,2022-07-29,France,Bloomon BV,USD,0.19,570.0,UNKNOWN,75.55,,0.0,,OVERDUE,4.0,False,False,False,4.0,6.0,True,False,2022.0,7.0,3.0,2022.0,7.0,3.0,2022.0,2022.0,7.0,2.0,12.0,570.0,75.55,494.45,86.74561403508771,3000.0,3000.0,0.0,No Quality Issue,High Rejection,Good
RB-002520,Rift Bloom - Kesses Farm,Explorer,70.0,PREMIUM,10.0,220.0,2200.0,2025-10-08,2025-11-08,2025-08-12,2025-08-14,USA,Blume2000,KES,65.0,143000.0,NAN,278.07,0.9,0.0,,PAID,4.0,False,False,False,-88.0,2.0,False,False,2025.0,10.0,4.0,2025.0,11.0,4.0,2025.0,2025.0,8.0,31.0,-55.0,143000.0,278.07,142721.93,99.80554545454545,2200.0,2200.0,0.0,No Quality Issue,High Rejection,Good
RB-001450,rift bloom turbo farm,Tibet,70.0,B,10.0,97.0,970.0,2026-06-13,2026-06-15,2026-06-19,2026-06-21,Russia,Dubai Flower Centre,KES,62.4,60528.0,AIR FREIGHT,51.44,1.1,0.0,,PAID,5.0,False,False,False,4.0,2.0,True,False,2026.0,6.0,2.0,2026.0,6.0,2.0,2026.0,2026.0,6.0,2.0,8.0,60528.0,51.44,60476.56,99.91501453872587,970.0,970.0,0.0,No Quality Issue,High Rejection,Excellent
RB-002717,Rift Bloom - Kapseret Farm,Explorer,50.0,B,40.0,134.0,5360.0,2022-02-21,2022-02-23,2022-02-24,2022-03-02,Netherlands,Dubai Flower Centre,USD,0.279,1495.44,AIR FREIGHT,177.02,1.0,31.0,Wilting,PAID,3.0,False,False,False,1.0,6.0,True,False,2022.0,2.0,1.0,2022.0,2.0,1.0,2022.0,2022.0,3.0,2.0,9.0,1495.44,177.02,1318.42,88.16268121756808,5360.0,5360.0,0.5783582089552238,Quality Issue,High Rejection,Average
RB-002404,Rift Bloom - Kesses Farm,Vendela,50.0,STANDARD,20.0,274.0,5480.0,2023-06-28,2023-06-30,2023-02-07,2023-07-05,USA,Dubai Flower Centre,EUR,0.166,909.68,NAN,164.65,1.8,0.0,,PAID,4.0,False,False,False,-143.0,148.0,False,False,2023.0,6.0,2.0,2023.0,6.0,2.0,2023.0,2023.0,7.0,2.0,7.0,909.68,164.65,745.03,81.90022865183361,5480.0,5480.0,0.0,No Quality Issue,High Rejection,Good
RB-000051,Rift Bloom - Moiben Farm,Circus,50.0,A,25.0,36.0,900.0,2022-06-29,2022-06-29,2022-07-03,2022-07-09,Australia,Dubai Flower Centre,KES,50.7,45630.0,AIR FREIGHT,231.28,1.8,0.0,,NAN,5.0,False,False,False,4.0,6.0,True,False,2022.0,6.0,2.0,2022.0,6.0,2.0,2022.0,2022.0,7.0,0.0,10.0,45630.0,231.28,45398.72,99.49314047775587,900.0,900.0,0.0,No Quality Issue,High Rejection,Excellent
RB-001888,Rift Bloom - Kesses Farm,Cool Water,90.0,C,20.0,37.0,740.0,2024-12-14,2024-12-14,2024-12-16,2024-12-17,Japan,Interflora Russia,EUR,0.178,131.72,AIR FREIGHT,427.35,2.2,0.0,,PAID,5.0,False,False,False,2.0,1.0,True,False,2024.0,12.0,4.0,2024.0,12.0,4.0,2024.0,2024.0,12.0,0.0,3.0,131.72,427.35,-295.63,-224.438202247191,740.0,740.0,0.0,No Quality Issue,High Rejection,Excellent
RB-000134,Rift Bloom - Kesses Farm,Red Naomi,60.0,STANDARD,10.0,68.0,680.0,2023-12-28,2023-12-29,2023-12-31,2024-02-01,Japan,M-Farm Traders,USD,0.333,226.44,AIR FREIGHT,160.69,2.8,0.0,,PENDING,4.0,False,False,False,2.0,32.0,True,False,2023.0,12.0,4.0,2023.0,12.0,4.0,2023.0,2024.0,2.0,1.0,35.0,226.44,160.69,65.75,29.036389330506978,680.0,680.0,0.0,No Quality Issue,High Rejection,Good
RB-001106,Rift Bloom - Kesses Farm,Yellow Babe,80.0,PREMIUM,10.0,35.0,350.0,2022-04-08,2022-08-04,2022-09-04,2022-04-15,Germany,Blume2000,KES,26.78,9373.0,AIR FREIGHT,381.8,4.2,0.0,,PAID,4.0,False,False,False,31.0,-142.0,False,False,2022.0,4.0,2.0,2022.0,8.0,3.0,2022.0,2022.0,4.0,118.0,7.0,9373.0,381.8,8991.2,95.9265976741705,350.0,350.0,0.0,No Quality Issue,High Rejection,Good
RB-000704,Rift Bloom - Kapseret Farm,Avalanche,60.0,UNKNOWN,10.0,64.0,640.0,2024-11-22,2024-11-24,2024-11-27,2024-12-03,Germany,Tokyo Flower Market,USD,0.239,152.96,ROAD THEN AIR,175.18,3.0,0.0,,NAN,2.0,False,False,False,3.0,6.0,True,False,2024.0,11.0,4.0,2024.0,11.0,4.0,2024.0,2024.0,12.0,2.0,11.0,152.96,175.18,-22.22,-14.526673640167362,640.0,640.0,0.0,No Quality Issue,High Rejection,Poor
RB-000483,Rift Bloom - Ziwa Farm,Athena,70.0,STANDARD,25.0,75.0,1875.0,2025-11-02,2025-02-11,2025-11-04,2025-11-10,Australia,Carrefour Flowers,EUR,0.341,639.38,NAN,126.87,3.6,22.0,Petal Bruising,PENDING,3.0,False,False,False,266.0,6.0,True,False,2025.0,11.0,4.0,2025.0,2.0,1.0,2025.0,2025.0,11.0,-264.0,8.0,639.38,126.87,512.51,80.15733992305046,1875.0,1875.0,1.1733333333333333,Quality Issue,High Rejection,Average
RB-001146,Rift Bloom - Ziwa Farm,Athena,80.0,B,20.0,103.0,2060.0,2025-11-15,2025-11-17,2025-11-19,2025-11-23,Switzerland,M-Farm Traders,EUR,0.249,512.94,NAN,37.85,4.6,0.0,,PENDING,5.0,False,False,False,2.0,4.0,True,False,2025.0,11.0,4.0,2025.0,11.0,4.0,2025.0,2025.0,11.0,2.0,8.0,512.94,37.85,475.09000000000003,92.6209693141498,2060.0,2060.0,0.0,No Quality Issue,High Rejection,Excellent
RB-002039,rift bloom turbo farm,Freedom,70.0,B,40.0,181.0,7240.0,2025-03-19,2025-03-20,2025-03-22,2025-03-23,France,Local Wholesaler - Eldoret,USD,0.326,2360.24,AIR FREIGHT,,2.1,0.0,,OVERDUE,4.0,False,False,False,2.0,1.0,True,False,2025.0,3.0,1.0,2025.0,3.0,1.0,2025.0,2025.0,3.0,1.0,4.0,2360.24,,,,7240.0,7240.0,0.0,No Quality Issue,High Rejection,Good
RB-002985,Rift Bloom - Ziwa Farm,Sweetness,70.0,,25.0,74.0,1850.0,2024-03-14,2024-03-16,2024-03-20,2024-03-23,Poland,M-Farm Traders,NAN,0.271,5013.5,AIR FREIGHT,51.08,1.6,0.0,,PAID,5.0,False,False,False,4.0,3.0,True,False,2024.0,3.0,1.0,2024.0,3.0,1.0,2024.0,2024.0,3.0,2.0,9.0,5013.5,51.08,4962.42,98.98115089259001,1850.0,1850.0,0.0,No Quality Issue,High Rejection,Excellent
RB-002314,Rift Bloom - Timboroa Farm,Mondial,80.0,,20.0,194.0,3880.0,2024-03-25,2024-03-25,2024-03-26,2024-01-04,Norway,M-Farm Traders,KES,44.2,171496.0,ROAD THEN AIR,,1.5,0.0,,PENDING,4.0,False,False,False,1.0,-82.0,False,False,2024.0,3.0,1.0,2024.0,3.0,1.0,2024.0,2024.0,1.0,0.0,-81.0,171496.0,,,,3880.0,3880.0,0.0,No Quality Issue,High Rejection,Good
RB-000908,Rift Bloom - Timboroa Farm,Athena,40.0,B,40.0,289.0,11560.0,2025-10-29,2025-10-30,2025-01-11,2025-06-11,Poland,Interflora Russia,KES,53.3,616148.0,NAN,609.66,1.2,0.0,,PAID,4.0,False,False,False,-292.0,151.0,False,False,2025.0,10.0,4.0,2025.0,10.0,4.0,2025.0,2025.0,6.0,1.0,-140.0,616148.0,609.66,615538.34,99.90105299376123,11560.0,11560.0,0.0,No Quality Issue,High Rejection,Good
RB-002877,Rift Bloom - Ziwa Farm,Tibet,70.0,B,40.0,59.0,2360.0,2025-08-25,2025-08-25,2025-08-28,2025-08-30,Germany,Bloomon BV,NAN,0.287,677.32,ROAD THEN AIR,,1.6,0.0,,PENDING,5.0,False,False,False,3.0,2.0,True,False,2025.0,8.0,3.0,2025.0,8.0,3.0,2025.0,2025.0,8.0,0.0,5.0,677.32,,,,2360.0,2360.0,0.0,No Quality Issue,High Rejection,Excellent
RB-000011,Rift Bloom - Kesses Farm,Tibet,70.0,C,40.0,58.0,2320.0,2024-03-25,2024-03-26,2024-03-28,2024-04-03,France,Marks & Spencer Flowers,NAN,0.314,728.48,AIR FREIGHT,84.05,3.0,0.0,,PAID,4.0,False,False,False,2.0,6.0,True,False,2024.0,3.0,1.0,2024.0,3.0,1.0,2024.0,2024.0,4.0,1.0,9.0,728.48,84.05,644.4300000000001,88.46227761915222,2320.0,2320.0,0.0,No Quality Issue,High Rejection,Good
RB-000065,Rift Bloom - Ziwa Farm,Mondial,70.0,A,40.0,82.0,3280.0,2024-11-25,2024-11-25,2024-11-28,2024-11-30,United Arab Emirates,FloraHolland Auction,USD,0.216,708.48,AIR FREIGHT,195.25,2.9,0.0,,NAN,3.0,False,False,False,3.0,2.0,True,False,2024.0,11.0,4.0,2024.0,11.0,4.0,2024.0,2024.0,11.0,0.0,5.0,708.48,195.25,513.23,72.44100045167119,3280.0,3280.0,0.0,No Quality Issue,High Rejection,Average
RB-000492,Rift Bloom - Timboroa Farm,Avalanche,50.0,PREMIUM,25.0,166.0,4150.0,2025-01-02,2025-03-02,2025-02-07,2025-02-13,United Arab Emirates,Blume2000,KES,49.14,203931.0,ROAD THEN AIR,224.66,1.7,39.0,,UNKNOWN,4.0,False,False,False,-23.0,6.0,False,False,2025.0,1.0,1.0,2025.0,3.0,1.0,2025.0,2025.0,2.0,59.0,42.0,203931.0,224.66,203706.34,99.88983528742564,4150.0,4150.0,0.9397590361445783,No Quality Issue,High Rejection,Good
RB-002114,Rift Bloom - Ziwa Farm,Yellow Babe,60.0,B,40.0,32.0,1280.0,2024-02-19,2024-02-20,2024-02-21,2024-02-23,Poland,M-Farm Traders,USD,0.372,476.16,UNKNOWN,304.03,0.4,0.0,,PAID,5.0,False,False,False,1.0,2.0,True,False,2024.0,2.0,1.0,2024.0,2.0,1.0,2024.0,2024.0,2.0,1.0,4.0,476.16,304.03,172.13000000000005,36.14961357526882,1280.0,1280.0,0.0,No Quality Issue,High Rejection,Excellent
RB-000592,Rift Bloom - Ziwa Farm,Athena,60.0,B,40.0,93.0,3720.0,2022-11-14,2022-11-16,2022-11-18,2022-11-23,Netherlands,Aalsmeer Direct,USD,0.418,1554.96,AIR FREIGHT,141.46,,0.0,,PAID,3.0,False,False,False,2.0,5.0,True,False,2022.0,11.0,4.0,2022.0,11.0,4.0,2022.0,2022.0,11.0,2.0,9.0,1554.96,141.46,1413.5,90.90265987549519,3720.0,3720.0,0.0,No Quality Issue,High Rejection,Average
RB-001286,Rift Bloom - Ziwa Farm,Sweetness,70.0,PREMIUM,25.0,157.0,3925.0,2022-03-17,2022-03-17,2022-03-19,2022-03-23,Germany,Marks & Spencer Flowers,NAN,0.317,1244.22,NAN,155.47,4.3,0.0,,NAN,5.0,False,False,False,2.0,4.0,True,False,2022.0,3.0,1.0,2022.0,3.0,1.0,2022.0,2022.0,3.0,0.0,6.0,1244.22,155.47,1088.75,87.50462136921124,3925.0,3925.0,0.0,No Quality Issue,High Rejection,Excellent
RB-000725,Rift Bloom - Turbo Farm,Sweetness,80.0,A,25.0,14.0,350.0,2023-06-05,2023-05-07,2023-05-08,2023-05-14,Norway,Aalsmeer Direct,EUR,0.535,187.25,ROAD THEN AIR,487.66,1.2,0.0,,OVERDUE,4.0,False,False,False,1.0,6.0,True,False,2023.0,6.0,2.0,2023.0,5.0,2.0,2023.0,2023.0,5.0,-29.0,-22.0,187.25,487.66,-300.41,-160.4325767690254,350.0,350.0,0.0,No Quality Issue,High Rejection,Good
RB-002555,Rift Bloom - Moiben Farm,Explorer,50.0,A,10.0,131.0,1310.0,2025-06-22,2025-06-23,2025-06-26,2025-06-30,The Netherlands,Aalsmeer Direct,KES,40.95,53644.5,AIR FREIGHT,74.05,,0.0,,PENDING,3.0,False,False,False,3.0,4.0,True,False,2025.0,6.0,2.0,2025.0,6.0,2.0,2025.0,2025.0,6.0,1.0,8.0,53644.5,74.05,53570.45,99.8619616176868,1310.0,1310.0,0.0,No Quality Issue,High Rejection,Average
RB-001213,Rift Bloom - Moiben Farm,Yellow Babe,60.0,B,20.0,70.0,1400.0,2025-10-30,2025-10-30,2025-10-31,2025-03-11,France,Marks & Spencer Flowers,KES,45.24,63336.0,AIR FREIGHT,262.67,1.2,0.0,,PAID,5.0,False,False,False,1.0,-234.0,False,False,2025.0,10.0,4.0,2025.0,10.0,4.0,2025.0,2025.0,3.0,0.0,-233.0,63336.0,262.67,63073.33,99.58527535682708,1400.0,1400.0,0.0,No Quality Issue,High Rejection,Excellent
RB-002300,Rift Bloom - Kapseret Farm,Red-Naomi,50.0,STANDARD,25.0,67.0,1675.0,2025-11-12,2025-11-12,2025-11-15,2025-11-17,Germany,Carrefour Flowers,EUR,0.529,886.08,AIR FREIGHT,235.79,1.8,0.0,,OVERDUE,5.0,False,False,False,3.0,2.0,True,False,2025.0,11.0,4.0,2025.0,11.0,4.0,2025.0,2025.0,11.0,0.0,5.0,886.08,235.79,650.2900000000001,73.38953593355002,1675.0,1675.0,0.0,No Quality Issue,High Rejection,Excellent
RB-002617,Rift Bloom - Kesses Farm,Circus,50.0,STANDARD,25.0,98.0,2450.0,2025-02-07,2025-07-03,2025-07-05,2025-06-07,Norway,FloraHolland Auction,USD,0.588,14406.0,NAN,,1.6,0.0,,NAN,5.0,False,False,False,2.0,-28.0,False,False,2025.0,2.0,1.0,2025.0,7.0,3.0,2025.0,2025.0,6.0,146.0,120.0,14406.0,,,,2450.0,2450.0,0.0,No Quality Issue,High Rejection,Excellent
RB-001638,Rift Bloom - Kapseret Farm,Mondial,40.0,B,10.0,279.0,2790.0,2022-03-04,2022-03-06,2022-08-03,2022-12-03,Germany,FloraHolland Auction,NAN,0.474,1322.46,AIR FREIGHT,220.46,1.2,16.0,Petal Bruising,PAID,3.0,False,False,False,150.0,122.0,True,False,2022.0,3.0,1.0,2022.0,3.0,1.0,2022.0,2022.0,12.0,2.0,274.0,1322.46,220.46,1102.0,83.32955250064273,2790.0,2790.0,0.5734767025089605,Quality Issue,High Rejection,Average
RB-002977,Rift Bloom - Turbo Farm,Cool Water,60.0,,10.0,48.0,480.0,2022-02-18,2022-02-20,2022-02-23,2022-02-28,Switzerland,M-Farm Traders,KES,49.14,23587.2,AIR FREIGHT,44.27,0.6,0.0,,PAID,2.0,False,False,False,3.0,5.0,True,False,2022.0,2.0,1.0,2022.0,2.0,1.0,2022.0,2022.0,2.0,2.0,10.0,23587.2,44.27,23542.93,99.81231345814679,480.0,480.0,0.0,No Quality Issue,High Rejection,Poor
RB-000707,Rift Bloom - Turbo Farm,Freedom,60.0,B,40.0,294.0,11760.0,2022-06-24,2022-06-25,2022-06-27,2022-06-30,Netherlands,Marks & Spencer Flowers,KES,9.49,111602.4,AIR FREIGHT,496.71,2.4,0.0,,OVERDUE,4.0,False,False,False,2.0,3.0,True,False,2022.0,6.0,2.0,2022.0,6.0,2.0,2022.0,2022.0,6.0,1.0,6.0,111602.4,496.71,111105.68999999999,99.55492892625965,11760.0,11760.0,0.0,No Quality Issue,High Rejection,Good
RB-000274,Rift Bloom - Kapseret Farm,Cool Water,80.0,PREMIUM,25.0,239.0,5975.0,2025-07-27,2025-07-27,2025-07-28,2025-07-30,United Kingdom,FloraHolland Auction,KES,62.92,375947.0,AIR FREIGHT,206.35,1.9,0.0,,PAID,4.0,False,False,False,1.0,2.0,True,False,2025.0,7.0,3.0,2025.0,7.0,3.0,2025.0,2025.0,7.0,0.0,3.0,375947.0,206.35,375740.65,99.94511194397083,5975.0,5975.0,0.0,No Quality Issue,High Rejection,Good
RB-001710,Rift Bloom - Ziwa Farm,Tibet,40.0,PREMIUM,40.0,120.0,4800.0,2022-02-14,2022-02-14,2022-02-17,2022-02-23,Switzerland,Aalsmeer Direct,UNKNOWN,0.547,2625.6,NAN,,1.8,0.0,,PENDING,5.0,False,False,False,3.0,6.0,True,False,2022.0,2.0,1.0,2022.0,2.0,1.0,2022.0,2022.0,2.0,0.0,9.0,2625.6,,,,4800.0,4800.0,0.0,No Quality Issue,High Rejection,Excellent
RB-002971,Rift Bloom - Kapseret Farm,freedom,70.0,A,20.0,137.0,2740.0,2022-06-10,2022-10-07,2022-11-10,2022-10-13,U.A.E,Bloomon BV,EUR,0.4,1096.0,ROAD THEN AIR,315.68,0.8,0.0,,NAN,5.0,False,False,False,34.0,-28.0,False,False,2022.0,6.0,2.0,2022.0,10.0,4.0,2022.0,2022.0,10.0,119.0,125.0,1096.0,315.68,780.3199999999999,71.19708029197079,2740.0,2740.0,0.0,No Quality Issue,High Rejection,Excellent
RB-002925,Rift Bloom - Moiben Farm,Tibet,90.0,STANDARD,10.0,285.0,2850.0,2025-06-04,2025-06-05,2025-06-07,2025-06-13,France,Interflora Russia,NAN,0.39,1111.5,AIR FREIGHT,341.68,0.8,0.0,,PAID,4.0,False,False,False,2.0,6.0,True,False,2025.0,6.0,2.0,2025.0,6.0,2.0,2025.0,2025.0,6.0,1.0,9.0,1111.5,341.68,769.8199999999999,69.25955915429599,2850.0,2850.0,0.0,No Quality Issue,High Rejection,Good
RB-002587,Rift Bloom - Kapseret Farm,Vendela,50.0,PREMIUM,20.0,121.0,2420.0,2022-04-26,2022-04-28,2022-01-05,2022-02-05,United Arab Emirates,Local Wholesaler - Eldoret,USD,0.178,430.76,ROAD THEN AIR,342.01,4.1,0.0,,NAN,4.0,True,False,False,-113.0,31.0,False,False,2022.0,4.0,2.0,2022.0,4.0,2.0,2022.0,2022.0,2.0,2.0,-80.0,430.76,342.01,88.75,20.603120066858576,2420.0,2420.0,0.0,No Quality Issue,High Rejection,Good
RB-002699,Rift Bloom - Moiben Farm,Explorer,60.0,PREMIUM,25.0,126.0,3150.0,2025-03-01,2025-01-03,2025-04-01,2025-01-07,Netherlands,Local Wholesaler - Eldoret,KES,27.3,85995.0,AIR FREIGHT,347.32,4.1,0.0,,PAID,5.0,False,False,False,88.0,-84.0,False,False,2025.0,3.0,1.0,2025.0,1.0,1.0,2025.0,2025.0,1.0,-57.0,-53.0,85995.0,347.32,85647.68,99.5961160532589,3150.0,3150.0,0.0,No Quality Issue,High Rejection,Excellent
RB-002593,Rift Bloom - Kapseret Farm,High & Magic,70.0,STANDARD,40.0,103.0,4120.0,2022-12-19,2022-12-21,2022-12-25,2022-12-31,United States,M-Farm Traders,USD,0.247,1017.64,AIR FREIGHT,199.58,1.3,0.0,,PAID,3.0,False,False,False,4.0,6.0,True,False,2022.0,12.0,4.0,2022.0,12.0,4.0,2022.0,2022.0,12.0,2.0,12.0,1017.64,199.58,818.06,80.38795644825282,4120.0,4120.0,0.0,No Quality Issue,High Rejection,Average
RB-001453,Rift Bloom - Moiben Farm,Sweetness,40.0,A,20.0,144.0,2880.0,2023-09-04,2023-05-09,2023-09-08,2023-11-09,Poland,Aalsmeer Direct,KES,36.01,103708.8,NAN,251.23,1.0,0.0,,PAID,5.0,False,False,False,122.0,62.0,True,False,2023.0,9.0,3.0,2023.0,5.0,2.0,2023.0,2023.0,11.0,-118.0,66.0,103708.8,251.23,103457.57,99.75775440464069,2880.0,2880.0,0.0,No Quality Issue,High Rejection,Excellent
RB-000150,Rift Bloom - Timboroa Farm,Mondial,70.0,A,25.0,129.0,3225.0,2023-10-17,2023-10-17,2023-10-18,2023-10-23,USA,Whole Foods Market,EUR,0.279,899.78,AIR FREIGHT,141.55,0.8,0.0,,PAID,1.0,False,False,False,1.0,5.0,True,False,2023.0,10.0,4.0,2023.0,10.0,4.0,2023.0,2023.0,10.0,0.0,6.0,899.78,141.55,758.23,84.26837671430795,3225.0,3225.0,0.0,No Quality Issue,High Rejection,Poor
RB-000219,Rift Bloom - Timboroa Farm,Tibet,60.0,C,25.0,28.0,700.0,2025-05-30,2025-05-30,2025-01-06,2025-06-05,United Kingdom,M-Farm Traders,USD,0.389,272.3,ROAD THEN AIR,194.04,-1.7,3.0,,OVERDUE,4.0,False,False,True,-144.0,150.0,False,False,2025.0,5.0,2.0,2025.0,5.0,2.0,2025.0,2025.0,6.0,0.0,6.0,272.3,194.04,78.26000000000002,28.74035989717224,700.0,700.0,0.4285714285714286,No Quality Issue,High Rejection,Good
RB-001132,Rift Bloom - Moiben Farm,High & Magic,50.0,A,10.0,95.0,950.0,2025-12-08,2025-12-09,2025-12-12,2025-12-16,Japan,Dubai Flower Centre,KES,54.73,51993.5,NAN,,2.7,0.0,,NAN,4.0,False,False,False,3.0,4.0,True,False,2025.0,12.0,4.0,2025.0,12.0,4.0,2025.0,2025.0,12.0,1.0,8.0,51993.5,,,,950.0,950.0,0.0,No Quality Issue,High Rejection,Good
RB-002744,Rift Bloom - Ziwa Farm,High & Magic,80.0,,40.0,241.0,9640.0,2022-10-19,2022-10-21,2022-10-23,2022-10-24,Netherlands,Carrefour Flowers,USD,0.296,2853.44,NAN,1445.18,1.6,0.0,,PAID,5.0,False,False,False,2.0,1.0,True,False,2022.0,10.0,4.0,2022.0,10.0,4.0,2022.0,2022.0,10.0,2.0,5.0,2853.44,1445.18,1408.26,49.353061567791855,9640.0,9640.0,0.0,No Quality Issue,High Rejection,Excellent
RB-002240,Rift Bloom - Turbo Farm,Avalanche,60.0,PREMIUM,40.0,138.0,5520.0,2026-01-19,2026-01-21,2026-01-22,2026-01-25,United Kingdom,Tokyo Flower Market,USD,0.329,1816.08,AIR FREIGHT,45.83,2.7,0.0,,PAID,5.0,False,False,False,1.0,3.0,True,False,2026.0,1.0,1.0,2026.0,1.0,1.0,2026.0,2026.0,1.0,2.0,6.0,1816.08,45.83,1770.25,97.47643275626625,5520.0,5520.0,0.0,No Quality Issue,High Rejection,Excellent
RB-002382,Rift Bloom - Kapseret Farm,Circus,60.0,PREMIUM,20.0,136.0,2720.0,2026-01-19,2026-01-21,2026-01-24,2026-01-25,Switzerland,Whole Foods Market,NAN,0.48,1305.6,AIR FREIGHT,118.23,2.1,0.0,,PAID,2.0,False,False,False,3.0,1.0,True,False,2026.0,1.0,1.0,2026.0,1.0,1.0,2026.0,2026.0,1.0,2.0,6.0,1305.6,118.23,1187.37,90.94439338235294,2720.0,2720.0,0.0,No Quality Issue,High Rejection,Poor
RB-001054,Rift Bloom - Kesses Farm,Explorer,70.0,B,10.0,62.0,620.0,2024-11-30,2024-12-02,2024-05-12,2024-12-06,Norway,Blume2000,USD,0.408,252.96,AIR FREIGHT,856.89,0.0,0.0,,NAN,4.0,False,False,False,-204.0,208.0,False,False,2024.0,11.0,4.0,2024.0,12.0,4.0,2024.0,2024.0,12.0,2.0,6.0,252.96,856.89,-603.93,-238.7452561669829,620.0,620.0,0.0,No Quality Issue,High Rejection,Good
RB-000899,Rift Bloom - Turbo Farm,Circus,70.0,B,40.0,125.0,5000.0,2022-12-27,2022-12-27,2022-12-30,2023-01-03,Japan,FloraHolland Auction,USD,0.331,1655.0,AIR FREIGHT,452.43,3.6,0.0,,NAN,5.0,False,False,False,3.0,4.0,True,False,2022.0,12.0,4.0,2022.0,12.0,4.0,2022.0,2023.0,1.0,0.0,7.0,1655.0,452.43,1202.57,72.66283987915408,5000.0,5000.0,0.0,No Quality Issue,High Rejection,Excellent
RB-001358,Rift Bloom - Moiben Farm,freedom,50.0,A,10.0,86.0,860.0,2026-09-07,2026-07-11,2026-07-14,2026-07-19,Australia,Local Wholesaler - Eldoret,EUR,0.446,383.56,AIR FREIGHT,621.97,2.6,0.0,,PAID,4.0,False,False,False,3.0,5.0,True,False,2026.0,9.0,3.0,2026.0,7.0,3.0,2026.0,2026.0,7.0,-58.0,-50.0,383.56,621.97,-238.41000000000003,-62.1571592449682,860.0,860.0,0.0,No Quality Issue,High Rejection,Good
RB-000776,Rift Bloom - Timboroa Farm,Yellow Babe,50.0,,20.0,119.0,2380.0,2025-04-17,2025-04-19,2025-04-21,2025-04-22,Switzerland,Marks & Spencer Flowers,KES,33.41,79515.8,AIR FREIGHT,705.52,0.4,0.0,,PAID,5.0,False,False,False,2.0,1.0,True,False,2025.0,4.0,2.0,2025.0,4.0,2.0,2025.0,2025.0,4.0,2.0,5.0,79515.8,705.52,78810.28,99.11272979709692,2380.0,2380.0,0.0,No Quality Issue,High Rejection,Excellent
RB-000840,Rift Bloom - Moiben Farm,Explorer,70.0,PREMIUM,10.0,85.0,850.0,2022-11-08,2022-08-11,2022-12-08,2022-08-18,Switzerland,Whole Foods Market,EUR,0.48,408.0,AIR FREIGHT,229.65,0.9,35.0,-,PAID,4.0,False,False,False,119.0,-112.0,False,True,2022.0,11.0,4.0,2022.0,8.0,3.0,2022.0,2022.0,8.0,-89.0,-82.0,408.0,229.65,178.35,43.713235294117645,850.0,850.0,4.117647058823529,Quality Issue,High Rejection,Good
RB-000628,Rift Bloom - Timboroa Farm,Tibet,70.0,C,25.0,39.0,975.0,2023-07-27,2023-07-29,2023-07-30,2023-04-08,Japan,Blume2000,EUR,0.099,96.53,AIR FREIGHT,142.29,0.0,0.0,,NAN,4.0,False,False,False,1.0,-113.0,False,False,2023.0,7.0,3.0,2023.0,7.0,3.0,2023.0,2023.0,4.0,2.0,-110.0,96.53,142.29,-45.75999999999999,-47.4049518284471,975.0,975.0,0.0,No Quality Issue,High Rejection,Good
RB-000324,Rift Bloom - Kapseret Farm,Peach Avalanche,80.0,B,20.0,146.0,2920.0,2026-09-01,2026-09-01,2026-11-01,2026-01-14,Germany,Carrefour Flowers,EUR,0.465,1357.8,NAN,177.97,,0.0,,PAID,4.0,False,False,False,61.0,-291.0,False,False,2026.0,9.0,3.0,2026.0,9.0,3.0,2026.0,2026.0,1.0,0.0,-230.0,1357.8,177.97,1179.83,86.89276771247606,2920.0,2920.0,0.0,No Quality Issue,High Rejection,Good
RB-002756,Rift Bloom - Ziwa Farm,Avalanche,60.0,B,40.0,143.0,5720.0,2025-12-15,2025-12-17,2025-12-21,2025-12-22,Russia,Marks & Spencer Flowers,EUR,0.456,2608.32,NAN,201.29,,0.0,,PENDING,4.0,False,False,False,4.0,1.0,True,False,2025.0,12.0,4.0,2025.0,12.0,4.0,2025.0,2025.0,12.0,2.0,7.0,2608.32,201.29,2407.03,92.2827720525089,5720.0,5720.0,0.0,No Quality Issue,High Rejection,Good
RB-001868,Rift Bloom - Turbo Farm,Tibet,90.0,B,20.0,69.0,1380.0,2025-03-13,2025-03-15,2025-03-18,2025-03-22,Netherlands,M-Farm Traders,USD,0.429,592.02,AIR FREIGHT,278.78,0.9,0.0,,UNKNOWN,2.0,False,False,False,3.0,4.0,True,False,2025.0,3.0,1.0,2025.0,3.0,1.0,2025.0,2025.0,3.0,2.0,9.0,592.02,278.78,313.24,52.91037464950509,1380.0,1380.0,0.0,No Quality Issue,High Rejection,Poor
RB-001161,Rift Bloom - Kapseret Farm,Explorer,50.0,B,10.0,246.0,2460.0,2025-11-04,2025-04-13,2025-04-16,2025-04-18,Germany,Carrefour Flowers,USD,0.243,597.78,UNKNOWN,431.22,-1.0,0.0,,PAID,4.0,True,False,True,3.0,2.0,True,False,2025.0,11.0,4.0,2025.0,4.0,2.0,2025.0,2025.0,4.0,-205.0,-200.0,597.78,431.22,166.55999999999995,27.863093445749264,2460.0,2460.0,0.0,No Quality Issue,High Rejection,Good
RB-001077,Rift Bloom - Turbo Farm,Cool Water,50.0,STANDARD,25.0,121.0,3025.0,2022-02-21,2022-02-22,2022-02-26,2022-02-03,U.A.E,Tokyo Flower Market,USD,0.224,6776.0,AIR FREIGHT,47.27,22.9,0.0,,PAID,4.0,False,False,False,4.0,-23.0,False,False,2022.0,2.0,1.0,2022.0,2.0,1.0,2022.0,2022.0,2.0,1.0,-18.0,6776.0,47.27,6728.73,99.30239079102715,3025.0,3025.0,0.0,No Quality Issue,High Rejection,Good
RB-000120,Rift Bloom - Turbo Farm,Explorer,70.0,A,25.0,137.0,3425.0,2025-01-28,2025-01-28,2025-02-01,2025-07-02,Germany,Interflora Russia,EUR,0.298,1020.65,NAN,120.84,2.8,0.0,,NAN,3.0,False,False,False,4.0,151.0,True,False,2025.0,1.0,1.0,2025.0,1.0,1.0,2025.0,2025.0,7.0,0.0,155.0,1020.65,120.84,899.81,88.16048596482634,3425.0,3425.0,0.0,No Quality Issue,High Rejection,Average
RB-002685,Rift Bloom - Timboroa Farm,avalanche,90.0,A,40.0,72.0,2880.0,2023-08-27,2023-08-29,2023-01-09,2023-07-09,United Arab Emirates,Bloomon BV,KES,18.46,53164.8,NAN,67.5,2.1,0.0,,PAID,5.0,False,False,False,-232.0,181.0,False,False,2023.0,8.0,3.0,2023.0,8.0,3.0,2023.0,2023.0,7.0,2.0,-49.0,53164.8,67.5,53097.3,99.87303629469122,2880.0,2880.0,0.0,No Quality Issue,High Rejection,Excellent
RB-002511,Rift Bloom - Turbo Farm,Red Naomi,60.0,A,10.0,164.0,1640.0,2023-12-07,2023-07-14,2023-07-16,2023-07-18,Australia,Aalsmeer Direct,EUR,0.093,152.52,AIR FREIGHT,,0.2,0.0,,PENDING,4.0,False,False,False,2.0,2.0,True,False,2023.0,12.0,4.0,2023.0,7.0,3.0,2023.0,2023.0,7.0,-146.0,-142.0,152.52,,,,1640.0,1640.0,0.0,No Quality Issue,High Rejection,Good
RB-001815,Rift Bloom - Kesses Farm,Avalanche,80.0,PREMIUM,25.0,96.0,2400.0,2024-07-15,2024-07-17,2024-07-20,2024-07-24,United Kingdom,Interflora Russia,EUR,0.22,528.0,AIR FREIGHT,336.3,-0.4,0.0,,PAID,2.0,False,False,True,3.0,4.0,True,False,2024.0,7.0,3.0,2024.0,7.0,3.0,2024.0,2024.0,7.0,2.0,9.0,528.0,336.3,191.7,36.30681818181818,2400.0,2400.0,0.0,No Quality Issue,High Rejection,Poor
RB-001027,Rift Bloom - Turbo Farm,Mondial,50.0,B,20.0,128.0,2560.0,2023-05-19,2023-05-19,2023-05-20,2023-05-22,US,Marks & Spencer Flowers,USD,0.402,1029.12,ROAD THEN AIR,718.66,0.8,0.0,,OVERDUE,4.0,False,False,False,1.0,2.0,True,False,2023.0,5.0,2.0,2023.0,5.0,2.0,2023.0,2023.0,5.0,0.0,3.0,1029.12,718.66,310.4599999999999,30.16752176616915,2560.0,2560.0,0.0,No Quality Issue,High Rejection,Good
RB-000077,Rift Bloom - Ziwa Farm,Avalanche,70.0,B,40.0,27.0,1080.0,2022-09-27,2022-09-28,2022-09-30,2022-10-01,Japan,Local Wholesaler - Eldoret,UNKNOWN,0.254,274.32,ROAD THEN AIR,515.79,0.4,0.0,,PAID,5.0,False,False,False,2.0,1.0,True,False,2022.0,9.0,3.0,2022.0,9.0,3.0,2022.0,2022.0,10.0,1.0,4.0,274.32,515.79,-241.46999999999997,-88.0249343832021,1080.0,1080.0,0.0,No Quality Issue,High Rejection,Excellent
RB-000372,Rift Bloom - Moiben Farm,Cool Water,60.0,STANDARD,10.0,171.0,1710.0,2026-06-05,2026-05-06,2026-05-07,2026-12-05,United Kingdom,Tokyo Flower Market,KES,43.55,74470.5,AIR FREIGHT,139.27,20.7,0.0,,PENDING,4.0,False,False,False,1.0,212.0,True,False,2026.0,6.0,2.0,2026.0,5.0,2.0,2026.0,2026.0,12.0,-30.0,183.0,74470.5,139.27,74331.23,99.81298635029978,1710.0,1710.0,0.0,No Quality Issue,High Rejection,Good
RB-001205,Rift Bloom - Timboroa Farm,Avalanche,80.0,B,10.0,110.0,1100.0,2022-01-07,2022-09-01,2022-01-10,2022-01-15,Switzerland,Local Wholesaler - Eldoret,NAN,0.293,322.3,AIR FREIGHT,291.69,-1.5,0.0,,NAN,5.0,False,False,True,-234.0,5.0,False,False,2022.0,1.0,1.0,2022.0,9.0,3.0,2022.0,2022.0,1.0,237.0,8.0,322.3,291.69,30.610000000000014,9.497362705553837,1100.0,1100.0,0.0,No Quality Issue,High Rejection,Excellent
RB-000942,Rift Bloom - Ziwa Farm,Peach Avalanche,50.0,PREMIUM,40.0,78.0,3120.0,2024-05-21,2024-05-21,2024-05-24,2024-05-25,Russia,Whole Foods Market,USD,0.613,1912.56,AIR FREIGHT,178.3,-0.4,0.0,,PENDING,1.0,False,False,True,3.0,1.0,True,False,2024.0,5.0,2.0,2024.0,5.0,2.0,2024.0,2024.0,5.0,0.0,4.0,1912.56,178.3,1734.26,90.67741665620947,3120.0,3120.0,0.0,No Quality Issue,High Rejection,Poor
RB-000553,Rift Bloom - Turbo Farm,Pink Floyd,60.0,STANDARD,40.0,95.0,3800.0,2026-06-15,2026-06-16,2026-06-18,2026-06-20,United Arab Emirates,Dubai Flower Centre,EUR,0.366,1390.8,ROAD THEN AIR,69.79,0.6,0.0,,OVERDUE,4.0,False,False,False,2.0,2.0,True,False,2026.0,6.0,2.0,2026.0,6.0,2.0,2026.0,2026.0,6.0,1.0,5.0,1390.8,69.79,1321.01,94.98202473396606,3800.0,3800.0,0.0,No Quality Issue,High Rejection,Good
RB-000407,Rift Bloom - Turbo Farm,Tibet,90.0,C,20.0,149.0,2980.0,2025-12-07,,2025-07-16,2025-07-19,Germany,Aalsmeer Direct,NAN,0.192,572.16,AIR FREIGHT,394.14,1.6,0.0,,PENDING,3.0,False,False,False,,3.0,False,False,2025.0,12.0,4.0,,,,2025.0,2025.0,7.0,,-141.0,572.16,394.14,178.01999999999998,31.113674496644293,2980.0,2980.0,0.0,No Quality Issue,High Rejection,Average
RB-002118,rift bloom turbo farm,Vendela,60.0,PREMIUM,10.0,88.0,880.0,2022-09-27,,2022-09-30,2022-04-10,U.A.E,Tokyo Flower Market,NAN,0.363,319.44,AIR FREIGHT,941.64,1.2,0.0,,NAN,3.0,False,False,False,,-173.0,False,False,2022.0,9.0,3.0,,,,2022.0,2022.0,4.0,,-170.0,319.44,941.64,-622.2,-194.77836213373405,880.0,880.0,0.0,No Quality Issue,High Rejection,Average
RB-001614,Rift Bloom - Turbo Farm,Tibet,40.0,A,25.0,117.0,2925.0,2023-09-13,2023-09-15,2023-09-19,2023-09-20,Germany,Aalsmeer Direct,USD,0.213,623.02,AIR FREIGHT,239.05,3.3,0.0,,PENDING,5.0,False,False,False,4.0,1.0,True,False,2023.0,9.0,3.0,2023.0,9.0,3.0,2023.0,2023.0,9.0,2.0,7.0,623.02,239.05,383.96999999999997,61.630445250553755,2925.0,2925.0,0.0,No Quality Issue,High Rejection,Excellent
RB-000969,rift bloom turbo farm,Athena,50.0,,40.0,197.0,7880.0,2022-12-20,2022-12-20,2022-12-24,2022-12-29,uk,Blume2000,USD,0.546,43024.8,ROAD THEN AIR,347.74,1.0,0.0,,NAN,5.0,False,False,False,4.0,5.0,True,False,2022.0,12.0,4.0,2022.0,12.0,4.0,2022.0,2022.0,12.0,0.0,9.0,43024.8,347.74,42677.060000000005,99.19176846841822,7880.0,7880.0,0.0,No Quality Issue,High Rejection,Excellent
RB-002350,Rift Bloom - Ziwa Farm,Yellow Babe,60.0,B,20.0,84.0,1680.0,2025-03-22,2025-03-22,2025-03-24,2025-03-28,Germany,M-Farm Traders,USD,0.271,455.28,AIR FREIGHT,81.19,3.1,0.0,,OVERDUE,5.0,False,False,False,2.0,4.0,True,False,2025.0,3.0,1.0,2025.0,3.0,1.0,2025.0,2025.0,3.0,0.0,6.0,455.28,81.19,374.09,82.16701809875242,1680.0,1680.0,0.0,No Quality Issue,High Rejection,Excellent
RB-001747,Rift Bloom - Kapseret Farm,Athena,70.0,PREMIUM,25.0,38.0,950.0,2022-10-27,2022-10-27,2022-10-29,2022-11-04,USA,Interflora Russia,KES,48.49,46065.5,AIR FREIGHT,465.16,3.4,0.0,,OVERDUE,4.0,False,False,False,2.0,6.0,True,False,2022.0,10.0,4.0,2022.0,10.0,4.0,2022.0,2022.0,11.0,0.0,8.0,46065.5,465.16,45600.34,98.99022044697224,950.0,950.0,0.0,No Quality Issue,High Rejection,Good
RB-001739,Rift Bloom - Kesses Farm,Cool Water,60.0,A,40.0,129.0,5160.0,2024-05-02,2024-07-02,2024-09-02,2024-02-11,Netherlands,Whole Foods Market,USD,0.312,1609.92,AIR FREIGHT,363.23,2.3,0.0,,PAID,5.0,False,False,False,62.0,-204.0,False,False,2024.0,5.0,2.0,2024.0,7.0,3.0,2024.0,2024.0,2.0,61.0,-81.0,1609.92,363.23,1246.69,77.43800934207911,5160.0,5160.0,0.0,No Quality Issue,High Rejection,Excellent
RB-000237,Rift Bloom - Kapseret Farm,Sweetness,80.0,PREMIUM,25.0,184.0,4600.0,2024-03-03,2024-05-03,2024-03-07,2024-11-03,Switzerland,Dubai Flower Centre,USD,0.436,2005.6,ROAD THEN AIR,,1.7,0.0,,PAID,4.0,False,False,False,-57.0,241.0,False,False,2024.0,3.0,1.0,2024.0,5.0,2.0,2024.0,2024.0,11.0,61.0,245.0,2005.6,,,,4600.0,4600.0,0.0,No Quality Issue,High Rejection,Good
RB-002914,Rift Bloom - Timboroa Farm,High & Magic,40.0,A,40.0,54.0,2160.0,2026-06-06,2026-08-06,,2026-06-15,Australia,Bloomon BV,KES,73.06,157809.6,ROAD THEN AIR,287.84,2.8,0.0,,PENDING,4.0,False,False,False,,,False,False,2026.0,6.0,2.0,2026.0,8.0,3.0,,2026.0,6.0,61.0,9.0,157809.6,287.84,157521.76,99.81760298486277,2160.0,2160.0,0.0,No Quality Issue,High Rejection,Good
RB-001987,Rift Bloom - Ziwa Farm,Athena,60.0,PREMIUM,25.0,103.0,2575.0,2026-07-31,2026-08-01,2026-02-08,2026-03-08,Netherlands,FloraHolland Auction,NAN,0.385,991.38,AIR FREIGHT,,-0.1,53.0,Bud Blast,PAID,4.0,False,False,True,-174.0,28.0,False,False,2026.0,7.0,3.0,2026.0,8.0,3.0,2026.0,2026.0,3.0,1.0,-145.0,991.38,,,,2575.0,2575.0,2.058252427184466,Quality Issue,High Rejection,Good
RB-001984,Rift Bloom - Timboroa Farm,Avalanche,40.0,B,20.0,63.0,1260.0,2022-03-04,2022-03-06,2022-08-03,2022-10-03,U.S.A,Marks & Spencer Flowers,USD,0.529,666.54,AIR FREIGHT,136.36,3.5,0.0,,PENDING,2.0,False,False,False,150.0,61.0,True,False,2022.0,3.0,1.0,2022.0,3.0,1.0,2022.0,2022.0,10.0,2.0,213.0,666.54,136.36,530.18,79.54211300147027,1260.0,1260.0,0.0,No Quality Issue,High Rejection,Poor
RB-000500,Rift Bloom - Turbo Farm,High & Magic,80.0,A,10.0,188.0,1880.0,2022-01-15,2022-01-17,2022-01-21,2022-01-26,Poland,Marks & Spencer Flowers,NAN,0.408,767.04,AIR FREIGHT,,3.9,0.0,,NAN,4.0,False,False,False,4.0,5.0,True,False,2022.0,1.0,1.0,2022.0,1.0,1.0,2022.0,2022.0,1.0,2.0,11.0,767.04,,,,1880.0,1880.0,0.0,No Quality Issue,High Rejection,Good
RB-000823,Rift Bloom - Ziwa Farm,Mondial,80.0,STANDARD,10.0,45.0,450.0,2022-04-12,2022-12-05,2022-09-12,2022-12-10,Russia,Aalsmeer Direct,KES,48.1,21645.0,AIR FREIGHT,262.75,0.5,0.0,,NAN,5.0,False,False,False,-84.0,89.0,False,False,2022.0,4.0,2.0,2022.0,12.0,4.0,2022.0,2022.0,12.0,237.0,242.0,21645.0,262.75,21382.25,98.78609378609379,450.0,450.0,0.0,No Quality Issue,High Rejection,Excellent
RB-000991,Rift Bloom - Timboroa Farm,Tibet,70.0,A,10.0,170.0,1700.0,2024-10-12,2024-10-13,2024-10-14,2024-10-20,Poland,Marks & Spencer Flowers,USD,0.443,753.1,UNKNOWN,712.85,2.3,0.0,,PAID,4.0,False,False,False,1.0,6.0,True,False,2024.0,10.0,4.0,2024.0,10.0,4.0,2024.0,2024.0,10.0,1.0,8.0,753.1,712.85,40.25,5.344575753551985,1700.0,1700.0,0.0,No Quality Issue,High Rejection,Good
RB-000568,Rift Bloom - Moiben Farm,FREEDOM,80.0,,20.0,107.0,2140.0,2025-08-27,2025-08-29,2025-08-30,2025-09-02,USA,Local Wholesaler - Eldoret,EUR,0.213,455.82,NAN,179.29,3.7,0.0,,PAID,5.0,False,False,False,1.0,3.0,True,False,2025.0,8.0,3.0,2025.0,8.0,3.0,2025.0,2025.0,9.0,2.0,6.0,455.82,179.29,276.53,60.66649115879075,2140.0,2140.0,0.0,No Quality Issue,High Rejection,Excellent
RB-002436,Rift Bloom - Ziwa Farm,Avalanche,70.0,,20.0,211.0,4220.0,2024-09-06,2024-11-06,2024-06-13,2024-06-14,US,M-Farm Traders,KES,45.76,193107.2,AIR FREIGHT,222.51,1.8,0.0,,PAID,2.0,False,False,False,-146.0,1.0,False,False,2024.0,9.0,3.0,2024.0,11.0,4.0,2024.0,2024.0,6.0,61.0,-84.0,193107.2,222.51,192884.69,99.88477384582242,4220.0,4220.0,0.0,No Quality Issue,High Rejection,Poor
RB-000744,Rift Bloom - Kapseret Farm,Vendela,60.0,PREMIUM,10.0,112.0,1120.0,2025-10-15,2025-10-15,2025-10-17,2025-10-20,Germany,M-Farm Traders,NAN,0.182,203.84,AIR FREIGHT,86.37,2.0,0.0,,OVERDUE,5.0,False,False,False,2.0,3.0,True,False,2025.0,10.0,4.0,2025.0,10.0,4.0,2025.0,2025.0,10.0,0.0,5.0,203.84,86.37,117.47,57.62853218210361,1120.0,1120.0,0.0,No Quality Issue,High Rejection,Excellent
RB-002401,Rift Bloom - Kesses Farm,Red Naomi,60.0,B,40.0,-136.0,-5440.0,2022-01-05,2022-05-01,2022-05-05,2022-05-09,Japan,Dubai Flower Centre,USD,0.36,-1958.4,NAN,423.77,1.0,0.0,,PAID,4.0,False,False,False,4.0,4.0,True,False,2022.0,1.0,1.0,2022.0,5.0,2.0,2022.0,2022.0,5.0,116.0,124.0,-1958.4,423.77,-2382.17,,-5440.0,-5440.0,0.0,No Quality Issue,High Rejection,Good
RB-001218,Rift Bloom - Kesses Farm,Pink Floyd,50.0,PREMIUM,10.0,219.0,2190.0,2024-12-29,2024-12-29,2025-02-01,2025-04-01,Japan,Dubai Flower Centre,KES,40.17,87972.3,AIR FREIGHT,454.28,2.6,0.0,,OVERDUE,4.0,False,False,False,34.0,59.0,True,False,2024.0,12.0,4.0,2024.0,12.0,4.0,2025.0,2025.0,4.0,0.0,93.0,87972.3,454.28,87518.02,99.48361018184133,2190.0,2190.0,0.0,No Quality Issue,High Rejection,Good
RB-000236,Rift Bloom - Timboroa Farm,Peach Avalanche,90.0,B,20.0,106.0,2120.0,2022-01-02,2022-01-04,2022-08-01,2022-01-14,Switzerland,Carrefour Flowers,EUR,0.383,811.96,AIR FREIGHT,222.44,1.9,0.0,,PAID,2.0,False,False,False,209.0,-199.0,False,False,2022.0,1.0,1.0,2022.0,1.0,1.0,2022.0,2022.0,1.0,2.0,12.0,811.96,222.44,589.52,72.60456180107394,2120.0,2120.0,0.0,No Quality Issue,High Rejection,Poor
RB-002811,Rift Bloom - Ziwa Farm,avalanche,80.0,A,25.0,63.0,1575.0,2024-05-15,2024-05-15,2024-05-16,2024-05-22,Germany,FloraHolland Auction,USD,0.168,264.6,NAN,110.34,,0.0,,PENDING,1.0,False,False,False,1.0,6.0,True,False,2024.0,5.0,2.0,2024.0,5.0,2.0,2024.0,2024.0,5.0,0.0,7.0,264.6,110.34,154.26000000000002,58.29931972789117,1575.0,1575.0,0.0,No Quality Issue,High Rejection,Poor
RB-000481,Rift Bloom - Kesses Farm,Peach Avalanche,40.0,A,10.0,165.0,1650.0,2025-06-29,2025-06-30,2025-03-07,2025-07-07,Germany,Blume2000,USD,0.227,374.55,ROAD THEN AIR,35.86,1.3,0.0,,PENDING,4.0,False,False,False,-115.0,122.0,False,False,2025.0,6.0,2.0,2025.0,6.0,2.0,2025.0,2025.0,7.0,1.0,8.0,374.55,35.86,338.69,90.42584434654918,1650.0,1650.0,0.0,No Quality Issue,High Rejection,Good
RB-002043,Rift Bloom - Ziwa Farm,Circus,90.0,A,40.0,123.0,4920.0,2022-11-15,2022-11-17,2022-11-20,2022-11-23,Netherlands,Dubai Flower Centre,UNKNOWN,0.27,1328.4,AIR FREIGHT,305.42,5.0,0.0,,PAID,5.0,False,False,False,3.0,3.0,True,False,2022.0,11.0,4.0,2022.0,11.0,4.0,2022.0,2022.0,11.0,2.0,8.0,1328.4,305.42,1022.98,77.00843119542307,4920.0,4920.0,0.0,No Quality Issue,High Rejection,Excellent
RB-001678,Rift Bloom - Ziwa Farm,Sweetness,70.0,,20.0,158.0,3160.0,2023-07-04,2023-08-04,2023-10-04,2023-04-12,Poland,Local Wholesaler - Eldoret,EUR,0.161,508.76,NAN,369.87,,0.0,,PENDING,5.0,False,False,False,61.0,-175.0,False,False,2023.0,7.0,3.0,2023.0,8.0,3.0,2023.0,2023.0,4.0,31.0,-83.0,508.76,369.87,138.89,27.29970909662709,3160.0,3160.0,0.0,No Quality Issue,High Rejection,Excellent
RB-002634,Rift Bloom - Kesses Farm,Cool Water,70.0,C,25.0,139.0,3475.0,2025-11-23,2025-11-24,2025-11-25,2025-11-26,Norway,FloraHolland Auction,KES,49.27,171213.25,AIR FREIGHT,364.2,,0.0,,PAID,5.0,False,False,False,1.0,1.0,True,False,2025.0,11.0,4.0,2025.0,11.0,4.0,2025.0,2025.0,11.0,1.0,3.0,171213.25,364.2,170849.05,99.78728281835664,3475.0,3475.0,0.0,No Quality Issue,High Rejection,Excellent
RB-001273,Rift Bloom - Moiben Farm,Pink Floyd,70.0,C,10.0,72.0,720.0,2023-03-24,2023-03-25,2023-03-29,2023-04-04,netherlands,Interflora Russia,EUR,0.329,236.88,AIR FREIGHT,432.58,0.2,0.0,,PENDING,3.0,False,False,False,4.0,6.0,True,False,2023.0,3.0,1.0,2023.0,3.0,1.0,2023.0,2023.0,4.0,1.0,11.0,236.88,432.58,-195.7,-82.61567038162782,720.0,720.0,0.0,No Quality Issue,High Rejection,Average
RB-000927,Rift Bloom - Ziwa Farm,Peach Avalanche,50.0,B,25.0,210.0,5250.0,2023-10-31,2023-10-31,2023-04-11,2023-08-11,The Netherlands,Interflora Russia,EUR,0.325,1706.25,AIR FREIGHT,205.86,0.3,0.0,,PAID,5.0,False,False,False,-203.0,122.0,False,False,2023.0,10.0,4.0,2023.0,10.0,4.0,2023.0,2023.0,8.0,0.0,-81.0,1706.25,205.86,1500.3899999999999,87.93494505494505,5250.0,5250.0,0.0,No Quality Issue,High Rejection,Excellent
RB-001595,Rift Bloom - Turbo Farm,Sweetness,40.0,PREMIUM,20.0,72.0,1440.0,2022-07-07,2022-07-09,2022-07-13,2022-07-18,Norway,Blume2000,EUR,0.446,642.24,ROAD THEN AIR,45.96,2.5,0.0,,PAID,4.0,False,False,False,4.0,5.0,True,False,2022.0,7.0,3.0,2022.0,7.0,3.0,2022.0,2022.0,7.0,2.0,11.0,642.24,45.96,596.28,92.84379671150971,1440.0,1440.0,0.0,No Quality Issue,High Rejection,Good
RB-000224,Rift Bloom - Moiben Farm,Circus,70.0,STANDARD,25.0,35.0,875.0,2023-07-13,2023-07-15,2023-07-16,2023-07-19,Japan,Tokyo Flower Market,NAN,0.334,292.25,AIR FREIGHT,262.54,-1.5,0.0,,OVERDUE,4.0,False,False,True,1.0,3.0,True,False,2023.0,7.0,3.0,2023.0,7.0,3.0,2023.0,2023.0,7.0,2.0,6.0,292.25,262.54,29.70999999999998,10.165953806672363,875.0,875.0,0.0,No Quality Issue,High Rejection,Good
RB-001246,Rift Bloom - Kapseret Farm,Pink Floyd,60.0,A,10.0,57.0,570.0,,2026-02-25,2026-02-28,2026-03-01,Switzerland,Bloomon BV,KES,44.46,25342.2,AIR FREIGHT,86.04,3.5,0.0,,OVERDUE,1.0,False,False,False,3.0,1.0,True,False,,,,2026.0,2.0,1.0,2026.0,2026.0,3.0,,,25342.2,86.04,25256.16,99.66048725051495,570.0,570.0,0.0,No Quality Issue,High Rejection,Poor
RB-000053,Rift Bloom - Turbo Farm,Sweetness,50.0,B,10.0,-119.0,-1190.0,2022-06-30,2022-06-30,2022-01-07,2022-03-07,US,Blume2000,EUR,0.578,-687.82,NAN,212.62,-1.4,28.0,,UNKNOWN,4.0,False,False,True,-174.0,59.0,False,False,2022.0,6.0,2.0,2022.0,6.0,2.0,2022.0,2022.0,3.0,0.0,-115.0,-687.82,212.62,-900.44,,-1190.0,-1190.0,0.0,No Quality Issue,High Rejection,Good
RB-000530,Rift Bloom - Moiben Farm,Yellow Babe,40.0,PREMIUM,25.0,423.0,10575.0,2025-09-15,2025-09-16,2025-09-19,2025-09-22,Switzerland,Tokyo Flower Market,USD,0.512,5414.4,NAN,546.96,4.1,0.0,,PAID,4.0,False,False,False,3.0,3.0,True,False,2025.0,9.0,3.0,2025.0,9.0,3.0,2025.0,2025.0,9.0,1.0,7.0,5414.4,546.96,4867.44,89.89804964539006,10575.0,10575.0,0.0,No Quality Issue,High Rejection,Good
RB-002988,Rift Bloom - Ziwa Farm,Explorer,70.0,PREMIUM,40.0,78.0,3120.0,2026-06-27,2026-06-28,2026-06-30,2026-02-07,Japan,Whole Foods Market,USD,0.308,960.96,ROAD THEN AIR,274.59,,3.0,Undersized Stems,NAN,4.0,False,False,False,2.0,-143.0,False,False,2026.0,6.0,2.0,2026.0,6.0,2.0,2026.0,2026.0,2.0,1.0,-140.0,960.96,274.59,686.3700000000001,71.42544955044956,3120.0,3120.0,0.09615384615384616,Quality Issue,High Rejection,Good
RB-000156,Rift Bloom - Kesses Farm,Vendela,70.0,B,40.0,107.0,4280.0,2025-08-27,2025-08-29,2025-08-30,2025-05-09,United Kingdom,Local Wholesaler - Eldoret,EUR,0.33,1412.4,AIR FREIGHT,58.05,0.7,0.0,,PAID,4.0,False,False,False,1.0,-113.0,False,False,2025.0,8.0,3.0,2025.0,8.0,3.0,2025.0,2025.0,5.0,2.0,-110.0,1412.4,58.05,1354.3500000000001,95.88997451146984,4280.0,4280.0,0.0,No Quality Issue,High Rejection,Good
RB-002933,Rift Bloom - Turbo Farm,High & Magic,50.0,B,25.0,124.0,3100.0,2026-09-04,2026-04-10,2026-12-04,2026-04-17,Japan,Interflora Russia,USD,0.579,1794.9,AIR FREIGHT,271.76,-0.9,0.0,,PAID,4.0,False,False,True,238.0,-231.0,False,False,2026.0,9.0,3.0,2026.0,4.0,2.0,2026.0,2026.0,4.0,-147.0,-140.0,1794.9,271.76,1523.14,84.85932363919996,3100.0,3100.0,0.0,No Quality Issue,High Rejection,Good
RB-000249,Rift Bloom - Turbo Farm,Tibet,40.0,B,25.0,131.0,3275.0,2025-01-23,2025-01-24,2025-01-27,2025-01-31,Netherlands,Blume2000,USD,0.279,913.73,ROAD THEN AIR,364.39,0.2,0.0,,OVERDUE,5.0,False,False,False,3.0,4.0,True,False,2025.0,1.0,1.0,2025.0,1.0,1.0,2025.0,2025.0,1.0,1.0,8.0,913.73,364.39,549.34,60.12060455495606,3275.0,3275.0,0.0,No Quality Issue,High Rejection,Excellent
RB-001895,Rift Bloom - Ziwa Farm,Explorer,50.0,C,10.0,308.0,3080.0,2022-07-22,2022-07-22,2022-07-25,2022-07-29,Germany,Aalsmeer Direct,KES,30.03,92492.4,AIR FREIGHT,77.04,3.2,0.0,,PAID,5.0,False,False,False,3.0,4.0,True,False,2022.0,7.0,3.0,2022.0,7.0,3.0,2022.0,2022.0,7.0,0.0,7.0,92492.4,77.04,92415.36,99.91670666995343,3080.0,3080.0,0.0,No Quality Issue,High Rejection,Excellent
RB-002030,Rift Bloom - Turbo Farm,Explorer,70.0,C,20.0,91.0,1820.0,2025-11-17,2025-11-19,2025-11-22,2025-11-26,Japan,Interflora Russia,KES,30.42,55364.4,AIR FREIGHT,297.3,1.8,0.0,,PAID,4.0,False,False,False,3.0,4.0,True,False,2025.0,11.0,4.0,2025.0,11.0,4.0,2025.0,2025.0,11.0,2.0,9.0,55364.4,297.3,55067.1,99.46301233283481,1820.0,1820.0,0.0,No Quality Issue,High Rejection,Good
RB-000543,Rift Bloom - Timboroa Farm,Yellow Babe,70.0,B,10.0,98.0,980.0,2023-10-11,2023-11-12,2023-11-15,2023-11-20,Poland,Tokyo Flower Market,EUR,0.35,343.0,AIR FREIGHT,279.97,1.5,0.0,,PENDING,4.0,False,False,False,3.0,5.0,True,False,2023.0,10.0,4.0,2023.0,11.0,4.0,2023.0,2023.0,11.0,32.0,40.0,343.0,279.97,63.02999999999997,18.37609329446063,980.0,980.0,0.0,No Quality Issue,High Rejection,Good
RB-000794,Rift Bloom - Moiben Farm,Peach Avalanche,60.0,STANDARD,40.0,118.0,4720.0,2025-06-11,2025-11-08,2025-12-11,2025-11-18,Russia,Carrefour Flowers,USD,0.324,1529.28,AIR FREIGHT,239.41,3.0,0.0,,OVERDUE,4.0,False,False,False,33.0,-23.0,False,False,2025.0,6.0,2.0,2025.0,11.0,4.0,2025.0,2025.0,11.0,150.0,160.0,1529.28,239.41,1289.87,84.3449204854572,4720.0,4720.0,0.0,No Quality Issue,High Rejection,Good
RB-001726,Rift Bloom - Turbo Farm,Athena,80.0,C,20.0,49.0,980.0,2023-10-15,2023-10-17,2023-10-20,2023-10-21,Norway,Interflora Russia,KES,38.61,37837.8,AIR FREIGHT,26.17,3.3,0.0,,PAID,5.0,False,False,False,3.0,1.0,True,False,2023.0,10.0,4.0,2023.0,10.0,4.0,2023.0,2023.0,10.0,2.0,6.0,37837.8,26.17,37811.630000000005,99.93083635940779,980.0,980.0,0.0,No Quality Issue,High Rejection,Excellent
RB-000629,Rift Bloom - Timboroa Farm,Sweetness,40.0,A,20.0,42.0,840.0,2026-03-03,2026-03-03,2026-05-03,2026-10-03,United Kingdom,Whole Foods Market,NAN,0.386,324.24,ROAD THEN AIR,50.79,,0.0,,PAID,3.0,False,False,False,61.0,153.0,True,False,2026.0,3.0,1.0,2026.0,3.0,1.0,2026.0,2026.0,10.0,0.0,214.0,324.24,50.79,273.45,84.33567727609179,840.0,840.0,0.0,No Quality Issue,High Rejection,Average
RB-002199,Rift Bloom - Timboroa Farm,Mondial,40.0,B,10.0,179.0,1790.0,2022-11-04,2022-04-13,2022-04-15,2022-04-17,USA,Marks & Spencer Flowers,KES,25.35,45376.5,AIR FREIGHT,634.25,0.9,32.0,Petal Bruising,OVERDUE,4.0,False,False,False,2.0,2.0,True,False,2022.0,11.0,4.0,2022.0,4.0,2.0,2022.0,2022.0,4.0,-205.0,-201.0,45376.5,634.25,44742.25,98.60225006335878,1790.0,1790.0,1.7877094972067038,Quality Issue,High Rejection,Good
RB-002755,Rift Bloom - Timboroa Farm,Pink Floyd,70.0,B,25.0,48.0,1200.0,2023-06-03,2023-05-06,2023-06-06,2023-09-06,U.A.E,Carrefour Flowers,USD,0.316,379.2,AIR FREIGHT,98.11,2.5,0.0,,PAID,3.0,False,False,False,31.0,92.0,True,False,2023.0,6.0,2.0,2023.0,5.0,2.0,2023.0,2023.0,9.0,-28.0,95.0,379.2,98.11,281.09,74.12710970464134,1200.0,1200.0,0.0,No Quality Issue,High Rejection,Average
RB-002902,Rift Bloom - Kesses Farm,Vendela,60.0,PREMIUM,40.0,132.0,5280.0,2025-10-08,2025-10-08,2025-10-09,2025-10-15,USA,Carrefour Flowers,USD,0.393,2075.04,UNKNOWN,580.12,2.7,0.0,,PENDING,1.0,False,False,False,1.0,6.0,True,False,2025.0,10.0,4.0,2025.0,10.0,4.0,2025.0,2025.0,10.0,0.0,7.0,2075.04,580.12,1494.92,72.04294856966614,5280.0,5280.0,0.0,No Quality Issue,High Rejection,Poor
RB-001368,Rift Bloom - Kesses Farm,Vendela,60.0,B,20.0,154.0,3080.0,2022-04-05,2022-06-05,2022-05-07,2022-05-08,United Kingdom,Dubai Flower Centre,KES,43.94,135335.2,AIR FREIGHT,301.52,2.7,0.0,,PAID,4.0,False,False,False,-29.0,1.0,False,False,2022.0,4.0,2.0,2022.0,6.0,2.0,2022.0,2022.0,5.0,61.0,33.0,135335.2,301.52,135033.68000000002,99.77720504347724,3080.0,3080.0,0.0,No Quality Issue,High Rejection,Good
RB-001621,Rift Bloom - Kapseret Farm,Freedom,60.0,A,20.0,24.0,480.0,2022-05-10,2022-06-10,2022-10-08,2022-10-10,Australia,Dubai Flower Centre,USD,0.331,158.88,AIR FREIGHT,514.03,2.7,0.0,,PAID,4.0,False,False,False,120.0,2.0,True,False,2022.0,5.0,2.0,2022.0,6.0,2.0,2022.0,2022.0,10.0,31.0,153.0,158.88,514.03,-355.15,-223.53348439073514,480.0,480.0,0.0,No Quality Issue,High Rejection,Good
RB-002839,Rift Bloom - Timboroa Farm,Explorer,80.0,STANDARD,40.0,37.0,1480.0,2025-04-19,2025-04-21,,2025-04-25,Norway,Bloomon BV,USD,0.27,399.6,AIR FREIGHT,558.96,4.0,0.0,,PENDING,4.0,False,False,False,,,False,False,2025.0,4.0,2.0,2025.0,4.0,2.0,,2025.0,4.0,2.0,6.0,399.6,558.96,-159.36,-39.87987987987988,1480.0,1480.0,0.0,No Quality Issue,High Rejection,Good
RB-001072,Rift Bloom - Turbo Farm,Yellow Babe,60.0,UNKNOWN,25.0,73.0,1825.0,2024-07-10,2024-07-12,2024-07-13,2024-07-19,Russia,Carrefour Flowers,EUR,0.396,722.7,AIR FREIGHT,157.31,,0.0,,PAID,5.0,False,False,False,1.0,6.0,True,False,2024.0,7.0,3.0,2024.0,7.0,3.0,2024.0,2024.0,7.0,2.0,9.0,722.7,157.31,565.3900000000001,78.23301508233016,1825.0,1825.0,0.0,No Quality Issue,High Rejection,Excellent
RB-001829,Rift Bloom - Kesses Farm,High & Magic,60.0,C,25.0,74.0,1850.0,2022-05-31,2022-02-06,2022-05-06,2022-08-06,US,Whole Foods Market,USD,0.424,784.4,AIR FREIGHT,530.08,4.4,0.0,,PAID,3.0,False,False,False,89.0,92.0,True,False,2022.0,5.0,2.0,2022.0,2.0,1.0,2022.0,2022.0,8.0,-114.0,67.0,784.4,530.08,254.31999999999994,32.422233554309024,1850.0,1850.0,0.0,No Quality Issue,High Rejection,Average
RB-000827,Rift Bloom - Kapseret Farm,Freedom,50.0,,25.0,49.0,1225.0,2023-05-14,2023-05-16,2023-05-19,2023-05-22,United Arab Emirates,Interflora Russia,EUR,0.461,564.73,NAN,62.58,3.0,0.0,,PENDING,5.0,False,False,False,3.0,3.0,True,False,2023.0,5.0,2.0,2023.0,5.0,2.0,2023.0,2023.0,5.0,2.0,8.0,564.73,62.58,502.15000000000003,88.91859826819896,1225.0,1225.0,0.0,No Quality Issue,High Rejection,Excellent
RB-001069,Rift Bloom - Turbo Farm,Explorer,60.0,PREMIUM,10.0,43.0,430.0,2022-04-13,2022-04-15,2022-04-19,2022-04-22,United Kingdom,Blume2000,NAN,0.503,216.29,AIR FREIGHT,,2.8,16.0,-,PAID,4.0,False,False,False,4.0,3.0,True,True,2022.0,4.0,2.0,2022.0,4.0,2.0,2022.0,2022.0,4.0,2.0,9.0,216.29,,,,430.0,430.0,3.7209302325581395,Quality Issue,High Rejection,Good
RB-001985,Rift Bloom - Timboroa Farm,Tibet,60.0,PREMIUM,40.0,151.0,6040.0,2026-06-11,2026-06-13,2026-06-16,2026-06-18,usa,M-Farm Traders,EUR,0.214,1292.56,NAN,251.78,2.1,0.0,,NAN,5.0,False,False,False,3.0,2.0,True,False,2026.0,6.0,2.0,2026.0,6.0,2.0,2026.0,2026.0,6.0,2.0,7.0,1292.56,251.78,1040.78,80.52082688617936,6040.0,6040.0,0.0,No Quality Issue,High Rejection,Excellent
RB-001838,Rift Bloom - Kapseret Farm,Freedom,90.0,B,20.0,165.0,3300.0,2023-10-01,2023-10-01,2023-01-13,2023-01-17,usa,Dubai Flower Centre,UNKNOWN,0.44,1452.0,AIR FREIGHT,239.64,0.3,0.0,,PAID,4.0,False,False,False,-261.0,4.0,False,False,2023.0,10.0,4.0,2023.0,10.0,4.0,2023.0,2023.0,1.0,0.0,-257.0,1452.0,239.64,1212.3600000000001,83.49586776859505,3300.0,3300.0,0.0,No Quality Issue,High Rejection,Good
RB-000536,Rift Bloom - Kapseret Farm,High & Magic,40.0,B,40.0,55.0,2200.0,2024-11-10,,2024-10-17,,United Arab Emirates,FloraHolland Auction,NAN,0.415,913.0,NAN,204.48,,0.0,,PENDING,5.0,False,False,False,,,False,False,2024.0,11.0,4.0,,,,2024.0,,,,,913.0,204.48,708.52,77.60350492880613,2200.0,2200.0,0.0,No Quality Issue,High Rejection,Excellent
RB-002746,Rift Bloom - Timboroa Farm,Tibet,70.0,A,20.0,371.0,7420.0,2025-07-25,2025-07-25,2025-07-28,2025-07-31,The Netherlands,Dubai Flower Centre,USD,0.572,4244.24,AIR FREIGHT,376.26,2.8,0.0,,PAID,4.0,False,False,False,3.0,3.0,True,False,2025.0,7.0,3.0,2025.0,7.0,3.0,2025.0,2025.0,7.0,0.0,6.0,4244.24,376.26,3867.9799999999996,91.13480858763877,7420.0,7420.0,0.0,No Quality Issue,High Rejection,Good
RB-002632,Rift Bloom - Timboroa Farm,Circus,50.0,A,40.0,89.0,3560.0,,2022-09-10,2022-09-13,2022-09-17,France,Bloomon BV,NAN,0.278,989.68,AIR FREIGHT,230.42,,0.0,,PENDING,4.0,False,False,False,3.0,4.0,True,False,,,,2022.0,9.0,3.0,2022.0,2022.0,9.0,,,989.68,230.42,759.26,76.71772694204188,3560.0,3560.0,0.0,No Quality Issue,High Rejection,Good
RB-002868,Rift Bloom - Turbo Farm,Freedom,70.0,PREMIUM,20.0,343.0,6860.0,2023-07-31,2023-07-31,2023-04-08,2023-08-05,Holland,Whole Foods Market,USD,0.421,2888.06,AIR FREIGHT,265.75,6.0,0.0,,PAID,5.0,False,False,False,-114.0,119.0,False,False,2023.0,7.0,3.0,2023.0,7.0,3.0,2023.0,2023.0,8.0,0.0,5.0,2888.06,265.75,2622.31,90.79832136451459,6860.0,6860.0,0.0,No Quality Issue,High Rejection,Excellent
RB-001711,Rift Bloom - Moiben Farm,Red Naomi,40.0,A,40.0,17.0,680.0,2023-02-27,2023-02-28,2023-04-03,2023-06-03,Japan,Local Wholesaler - Eldoret,USD,0.285,193.8,AIR FREIGHT,,2.4,0.0,,PAID,4.0,False,False,False,34.0,61.0,True,False,2023.0,2.0,1.0,2023.0,2.0,1.0,2023.0,2023.0,6.0,1.0,96.0,193.8,,,,680.0,680.0,0.0,No Quality Issue,High Rejection,Good
RB-000083,Rift Bloom - Ziwa Farm,Athena,50.0,PREMIUM,20.0,70.0,1400.0,2024-04-02,2024-04-02,2024-03-04,2024-07-04,U.S.A,FloraHolland Auction,USD,0.221,309.4,ROAD THEN AIR,89.59,,0.0,,PAID,4.0,False,False,False,-29.0,122.0,False,False,2024.0,4.0,2.0,2024.0,4.0,2.0,2024.0,2024.0,7.0,0.0,93.0,309.4,89.59,219.80999999999997,71.04395604395603,1400.0,1400.0,0.0,No Quality Issue,High Rejection,Good
RB-002561,Rift Bloom - Moiben Farm,Yellow Babe,60.0,A,40.0,42.0,1680.0,2025-10-12,2025-10-14,2025-10-17,2025-10-19,Russia,Dubai Flower Centre,EUR,0.562,944.16,AIR FREIGHT,993.75,,0.0,,NAN,3.0,False,False,False,3.0,2.0,True,False,2025.0,10.0,4.0,2025.0,10.0,4.0,2025.0,2025.0,10.0,2.0,7.0,944.16,993.75,-49.59000000000003,-5.252287747839353,1680.0,1680.0,0.0,No Quality Issue,High Rejection,Average
RB-001989,Rift Bloom - Timboroa Farm,Yellow Babe,50.0,C,10.0,124.0,1240.0,2024-04-22,2024-04-23,2024-04-24,2024-04-29,Norway,Whole Foods Market,USD,0.305,3782.0,AIR FREIGHT,377.92,0.5,0.0,,NAN,3.0,False,False,False,1.0,5.0,True,False,2024.0,4.0,2.0,2024.0,4.0,2.0,2024.0,2024.0,4.0,1.0,7.0,3782.0,377.92,3404.08,90.00740349021682,1240.0,1240.0,0.0,No Quality Issue,High Rejection,Average
RB-001384,Rift Bloom - Moiben Farm,Vendela,50.0,,20.0,288.0,5760.0,2025-04-14,2025-04-15,2025-04-17,2025-04-19,Australia,M-Farm Traders,NAN,0.371,2136.96,AIR FREIGHT,421.64,3.0,0.0,,OVERDUE,3.0,False,False,False,2.0,2.0,True,False,2025.0,4.0,2.0,2025.0,4.0,2.0,2025.0,2025.0,4.0,1.0,5.0,2136.96,421.64,1715.3200000000002,80.26916741539384,5760.0,5760.0,0.0,No Quality Issue,High Rejection,Average
RB-002081,Rift Bloom - Kesses Farm,Cool Water,60.0,A,25.0,47.0,1175.0,2024-11-18,2024-11-19,2024-11-20,2024-11-22,Switzerland,Marks & Spencer Flowers,EUR,0.212,249.1,AIR FREIGHT,378.6,3.8,0.0,,PAID,3.0,False,False,False,1.0,2.0,True,False,2024.0,11.0,4.0,2024.0,11.0,4.0,2024.0,2024.0,11.0,1.0,4.0,249.1,378.6,-129.50000000000003,-51.98715375351266,1175.0,1175.0,0.0,No Quality Issue,High Rejection,Average
RB-001175,Rift Bloom - Timboroa Farm,Sweetness,60.0,C,25.0,354.0,8850.0,2023-12-24,2023-12-24,2023-12-26,2023-12-27,Japan,Blume2000,NAN,0.272,2407.2,NAN,218.93,-0.8,0.0,-,PAID,3.0,False,False,True,2.0,1.0,True,True,2023.0,12.0,4.0,2023.0,12.0,4.0,2023.0,2023.0,12.0,0.0,3.0,2407.2,218.93,2188.27,90.90520106347626,8850.0,8850.0,0.0,Quality Issue,High Rejection,Average
RB-000414,Rift Bloom - Kapseret Farm,Tibet,50.0,PREMIUM,10.0,217.0,2170.0,2026-04-23,2026-04-25,2026-04-26,2026-05-02,Switzerland,Interflora Russia,EUR,0.27,585.9,AIR FREIGHT,,0.8,17.0,unknown,NAN,3.0,False,False,False,1.0,6.0,True,True,2026.0,4.0,2.0,2026.0,4.0,2.0,2026.0,2026.0,5.0,2.0,9.0,585.9,,,,2170.0,2170.0,0.783410138248848,Quality Issue,High Rejection,Average
RB-001818,Rift Bloom - Ziwa Farm,Explorer,50.0,STANDARD,10.0,58.0,580.0,2026-03-23,2026-03-24,2026-03-25,2026-03-27,United Kingdom,M-Farm Traders,USD,0.31,179.8,AIR FREIGHT,257.22,1.8,0.0,,UNKNOWN,5.0,False,False,False,1.0,2.0,True,False,2026.0,3.0,1.0,2026.0,3.0,1.0,2026.0,2026.0,3.0,1.0,4.0,179.8,257.22,-77.42000000000002,-43.05895439377087,580.0,580.0,0.0,No Quality Issue,High Rejection,Excellent
RB-002630,Rift Bloom - Turbo Farm,Vendela,40.0,B,20.0,27.0,540.0,2024-12-25,2024-12-27,2024-12-31,2025-01-06,Germany,Interflora Russia,KES,59.8,32292.0,NAN,76.83,3.5,0.0,,UNKNOWN,5.0,False,False,False,4.0,6.0,True,False,2024.0,12.0,4.0,2024.0,12.0,4.0,2024.0,2025.0,1.0,2.0,12.0,32292.0,76.83,32215.17,99.76207729468598,540.0,540.0,0.0,No Quality Issue,High Rejection,Excellent
RB-000615,Rift Bloom - Timboroa Farm,Avalanche,60.0,A,40.0,23.0,920.0,2023-10-30,2023-11-01,2023-11-03,,United Arab Emirates,Carrefour Flowers,KES,37.83,34803.6,AIR FREIGHT,29.75,4.1,0.0,,NAN,5.0,False,False,False,2.0,,False,False,2023.0,10.0,4.0,2023.0,11.0,4.0,2023.0,,,2.0,,34803.6,29.75,34773.85,99.91452033697664,920.0,920.0,0.0,No Quality Issue,High Rejection,Excellent
RB-002138,Rift Bloom - Ziwa Farm,Cool Water,70.0,PREMIUM,25.0,161.0,4025.0,2025-12-26,2025-12-28,2025-12-29,2026-02-01,Australia,Marks & Spencer Flowers,EUR,0.323,1300.08,ROAD THEN AIR,179.19,1.3,0.0,,NAN,4.0,False,False,False,1.0,34.0,True,False,2025.0,12.0,4.0,2025.0,12.0,4.0,2025.0,2026.0,2.0,2.0,37.0,1300.08,179.19,1120.8899999999999,86.21700203064427,4025.0,4025.0,0.0,No Quality Issue,High Rejection,Good
RB-002800,Rift Bloom - Moiben Farm,Avalanche,50.0,B,20.0,113.0,2260.0,2022-07-12,2022-07-12,2022-09-12,2022-12-14,Russia,Bloomon BV,EUR,0.268,605.68,ROAD THEN AIR,721.19,20.3,0.0,,OVERDUE,5.0,False,False,False,62.0,93.0,True,False,2022.0,7.0,3.0,2022.0,7.0,3.0,2022.0,2022.0,12.0,0.0,155.0,605.68,721.19,-115.5100000000001,-19.07112666754724,2260.0,2260.0,0.0,No Quality Issue,High Rejection,Excellent
RB-001238,Rift Bloom - Timboroa Farm,RedNaomi,50.0,,20.0,40.0,800.0,2025-10-18,2025-10-19,2025-10-22,2025-10-27,Switzerland,Dubai Flower Centre,KES,66.43,53144.0,NAN,670.65,2.5,0.0,,PENDING,3.0,False,False,False,3.0,5.0,True,False,2025.0,10.0,4.0,2025.0,10.0,4.0,2025.0,2025.0,10.0,1.0,9.0,53144.0,670.65,52473.35,98.73805133222942,800.0,800.0,0.0,No Quality Issue,High Rejection,Average
RB-002182,Rift Bloom - Ziwa Farm,Tibet,60.0,B,10.0,39.0,390.0,2023-08-31,2023-09-02,2023-09-05,2023-09-09,United Kingdom,M-Farm Traders,EUR,0.162,63.18,AIR FREIGHT,365.21,1.0,0.0,,PENDING,4.0,False,False,False,3.0,4.0,True,False,2023.0,8.0,3.0,2023.0,9.0,3.0,2023.0,2023.0,9.0,2.0,9.0,63.18,365.21,-302.03,-478.0468502690725,390.0,390.0,0.0,No Quality Issue,High Rejection,Good
RB-000556,Rift Bloom - Timboroa Farm,Vendela,40.0,B,10.0,156.0,1560.0,2026-05-21,2026-05-22,2026-05-25,2026-05-26,Japan,Dubai Flower Centre,EUR,0.629,981.24,AIR FREIGHT,298.15,1.7,0.0,,PENDING,4.0,False,False,False,3.0,1.0,True,False,2026.0,5.0,2.0,2026.0,5.0,2.0,2026.0,2026.0,5.0,1.0,5.0,981.24,298.15,683.09,69.61497696791815,1560.0,1560.0,0.0,No Quality Issue,High Rejection,Good
RB-002369,Rift Bloom - Moiben Farm,Peach Avalanche,70.0,PREMIUM,10.0,79.0,790.0,2022-02-14,2022-02-16,2022-02-17,2022-02-22,United Arab Emirates,Dubai Flower Centre,NAN,0.296,2338.4,UNKNOWN,,6.5,0.0,,PAID,4.0,False,False,False,1.0,5.0,True,False,2022.0,2.0,1.0,2022.0,2.0,1.0,2022.0,2022.0,2.0,2.0,8.0,2338.4,,,,790.0,790.0,0.0,No Quality Issue,High Rejection,Good
RB-002861,Rift Bloom - Timboroa Farm,RedNaomi,80.0,B,25.0,-125.0,-3125.0,2022-07-24,2022-07-24,2022-07-28,2022-07-29,France,Carrefour Flowers,NAN,0.191,-596.88,AIR FREIGHT,128.51,,0.0,,NAN,5.0,False,False,False,4.0,1.0,True,False,2022.0,7.0,3.0,2022.0,7.0,3.0,2022.0,2022.0,7.0,0.0,5.0,-596.88,128.51,-725.39,,-3125.0,-3125.0,0.0,No Quality Issue,High Rejection,Excellent
RB-002838,Rift Bloom - Moiben Farm,Explorer,90.0,PREMIUM,10.0,125.0,1250.0,2023-10-05,2023-05-12,2023-05-13,2023-05-18,Poland,Whole Foods Market,USD,0.365,456.25,AIR FREIGHT,85.51,4.0,0.0,,PAID,4.0,False,False,False,1.0,5.0,True,False,2023.0,10.0,4.0,2023.0,5.0,2.0,2023.0,2023.0,5.0,-146.0,-140.0,456.25,85.51,370.74,81.25808219178083,1250.0,1250.0,0.0,No Quality Issue,High Rejection,Good
RB-000635,Rift Bloom - Kesses Farm,Sweetness,50.0,PREMIUM,25.0,178.0,4450.0,2024-02-01,2024-02-01,2024-02-03,2024-05-02,Switzerland,Bloomon BV,USD,0.404,1797.8,ROAD THEN AIR,8.33,1.2,19.0,Undersized Stems,PENDING,4.0,False,False,False,2.0,89.0,True,False,2024.0,2.0,1.0,2024.0,2.0,1.0,2024.0,2024.0,5.0,0.0,91.0,1797.8,8.33,1789.47,99.5366559127823,4450.0,4450.0,0.4269662921348315,Quality Issue,High Rejection,Good
RB-002601,Rift Bloom - Moiben Farm,Pink Floyd,50.0,A,25.0,69.0,1725.0,2023-03-19,2023-03-20,2023-03-21,2023-03-24,Switzerland,Bloomon BV,EUR,0.392,676.2,NAN,75.12,4.1,0.0,,OVERDUE,4.0,False,False,False,1.0,3.0,True,False,2023.0,3.0,1.0,2023.0,3.0,1.0,2023.0,2023.0,3.0,1.0,5.0,676.2,75.12,601.08,88.89086069210292,1725.0,1725.0,0.0,No Quality Issue,High Rejection,Good
RB-001056,Rift Bloom - Timboroa Farm,Tibet,80.0,A,25.0,26.0,650.0,2022-07-29,2022-07-30,2022-07-31,2022-01-08,United Arab Emirates,Whole Foods Market,USD,0.161,104.65,AIR FREIGHT,493.07,,0.0,,OVERDUE,5.0,False,False,False,1.0,-204.0,False,False,2022.0,7.0,3.0,2022.0,7.0,3.0,2022.0,2022.0,1.0,1.0,-202.0,104.65,493.07,-388.41999999999996,-371.1610129001433,650.0,650.0,0.0,No Quality Issue,High Rejection,Excellent
RB-000797,Rift Bloom - Timboroa Farm,Circus,50.0,,40.0,77.0,3080.0,2023-12-24,2023-12-26,2023-12-27,2023-12-28,Russia,M-Farm Traders,UNKNOWN,0.393,1210.44,NAN,185.81,1.8,0.0,,PAID,5.0,False,False,False,1.0,1.0,True,False,2023.0,12.0,4.0,2023.0,12.0,4.0,2023.0,2023.0,12.0,2.0,4.0,1210.44,185.81,1024.63,84.64938369518524,3080.0,3080.0,0.0,No Quality Issue,High Rejection,Excellent
RB-000175,Rift Bloom - Moiben Farm,Mondial,50.0,A,20.0,72.0,1440.0,2022-04-20,2022-04-21,2022-04-25,2022-04-27,United Kingdom,Tokyo Flower Market,KES,26.78,38563.2,ROAD THEN AIR,76.79,4.8,0.0,,PAID,4.0,False,False,False,4.0,2.0,True,False,2022.0,4.0,2.0,2022.0,4.0,2.0,2022.0,2022.0,4.0,1.0,7.0,38563.2,76.79,38486.409999999996,99.80087233424612,1440.0,1440.0,0.0,No Quality Issue,High Rejection,Good
RB-000246,Rift Bloom - Timboroa Farm,Vendela,50.0,C,20.0,61.0,1220.0,2023-09-24,2023-09-25,2023-09-26,2023-09-29,United States,Interflora Russia,EUR,0.259,315.98,AIR FREIGHT,213.15,0.7,0.0,,PAID,4.0,False,False,False,1.0,3.0,True,False,2023.0,9.0,3.0,2023.0,9.0,3.0,2023.0,2023.0,9.0,1.0,5.0,315.98,213.15,102.83000000000001,32.54319893664156,1220.0,1220.0,0.0,No Quality Issue,High Rejection,Good
RB-001081,Rift Bloom - Moiben Farm,Athena,60.0,PREMIUM,25.0,218.0,5450.0,2025-10-14,2025-10-16,2025-10-18,2025-10-21,Japan,Interflora Russia,KES,46.93,255768.5,AIR FREIGHT,,3.9,14.0,Stem Bent,PAID,5.0,False,False,False,2.0,3.0,True,False,2025.0,10.0,4.0,2025.0,10.0,4.0,2025.0,2025.0,10.0,2.0,7.0,255768.5,,,,5450.0,5450.0,0.25688073394495414,Quality Issue,High Rejection,Excellent
RB-001655,Rift Bloom - Timboroa Farm,Red Naomi,80.0,B,40.0,39.0,1560.0,2025-05-02,2025-04-05,2025-05-08,2025-05-13,Switzerland,FloraHolland Auction,EUR,0.279,435.24,ROAD THEN AIR,81.1,1.5,0.0,,PAID,4.0,False,False,False,33.0,5.0,True,False,2025.0,5.0,2.0,2025.0,4.0,2.0,2025.0,2025.0,5.0,-27.0,11.0,435.24,81.1,354.14,81.36660233434426,1560.0,1560.0,0.0,No Quality Issue,High Rejection,Good
RB-000469,Rift Bloom - Turbo Farm,Yellow Babe,70.0,B,10.0,150.0,1500.0,2024-05-19,2024-05-19,2024-05-21,2024-05-25,Russia,Local Wholesaler - Eldoret,USD,0.186,279.0,AIR FREIGHT,490.26,1.4,0.0,,OVERDUE,4.0,True,False,False,2.0,4.0,True,False,2024.0,5.0,2.0,2024.0,5.0,2.0,2024.0,2024.0,5.0,0.0,6.0,279.0,490.26,-211.26,-75.72043010752688,1500.0,1500.0,0.0,No Quality Issue,High Rejection,Good
RB-000145,Rift Bloom - Ziwa Farm,Sweetness,80.0,C,20.0,102.0,2040.0,2023-06-19,2023-06-19,2023-06-21,2023-06-22,France,Whole Foods Market,USD,0.204,416.16,AIR FREIGHT,262.52,3.7,0.0,,PENDING,3.0,False,False,False,2.0,1.0,True,False,2023.0,6.0,2.0,2023.0,6.0,2.0,2023.0,2023.0,6.0,0.0,3.0,416.16,262.52,153.64000000000004,36.91849288735103,2040.0,2040.0,0.0,No Quality Issue,High Rejection,Average
RB-000091,Rift Bloom - Timboroa Farm,RedNaomi,60.0,UNKNOWN,25.0,201.0,5025.0,2022-06-11,2022-06-13,2022-06-15,2022-06-18,Switzerland,Tokyo Flower Market,EUR,0.333,1673.33,AIR FREIGHT,208.79,3.4,0.0,,PAID,3.0,False,False,False,2.0,3.0,True,False,2022.0,6.0,2.0,2022.0,6.0,2.0,2022.0,2022.0,6.0,2.0,7.0,1673.33,208.79,1464.54,87.522485104552,5025.0,5025.0,0.0,No Quality Issue,High Rejection,Average
RB-000683,Rift Bloom - Turbo Farm,Tibet,50.0,,25.0,280.0,7000.0,2022-01-18,2022-01-18,2022-01-21,2022-01-24,Poland,Tokyo Flower Market,KES,32.89,230230.0,UNKNOWN,225.14,4.9,0.0,,PENDING,4.0,False,False,False,3.0,3.0,True,False,2022.0,1.0,1.0,2022.0,1.0,1.0,2022.0,2022.0,1.0,0.0,6.0,230230.0,225.14,230004.86,99.90221083264561,7000.0,7000.0,0.0,No Quality Issue,High Rejection,Good
RB-002697,Rift Bloom - Ziwa Farm,Yellow Babe,80.0,PREMIUM,25.0,178.0,4450.0,2026-07-20,2026-07-20,2026-07-23,2026-07-29,US,Dubai Flower Centre,USD,0.511,2273.95,AIR FREIGHT,190.13,2.6,0.0,,PENDING,2.0,False,False,False,3.0,6.0,True,False,2026.0,7.0,3.0,2026.0,7.0,3.0,2026.0,2026.0,7.0,0.0,9.0,2273.95,190.13,2083.8199999999997,91.63877833725455,4450.0,4450.0,0.0,No Quality Issue,High Rejection,Poor
RB-001957,Rift Bloom - Moiben Farm,Red Naomi,70.0,A,20.0,220.0,4400.0,2023-10-12,2023-10-13,2023-10-16,2023-10-17,Netherlands,Interflora Russia,USD,0.357,1570.8,AIR FREIGHT,361.14,3.6,0.0,,PENDING,4.0,False,False,False,3.0,1.0,True,False,2023.0,10.0,4.0,2023.0,10.0,4.0,2023.0,2023.0,10.0,1.0,5.0,1570.8,361.14,1209.6599999999999,77.00916730328494,4400.0,4400.0,0.0,No Quality Issue,High Rejection,Good
RB-000925,Rift Bloom - Timboroa Farm,Peach Avalanche,60.0,STANDARD,20.0,61.0,1220.0,2024-10-03,2024-03-12,2024-03-16,2024-03-18,Poland,Aalsmeer Direct,NAN,0.171,208.62,AIR FREIGHT,216.71,1.8,0.0,,PAID,4.0,False,False,False,4.0,2.0,True,False,2024.0,10.0,4.0,2024.0,3.0,1.0,2024.0,2024.0,3.0,-205.0,-199.0,208.62,216.71,-8.090000000000003,-3.877864059054742,1220.0,1220.0,0.0,No Quality Issue,High Rejection,Good
RB-002797,Rift Bloom - Timboroa Farm,Yellow Babe,60.0,A,10.0,122.0,1220.0,2024-09-11,2024-11-09,2024-11-11,2024-11-16,Switzerland,M-Farm Traders,EUR,0.387,472.14,ROAD THEN AIR,108.64,3.5,0.0,,PAID,4.0,False,False,False,2.0,5.0,True,False,2024.0,9.0,3.0,2024.0,11.0,4.0,2024.0,2024.0,11.0,59.0,66.0,472.14,108.64,363.5,76.98987588427161,1220.0,1220.0,0.0,No Quality Issue,High Rejection,Good
RB-001910,Rift Bloom - Kesses Farm,Avalanche,60.0,B,20.0,153.0,3060.0,2022-09-27,2022-09-27,2022-09-30,2022-10-01,USA,Carrefour Flowers,USD,0.137,419.22,AIR FREIGHT,17.72,0.3,0.0,,NAN,5.0,False,False,False,3.0,1.0,True,False,2022.0,9.0,3.0,2022.0,9.0,3.0,2022.0,2022.0,10.0,0.0,4.0,419.22,17.72,401.5,95.77310242831926,3060.0,3060.0,0.0,No Quality Issue,High Rejection,Excellent
RB-001036,Rift Bloom - Kesses Farm,Red Naomi,90.0,A,40.0,156.0,6240.0,2023-04-25,2023-04-25,2023-04-28,2023-03-05,Australia,Aalsmeer Direct,USD,0.196,1223.04,NAN,178.42,2.5,0.0,,PENDING,4.0,False,False,False,3.0,-54.0,False,False,2023.0,4.0,2.0,2023.0,4.0,2.0,2023.0,2023.0,3.0,0.0,-51.0,1223.04,178.42,1044.62,85.41176085818942,6240.0,6240.0,0.0,No Quality Issue,High Rejection,Good
RB-001401,Rift Bloom - Kesses Farm,Explorer,60.0,B,20.0,217.0,4340.0,2024-07-11,2024-09-11,2024-11-13,2024-11-18,Netherlands,Whole Foods Market,EUR,0.525,2278.5,AIR FREIGHT,486.74,-0.7,0.0,,PAID,5.0,False,False,True,63.0,5.0,True,False,2024.0,7.0,3.0,2024.0,9.0,3.0,2024.0,2024.0,11.0,62.0,130.0,2278.5,486.74,1791.76,78.63770024138688,4340.0,4340.0,0.0,No Quality Issue,High Rejection,Excellent
RB-002292,Rift Bloom - Moiben Farm,Tibet,40.0,C,10.0,47.0,470.0,2025-02-01,2025-02-02,2025-04-02,2025-07-02,Australia,Dubai Flower Centre,EUR,0.513,241.11,AIR FREIGHT,408.37,4.2,0.0,,PAID,5.0,False,False,False,59.0,91.0,True,False,2025.0,2.0,1.0,2025.0,2.0,1.0,2025.0,2025.0,7.0,1.0,151.0,241.11,408.37,-167.26,-69.37082659367093,470.0,470.0,0.0,No Quality Issue,High Rejection,Excellent
RB-001501,Rift Bloom - Timboroa Farm,Red Naomi,60.0,PREMIUM,20.0,163.0,3260.0,2023-05-31,2023-01-06,2023-03-06,2023-05-06,NL,Dubai Flower Centre,EUR,0.414,1349.64,AIR FREIGHT,214.75,2.0,0.0,,OVERDUE,3.0,False,False,False,59.0,61.0,True,False,2023.0,5.0,2.0,2023.0,1.0,1.0,2023.0,2023.0,5.0,-145.0,-25.0,1349.64,214.75,1134.89,84.08834948578881,3260.0,3260.0,0.0,No Quality Issue,High Rejection,Average
RB-002263,Rift Bloom - Kesses Farm,Cool Water,60.0,A,40.0,263.0,10520.0,2024-05-22,2024-05-22,2024-05-24,2024-05-29,Australia,Interflora Russia,USD,0.343,3608.36,AIR FREIGHT,497.82,2.6,0.0,,PAID,4.0,False,False,False,2.0,5.0,True,False,2024.0,5.0,2.0,2024.0,5.0,2.0,2024.0,2024.0,5.0,0.0,7.0,3608.36,497.82,3110.54,86.2037047301267,10520.0,10520.0,0.0,No Quality Issue,High Rejection,Good
RB-001469,Rift Bloom - Kesses Farm,Circus,90.0,,10.0,94.0,940.0,2022-09-22,2022-09-22,2022-09-24,2022-09-27,Poland,Carrefour Flowers,NAN,0.366,344.04,AIR FREIGHT,201.95,2.7,0.0,,PAID,5.0,False,False,False,2.0,3.0,True,False,2022.0,9.0,3.0,2022.0,9.0,3.0,2022.0,2022.0,9.0,0.0,5.0,344.04,201.95,142.09000000000003,41.30043018253692,940.0,940.0,0.0,No Quality Issue,High Rejection,Excellent
RB-000854,Rift Bloom - Kapseret Farm,Vendela,50.0,A,40.0,153.0,6120.0,2023-06-18,2023-06-19,,2023-06-28,Poland,Dubai Flower Centre,USD,0.197,1205.64,ROAD THEN AIR,279.23,2.5,0.0,,PAID,4.0,False,False,False,,,False,False,2023.0,6.0,2.0,2023.0,6.0,2.0,,2023.0,6.0,1.0,10.0,1205.64,279.23,926.4100000000001,76.8396868053482,6120.0,6120.0,0.0,No Quality Issue,High Rejection,Good
RB-002205,Rift Bloom - Kesses Farm,Peach Avalanche,40.0,PREMIUM,25.0,77.0,1925.0,2025-09-06,,2025-09-10,2025-09-14,Japan,Interflora Russia,NAN,0.356,685.3,AIR FREIGHT,309.86,2.2,0.0,,NAN,4.0,False,False,False,,4.0,False,False,2025.0,9.0,3.0,,,,2025.0,2025.0,9.0,,8.0,685.3,309.86,375.43999999999994,54.78476579600174,1925.0,1925.0,0.0,No Quality Issue,High Rejection,Good
RB-001143,Rift Bloom - Kesses Farm,Tibet,50.0,C,40.0,71.0,2840.0,2023-10-27,2023-10-27,2023-10-30,2023-04-11,Japan,M-Farm Traders,USD,0.402,1141.68,AIR FREIGHT,237.74,,0.0,,PAID,4.0,False,False,False,3.0,-202.0,False,False,2023.0,10.0,4.0,2023.0,10.0,4.0,2023.0,2023.0,4.0,0.0,-199.0,1141.68,237.74,903.94,79.17630159063836,2840.0,2840.0,0.0,No Quality Issue,High Rejection,Good
RB-001144,Rift Bloom - Turbo Farm,Avalanche+,70.0,PREMIUM,40.0,19.0,760.0,2025-06-02,2025-03-06,2025-05-06,2025-08-06,Russia,Dubai Flower Centre,NAN,0.331,251.56,AIR FREIGHT,279.16,2.1,0.0,,PENDING,5.0,False,False,False,61.0,92.0,True,False,2025.0,6.0,2.0,2025.0,3.0,1.0,2025.0,2025.0,8.0,-88.0,65.0,251.56,279.16,-27.600000000000023,-10.971537605342672,760.0,760.0,0.0,No Quality Issue,High Rejection,Excellent
RB-002275,Rift Bloom - Ziwa Farm,Freedom,50.0,STANDARD,10.0,166.0,1660.0,2026-06-02,2026-02-06,2026-02-10,2026-12-02,Japan,Dubai Flower Centre,NAN,0.393,652.38,AIR FREIGHT,384.76,1.6,0.0,,NAN,5.0,False,False,False,4.0,295.0,True,False,2026.0,6.0,2.0,2026.0,2.0,1.0,2026.0,2026.0,12.0,-116.0,183.0,652.38,384.76,267.62,41.02210368190319,1660.0,1660.0,0.0,No Quality Issue,High Rejection,Excellent
RB-002049,Rift Bloom - Kesses Farm,High & Magic,60.0,A,20.0,71.0,1420.0,2023-11-10,2023-11-10,2023-11-11,2023-11-16,Germany,Carrefour Flowers,EUR,0.369,523.98,AIR FREIGHT,,4.0,0.0,,OVERDUE,3.0,False,False,False,1.0,5.0,True,False,2023.0,11.0,4.0,2023.0,11.0,4.0,2023.0,2023.0,11.0,0.0,6.0,523.98,,,,1420.0,1420.0,0.0,No Quality Issue,High Rejection,Average
RB-000402,Rift Bloom - Timboroa Farm,Freedom,50.0,,20.0,166.0,3320.0,2024-06-09,2024-10-06,2024-11-06,2024-06-16,Poland,Blume2000,KES,42.38,140701.6,AIR FREIGHT,677.5,1.0,0.0,,OVERDUE,2.0,False,False,False,31.0,-143.0,False,False,2024.0,6.0,2.0,2024.0,10.0,4.0,2024.0,2024.0,6.0,119.0,7.0,140701.6,677.5,140024.1,99.51848450906031,3320.0,3320.0,0.0,No Quality Issue,High Rejection,Poor
RB-000085,Rift Bloom - Moiben Farm,Cool Water,90.0,B,25.0,154.0,3850.0,2024-03-21,2024-03-22,2024-03-23,2024-03-25,United Kingdom,Blume2000,KES,60.45,232732.5,NAN,190.55,3.1,0.0,,PENDING,4.0,False,False,False,1.0,2.0,True,False,2024.0,3.0,1.0,2024.0,3.0,1.0,2024.0,2024.0,3.0,1.0,4.0,232732.5,190.55,232541.95,99.91812488586682,3850.0,3850.0,0.0,No Quality Issue,High Rejection,Good
RB-002939,Rift Bloom - Moiben Farm,Mondial,50.0,B,40.0,191.0,7640.0,2024-11-10,2024-10-13,,2024-10-15,United States,M-Farm Traders,USD,0.36,2750.4,AIR FREIGHT,714.78,2.3,0.0,,PAID,4.0,False,False,False,,,False,False,2024.0,11.0,4.0,2024.0,10.0,4.0,,2024.0,10.0,-28.0,-26.0,2750.4,714.78,2035.6200000000001,74.01178010471205,7640.0,7640.0,0.0,No Quality Issue,High Rejection,Good
RB-000115,Rift Bloom - Timboroa Farm,Explorer,80.0,,20.0,127.0,2540.0,2024-10-08,2024-12-08,2024-08-13,2024-08-16,Japan,Bloomon BV,USD,0.526,1336.04,AIR FREIGHT,59.29,3.2,20.0,Stem Bent,OVERDUE,5.0,False,False,False,-117.0,3.0,False,False,2024.0,10.0,4.0,2024.0,12.0,4.0,2024.0,2024.0,8.0,61.0,-53.0,1336.04,59.29,1276.75,95.56225861501153,2540.0,2540.0,0.7874015748031495,Quality Issue,High Rejection,Excellent
RB-002662,Rift Bloom - Kesses Farm,Peach Avalanche,40.0,A,20.0,109.0,2180.0,2022-05-27,2022-05-28,2022-05-30,2022-05-31,UAE,Local Wholesaler - Eldoret,EUR,0.378,824.04,AIR FREIGHT,389.93,2.7,0.0,,NAN,3.0,False,False,False,2.0,1.0,True,False,2022.0,5.0,2.0,2022.0,5.0,2.0,2022.0,2022.0,5.0,1.0,4.0,824.04,389.93,434.10999999999996,52.680695111887765,2180.0,2180.0,0.0,No Quality Issue,High Rejection,Average
RB-001502,Rift Bloom - Ziwa Farm,Avalanche,60.0,C,10.0,36.0,360.0,2026-01-26,2026-01-27,2026-01-30,2026-05-02,Poland,Blume2000,EUR,0.266,95.76,AIR FREIGHT,233.48,2.8,0.0,,PENDING,5.0,False,False,False,3.0,92.0,True,False,2026.0,1.0,1.0,2026.0,1.0,1.0,2026.0,2026.0,5.0,1.0,96.0,95.76,233.48,-137.71999999999997,-143.81787802840432,360.0,360.0,0.0,No Quality Issue,High Rejection,Excellent
RB-001557,Rift Bloom - Kesses Farm,Cool Water,70.0,C,20.0,137.0,2740.0,2022-07-04,2022-09-04,,2022-04-13,Norway,Tokyo Flower Market,USD,0.177,484.98,AIR FREIGHT,534.29,0.8,0.0,,NAN,4.0,False,False,False,,,False,False,2022.0,7.0,3.0,2022.0,9.0,3.0,,2022.0,4.0,62.0,-82.0,484.98,534.29,-49.309999999999945,-10.167429584725133,2740.0,2740.0,0.0,No Quality Issue,High Rejection,Good
RB-002008,Rift Bloom - Moiben Farm,Pink Floyd,90.0,PREMIUM,10.0,113.0,1130.0,2024-02-03,2024-03-04,2024-03-05,2024-11-03,Australia,Marks & Spencer Flowers,EUR,0.557,629.41,NAN,44.16,1.2,0.0,,PAID,5.0,False,False,False,1.0,243.0,True,False,2024.0,2.0,1.0,2024.0,3.0,1.0,2024.0,2024.0,11.0,30.0,274.0,629.41,44.16,585.25,92.98390556235205,1130.0,1130.0,0.0,No Quality Issue,High Rejection,Excellent
RB-001886,Rift Bloom - Turbo Farm,Athena,60.0,A,25.0,69.0,1725.0,2023-09-14,2023-09-14,2023-09-16,2023-09-18,Japan,Tokyo Flower Market,USD,0.409,705.52,AIR FREIGHT,396.43,2.9,0.0,,PAID,5.0,False,False,False,2.0,2.0,True,False,2023.0,9.0,3.0,2023.0,9.0,3.0,2023.0,2023.0,9.0,0.0,4.0,705.52,396.43,309.09,43.81023925615149,1725.0,1725.0,0.0,No Quality Issue,High Rejection,Excellent
RB-001867,Rift Bloom - Timboroa Farm,Mondial,60.0,STANDARD,20.0,143.0,2860.0,2024-08-08,2024-08-08,2024-08-11,2024-08-12,Switzerland,Blume2000,USD,0.403,1152.58,AIR FREIGHT,323.39,3.7,0.0,,OVERDUE,4.0,False,False,False,3.0,1.0,True,False,2024.0,8.0,3.0,2024.0,8.0,3.0,2024.0,2024.0,8.0,0.0,4.0,1152.58,323.39,829.1899999999999,71.94207777334329,2860.0,2860.0,0.0,No Quality Issue,High Rejection,Good
RB-000953,Rift Bloom - Turbo Farm,Pink Floyd,90.0,B,20.0,230.0,4600.0,2023-01-29,2023-01-31,2023-01-02,2023-06-02,Norway,Interflora Russia,EUR,0.393,1807.8,AIR FREIGHT,257.11,-0.3,0.0,,OVERDUE,4.0,False,False,True,-29.0,151.0,False,False,2023.0,1.0,1.0,2023.0,1.0,1.0,2023.0,2023.0,6.0,2.0,124.0,1807.8,257.11,1550.69,85.7777409005421,4600.0,4600.0,0.0,No Quality Issue,High Rejection,Good
RB-002307,Rift Bloom - Kapseret Farm,Yellow Babe,70.0,A,40.0,237.0,9480.0,2024-01-18,2024-01-20,2024-01-21,2024-01-26,Russia,Bloomon BV,EUR,0.331,3137.88,AIR FREIGHT,141.27,1.4,0.0,,PENDING,5.0,False,False,False,1.0,5.0,True,False,2024.0,1.0,1.0,2024.0,1.0,1.0,2024.0,2024.0,1.0,2.0,8.0,3137.88,141.27,2996.61,95.49791579027878,9480.0,9480.0,0.0,No Quality Issue,High Rejection,Excellent
RB-000625,Rift Bloom - Kapseret Farm,High & Magic,40.0,A,40.0,169.0,6760.0,2025-01-06,2025-06-01,2025-01-10,2025-01-12,United Arab Emirates,Interflora Russia,EUR,0.091,615.16,AIR FREIGHT,247.44,,0.0,,PENDING,4.0,False,False,False,-142.0,2.0,False,False,2025.0,1.0,1.0,2025.0,6.0,2.0,2025.0,2025.0,1.0,146.0,6.0,615.16,247.44,367.71999999999997,59.77631835620001,6760.0,6760.0,0.0,No Quality Issue,High Rejection,Good
RB-002184,Rift Bloom - Kesses Farm,Freedom,70.0,B,10.0,17.0,170.0,2023-09-13,2023-09-15,2023-09-18,2023-09-22,United Arab Emirates,Tokyo Flower Market,EUR,0.299,50.83,AIR FREIGHT,346.79,1.4,0.0,,NAN,5.0,False,False,False,3.0,4.0,True,False,2023.0,9.0,3.0,2023.0,9.0,3.0,2023.0,2023.0,9.0,2.0,9.0,50.83,346.79,-295.96000000000004,-582.254574070431,170.0,170.0,0.0,No Quality Issue,High Rejection,Excellent
RB-002641,Rift Bloom - Kapseret Farm,Mondial,50.0,B,20.0,89.0,1780.0,2022-01-18,2022-01-20,2022-01-21,2022-01-24,Russia,Tokyo Flower Market,USD,0.316,562.48,NAN,217.46,1.2,18.0,Bud Blast,NAN,4.0,False,False,False,1.0,3.0,True,False,2022.0,1.0,1.0,2022.0,1.0,1.0,2022.0,2022.0,1.0,2.0,6.0,562.48,217.46,345.02,61.339069833594074,1780.0,1780.0,1.0112359550561798,Quality Issue,High Rejection,Good
RB-001315,Rift Bloom - Kesses Farm,Pink Floyd,40.0,A,20.0,151.0,3020.0,2026-02-12,2026-02-14,2026-02-17,,Norway,Bloomon BV,EUR,0.177,534.54,AIR FREIGHT,226.4,0.6,0.0,,PAID,4.0,False,False,False,3.0,,False,False,2026.0,2.0,1.0,2026.0,2.0,1.0,2026.0,,,2.0,,534.54,226.4,308.14,57.64582631795563,3020.0,3020.0,0.0,No Quality Issue,High Rejection,Good
RB-001526,Rift Bloom - Timboroa Farm,Yellow Babe,70.0,B,10.0,59.0,590.0,2025-11-18,2025-11-20,2025-11-24,2025-11-28,Russia,Bloomon BV,USD,0.448,264.32,AIR FREIGHT,200.2,2.6,0.0,,PAID,5.0,False,False,False,4.0,4.0,True,False,2025.0,11.0,4.0,2025.0,11.0,4.0,2025.0,2025.0,11.0,2.0,10.0,264.32,200.2,64.12,24.258474576271187,590.0,590.0,0.0,No Quality Issue,High Rejection,Excellent
RB-001563,Rift Bloom - Timboroa Farm,Circus,60.0,A,40.0,83.0,3320.0,2023-02-27,2023-02-27,2023-03-03,2023-03-09,France,Blume2000,EUR,0.311,1032.52,AIR FREIGHT,621.9,1.7,0.0,,PAID,5.0,False,False,False,4.0,6.0,True,False,2023.0,2.0,1.0,2023.0,2.0,1.0,2023.0,2023.0,3.0,0.0,10.0,1032.52,621.9,410.62,39.7687211869988,3320.0,3320.0,0.0,No Quality Issue,High Rejection,Excellent
RB-001753,Rift Bloom - Timboroa Farm,Peach Avalanche,60.0,B,20.0,62.0,1240.0,2023-11-03,2023-03-12,2023-03-13,,Poland,Blume2000,EUR,0.308,381.92,AIR FREIGHT,,4.1,0.0,Botrytis,OVERDUE,3.0,False,False,False,1.0,,False,False,2023.0,11.0,4.0,2023.0,3.0,1.0,2023.0,,,-236.0,,381.92,,,,1240.0,1240.0,0.0,Quality Issue,High Rejection,Average
RB-002413,Rift Bloom - Ziwa Farm,Pink Floyd,50.0,A,20.0,234.0,4680.0,2026-03-24,2026-03-25,2026-03-28,2026-03-30,Netherlands,Blume2000,UNKNOWN,0.427,1998.36,AIR FREIGHT,513.55,3.9,0.0,,PAID,4.0,False,False,False,3.0,2.0,True,False,2026.0,3.0,1.0,2026.0,3.0,1.0,2026.0,2026.0,3.0,1.0,6.0,1998.36,513.55,1484.81,74.30142717027964,4680.0,4680.0,0.0,No Quality Issue,High Rejection,Good
RB-002063,Rift Bloom - Timboroa Farm,Vendela,70.0,C,25.0,65.0,1625.0,2024-03-01,2024-03-03,,,USA,Blume2000,KES,37.31,60628.75,ROAD THEN AIR,217.71,1.5,12.0,,NAN,5.0,False,False,False,,,False,False,2024.0,3.0,1.0,2024.0,3.0,1.0,,,,2.0,,60628.75,217.71,60411.04,99.64091293322063,1625.0,1625.0,0.7384615384615384,No Quality Issue,High Rejection,Excellent
RB-001111,Rift Bloom - Timboroa Farm,Red Naomi,50.0,C,40.0,75.0,3000.0,2026-05-21,2026-05-23,2026-05-26,2026-05-27,Japan,FloraHolland Auction,EUR,0.154,462.0,AIR FREIGHT,178.75,3.2,18.0,,PAID,5.0,False,False,False,3.0,1.0,True,False,2026.0,5.0,2.0,2026.0,5.0,2.0,2026.0,2026.0,5.0,2.0,6.0,462.0,178.75,283.25,61.30952380952381,3000.0,3000.0,0.6,No Quality Issue,High Rejection,Excellent
RB-001360,Rift Bloom - Moiben Farm,Tibet,80.0,A,25.0,128.0,3200.0,2023-11-02,2023-04-11,2023-11-06,2023-11-11,USA,Carrefour Flowers,EUR,0.377,1206.4,ROAD THEN AIR,571.98,-1.7,0.0,,NAN,5.0,False,False,True,209.0,5.0,True,False,2023.0,11.0,4.0,2023.0,4.0,2.0,2023.0,2023.0,11.0,-205.0,9.0,1206.4,571.98,634.4200000000001,52.58786472148541,3200.0,3200.0,0.0,No Quality Issue,High Rejection,Excellent
RB-000710,Rift Bloom - Kesses Farm,Red Naomi,70.0,PREMIUM,25.0,317.0,7925.0,2025-08-09,2025-08-11,2025-08-15,2025-08-16,Germany,FloraHolland Auction,USD,0.384,3043.2,AIR FREIGHT,967.79,0.4,0.0,,OVERDUE,5.0,False,False,False,4.0,1.0,True,False,2025.0,8.0,3.0,2025.0,8.0,3.0,2025.0,2025.0,8.0,2.0,7.0,3043.2,967.79,2075.41,68.19827812828602,7925.0,7925.0,0.0,No Quality Issue,High Rejection,Excellent
RB-001879,Rift Bloom - Ziwa Farm,Pink Floyd,50.0,PREMIUM,40.0,79.0,3160.0,,2024-06-24,2024-06-27,2024-02-07,usa,Blume2000,EUR,0.345,1090.2,AIR FREIGHT,297.4,-0.3,0.0,,PENDING,5.0,False,False,True,3.0,-141.0,False,False,,,,2024.0,6.0,2.0,2024.0,2024.0,2.0,,,1090.2,297.4,792.8000000000001,72.72060172445424,3160.0,3160.0,0.0,No Quality Issue,High Rejection,Excellent
RB-001379,Rift Bloom - Kapseret Farm,Pink Floyd,60.0,B,10.0,118.0,1180.0,2024-05-12,2024-05-14,2024-05-17,2024-05-21,Poland,Marks & Spencer Flowers,EUR,0.364,429.52,NAN,174.09,,0.0,,NAN,5.0,False,False,False,3.0,4.0,True,False,2024.0,5.0,2.0,2024.0,5.0,2.0,2024.0,2024.0,5.0,2.0,9.0,429.52,174.09,255.42999999999998,59.468709256844846,1180.0,1180.0,0.0,No Quality Issue,High Rejection,Excellent
RB-001066,Rift Bloom - Kapseret Farm,red naomi,90.0,PREMIUM,10.0,141.0,1410.0,2023-04-05,2023-06-05,2023-05-10,2023-05-11,France,M-Farm Traders,EUR,0.391,551.31,NAN,250.27,1.8,84.0,Bud Blast,PENDING,4.0,False,False,False,-26.0,1.0,False,False,2023.0,4.0,2.0,2023.0,6.0,2.0,2023.0,2023.0,5.0,61.0,36.0,551.31,250.27,301.03999999999996,54.60448749342475,1410.0,1410.0,5.957446808510639,Quality Issue,High Rejection,Good
RB-001639,Rift Bloom - Kapseret Farm,Cool Water,80.0,B,20.0,195.0,3900.0,2023-12-13,2023-12-14,2023-12-16,2023-12-18,Russia,Whole Foods Market,USD,0.49,1911.0,ROAD THEN AIR,595.67,1.2,0.0,,OVERDUE,3.0,False,False,False,2.0,2.0,True,False,2023.0,12.0,4.0,2023.0,12.0,4.0,2023.0,2023.0,12.0,1.0,5.0,1911.0,595.67,1315.33,68.82940868655155,3900.0,3900.0,0.0,No Quality Issue,High Rejection,Average
RB-001013,Rift Bloom - Kapseret Farm,Explorer,50.0,PREMIUM,10.0,131.0,1310.0,2026-07-14,2026-07-16,2026-07-19,2026-07-24,Netherlands,Carrefour Flowers,EUR,0.308,403.48,AIR FREIGHT,873.58,2.6,0.0,,NAN,3.0,False,False,False,3.0,5.0,True,False,2026.0,7.0,3.0,2026.0,7.0,3.0,2026.0,2026.0,7.0,2.0,10.0,403.48,873.58,-470.1,-116.51135124417567,1310.0,1310.0,0.0,No Quality Issue,High Rejection,Average
RB-002128,Rift Bloom - Ziwa Farm,FREEDOM,500.0,C,40.0,75.0,3000.0,2022-01-20,2022-01-22,2022-01-24,2022-01-25,Germany,FloraHolland Auction,USD,0.377,1131.0,AIR FREIGHT,239.62,2.6,0.0,,PENDING,4.0,False,False,False,2.0,1.0,True,False,2022.0,1.0,1.0,2022.0,1.0,1.0,2022.0,2022.0,1.0,2.0,5.0,1131.0,239.62,891.38,78.81343943412908,3000.0,3000.0,0.0,No Quality Issue,High Rejection,Good
RB-001718,Rift Bloom - Kapseret Farm,Athena,-50.0,A,20.0,123.0,2460.0,2023-06-19,2023-06-19,2023-06-22,2023-06-24,Poland,Interflora Russia,USD,0.371,912.66,AIR FREIGHT,310.23,3.2,0.0,,PENDING,5.0,False,False,False,3.0,2.0,True,False,2023.0,6.0,2.0,2023.0,6.0,2.0,2023.0,2023.0,6.0,0.0,5.0,912.66,310.23,602.43,66.00815199526659,2460.0,2460.0,0.0,No Quality Issue,High Rejection,Excellent
RB-000938,Rift Bloom - Kapseret Farm,Peach Avalanche,80.0,B,20.0,61.0,1220.0,2025-08-09,2025-10-08,2025-08-14,2025-08-15,Poland,M-Farm Traders,USD,0.397,484.34,AIR FREIGHT,,4.7,0.0,,OVERDUE,4.0,False,False,False,-55.0,1.0,False,False,2025.0,8.0,3.0,2025.0,10.0,4.0,2025.0,2025.0,8.0,60.0,6.0,484.34,,,,1220.0,1220.0,0.0,No Quality Issue,High Rejection,Good
RB-000835,Rift Bloom - Kesses Farm,Freedom,80.0,,10.0,212.0,2120.0,2022-05-22,2022-05-23,2022-05-24,2022-05-28,France,Whole Foods Market,USD,0.243,515.16,AIR FREIGHT,,2.1,0.0,,PENDING,4.0,False,False,False,1.0,4.0,True,False,2022.0,5.0,2.0,2022.0,5.0,2.0,2022.0,2022.0,5.0,1.0,6.0,515.16,,,,2120.0,2120.0,0.0,No Quality Issue,High Rejection,Good
RB-000255,Rift Bloom - Timboroa Farm,Mondial,60.0,,20.0,76.0,1520.0,2024-09-01,2024-11-01,2024-12-01,2024-01-17,Norway,Interflora Russia,EUR,0.216,328.32,AIR FREIGHT,19.28,-0.2,0.0,,PENDING,4.0,False,False,True,30.0,-319.0,False,False,2024.0,9.0,3.0,2024.0,11.0,4.0,2024.0,2024.0,1.0,61.0,-228.0,328.32,19.28,309.03999999999996,94.12768031189083,1520.0,1520.0,0.0,No Quality Issue,High Rejection,Good
RB-001408,Rift Bloom - Timboroa Farm,Circus,70.0,,25.0,227.0,5675.0,2025-11-22,2025-11-22,2025-11-26,2025-11-30,Australia,Aalsmeer Direct,EUR,0.408,2315.4,AIR FREIGHT,279.54,,12.0,Botrytis,PAID,2.0,False,False,False,4.0,4.0,True,False,2025.0,11.0,4.0,2025.0,11.0,4.0,2025.0,2025.0,11.0,0.0,8.0,2315.4,279.54,2035.8600000000001,87.9269240735942,5675.0,5675.0,0.21145374449339205,Quality Issue,High Rejection,Poor
RB-002961,Rift Bloom - Kesses Farm,Vendela,50.0,A,40.0,26.0,1040.0,2025-02-23,2025-02-24,2025-02-28,2025-04-03,Poland,Whole Foods Market,UNKNOWN,0.586,609.44,AIR FREIGHT,606.46,2.6,0.0,,NAN,2.0,False,False,False,4.0,34.0,True,False,2025.0,2.0,1.0,2025.0,2.0,1.0,2025.0,2025.0,4.0,1.0,39.0,609.44,606.46,2.980000000000018,0.4889734838540329,1040.0,1040.0,0.0,No Quality Issue,High Rejection,Poor
RB-002185,Rift Bloom - Turbo Farm,Vendela,80.0,PREMIUM,40.0,237.0,9480.0,2025-11-18,2025-11-19,2025-11-21,2025-11-25,Australia,Aalsmeer Direct,EUR,0.5,4740.0,AIR FREIGHT,166.67,2.6,0.0,,PENDING,4.0,False,False,False,2.0,4.0,True,False,2025.0,11.0,4.0,2025.0,11.0,4.0,2025.0,2025.0,11.0,1.0,7.0,4740.0,166.67,4573.33,96.48375527426161,9480.0,9480.0,0.0,No Quality Issue,High Rejection,Good
RB-000724,Rift Bloom - Ziwa Farm,Circus,90.0,UNKNOWN,25.0,100.0,2500.0,2026-01-13,2026-01-14,2026-01-16,2026-01-19,United Kingdom,Interflora Russia,USD,0.39,975.0,NAN,344.82,1.1,21.0,Petal Bruising,PAID,4.0,False,False,False,2.0,3.0,True,False,2026.0,1.0,1.0,2026.0,1.0,1.0,2026.0,2026.0,1.0,1.0,6.0,975.0,344.82,630.1800000000001,64.63384615384616,2500.0,2500.0,0.84,Quality Issue,High Rejection,Good
RB-000951,Rift Bloom - Ziwa Farm,Circus,50.0,B,10.0,136.0,1360.0,2024-03-26,2024-03-27,2024-03-28,2024-01-04,Germany,Marks & Spencer Flowers,EUR,0.353,480.08,NAN,305.83,-0.6,0.0,,PAID,2.0,False,False,True,1.0,-84.0,False,False,2024.0,3.0,1.0,2024.0,3.0,1.0,2024.0,2024.0,1.0,1.0,-82.0,480.08,305.83,174.25,36.29603399433428,1360.0,1360.0,0.0,No Quality Issue,High Rejection,Poor
RB-000806,Rift Bloom - Kesses Farm,Pink Floyd,60.0,B,40.0,135.0,5400.0,2023-06-28,2023-06-29,2023-01-07,2023-03-07,Germany,Interflora Russia,USD,0.252,1360.8,AIR FREIGHT,115.92,0.1,0.0,,NAN,4.0,False,False,False,-173.0,59.0,False,False,2023.0,6.0,2.0,2023.0,6.0,2.0,2023.0,2023.0,3.0,1.0,-113.0,1360.8,115.92,1244.8799999999999,91.48148148148148,5400.0,5400.0,0.0,No Quality Issue,High Rejection,Good
RB-001830,Rift Bloom - Timboroa Farm,Pink Floyd,60.0,B,10.0,121.0,1210.0,2024-03-28,,2024-03-31,2024-01-04,Germany,Interflora Russia,KES,52.65,63706.5,NAN,610.33,1.0,0.0,,PENDING,4.0,False,False,False,,-87.0,False,False,2024.0,3.0,1.0,,,,2024.0,2024.0,1.0,,-84.0,63706.5,610.33,63096.17,99.04196589045074,1210.0,1210.0,0.0,No Quality Issue,High Rejection,Good
RB-002178,Rift Bloom - Turbo Farm,Explorer,50.0,A,20.0,161.0,3220.0,2022-03-15,2022-03-15,2022-03-16,2022-03-21,Germany,Whole Foods Market,EUR,0.272,875.84,AIR FREIGHT,325.35,2.1,0.0,,PAID,3.0,False,False,False,1.0,5.0,True,False,2022.0,3.0,1.0,2022.0,3.0,1.0,2022.0,2022.0,3.0,0.0,6.0,875.84,325.35,550.49,62.85280416514431,3220.0,3220.0,0.0,No Quality Issue,High Rejection,Average
RB-000338,Rift Bloom - Timboroa Farm,Freedom,60.0,PREMIUM,20.0,114.0,2280.0,2024-08-20,2024-08-21,2024-08-22,2024-08-27,France,Dubai Flower Centre,USD,0.434,989.52,AIR FREIGHT,292.4,1.6,0.0,,PAID,5.0,False,False,False,1.0,5.0,True,False,2024.0,8.0,3.0,2024.0,8.0,3.0,2024.0,2024.0,8.0,1.0,7.0,989.52,292.4,697.12,70.45031934675399,2280.0,2280.0,0.0,No Quality Issue,High Rejection,Excellent
RB-000731,Rift Bloom - Timboroa Farm,Red Naomi,70.0,PREMIUM,40.0,-99.0,-3960.0,2022-03-05,2022-04-05,,2022-10-05,Australia,Aalsmeer Direct,USD,0.359,-1421.64,AIR FREIGHT,225.96,2.8,0.0,,PAID,2.0,False,False,False,,,False,False,2022.0,3.0,1.0,2022.0,4.0,2.0,,2022.0,10.0,31.0,214.0,-1421.64,225.96,-1647.6000000000001,,-3960.0,-3960.0,0.0,No Quality Issue,High Rejection,Poor
RB-001714,Rift Bloom - Kapseret Farm,Mondial,70.0,A,20.0,65.0,1300.0,2022-03-21,2022-03-21,2022-03-22,2022-03-28,Poland,Marks & Spencer Flowers,NAN,0.319,414.7,NAN,700.28,1.9,0.0,,PAID,1.0,False,False,False,1.0,6.0,True,False,2022.0,3.0,1.0,2022.0,3.0,1.0,2022.0,2022.0,3.0,0.0,7.0,414.7,700.28,-285.58,-68.8642392090668,1300.0,1300.0,0.0,No Quality Issue,High Rejection,Poor
RB-002884,Rift Bloom - Kapseret Farm,High & Magic,40.0,B,10.0,129.0,1290.0,2026-07-03,2026-07-04,2026-07-05,2026-08-07,Norway,Whole Foods Market,EUR,0.434,559.86,AIR FREIGHT,375.12,0.1,0.0,,PAID,5.0,False,False,False,1.0,33.0,True,False,2026.0,7.0,3.0,2026.0,7.0,3.0,2026.0,2026.0,8.0,1.0,35.0,559.86,375.12,184.74,32.99753509806023,1290.0,1290.0,0.0,No Quality Issue,High Rejection,Excellent
RB-002152,Rift Bloom - Ziwa Farm,Red Naomi,50.0,A,25.0,19.0,475.0,2023-02-01,2023-03-01,2023-01-04,2023-09-01,Japan,FloraHolland Auction,EUR,0.4,190.0,AIR FREIGHT,848.29,1.9,0.0,,NAN,5.0,True,False,False,-56.0,240.0,False,False,2023.0,2.0,1.0,2023.0,3.0,1.0,2023.0,2023.0,9.0,28.0,212.0,190.0,848.29,-658.29,-346.4684210526316,475.0,475.0,0.0,No Quality Issue,High Rejection,Excellent
RB-002011,Rift Bloom - Kapseret Farm,Tibet,60.0,,10.0,90.0,900.0,2024-06-26,2024-06-27,2024-06-30,2024-04-07,USA,M-Farm Traders,KES,56.68,51012.0,ROAD THEN AIR,705.6,0.4,0.0,,PAID,5.0,False,False,False,3.0,-84.0,False,False,2024.0,6.0,2.0,2024.0,6.0,2.0,2024.0,2024.0,4.0,1.0,-80.0,51012.0,705.6,50306.4,98.61679604798871,900.0,900.0,0.0,No Quality Issue,High Rejection,Excellent
RB-002492,Rift Bloom - Turbo Farm,Circus,50.0,C,25.0,128.0,3200.0,2026-02-12,2026-12-02,2026-02-16,2026-02-18,NL,Whole Foods Market,KES,44.59,142688.0,AIR FREIGHT,328.36,2.8,0.0,,PAID,5.0,False,False,False,-289.0,2.0,False,False,2026.0,2.0,1.0,2026.0,12.0,4.0,2026.0,2026.0,2.0,293.0,6.0,142688.0,328.36,142359.64,99.76987553263065,3200.0,3200.0,0.0,No Quality Issue,High Rejection,Excellent
RB-001811,Rift Bloom - Turbo Farm,Avalanche,60.0,,20.0,162.0,3240.0,2024-12-26,2024-12-28,2024-12-29,2024-12-31,Norway,Marks & Spencer Flowers,USD,0.055,178.2,AIR FREIGHT,642.59,0.9,0.0,,PAID,5.0,False,False,False,1.0,2.0,True,False,2024.0,12.0,4.0,2024.0,12.0,4.0,2024.0,2024.0,12.0,2.0,5.0,178.2,642.59,-464.39000000000004,-260.60044893378233,3240.0,3240.0,0.0,No Quality Issue,High Rejection,Excellent
RB-001995,Rift Bloom - Ziwa Farm,Athena,50.0,A,20.0,148.0,2960.0,2024-10-11,2024-12-11,2024-11-14,2024-11-19,Switzerland,Marks & Spencer Flowers,NAN,0.106,313.76,NAN,,,0.0,,PENDING,2.0,False,False,False,-27.0,5.0,False,False,2024.0,10.0,4.0,2024.0,12.0,4.0,2024.0,2024.0,11.0,61.0,39.0,313.76,,,,2960.0,2960.0,0.0,No Quality Issue,High Rejection,Poor
RB-000720,Rift Bloom - Kesses Farm,Circus,70.0,A,10.0,136.0,1360.0,2024-06-07,2024-07-06,2024-07-09,2024-07-14,Australia,Tokyo Flower Market,KES,63.83,86808.8,ROAD THEN AIR,380.41,3.6,0.0,,PENDING,4.0,False,False,False,3.0,5.0,True,False,2024.0,6.0,2.0,2024.0,7.0,3.0,2024.0,2024.0,7.0,29.0,37.0,86808.8,380.41,86428.39,99.56178405875902,1360.0,1360.0,0.0,No Quality Issue,High Rejection,Good
RB-001570,Rift Bloom - Kesses Farm,Circus,60.0,A,25.0,66.0,1650.0,2024-12-05,2024-12-07,2024-08-12,2024-12-09,Australia,FloraHolland Auction,USD,0.355,585.75,AIR FREIGHT,670.16,1.7,0.0,,PAID,5.0,False,False,False,-117.0,119.0,False,False,2024.0,12.0,4.0,2024.0,12.0,4.0,2024.0,2024.0,12.0,2.0,4.0,585.75,670.16,-84.40999999999997,-14.41058472044387,1650.0,1650.0,0.0,No Quality Issue,High Rejection,Excellent
RB-002276,Rift Bloom - Ziwa Farm,Vendela,70.0,PREMIUM,40.0,200.0,8000.0,2026-05-01,2026-05-03,2026-05-04,2026-07-05,Switzerland,Carrefour Flowers,USD,0.168,1344.0,AIR FREIGHT,242.85,2.6,0.0,,PENDING,4.0,False,False,False,1.0,62.0,True,False,2026.0,5.0,2.0,2026.0,5.0,2.0,2026.0,2026.0,7.0,2.0,65.0,1344.0,242.85,1101.15,81.93080357142858,8000.0,8000.0,0.0,No Quality Issue,High Rejection,Good
RB-001300,Rift Bloom - Timboroa Farm,Vendela,80.0,C,40.0,218.0,8720.0,2022-06-03,2022-06-05,2022-09-06,2022-06-15,France,Carrefour Flowers,KES,63.31,552063.2,AIR FREIGHT,361.81,,0.0,,NAN,4.0,False,False,False,93.0,-83.0,False,False,2022.0,6.0,2.0,2022.0,6.0,2.0,2022.0,2022.0,6.0,2.0,12.0,552063.2,361.81,551701.3899999999,99.93446221374653,8720.0,8720.0,0.0,No Quality Issue,High Rejection,Good
RB-002175,Rift Bloom - Ziwa Farm,Pink Floyd,80.0,STANDARD,10.0,98.0,980.0,2022-08-06,2022-08-06,2022-10-08,2022-08-13,Australia,Marks & Spencer Flowers,USD,0.274,268.52,AIR FREIGHT,266.65,2.2,0.0,,OVERDUE,4.0,False,False,False,63.0,-56.0,False,False,2022.0,8.0,3.0,2022.0,8.0,3.0,2022.0,2022.0,8.0,0.0,7.0,268.52,266.65,1.8700000000000045,0.6964099508416522,980.0,980.0,0.0,No Quality Issue,High Rejection,Good
RB-000406,Rift Bloom - Kapseret Farm,Explorer,90.0,A,10.0,31.0,310.0,2025-01-30,2025-01-31,2025-02-02,2025-04-02,Poland,Carrefour Flowers,NAN,0.103,31.93,AIR FREIGHT,107.9,2.4,0.0,,PENDING,5.0,False,False,False,2.0,59.0,True,False,2025.0,1.0,1.0,2025.0,1.0,1.0,2025.0,2025.0,4.0,1.0,62.0,31.93,107.9,-75.97,-237.92671468838083,310.0,310.0,0.0,No Quality Issue,High Rejection,Excellent
RB-000822,Rift Bloom - Timboroa Farm,Yellow Babe,50.0,A,20.0,232.0,4640.0,2024-12-28,2024-12-28,2024-12-29,2025-01-03,Poland,Dubai Flower Centre,NAN,0.37,1716.8,AIR FREIGHT,355.7,5.2,0.0,,PAID,4.0,False,False,False,1.0,5.0,True,False,2024.0,12.0,4.0,2024.0,12.0,4.0,2024.0,2025.0,1.0,0.0,6.0,1716.8,355.7,1361.1,79.28122087604847,4640.0,4640.0,0.0,No Quality Issue,High Rejection,Good
RB-001790,Rift Bloom - Moiben Farm,Peach Avalanche,50.0,UNKNOWN,40.0,122.0,4880.0,2024-03-05,2024-03-05,2024-08-03,2024-03-13,France,Tokyo Flower Market,EUR,0.144,702.72,AIR FREIGHT,353.11,-0.4,0.0,,PAID,4.0,False,False,True,151.0,-143.0,False,False,2024.0,3.0,1.0,2024.0,3.0,1.0,2024.0,2024.0,3.0,0.0,8.0,702.72,353.11,349.61,49.75096766848816,4880.0,4880.0,0.0,No Quality Issue,High Rejection,Good
RB-002316,rift bloom turbo farm,Circus,50.0,STANDARD,10.0,288.0,2880.0,2026-06-04,2026-04-07,2026-09-04,2026-04-13,Germany,Interflora Russia,USD,0.173,498.24,ROAD THEN AIR,90.56,,0.0,,UNKNOWN,5.0,False,False,False,150.0,-144.0,False,False,2026.0,6.0,2.0,2026.0,4.0,2.0,2026.0,2026.0,4.0,-58.0,-52.0,498.24,90.56,407.68,81.82402055234425,2880.0,2880.0,0.0,No Quality Issue,High Rejection,Excellent
RB-001859,Rift Bloom - Kesses Farm,Pink Floyd,60.0,,20.0,145.0,2900.0,2022-03-16,2022-03-18,2022-03-22,2022-03-28,United Kingdom,Tokyo Flower Market,USD,0.459,1331.1,AIR FREIGHT,,2.6,0.0,,PAID,2.0,False,False,False,4.0,6.0,True,False,2022.0,3.0,1.0,2022.0,3.0,1.0,2022.0,2022.0,3.0,2.0,12.0,1331.1,,,,2900.0,2900.0,0.0,No Quality Issue,High Rejection,Poor
RB-001558,Rift Bloom - Moiben Farm,Mondial,40.0,PREMIUM,40.0,83.0,3320.0,2025-03-02,2025-02-04,2025-07-02,2025-12-02,U.K.,Bloomon BV,USD,0.416,1381.12,AIR FREIGHT,158.42,1.0,0.0,,OVERDUE,3.0,False,False,False,148.0,153.0,True,False,2025.0,3.0,1.0,2025.0,2.0,1.0,2025.0,2025.0,12.0,-26.0,275.0,1381.12,158.42,1222.6999999999998,88.52959916589434,3320.0,3320.0,0.0,No Quality Issue,High Rejection,Average
RB-000546,Rift Bloom - Kapseret Farm,Tibet,40.0,C,20.0,216.0,4320.0,2025-12-07,,2025-07-18,2025-07-24,Japan,Whole Foods Market,USD,0.233,1006.56,AIR FREIGHT,239.76,1.5,0.0,,PAID,4.0,False,False,False,,6.0,False,False,2025.0,12.0,4.0,,,,2025.0,2025.0,7.0,,-136.0,1006.56,239.76,766.8,76.1802575107296,4320.0,4320.0,0.0,No Quality Issue,High Rejection,Good
RB-000213,Rift Bloom - Turbo Farm,Tibet,70.0,B,10.0,48.0,480.0,2022-03-29,2022-03-31,2022-02-04,2022-04-03,Australia,Whole Foods Market,EUR,0.168,80.64,AIR FREIGHT,94.68,5.7,0.0,,PENDING,5.0,False,False,False,-55.0,58.0,False,False,2022.0,3.0,1.0,2022.0,3.0,1.0,2022.0,2022.0,4.0,2.0,5.0,80.64,94.68,-14.040000000000006,-17.410714285714292,480.0,480.0,0.0,No Quality Issue,High Rejection,Excellent
RB-000897,Rift Bloom - Ziwa Farm,Circus,80.0,PREMIUM,10.0,58.0,580.0,2026-07-08,2026-09-07,2026-07-12,2026-07-14,Australia,Tokyo Flower Market,USD,0.268,155.44,NAN,425.61,3.7,0.0,,PENDING,4.0,False,False,False,-57.0,2.0,False,False,2026.0,7.0,3.0,2026.0,9.0,3.0,2026.0,2026.0,7.0,61.0,6.0,155.44,425.61,-270.17,-173.8098301595471,580.0,580.0,0.0,No Quality Issue,High Rejection,Good
RB-001942,Rift Bloom - Ziwa Farm,Mondial,80.0,A,20.0,137.0,2740.0,2026-03-05,2026-05-04,2026-05-05,2026-05-11,United Arab Emirates,Marks & Spencer Flowers,KES,34.19,93680.6,AIR FREIGHT,231.47,3.5,0.0,,NAN,5.0,False,False,False,1.0,6.0,True,False,2026.0,3.0,1.0,2026.0,5.0,2.0,2026.0,2026.0,5.0,60.0,67.0,93680.6,231.47,93449.13,99.75291575843877,2740.0,2740.0,0.0,No Quality Issue,High Rejection,Excellent
RB-001892,Rift Bloom - Ziwa Farm,Sweetness,40.0,PREMIUM,10.0,137.0,1370.0,2023-08-16,2023-08-17,2023-08-18,2023-08-22,Germany,Tokyo Flower Market,EUR,0.361,494.57,NAN,223.19,-1.2,0.0,,PAID,4.0,False,False,True,1.0,4.0,True,False,2023.0,8.0,3.0,2023.0,8.0,3.0,2023.0,2023.0,8.0,1.0,6.0,494.57,223.19,271.38,54.87190893099056,1370.0,1370.0,0.0,No Quality Issue,High Rejection,Good
RB-000917,Rift Bloom - Kapseret Farm,Explorer,60.0,STANDARD,10.0,110.0,1100.0,2025-12-08,2025-12-08,2025-08-16,2025-08-18,Poland,Marks & Spencer Flowers,KES,41.34,45474.0,AIR FREIGHT,179.16,2.4,0.0,,NAN,4.0,False,False,False,-114.0,2.0,False,False,2025.0,12.0,4.0,2025.0,12.0,4.0,2025.0,2025.0,8.0,0.0,-112.0,45474.0,179.16,45294.84,99.60601662488455,1100.0,1100.0,0.0,No Quality Issue,High Rejection,Good
RB-002724,Rift Bloom - Kapseret Farm,Yellow Babe,40.0,PREMIUM,25.0,178.0,4450.0,2025-10-02,2025-12-02,2025-02-14,2025-02-19,Germany,Whole Foods Market,USD,0.249,1108.05,AIR FREIGHT,369.6,,0.0,,PENDING,4.0,False,False,False,-291.0,5.0,False,False,2025.0,10.0,4.0,2025.0,12.0,4.0,2025.0,2025.0,2.0,61.0,-225.0,1108.05,369.6,738.4499999999999,66.64410450791931,4450.0,4450.0,0.0,No Quality Issue,High Rejection,Good
RB-001290,Rift Bloom - Turbo Farm,Pink Floyd,40.0,PREMIUM,20.0,68.0,1360.0,2025-01-24,2025-01-24,2025-01-26,2025-01-30,Australia,Bloomon BV,EUR,0.412,560.32,AIR FREIGHT,403.72,2.8,0.0,,OVERDUE,4.0,False,False,False,2.0,4.0,True,False,2025.0,1.0,1.0,2025.0,1.0,1.0,2025.0,2025.0,1.0,0.0,6.0,560.32,403.72,156.60000000000002,27.948315248429473,1360.0,1360.0,0.0,No Quality Issue,High Rejection,Good
RB-000815,Rift Bloom - Kapseret Farm,Avalanche,80.0,PREMIUM,20.0,162.0,3240.0,2022-02-14,2022-02-15,2022-02-19,2022-02-20,United Kingdom,Marks & Spencer Flowers,USD,0.305,988.2,AIR FREIGHT,244.34,,0.0,,NAN,3.0,False,False,False,4.0,1.0,True,False,2022.0,2.0,1.0,2022.0,2.0,1.0,2022.0,2022.0,2.0,1.0,6.0,988.2,244.34,743.86,75.2742359846185,3240.0,3240.0,0.0,No Quality Issue,High Rejection,Average
RB-001266,Rift Bloom - Moiben Farm,Red Naomi,60.0,,40.0,203.0,8120.0,2024-03-22,2024-03-24,2024-03-26,2024-03-27,Poland,Tokyo Flower Market,KES,52.78,428573.6,AIR FREIGHT,88.59,1.9,0.0,,PENDING,5.0,False,False,False,2.0,1.0,True,False,2024.0,3.0,1.0,2024.0,3.0,1.0,2024.0,2024.0,3.0,2.0,5.0,428573.6,88.59,428485.00999999995,99.97932910473253,8120.0,8120.0,0.0,No Quality Issue,High Rejection,Excellent
RB-000343,Rift Bloom - Timboroa Farm,Pink Floyd,40.0,A,20.0,49.0,980.0,2023-12-22,2023-12-24,2023-12-28,2024-03-01,Russia,Tokyo Flower Market,EUR,0.304,297.92,AIR FREIGHT,161.96,1.4,0.0,,PENDING,4.0,False,False,False,4.0,64.0,True,False,2023.0,12.0,4.0,2023.0,12.0,4.0,2023.0,2024.0,3.0,2.0,70.0,297.92,161.96,135.96,45.63641245972073,980.0,980.0,0.0,No Quality Issue,High Rejection,Good
RB-002598,Rift Bloom - Timboroa Farm,Vendela,60.0,B,10.0,80.0,800.0,2025-09-26,2025-09-27,2025-09-28,2025-09-30,France,Interflora Russia,KES,52.0,41600.0,AIR FREIGHT,583.92,,40.0,Bud Blast,NAN,3.0,False,False,False,1.0,2.0,True,False,2025.0,9.0,3.0,2025.0,9.0,3.0,2025.0,2025.0,9.0,1.0,4.0,41600.0,583.92,41016.08,98.59634615384616,800.0,800.0,5.0,Quality Issue,High Rejection,Average
RB-001411,Rift Bloom - Kesses Farm,High & Magic,90.0,PREMIUM,20.0,18.0,360.0,2024-02-02,2024-02-03,2024-02-05,2024-10-02,United Kingdom,Interflora Russia,EUR,0.433,155.88,AIR FREIGHT,337.41,3.2,0.0,,NAN,2.0,False,False,False,2.0,240.0,True,False,2024.0,2.0,1.0,2024.0,2.0,1.0,2024.0,2024.0,10.0,1.0,243.0,155.88,337.41,-181.53000000000003,-116.4549653579677,360.0,360.0,0.0,No Quality Issue,High Rejection,Poor
RB-001215,Rift Bloom - Kapseret Farm,Peach Avalanche,70.0,A,20.0,137.0,2740.0,2022-06-26,2022-06-26,2022-06-30,2022-06-07,Netherlands,FloraHolland Auction,USD,0.476,1304.24,ROAD THEN AIR,246.91,4.1,0.0,,PENDING,3.0,False,False,False,4.0,-23.0,False,False,2022.0,6.0,2.0,2022.0,6.0,2.0,2022.0,2022.0,6.0,0.0,-19.0,1304.24,246.91,1057.33,81.06866834324971,2740.0,2740.0,0.0,No Quality Issue,High Rejection,Average
RB-000967,Rift Bloom - Timboroa Farm,Freedom,70.0,B,40.0,71.0,2840.0,2024-11-15,,2024-11-19,2024-11-22,Australia,Aalsmeer Direct,USD,0.18,511.2,AIR FREIGHT,227.08,1.7,0.0,,OVERDUE,4.0,False,False,False,,3.0,False,False,2024.0,11.0,4.0,,,,2024.0,2024.0,11.0,,7.0,511.2,227.08,284.12,55.57902973395932,2840.0,2840.0,0.0,No Quality Issue,High Rejection,Good
RB-001231,Rift Bloom - Moiben Farm,Pink Floyd,40.0,C,10.0,30.0,300.0,2022-11-29,2022-01-12,2022-03-12,2022-12-05,Japan,Bloomon BV,USD,0.406,121.8,AIR FREIGHT,31.69,2.5,0.0,,PAID,4.0,False,False,False,59.0,268.0,True,False,2022.0,11.0,4.0,2022.0,1.0,1.0,2022.0,2022.0,12.0,-321.0,6.0,121.8,31.69,90.11,73.98193760262726,300.0,300.0,0.0,No Quality Issue,High Rejection,Good
RB-002344,Rift Bloom - Ziwa Farm,Circus,90.0,A,10.0,144.0,1440.0,2022-09-23,2022-09-24,2022-09-28,2022-03-10,United Arab Emirates,Tokyo Flower Market,UNKNOWN,0.327,470.88,AIR FREIGHT,246.9,-0.2,0.0,,PAID,1.0,False,False,True,4.0,-202.0,False,False,2022.0,9.0,3.0,2022.0,9.0,3.0,2022.0,2022.0,3.0,1.0,-197.0,470.88,246.9,223.98,47.56625891946993,1440.0,1440.0,0.0,No Quality Issue,High Rejection,Poor
RB-000696,Rift Bloom - Kesses Farm,Tibet,60.0,STANDARD,10.0,227.0,2270.0,2024-07-25,2024-07-27,2024-07-31,2024-02-08,United Arab Emirates,FloraHolland Auction,KES,55.77,126597.9,NAN,460.92,-0.3,0.0,,OVERDUE,3.0,False,False,True,4.0,-174.0,False,False,2024.0,7.0,3.0,2024.0,7.0,3.0,2024.0,2024.0,2.0,2.0,-168.0,126597.9,460.92,126136.98,99.63591813134342,2270.0,2270.0,0.0,No Quality Issue,High Rejection,Average
RB-002122,Rift Bloom - Timboroa Farm,High & Magic,70.0,PREMIUM,40.0,61.0,2440.0,2022-06-28,2022-06-28,2022-02-07,2022-05-07,France,Local Wholesaler - Eldoret,USD,0.232,566.08,AIR FREIGHT,287.98,0.3,0.0,,NAN,4.0,False,False,False,-141.0,89.0,False,False,2022.0,6.0,2.0,2022.0,6.0,2.0,2022.0,2022.0,5.0,0.0,-52.0,566.08,287.98,278.1,49.12733182589034,2440.0,2440.0,0.0,No Quality Issue,High Rejection,Good
RB-000606,Rift Bloom - Turbo Farm,Pink Floyd,500.0,A,10.0,165.0,1650.0,2024-01-15,2024-01-17,2024-01-21,2024-01-25,Netherlands,M-Farm Traders,USD,0.225,371.25,ROAD THEN AIR,153.03,2.0,0.0,,PAID,3.0,False,False,False,4.0,4.0,True,False,2024.0,1.0,1.0,2024.0,1.0,1.0,2024.0,2024.0,1.0,2.0,10.0,371.25,153.03,218.22,58.779797979797976,1650.0,1650.0,0.0,No Quality Issue,High Rejection,Average
RB-000646,Rift Bloom - Ziwa Farm,Athena,60.0,PREMIUM,10.0,81.0,810.0,2022-04-07,2022-07-06,2022-10-07,2022-12-07,Switzerland,Bloomon BV,EUR,0.224,181.44,AIR FREIGHT,374.0,-0.9,0.0,,PAID,2.0,False,False,True,93.0,61.0,True,False,2022.0,4.0,2.0,2022.0,7.0,3.0,2022.0,2022.0,12.0,90.0,244.0,181.44,374.0,-192.56,-106.12874779541445,810.0,810.0,0.0,No Quality Issue,High Rejection,Poor
RB-001405,Rift Bloom - Kesses Farm,Peach Avalanche,70.0,A,20.0,168.0,3360.0,2023-11-29,2023-11-29,2023-02-12,2023-12-04,USA,Bloomon BV,EUR,0.265,890.4,NAN,206.76,-1.4,0.0,,PAID,4.0,False,False,True,-290.0,295.0,False,False,2023.0,11.0,4.0,2023.0,11.0,4.0,2023.0,2023.0,12.0,0.0,5.0,890.4,206.76,683.64,76.77897574123989,3360.0,3360.0,0.0,No Quality Issue,High Rejection,Good
RB-000495,Rift Bloom - Turbo Farm,Pink Floyd,40.0,PREMIUM,40.0,112.0,4480.0,2023-09-23,2023-09-24,2023-09-26,2023-09-29,United Kingdom,Whole Foods Market,UNKNOWN,0.336,1505.28,AIR FREIGHT,743.68,,24.0,Botrytis,PAID,4.0,False,False,False,2.0,3.0,True,False,2023.0,9.0,3.0,2023.0,9.0,3.0,2023.0,2023.0,9.0,1.0,6.0,1505.28,743.68,761.6,50.595238095238095,4480.0,4480.0,0.5357142857142857,Quality Issue,High Rejection,Good
RB-001020,Rift Bloom - Turbo Farm,Tibet,50.0,,40.0,169.0,6760.0,2022-05-11,2022-12-05,2022-05-16,2022-05-17,U.K.,Carrefour Flowers,KES,62.14,420066.4,ROAD THEN AIR,629.48,1.4,0.0,,OVERDUE,5.0,False,False,False,-203.0,1.0,False,False,2022.0,5.0,2.0,2022.0,12.0,4.0,2022.0,2022.0,5.0,208.0,6.0,420066.4,629.48,419436.92000000004,99.85014750049041,6760.0,6760.0,0.0,No Quality Issue,High Rejection,Excellent
RB-000092,Rift Bloom - Timboroa Farm,Tibet,50.0,A,20.0,79.0,1580.0,2026-07-14,2026-07-16,2026-07-19,2026-07-25,U.K.,Aalsmeer Direct,NAN,0.334,527.72,AIR FREIGHT,53.98,,0.0,,OVERDUE,4.0,False,False,False,3.0,6.0,True,False,2026.0,7.0,3.0,2026.0,7.0,3.0,2026.0,2026.0,7.0,2.0,11.0,527.72,53.98,473.74,89.77109072993254,1580.0,1580.0,0.0,No Quality Issue,High Rejection,Good
RB-001113,Rift Bloom - Moiben Farm,Yellow Babe,-50.0,C,20.0,249.0,4980.0,2024-02-22,2024-02-24,2024-02-28,2024-01-03,Poland,Marks & Spencer Flowers,USD,0.24,1195.2,AIR FREIGHT,,,0.0,,PAID,5.0,False,False,False,4.0,-56.0,False,False,2024.0,2.0,1.0,2024.0,2.0,1.0,2024.0,2024.0,1.0,2.0,-50.0,1195.2,,,,4980.0,4980.0,0.0,No Quality Issue,High Rejection,Excellent
RB-001475,Rift Bloom - Kapseret Farm,High & Magic,60.0,STANDARD,10.0,50.0,500.0,2022-07-31,2022-07-31,2022-02-08,2022-08-07,Switzerland,Local Wholesaler - Eldoret,USD,0.252,126.0,AIR FREIGHT,53.46,,57.0,Stem Bent,PAID,5.0,False,False,False,-173.0,180.0,False,False,2022.0,7.0,3.0,2022.0,7.0,3.0,2022.0,2022.0,8.0,0.0,7.0,126.0,53.46,72.53999999999999,57.57142857142856,500.0,500.0,11.4,Quality Issue,High Rejection,Excellent
RB-001742,Rift Bloom - Ziwa Farm,High & Magic,60.0,B,10.0,20.0,200.0,2024-01-11,2024-11-01,,2024-05-11,The Netherlands,Marks & Spencer Flowers,USD,0.361,72.2,AIR FREIGHT,318.37,1.9,0.0,,NAN,4.0,False,False,False,,,False,False,2024.0,1.0,1.0,2024.0,11.0,4.0,,2024.0,5.0,295.0,121.0,72.2,318.37,-246.17000000000002,-340.9556786703601,200.0,200.0,0.0,No Quality Issue,High Rejection,Good
RB-002151,Rift Bloom - Ziwa Farm,Yellow Babe,70.0,STANDARD,20.0,151.0,3020.0,2022-09-24,2022-09-25,2022-09-29,2022-09-30,France,Carrefour Flowers,EUR,0.212,640.24,AIR FREIGHT,202.14,0.9,0.0,,PAID,4.0,False,False,False,4.0,1.0,True,False,2022.0,9.0,3.0,2022.0,9.0,3.0,2022.0,2022.0,9.0,1.0,6.0,640.24,202.14,438.1,68.42746470073723,3020.0,3020.0,0.0,No Quality Issue,High Rejection,Good
RB-000239,Rift Bloom - Ziwa Farm,Pink Floyd,60.0,STANDARD,20.0,124.0,2480.0,2023-06-23,,2023-06-27,2023-06-30,U.K.,M-Farm Traders,KES,52.52,1302496.0,ROAD THEN AIR,252.56,1.4,0.0,,UNKNOWN,5.0,False,False,False,,3.0,False,False,2023.0,6.0,2.0,,,,2023.0,2023.0,6.0,,7.0,1302496.0,252.56,1302243.44,99.98060953738054,2480.0,2480.0,0.0,No Quality Issue,High Rejection,Excellent
RB-000943,Rift Bloom - Moiben Farm,Peach Avalanche,60.0,B,20.0,223.0,4460.0,2026-03-06,,2026-06-06,2026-11-06,US,M-Farm Traders,KES,47.06,209887.6,AIR FREIGHT,366.76,0.4,0.0,,NAN,5.0,False,False,False,,153.0,False,False,2026.0,3.0,1.0,,,,2026.0,2026.0,11.0,,245.0,209887.6,366.76,209520.84,99.82525885283361,4460.0,4460.0,0.0,No Quality Issue,High Rejection,Excellent
RB-001271,Rift Bloom - Kapseret Farm,High & Magic,40.0,B,25.0,24.0,600.0,2024-07-15,2024-07-16,2024-07-17,2024-07-23,Russia,Local Wholesaler - Eldoret,KES,59.93,35958.0,AIR FREIGHT,,1.8,0.0,,PAID,4.0,False,False,False,1.0,6.0,True,False,2024.0,7.0,3.0,2024.0,7.0,3.0,2024.0,2024.0,7.0,1.0,8.0,35958.0,,,,600.0,600.0,0.0,No Quality Issue,High Rejection,Good
RB-000939,Rift Bloom - Kesses Farm,Pink Floyd,50.0,C,20.0,75.0,1500.0,2024-01-30,2024-01-31,2024-02-03,2024-06-02,Norway,Bloomon BV,KES,45.76,68640.0,ROAD THEN AIR,19.62,,0.0,,NAN,3.0,False,False,False,3.0,120.0,True,False,2024.0,1.0,1.0,2024.0,1.0,1.0,2024.0,2024.0,6.0,1.0,124.0,68640.0,19.62,68620.38,99.97141608391608,1500.0,1500.0,0.0,No Quality Issue,High Rejection,Average
RB-001425,Rift Bloom - Turbo Farm,Mondial,70.0,,25.0,189.0,4725.0,2026-02-06,2026-06-02,2026-06-04,2026-10-06,United Arab Emirates,Interflora Russia,USD,0.567,2679.07,AIR FREIGHT,222.95,4.9,0.0,,PENDING,5.0,False,False,False,2.0,124.0,True,False,2026.0,2.0,1.0,2026.0,6.0,2.0,2026.0,2026.0,10.0,116.0,242.0,2679.07,222.95,2456.1200000000003,91.67808231961092,4725.0,4725.0,0.0,No Quality Issue,High Rejection,Excellent
RB-001863,Rift Bloom - Timboroa Farm,Mondial,50.0,PREMIUM,10.0,166.0,1660.0,2025-02-11,2025-11-03,2025-04-11,2025-11-06,United Kingdom,Tokyo Flower Market,USD,0.159,263.94,AIR FREIGHT,386.25,3.5,0.0,,OVERDUE,4.0,False,False,False,-206.0,209.0,False,False,2025.0,2.0,1.0,2025.0,11.0,4.0,2025.0,2025.0,11.0,265.0,268.0,263.94,386.25,-122.31,-46.34007729029325,1660.0,1660.0,0.0,No Quality Issue,High Rejection,Good
RB-001670,Rift Bloom - Kapseret Farm,Peach Avalanche,40.0,,40.0,21.0,840.0,2025-03-01,2025-04-01,2025-01-05,2025-01-07,Switzerland,Aalsmeer Direct,NAN,0.434,364.56,AIR FREIGHT,141.08,2.4,0.0,,PAID,4.0,False,False,False,-86.0,2.0,False,False,2025.0,3.0,1.0,2025.0,4.0,2.0,2025.0,2025.0,1.0,31.0,-53.0,364.56,141.08,223.48,61.30129471143295,840.0,840.0,0.0,No Quality Issue,High Rejection,Good
RB-000006,Rift Bloom - Kesses Farm,Avalanche,60.0,,25.0,27.0,675.0,2022-02-23,2022-02-25,2022-02-28,2022-06-03,Germany,M-Farm Traders,USD,0.511,344.93,AIR FREIGHT,77.4,4.6,0.0,,PENDING,4.0,False,False,False,3.0,95.0,True,False,2022.0,2.0,1.0,2022.0,2.0,1.0,2022.0,2022.0,6.0,2.0,100.0,344.93,77.4,267.53,77.56066448264865,675.0,675.0,0.0,No Quality Issue,High Rejection,Good
RB-000248,Rift Bloom - Ziwa Farm,Peach Avalanche,70.0,PREMIUM,20.0,217.0,4340.0,2023-03-17,2023-03-19,2023-03-21,2023-03-22,Switzerland,Marks & Spencer Flowers,KES,40.04,173773.6,AIR FREIGHT,233.0,2.6,0.0,,OVERDUE,5.0,False,False,False,2.0,1.0,True,False,2023.0,3.0,1.0,2023.0,3.0,1.0,2023.0,2023.0,3.0,2.0,5.0,173773.6,233.0,173540.6,99.86591749264561,4340.0,4340.0,0.0,No Quality Issue,High Rejection,Excellent
RB-000019,Rift Bloom - Kesses Farm,Avalanche,70.0,A,10.0,83.0,830.0,2024-03-26,2024-03-26,2024-03-28,2024-03-04,Netherlands,Interflora Russia,USD,0.248,205.84,AIR FREIGHT,,1.6,0.0,,PAID,5.0,False,False,False,2.0,-24.0,False,False,2024.0,3.0,1.0,2024.0,3.0,1.0,2024.0,2024.0,3.0,0.0,-22.0,205.84,,,,830.0,830.0,0.0,No Quality Issue,High Rejection,Excellent
RB-002170,Rift Bloom - Ziwa Farm,Freedom,90.0,A,40.0,247.0,9880.0,2026-07-15,2026-07-15,2026-07-17,2026-07-18,Norway,Blume2000,EUR,0.342,3378.96,AIR FREIGHT,79.14,0.7,0.0,,PENDING,4.0,False,False,False,2.0,1.0,True,False,2026.0,7.0,3.0,2026.0,7.0,3.0,2026.0,2026.0,7.0,0.0,3.0,3378.96,79.14,3299.82,97.65785922295618,9880.0,9880.0,0.0,No Quality Issue,High Rejection,Good
RB-001971,Rift Bloom - Kapseret Farm,High & Magic,50.0,,25.0,80.0,2000.0,2026-04-11,2026-04-12,2026-04-14,2026-04-16,Russia,Carrefour Flowers,EUR,0.3,600.0,ROAD THEN AIR,458.62,1.1,0.0,,PAID,4.0,False,False,False,2.0,2.0,True,False,2026.0,4.0,2.0,2026.0,4.0,2.0,2026.0,2026.0,4.0,1.0,5.0,600.0,458.62,141.38,23.563333333333333,2000.0,2000.0,0.0,No Quality Issue,High Rejection,Good
RB-002710,Rift Bloom - Kesses Farm,Cool Water,50.0,A,40.0,150.0,6000.0,2024-03-15,2024-03-15,2024-03-18,2024-03-21,Russia,Aalsmeer Direct,EUR,0.31,1860.0,AIR FREIGHT,78.21,1.9,0.0,,NAN,3.0,False,False,False,3.0,3.0,True,False,2024.0,3.0,1.0,2024.0,3.0,1.0,2024.0,2024.0,3.0,0.0,6.0,1860.0,78.21,1781.79,95.79516129032258,6000.0,6000.0,0.0,No Quality Issue,High Rejection,Average
RB-002233,Rift Bloom - Kesses Farm,High & Magic,50.0,A,25.0,100.0,2500.0,2024-06-04,2024-06-04,2024-06-06,2024-06-09,France,Aalsmeer Direct,USD,0.273,682.5,AIR FREIGHT,48.98,1.6,0.0,,PENDING,4.0,False,False,False,2.0,3.0,True,False,2024.0,6.0,2.0,2024.0,6.0,2.0,2024.0,2024.0,6.0,0.0,5.0,682.5,48.98,633.52,92.82344322344322,2500.0,2500.0,0.0,No Quality Issue,High Rejection,Good
RB-002323,Rift Bloom - Kesses Farm,Sweetness,80.0,PREMIUM,20.0,81.0,1620.0,2025-01-26,2025-01-26,2025-01-30,2025-02-04,USA,Blume2000,USD,0.213,345.06,AIR FREIGHT,659.37,1.2,0.0,,NAN,5.0,False,False,False,4.0,5.0,True,False,2025.0,1.0,1.0,2025.0,1.0,1.0,2025.0,2025.0,2.0,0.0,9.0,345.06,659.37,-314.31,-91.08850634672231,1620.0,1620.0,0.0,No Quality Issue,High Rejection,Excellent
RB-002482,Rift Bloom - Moiben Farm,Red Naomi,40.0,B,40.0,47.0,1880.0,2026-07-19,2026-07-19,2026-07-23,2026-07-27,Australia,Bloomon BV,KES,48.1,90428.0,AIR FREIGHT,768.64,2.3,0.0,,PAID,5.0,False,False,False,4.0,4.0,True,False,2026.0,7.0,3.0,2026.0,7.0,3.0,2026.0,2026.0,7.0,0.0,8.0,90428.0,768.64,89659.36,99.14999778829566,1880.0,1880.0,0.0,No Quality Issue,High Rejection,Excellent
RB-000812,Rift Bloom - Kapseret Farm,Sweetness,50.0,,25.0,113.0,2825.0,2025-08-18,2025-08-20,2025-08-24,2025-08-29,Russia,Carrefour Flowers,EUR,0.634,1791.05,ROAD THEN AIR,584.19,0.2,0.0,,PENDING,4.0,False,False,False,4.0,5.0,True,False,2025.0,8.0,3.0,2025.0,8.0,3.0,2025.0,2025.0,8.0,2.0,11.0,1791.05,584.19,1206.86,67.38282013344129,2825.0,2825.0,0.0,No Quality Issue,High Rejection,Good
RB-001336,Rift Bloom - Turbo Farm,Freedom,50.0,PREMIUM,25.0,129.0,3225.0,2023-10-27,2023-10-29,2023-10-30,2023-02-11,Russia,Dubai Flower Centre,EUR,0.323,1041.67,AIR FREIGHT,95.2,0.6,0.0,,NAN,5.0,False,False,False,1.0,-261.0,False,False,2023.0,10.0,4.0,2023.0,10.0,4.0,2023.0,2023.0,2.0,2.0,-258.0,1041.67,95.2,946.47,90.86082924534641,3225.0,3225.0,0.0,No Quality Issue,High Rejection,Excellent
RB-002949,Rift Bloom - Turbo Farm,Sweetness,50.0,A,10.0,104.0,1040.0,2024-05-29,2024-05-31,2024-04-06,2024-07-06,Germany,Marks & Spencer Flowers,NAN,0.523,543.92,AIR FREIGHT,,2.5,0.0,,PAID,4.0,False,False,False,-55.0,91.0,False,False,2024.0,5.0,2.0,2024.0,5.0,2.0,2024.0,2024.0,7.0,2.0,38.0,543.92,,,,1040.0,1040.0,0.0,No Quality Issue,High Rejection,Good
RB-000261,Rift Bloom - Kapseret Farm,Athena,50.0,PREMIUM,25.0,97.0,2425.0,2024-05-25,2024-05-27,2024-05-30,2024-04-06,Norway,Interflora Russia,USD,0.191,463.18,AIR FREIGHT,129.66,1.7,0.0,,PENDING,4.0,False,False,False,3.0,-54.0,False,False,2024.0,5.0,2.0,2024.0,5.0,2.0,2024.0,2024.0,4.0,2.0,-49.0,463.18,129.66,333.52,72.00656332311411,2425.0,2425.0,0.0,No Quality Issue,High Rejection,Good
RB-001571,Rift Bloom - Timboroa Farm,Yellow Babe,50.0,A,10.0,226.0,2260.0,2023-09-08,2023-08-10,2023-08-13,2023-08-14,France,Aalsmeer Direct,EUR,0.175,395.5,AIR FREIGHT,313.52,3.6,0.0,,PAID,5.0,False,False,False,3.0,1.0,True,False,2023.0,9.0,3.0,2023.0,8.0,3.0,2023.0,2023.0,8.0,-29.0,-25.0,395.5,313.52,81.98000000000002,20.728192161820484,2260.0,2260.0,0.0,No Quality Issue,High Rejection,Excellent
RB-001744,Rift Bloom - Ziwa Farm,Peach Avalanche,90.0,PREMIUM,20.0,443.0,8860.0,2025-06-07,2025-06-07,2025-08-07,2025-07-09,Australia,Carrefour Flowers,NAN,0.273,2418.78,AIR FREIGHT,306.63,3.2,1.0,Bud Blast,PAID,3.0,False,False,False,61.0,-29.0,False,False,2025.0,6.0,2.0,2025.0,6.0,2.0,2025.0,2025.0,7.0,0.0,32.0,2418.78,306.63,2112.15,87.32294793242875,8860.0,8860.0,0.01128668171557562,Quality Issue,High Rejection,Average
RB-001631,Rift Bloom - Moiben Farm,Yellow Babe,50.0,B,40.0,58.0,2320.0,2026-03-24,2026-03-26,2026-03-27,,Japan,M-Farm Traders,USD,0.366,849.12,AIR FREIGHT,178.1,19.8,0.0,,OVERDUE,2.0,False,False,False,1.0,,False,False,2026.0,3.0,1.0,2026.0,3.0,1.0,2026.0,,,2.0,,849.12,178.1,671.02,79.02534388543432,2320.0,2320.0,0.0,No Quality Issue,High Rejection,Poor
RB-000521,Rift Bloom - Turbo Farm,Mondial,70.0,C,25.0,71.0,1775.0,2025-10-11,2025-11-11,2025-11-15,2025-11-16,USA,Marks & Spencer Flowers,USD,0.437,775.67,NAN,312.58,0.9,0.0,,PENDING,2.0,False,False,False,4.0,1.0,True,False,2025.0,10.0,4.0,2025.0,11.0,4.0,2025.0,2025.0,11.0,31.0,36.0,775.67,312.58,463.09,59.70193510126729,1775.0,1775.0,0.0,No Quality Issue,High Rejection,Poor
RB-002429,Rift Bloom - Timboroa Farm,Tibet,60.0,B,40.0,43.0,1720.0,2026-05-13,2026-05-14,2026-05-17,2026-05-19,France,Carrefour Flowers,EUR,0.6,1032.0,AIR FREIGHT,694.69,2.6,0.0,,NAN,4.0,False,False,False,3.0,2.0,True,False,2026.0,5.0,2.0,2026.0,5.0,2.0,2026.0,2026.0,5.0,1.0,6.0,1032.0,694.69,337.30999999999995,32.68507751937984,1720.0,1720.0,0.0,No Quality Issue,High Rejection,Good
RB-002017,Rift Bloom - Turbo Farm,Circus,70.0,UNKNOWN,20.0,82.0,1640.0,2025-02-26,2025-02-27,2025-03-02,2025-07-03,Norway,Whole Foods Market,EUR,0.41,672.4,AIR FREIGHT,418.79,1.3,0.0,,NAN,3.0,False,False,False,3.0,123.0,True,False,2025.0,2.0,1.0,2025.0,2.0,1.0,2025.0,2025.0,7.0,1.0,127.0,672.4,418.79,253.60999999999996,37.717132659131465,1640.0,1640.0,0.0,No Quality Issue,High Rejection,Average
RB-001659,Rift Bloom - Turbo Farm,Yellow Babe,80.0,STANDARD,10.0,24.0,240.0,2024-12-30,2025-01-01,2025-05-01,2025-07-01,Germany,FloraHolland Auction,NAN,0.213,51.12,AIR FREIGHT,,3.5,34.0,Cold Chain Break,NAN,4.0,False,False,False,120.0,61.0,True,False,2024.0,12.0,4.0,2025.0,1.0,1.0,2025.0,2025.0,7.0,2.0,183.0,51.12,,,,240.0,240.0,14.166666666666666,Quality Issue,High Rejection,Good
RB-001613,Rift Bloom - Kesses Farm,Vendela,70.0,B,40.0,172.0,6880.0,2022-11-13,2022-11-14,2022-11-15,2022-11-17,United Arab Emirates,Bloomon BV,USD,0.333,2291.04,NAN,132.57,2.9,0.0,,PENDING,4.0,False,False,False,1.0,2.0,True,False,2022.0,11.0,4.0,2022.0,11.0,4.0,2022.0,2022.0,11.0,1.0,4.0,2291.04,132.57,2158.47,94.21354494028911,6880.0,6880.0,0.0,No Quality Issue,High Rejection,Good
RB-002476,Rift Bloom - Kapseret Farm,Explorer,70.0,A,10.0,96.0,960.0,2025-03-15,2025-03-17,2025-03-19,2025-03-24,United Kingdom,Carrefour Flowers,EUR,0.336,322.56,ROAD THEN AIR,692.83,2.5,0.0,,PAID,5.0,False,False,False,2.0,5.0,True,False,2025.0,3.0,1.0,2025.0,3.0,1.0,2025.0,2025.0,3.0,2.0,9.0,322.56,692.83,-370.27000000000004,-114.79104662698414,960.0,960.0,0.0,No Quality Issue,High Rejection,Excellent
RB-002127,Rift Bloom - Timboroa Farm,Peach Avalanche,90.0,B,40.0,40.0,1600.0,2025-04-24,2025-04-24,2025-04-28,2025-03-05,Russia,Blume2000,USD,0.438,700.8,AIR FREIGHT,598.51,2.8,0.0,,NAN,4.0,False,False,False,4.0,-54.0,False,False,2025.0,4.0,2.0,2025.0,4.0,2.0,2025.0,2025.0,3.0,0.0,-50.0,700.8,598.51,102.28999999999996,14.596175799086753,1600.0,1600.0,0.0,No Quality Issue,High Rejection,Good
RB-002152,Rift Bloom - Ziwa Farm,Red Naomi,50.0,A,25.0,19.0,475.0,2023-02-01,2023-03-01,2023-01-04,2023-09-01,Japan,FloraHolland Auction,EUR,0.4,190.0,AIR FREIGHT,848.29,1.9,0.0,,UNKNOWN,5.0,True,False,False,-56.0,240.0,False,False,2023.0,2.0,1.0,2023.0,3.0,1.0,2023.0,2023.0,9.0,28.0,212.0,190.0,848.29,-658.29,-346.4684210526316,475.0,475.0,0.0,No Quality Issue,High Rejection,Excellent
RB-000231,Rift Bloom - Turbo Farm,Peach Avalanche,40.0,PREMIUM,25.0,98.0,2450.0,2025-04-25,2025-04-26,2025-04-30,2025-05-02,Netherlands,M-Farm Traders,KES,60.45,148102.5,NAN,3.89,,0.0,,OVERDUE,4.0,False,False,False,4.0,2.0,True,False,2025.0,4.0,2.0,2025.0,4.0,2.0,2025.0,2025.0,5.0,1.0,7.0,148102.5,3.89,148098.61,99.9973734406914,2450.0,2450.0,0.0,No Quality Issue,High Rejection,Good
RB-000332,Rift Bloom - Moiben Farm,Pink Floyd,70.0,C,25.0,320.0,8000.0,2023-07-23,2023-07-23,2023-07-25,2023-07-29,United Kingdom,Interflora Russia,USD,0.257,2056.0,AIR FREIGHT,345.7,1.7,0.0,,NAN,4.0,False,False,False,2.0,4.0,True,False,2023.0,7.0,3.0,2023.0,7.0,3.0,2023.0,2023.0,7.0,0.0,6.0,2056.0,345.7,1710.3,83.18579766536965,8000.0,8000.0,0.0,No Quality Issue,High Rejection,Good
RB-001441,Rift Bloom - Kapseret Farm,Explorer,60.0,UNKNOWN,10.0,282.0,2820.0,,2022-07-23,2022-07-24,,Australia,Local Wholesaler - Eldoret,USD,0.235,662.7,AIR FREIGHT,108.48,-0.8,0.0,,NAN,5.0,False,False,True,1.0,,False,False,,,,2022.0,7.0,3.0,2022.0,,,,,662.7,108.48,554.22,83.63060208239021,2820.0,2820.0,0.0,No Quality Issue,High Rejection,Excellent
RB-001928,Rift Bloom - Kesses Farm,High & Magic,60.0,STANDARD,20.0,318.0,6360.0,2022-12-17,2022-12-19,2022-12-20,2022-12-24,Netherlands,Blume2000,USD,0.589,3746.04,NAN,,2.3,0.0,,PENDING,4.0,False,False,False,1.0,4.0,True,False,2022.0,12.0,4.0,2022.0,12.0,4.0,2022.0,2022.0,12.0,2.0,7.0,3746.04,,,,6360.0,6360.0,0.0,No Quality Issue,High Rejection,Good
RB-001092,Rift Bloom - Kapseret Farm,Explorer,70.0,C,40.0,39.0,1560.0,2022-12-25,2022-12-26,2022-12-29,2023-02-01,The Netherlands,Blume2000,EUR,0.259,404.04,AIR FREIGHT,113.4,1.8,0.0,,PAID,4.0,False,False,False,3.0,34.0,True,False,2022.0,12.0,4.0,2022.0,12.0,4.0,2022.0,2023.0,2.0,1.0,38.0,404.04,113.4,290.64,71.93347193347192,1560.0,1560.0,0.0,No Quality Issue,High Rejection,Good
RB-001102,Rift Bloom - Ziwa Farm,Explorer,70.0,,40.0,186.0,7440.0,2022-12-14,2022-12-16,2022-12-18,2022-12-21,Poland,Carrefour Flowers,EUR,0.206,1532.64,AIR FREIGHT,1240.84,3.2,0.0,,NAN,5.0,False,False,False,2.0,3.0,True,False,2022.0,12.0,4.0,2022.0,12.0,4.0,2022.0,2022.0,12.0,2.0,7.0,1532.64,1240.84,291.8000000000002,19.039043741517915,7440.0,7440.0,0.0,No Quality Issue,High Rejection,Excellent
RB-001130,Rift Bloom - Kapseret Farm,Vendela,60.0,PREMIUM,10.0,169.0,1690.0,2025-05-27,2025-05-28,2025-05-30,2025-03-06,United Arab Emirates,M-Farm Traders,EUR,0.26,439.4,AIR FREIGHT,371.67,1.8,95.0,Petal Bruising,PAID,4.0,True,False,False,2.0,-85.0,False,False,2025.0,5.0,2.0,2025.0,5.0,2.0,2025.0,2025.0,3.0,1.0,-82.0,439.4,371.67,67.72999999999996,15.414201183431944,1690.0,1690.0,5.621301775147929,Quality Issue,High Rejection,Good
RB-000959,Rift Bloom - Ziwa Farm,High & Magic,60.0,PREMIUM,25.0,121.0,3025.0,2022-05-19,2022-05-21,2022-05-25,2022-05-26,Australia,M-Farm Traders,EUR,0.368,1113.2,AIR FREIGHT,238.37,0.7,46.0,Botrytis,NAN,4.0,False,False,False,4.0,1.0,True,False,2022.0,5.0,2.0,2022.0,5.0,2.0,2022.0,2022.0,5.0,2.0,7.0,1113.2,238.37,874.83,78.58695652173913,3025.0,3025.0,1.5206611570247934,Quality Issue,High Rejection,Good
RB-001663,Rift Bloom - Timboroa Farm,AVALANCHE,40.0,B,20.0,66.0,1320.0,2022-10-26,2022-10-28,2022-11-01,2022-07-11,Japan,Aalsmeer Direct,USD,0.409,539.88,AIR FREIGHT,560.11,1.8,0.0,,PENDING,4.0,False,False,False,4.0,-113.0,False,False,2022.0,10.0,4.0,2022.0,10.0,4.0,2022.0,2022.0,7.0,2.0,-107.0,539.88,560.11,-20.230000000000018,-3.7471289916277724,1320.0,1320.0,0.0,No Quality Issue,High Rejection,Good
RB-000560,Rift Bloom - Timboroa Farm,Cool Water,60.0,C,20.0,53.0,1060.0,2022-02-14,2022-02-15,2022-02-17,2022-02-22,France,Carrefour Flowers,EUR,0.25,265.0,NAN,111.62,1.4,0.0,,UNKNOWN,5.0,False,False,False,2.0,5.0,True,False,2022.0,2.0,1.0,2022.0,2.0,1.0,2022.0,2022.0,2.0,1.0,8.0,265.0,111.62,153.38,57.87924528301887,1060.0,1060.0,0.0,No Quality Issue,High Rejection,Excellent
RB-002858,Rift Bloom - Turbo Farm,Athena,80.0,A,20.0,279.0,5580.0,2024-11-01,2024-11-01,2024-11-03,2024-08-11,Netherlands,Local Wholesaler - Eldoret,NAN,0.386,2153.88,AIR FREIGHT,130.25,1.8,0.0,,PENDING,4.0,False,False,False,2.0,-84.0,False,False,2024.0,11.0,4.0,2024.0,11.0,4.0,2024.0,2024.0,8.0,0.0,-82.0,2153.88,130.25,2023.63,93.952773599272,5580.0,5580.0,0.0,No Quality Issue,High Rejection,Good
RB-001520,Rift Bloom - Ziwa Farm,Circus,80.0,PREMIUM,20.0,46.0,920.0,2023-11-07,2023-11-07,2023-11-08,2023-11-11,UK,FloraHolland Auction,USD,0.325,299.0,ROAD THEN AIR,109.15,2.1,0.0,,NAN,5.0,False,False,False,1.0,3.0,True,False,2023.0,11.0,4.0,2023.0,11.0,4.0,2023.0,2023.0,11.0,0.0,4.0,299.0,109.15,189.85,63.49498327759198,920.0,920.0,0.0,No Quality Issue,High Rejection,Excellent
RB-002141,Rift Bloom - Kesses Farm,High & Magic,50.0,PREMIUM,40.0,137.0,5480.0,2024-10-04,2024-04-10,2024-06-10,2024-08-10,Netherlands,FloraHolland Auction,USD,0.372,20385.6,AIR FREIGHT,128.59,2.9,0.0,,PENDING,3.0,False,False,False,61.0,61.0,True,False,2024.0,10.0,4.0,2024.0,4.0,2.0,2024.0,2024.0,8.0,-177.0,-55.0,20385.6,128.59,20257.01,99.36921160034534,5480.0,5480.0,0.0,No Quality Issue,High Rejection,Average
RB-002948,Rift Bloom - Timboroa Farm,Vendela,60.0,B,40.0,167.0,6680.0,2025-05-06,2025-06-07,2025-11-06,2025-06-14,Japan,Whole Foods Market,USD,0.263,1756.84,AIR FREIGHT,431.42,1.7,4.0,,PAID,5.0,False,False,False,152.0,-145.0,False,False,2025.0,5.0,2.0,2025.0,6.0,2.0,2025.0,2025.0,6.0,32.0,39.0,1756.84,431.42,1325.4199999999998,75.44340975842991,6680.0,6680.0,0.059880239520958084,No Quality Issue,High Rejection,Excellent
RB-002033,Rift Bloom - Kesses Farm,Tibet,-50.0,STANDARD,40.0,101.0,4040.0,2026-05-20,2026-05-22,2026-05-25,2026-05-27,United kingdom,Carrefour Flowers,KES,44.98,181719.2,AIR FREIGHT,176.65,3.8,0.0,,PAID,4.0,False,False,False,3.0,2.0,True,False,2026.0,5.0,2.0,2026.0,5.0,2.0,2026.0,2026.0,5.0,2.0,7.0,181719.2,176.65,181542.55000000002,99.90278957864662,4040.0,4040.0,0.0,No Quality Issue,High Rejection,Good
RB-002098,Rift Bloom - Ziwa Farm,Mondial,50.0,PREMIUM,40.0,171.0,6840.0,2022-03-08,2022-08-03,2022-05-08,2022-07-08,Australia,FloraHolland Auction,EUR,0.286,1956.24,AIR FREIGHT,306.69,,0.0,,OVERDUE,1.0,False,False,False,-87.0,61.0,False,False,2022.0,3.0,1.0,2022.0,8.0,3.0,2022.0,2022.0,7.0,148.0,122.0,1956.24,306.69,1649.55,84.32247576984419,6840.0,6840.0,0.0,No Quality Issue,High Rejection,Poor
RB-002889,Rift Bloom - Turbo Farm,Yellow Babe,50.0,A,25.0,47.0,1175.0,2025-01-04,2025-04-01,2025-04-04,2025-09-04,Russia,Tokyo Flower Market,USD,0.2,235.0,NAN,95.88,0.2,0.0,,OVERDUE,5.0,False,False,False,3.0,153.0,True,False,2025.0,1.0,1.0,2025.0,4.0,2.0,2025.0,2025.0,9.0,87.0,243.0,235.0,95.88,139.12,59.199999999999996,1175.0,1175.0,0.0,No Quality Issue,High Rejection,Excellent
RB-000070,Rift Bloom - Ziwa Farm,Cool Water,60.0,PREMIUM,40.0,193.0,7720.0,2022-02-22,2022-02-22,2022-02-25,2022-02-03,US,Interflora Russia,KES,46.93,362299.6,NAN,206.34,2.2,0.0,,PAID,2.0,False,False,False,3.0,-22.0,False,False,2022.0,2.0,1.0,2022.0,2.0,1.0,2022.0,2022.0,2.0,0.0,-19.0,362299.6,206.34,362093.25999999995,99.94304713557509,7720.0,7720.0,0.0,No Quality Issue,High Rejection,Poor
RB-001573,Rift Bloom - Moiben Farm,Tibet,90.0,A,10.0,66.0,660.0,2023-01-16,2023-01-16,2023-01-17,2023-01-21,UAE,Aalsmeer Direct,USD,0.271,178.86,NAN,620.21,4.9,0.0,,OVERDUE,5.0,False,False,False,1.0,4.0,True,False,2023.0,1.0,1.0,2023.0,1.0,1.0,2023.0,2023.0,1.0,0.0,5.0,178.86,620.21,-441.35,-246.75724029967574,660.0,660.0,0.0,No Quality Issue,High Rejection,Excellent
RB-000809,Rift Bloom - Moiben Farm,High & Magic,40.0,PREMIUM,20.0,105.0,2100.0,2024-12-29,2024-12-29,2025-02-01,2025-01-06,USA,Blume2000,NAN,0.2,420.0,AIR FREIGHT,222.76,1.4,0.0,,NAN,5.0,False,False,False,34.0,-26.0,False,False,2024.0,12.0,4.0,2024.0,12.0,4.0,2025.0,2025.0,1.0,0.0,8.0,420.0,222.76,197.24,46.96190476190477,2100.0,2100.0,0.0,No Quality Issue,High Rejection,Excellent
RB-000012,Rift Bloom - Turbo Farm,Freedom,50.0,C,40.0,153.0,6120.0,2023-06-13,2023-06-14,2023-06-16,2023-06-21,Australia,Carrefour Flowers,EUR,0.392,2399.04,NAN,302.48,1.7,1.0,Botrytis,PAID,5.0,False,False,False,2.0,5.0,True,False,2023.0,6.0,2.0,2023.0,6.0,2.0,2023.0,2023.0,6.0,1.0,8.0,2399.04,302.48,2096.56,87.39162331599306,6120.0,6120.0,0.01633986928104575,Quality Issue,High Rejection,Excellent
RB-002026,Rift Bloom - Timboroa Farm,Avalanche+,70.0,B,10.0,162.0,1620.0,2026-04-05,2026-05-05,2026-05-09,2026-05-11,netherlands,Interflora Russia,EUR,0.458,741.96,ROAD THEN AIR,155.09,6.8,0.0,,PAID,4.0,False,False,False,4.0,2.0,True,False,2026.0,4.0,2.0,2026.0,5.0,2.0,2026.0,2026.0,5.0,30.0,36.0,741.96,155.09,586.87,79.09725591676101,1620.0,1620.0,0.0,No Quality Issue,High Rejection,Good
RB-001452,Rift Bloom - Timboroa Farm,Vendela,60.0,B,20.0,116.0,2320.0,2024-11-19,2024-11-19,2024-11-23,2024-11-25,U.S.A,FloraHolland Auction,USD,0.372,863.04,ROAD THEN AIR,654.9,-0.4,0.0,,NAN,5.0,False,False,True,4.0,2.0,True,False,2024.0,11.0,4.0,2024.0,11.0,4.0,2024.0,2024.0,11.0,0.0,6.0,863.04,654.9,208.14,24.117074527252502,2320.0,2320.0,0.0,No Quality Issue,High Rejection,Excellent
RB-002688,Rift Bloom - Timboroa Farm,Tibet,70.0,C,20.0,87.0,1740.0,2022-06-07,2022-07-08,2022-07-09,2022-07-10,France,Whole Foods Market,USD,0.194,337.56,AIR FREIGHT,281.71,2.4,0.0,,NAN,5.0,False,False,False,1.0,1.0,True,False,2022.0,6.0,2.0,2022.0,7.0,3.0,2022.0,2022.0,7.0,31.0,33.0,337.56,281.71,55.85000000000002,16.54520677805428,1740.0,1740.0,0.0,No Quality Issue,High Rejection,Excellent
RB-000177,Rift Bloom - Timboroa Farm,Circus,60.0,PREMIUM,40.0,164.0,6560.0,2024-02-17,2024-02-18,2024-02-20,2024-02-25,Switzerland,Marks & Spencer Flowers,KES,26.65,174824.0,AIR FREIGHT,384.23,2.9,0.0,,PENDING,2.0,False,False,False,2.0,5.0,True,False,2024.0,2.0,1.0,2024.0,2.0,1.0,2024.0,2024.0,2.0,1.0,8.0,174824.0,384.23,174439.77,99.78021896307142,6560.0,6560.0,0.0,No Quality Issue,High Rejection,Poor
RB-002570,Rift Bloom - Kapseret Farm,Red Naomi,70.0,B,20.0,173.0,3460.0,,,2022-03-06,2022-03-08,Holland,FloraHolland Auction,USD,0.544,1882.24,AIR FREIGHT,379.81,1.0,0.0,,OVERDUE,5.0,False,False,False,,2.0,False,False,,,,,,,2022.0,2022.0,3.0,,,1882.24,379.81,1502.43,79.82138303298198,3460.0,3460.0,0.0,No Quality Issue,High Rejection,Excellent
RB-001665,Rift Bloom - Moiben Farm,Peach Avalanche,50.0,A,20.0,71.0,1420.0,2024-10-27,2024-10-29,2024-01-11,2024-07-11,United Arab Emirates,Whole Foods Market,EUR,0.524,744.08,AIR FREIGHT,186.03,1.3,0.0,,PENDING,4.0,False,False,False,-292.0,182.0,False,False,2024.0,10.0,4.0,2024.0,10.0,4.0,2024.0,2024.0,7.0,2.0,-108.0,744.08,186.03,558.0500000000001,74.99865605848835,1420.0,1420.0,0.0,No Quality Issue,High Rejection,Good
RB-002192,Rift Bloom - Turbo Farm,Sweetness,50.0,C,10.0,174.0,1740.0,2024-11-05,2024-05-13,2024-05-17,2024-05-18,USA,Dubai Flower Centre,EUR,0.3,522.0,AIR FREIGHT,63.47,2.7,0.0,,PENDING,3.0,False,False,False,4.0,1.0,True,False,2024.0,11.0,4.0,2024.0,5.0,2.0,2024.0,2024.0,5.0,-176.0,-171.0,522.0,63.47,458.53,87.84099616858238,1740.0,1740.0,0.0,No Quality Issue,High Rejection,Average
RB-001791,Rift Bloom - Kesses Farm,Red Naomi,80.0,A,40.0,127.0,5080.0,2025-09-28,2025-09-28,2025-09-30,2025-05-10,usa,Blume2000,USD,0.44,2235.2,AIR FREIGHT,383.06,3.6,0.0,,PAID,4.0,False,False,False,2.0,-143.0,False,False,2025.0,9.0,3.0,2025.0,9.0,3.0,2025.0,2025.0,5.0,0.0,-141.0,2235.2,383.06,1852.1399999999999,82.86238367931281,5080.0,5080.0,0.0,No Quality Issue,High Rejection,Good
RB-002661,Rift Bloom - Timboroa Farm,Mondial,90.0,A,10.0,183.0,1830.0,2023-07-31,2023-01-08,2023-08-03,2023-08-05,Switzerland,Carrefour Flowers,EUR,0.355,649.65,AIR FREIGHT,32.22,1.0,0.0,,PENDING,5.0,False,False,False,207.0,2.0,True,False,2023.0,7.0,3.0,2023.0,1.0,1.0,2023.0,2023.0,8.0,-204.0,5.0,649.65,32.22,617.43,95.0404063726622,1830.0,1830.0,0.0,No Quality Issue,High Rejection,Excellent
RB-000157,Rift Bloom - Timboroa Farm,Circus,70.0,PREMIUM,10.0,44.0,440.0,2025-05-30,2025-06-01,2025-06-04,2025-06-05,Japan,Dubai Flower Centre,USD,0.251,110.44,AIR FREIGHT,310.14,1.2,0.0,,PAID,4.0,False,False,False,3.0,1.0,True,False,2025.0,5.0,2.0,2025.0,6.0,2.0,2025.0,2025.0,6.0,2.0,6.0,110.44,310.14,-199.7,-180.82216588192682,440.0,440.0,0.0,No Quality Issue,High Rejection,Good
RB-002588,Rift Bloom - Moiben Farm,Sweetness,60.0,B,40.0,95.0,3800.0,2026-07-14,,2026-07-19,2026-07-21,Russia,Marks & Spencer Flowers,USD,0.23,874.0,AIR FREIGHT,298.57,1.9,0.0,,NAN,5.0,False,False,False,,2.0,False,False,2026.0,7.0,3.0,,,,2026.0,2026.0,7.0,,7.0,874.0,298.57,575.4300000000001,65.83867276887872,3800.0,3800.0,0.0,No Quality Issue,High Rejection,Excellent
RB-001461,Rift Bloom - Turbo Farm,Vendela,80.0,STANDARD,20.0,142.0,2840.0,2025-08-12,2025-12-08,2025-08-15,2025-08-21,Russia,Carrefour Flowers,EUR,0.332,942.88,AIR FREIGHT,224.14,2.1,0.0,,PAID,5.0,False,False,False,-115.0,6.0,False,False,2025.0,8.0,3.0,2025.0,12.0,4.0,2025.0,2025.0,8.0,118.0,9.0,942.88,224.14,718.74,76.22815204479892,2840.0,2840.0,0.0,No Quality Issue,High Rejection,Excellent
RB-001851,Rift Bloom - Moiben Farm,Circus,90.0,B,40.0,143.0,5720.0,2026-11-01,2026-01-13,2026-01-15,2026-01-19,Germany,Aalsmeer Direct,UNKNOWN,0.557,3186.04,ROAD THEN AIR,526.79,0.6,0.0,,PAID,4.0,False,False,False,2.0,4.0,True,False,2026.0,11.0,4.0,2026.0,1.0,1.0,2026.0,2026.0,1.0,-292.0,-286.0,3186.04,526.79,2659.25,83.46568153569949,5720.0,5720.0,0.0,No Quality Issue,High Rejection,Good
RB-002510,Rift Bloom - Moiben Farm,Red Naomi,60.0,B,25.0,189.0,4725.0,2022-07-11,2022-12-07,2022-07-15,2022-07-21,Russia,Carrefour Flowers,NAN,0.435,2055.38,AIR FREIGHT,375.02,,0.0,,PENDING,5.0,False,False,False,-145.0,6.0,False,False,2022.0,7.0,3.0,2022.0,12.0,4.0,2022.0,2022.0,7.0,149.0,10.0,2055.38,375.02,1680.3600000000001,81.75422549601534,4725.0,4725.0,0.0,No Quality Issue,High Rejection,Excellent
RB-002625,Rift Bloom - Kapseret Farm,Pink Floyd,70.0,B,25.0,92.0,2300.0,2023-06-24,2023-06-24,2023-06-27,2023-02-07,Australia,Bloomon BV,EUR,0.264,607.2,AIR FREIGHT,565.99,2.7,0.0,,OVERDUE,2.0,False,False,False,3.0,-140.0,False,False,2023.0,6.0,2.0,2023.0,6.0,2.0,2023.0,2023.0,2.0,0.0,-137.0,607.2,565.99,41.210000000000036,6.786890645586303,2300.0,2300.0,0.0,No Quality Issue,High Rejection,Poor
RB-001186,Rift Bloom - Kesses Farm,Explorer,80.0,A,20.0,70.0,1400.0,2023-06-01,2023-01-07,2023-01-10,2023-01-13,United Arab Emirates,FloraHolland Auction,EUR,0.565,791.0,AIR FREIGHT,,3.2,36.0,Bud Blast,PAID,4.0,False,False,False,3.0,3.0,True,False,2023.0,6.0,2.0,2023.0,1.0,1.0,2023.0,2023.0,1.0,-145.0,-139.0,791.0,,,,1400.0,1400.0,2.571428571428571,Quality Issue,High Rejection,Good
RB-001007,Rift Bloom - Moiben Farm,Yellow Babe,40.0,B,10.0,93.0,930.0,2024-02-22,2024-02-23,2024-02-25,2024-02-03,Germany,Bloomon BV,KES,69.94,65044.2,AIR FREIGHT,795.39,0.3,0.0,,PENDING,5.0,False,False,False,2.0,-22.0,False,False,2024.0,2.0,1.0,2024.0,2.0,1.0,2024.0,2024.0,2.0,1.0,-19.0,65044.2,795.39,64248.81,98.77715461178707,930.0,930.0,0.0,No Quality Issue,High Rejection,Excellent
RB-000561,Rift Bloom - Timboroa Farm,Yellow Babe,70.0,PREMIUM,25.0,133.0,3325.0,2024-05-01,2024-07-01,2024-08-01,2024-01-09,Norway,Dubai Flower Centre,UNKNOWN,0.446,1482.95,AIR FREIGHT,541.74,2.4,0.0,,PAID,4.0,False,False,False,31.0,-205.0,False,False,2024.0,5.0,2.0,2024.0,7.0,3.0,2024.0,2024.0,1.0,61.0,-113.0,1482.95,541.74,941.21,63.46876159007384,3325.0,3325.0,0.0,No Quality Issue,High Rejection,Good
RB-002257,Rift Bloom - Kapseret Farm,Athena,50.0,B,40.0,92.0,3680.0,2022-11-28,,2022-12-02,2022-12-04,Japan,Carrefour Flowers,USD,0.432,1589.76,AIR FREIGHT,210.04,,31.0,,PAID,4.0,False,False,False,,2.0,False,False,2022.0,11.0,4.0,,,,2022.0,2022.0,12.0,,6.0,1589.76,210.04,1379.72,86.78794283413849,3680.0,3680.0,0.842391304347826,No Quality Issue,High Rejection,Good
RB-000911,Rift Bloom - Kesses Farm,Explorer,70.0,C,10.0,97.0,970.0,2023-02-08,2023-08-03,2023-06-08,2023-11-08,Japan,Whole Foods Market,KES,40.82,39595.4,AIR FREIGHT,82.42,2.4,22.0,Wilting,PENDING,4.0,False,False,False,-56.0,153.0,False,False,2023.0,2.0,1.0,2023.0,8.0,3.0,2023.0,2023.0,11.0,176.0,273.0,39595.4,82.42,39512.98,99.79184450719023,970.0,970.0,2.268041237113402,Quality Issue,High Rejection,Good
RB-001312,Rift Bloom - Turbo Farm,red naomi,60.0,PREMIUM,20.0,89.0,1780.0,,2022-10-27,2022-10-28,2022-10-30,Norway,Blume2000,KES,30.29,53916.2,AIR FREIGHT,173.64,1.6,0.0,,PENDING,5.0,False,False,False,1.0,2.0,True,False,,,,2022.0,10.0,4.0,2022.0,2022.0,10.0,,,53916.2,173.64,53742.56,99.67794466227218,1780.0,1780.0,0.0,No Quality Issue,High Rejection,Excellent
RB-002050,Rift Bloom - Ziwa Farm,Cool Water,50.0,A,20.0,175.0,3500.0,2023-06-07,2023-07-06,2023-07-10,2023-11-07,France,Local Wholesaler - Eldoret,UNKNOWN,0.543,1900.5,AIR FREIGHT,53.85,1.6,0.0,,PAID,3.0,False,False,False,4.0,120.0,True,False,2023.0,6.0,2.0,2023.0,7.0,3.0,2023.0,2023.0,11.0,29.0,153.0,1900.5,53.85,1846.65,97.16653512233623,3500.0,3500.0,0.0,No Quality Issue,High Rejection,Average
RB-000270,Rift Bloom - Kesses Farm,Tibet,50.0,PREMIUM,40.0,171.0,6840.0,2025-10-02,2025-12-02,2025-02-16,2025-02-17,United Kingdom,Marks & Spencer Flowers,USD,0.3,2052.0,AIR FREIGHT,,1.1,0.0,,NAN,3.0,False,False,False,-289.0,1.0,False,False,2025.0,10.0,4.0,2025.0,12.0,4.0,2025.0,2025.0,2.0,61.0,-227.0,2052.0,,,,6840.0,6840.0,0.0,No Quality Issue,High Rejection,Average
RB-001994,Rift Bloom - Moiben Farm,Peach Avalanche,80.0,B,10.0,133.0,1330.0,2023-12-26,2023-12-26,2023-12-29,2024-02-01,U.A.E,Interflora Russia,USD,0.381,506.73,AIR FREIGHT,,4.3,0.0,,OVERDUE,4.0,False,False,False,3.0,34.0,True,False,2023.0,12.0,4.0,2023.0,12.0,4.0,2023.0,2024.0,2.0,0.0,37.0,506.73,,,,1330.0,1330.0,0.0,No Quality Issue,High Rejection,Good
RB-000266,Rift Bloom - Moiben Farm,Explorer,90.0,C,20.0,166.0,3320.0,2023-12-31,2023-12-31,2024-01-01,2024-01-06,U.K.,Aalsmeer Direct,USD,0.229,760.28,ROAD THEN AIR,322.58,-0.3,0.0,,PAID,5.0,False,False,True,1.0,5.0,True,False,2023.0,12.0,4.0,2023.0,12.0,4.0,2024.0,2024.0,1.0,0.0,6.0,760.28,322.58,437.7,57.57089493344557,3320.0,3320.0,0.0,No Quality Issue,High Rejection,Excellent
RB-000915,Rift Bloom - Turbo Farm,Red Naomi,70.0,,20.0,45.0,900.0,2025-10-04,2025-12-04,2025-04-14,2025-04-16,United Kingdom,Dubai Flower Centre,EUR,0.217,195.3,AIR FREIGHT,,2.5,29.0,Undersized Stems,NAN,4.0,False,False,False,-234.0,2.0,False,False,2025.0,10.0,4.0,2025.0,12.0,4.0,2025.0,2025.0,4.0,61.0,-171.0,195.3,,,,900.0,900.0,3.2222222222222223,Quality Issue,High Rejection,Good
RB-002279,Rift Bloom - Kesses Farm,red naomi,70.0,C,10.0,119.0,1190.0,2024-03-01,2024-03-03,2024-07-03,2024-03-08,United Kingdom,Whole Foods Market,USD,0.562,668.78,ROAD THEN AIR,208.45,4.0,0.0,,NAN,4.0,False,False,False,122.0,-117.0,False,False,2024.0,3.0,1.0,2024.0,3.0,1.0,2024.0,2024.0,3.0,2.0,7.0,668.78,208.45,460.33,68.83130476389844,1190.0,1190.0,0.0,No Quality Issue,High Rejection,Good
RB-002232,Rift Bloom - Timboroa Farm,Pink Floyd,60.0,PREMIUM,10.0,169.0,1690.0,2025-10-11,2025-10-11,2025-11-13,2025-11-14,Japan,Tokyo Flower Market,USD,0.262,442.78,AIR FREIGHT,77.62,-0.6,0.0,,PAID,5.0,False,False,True,33.0,1.0,True,False,2025.0,10.0,4.0,2025.0,10.0,4.0,2025.0,2025.0,11.0,0.0,34.0,442.78,77.62,365.15999999999997,82.4698495867022,1690.0,1690.0,0.0,No Quality Issue,High Rejection,Excellent
RB-001950,Rift Bloom - Turbo Farm,Yellow Babe,50.0,B,10.0,89.0,890.0,2023-11-06,2023-07-11,2023-11-09,2023-11-13,Germany,Carrefour Flowers,KES,48.49,43156.1,NAN,479.95,1.7,0.0,,PENDING,5.0,False,False,False,121.0,4.0,True,False,2023.0,11.0,4.0,2023.0,7.0,3.0,2023.0,2023.0,11.0,-118.0,7.0,43156.1,479.95,42676.15,98.88787448356085,890.0,890.0,0.0,No Quality Issue,High Rejection,Excellent
RB-002094,Rift Bloom - Timboroa Farm,Cool Water,70.0,PREMIUM,10.0,100.0,1000.0,2022-08-22,2022-08-22,2022-08-24,2022-08-28,Norway,Marks & Spencer Flowers,USD,0.289,289.0,AIR FREIGHT,681.2,3.3,27.0,Petal Bruising,PAID,5.0,False,False,False,2.0,4.0,True,False,2022.0,8.0,3.0,2022.0,8.0,3.0,2022.0,2022.0,8.0,0.0,6.0,289.0,681.2,-392.20000000000005,-135.70934256055364,1000.0,1000.0,2.7,Quality Issue,High Rejection,Excellent
RB-002447,Rift Bloom - Timboroa Farm,Circus,60.0,B,10.0,44.0,440.0,2025-03-18,2025-03-18,2025-03-21,2025-03-22,France,Marks & Spencer Flowers,EUR,0.45,198.0,AIR FREIGHT,,3.0,0.0,,PENDING,5.0,False,False,False,3.0,1.0,True,False,2025.0,3.0,1.0,2025.0,3.0,1.0,2025.0,2025.0,3.0,0.0,4.0,198.0,,,,440.0,440.0,0.0,No Quality Issue,High Rejection,Excellent
RB-001653,Rift Bloom - Timboroa Farm,FREEDOM,60.0,,40.0,73.0,2920.0,2026-01-27,2026-01-28,2026-01-31,2026-04-02,usa,Dubai Flower Centre,USD,0.392,1144.64,AIR FREIGHT,116.45,1.1,26.0,Cold Chain Break,OVERDUE,3.0,False,False,False,3.0,61.0,True,False,2026.0,1.0,1.0,2026.0,1.0,1.0,2026.0,2026.0,4.0,1.0,65.0,1144.64,116.45,1028.19,89.82649566675985,2920.0,2920.0,0.8904109589041096,Quality Issue,High Rejection,Average
RB-001961,Rift Bloom - Kesses Farm,Cool Water,50.0,A,25.0,103.0,2575.0,2024-07-16,2024-07-17,2024-07-20,2024-07-23,Poland,Dubai Flower Centre,USD,0.359,924.42,AIR FREIGHT,49.58,1.0,0.0,,NAN,4.0,False,False,False,3.0,3.0,True,False,2024.0,7.0,3.0,2024.0,7.0,3.0,2024.0,2024.0,7.0,1.0,7.0,924.42,49.58,874.8399999999999,94.63663702645982,2575.0,2575.0,0.0,No Quality Issue,High Rejection,Good
RB-000046,Rift Bloom - Kesses Farm,Vendela,0.0,,25.0,102.0,2550.0,2023-03-05,2023-03-07,2023-09-03,2023-03-13,Australia,Bloomon BV,NAN,0.517,1318.35,AIR FREIGHT,281.0,,0.0,,OVERDUE,5.0,False,False,False,180.0,-174.0,False,False,2023.0,3.0,1.0,2023.0,3.0,1.0,2023.0,2023.0,3.0,2.0,8.0,1318.35,281.0,1037.35,78.68547805969584,2550.0,2550.0,0.0,No Quality Issue,High Rejection,Excellent
RB-002776,Rift Bloom - Ziwa Farm,Cool Water,70.0,STANDARD,20.0,232.0,4640.0,2024-08-18,2024-08-20,2024-08-23,2024-08-28,Japan,FloraHolland Auction,KES,51.87,240676.8,AIR FREIGHT,648.06,1.6,0.0,,PENDING,5.0,False,False,False,3.0,5.0,True,False,2024.0,8.0,3.0,2024.0,8.0,3.0,2024.0,2024.0,8.0,2.0,10.0,240676.8,648.06,240028.74,99.73073432919168,4640.0,4640.0,0.0,No Quality Issue,High Rejection,Excellent
RB-002678,Rift Bloom - Ziwa Farm,Mondial,60.0,A,10.0,269.0,2690.0,2024-05-07,2024-06-07,2024-07-07,2024-10-07,Germany,Local Wholesaler - Eldoret,USD,0.152,408.88,AIR FREIGHT,365.61,0.3,0.0,,NAN,4.0,False,False,False,30.0,92.0,True,False,2024.0,5.0,2.0,2024.0,6.0,2.0,2024.0,2024.0,10.0,31.0,153.0,408.88,365.61,43.26999999999998,10.58256701232635,2690.0,2690.0,0.0,No Quality Issue,High Rejection,Good
RB-000289,Rift Bloom - Moiben Farm,Sweetness,60.0,STANDARD,40.0,154.0,6160.0,2026-05-05,2026-05-05,2026-06-05,2026-09-05,Norway,FloraHolland Auction,USD,0.411,2531.76,AIR FREIGHT,300.32,1.9,0.0,,NAN,4.0,False,False,False,31.0,92.0,True,False,2026.0,5.0,2.0,2026.0,5.0,2.0,2026.0,2026.0,9.0,0.0,123.0,2531.76,300.32,2231.44,88.13789616709325,6160.0,6160.0,0.0,No Quality Issue,High Rejection,Good
RB-000576,Rift Bloom - Moiben Farm,Peach Avalanche,40.0,PREMIUM,10.0,25.0,250.0,2024-07-30,2024-01-08,2024-08-05,2024-08-10,Japan,Marks & Spencer Flowers,EUR,0.285,71.25,AIR FREIGHT,548.15,0.0,0.0,,OVERDUE,3.0,False,False,False,210.0,5.0,True,False,2024.0,7.0,3.0,2024.0,1.0,1.0,2024.0,2024.0,8.0,-204.0,11.0,71.25,548.15,-476.9,-669.3333333333334,250.0,250.0,0.0,No Quality Issue,High Rejection,Average
RB-000851,Rift Bloom - Ziwa Farm,Tibet,80.0,STANDARD,20.0,116.0,2320.0,2025-12-23,2025-12-25,2025-12-29,2026-01-04,France,FloraHolland Auction,NAN,0.263,610.16,AIR FREIGHT,189.0,2.9,0.0,,NAN,5.0,False,False,False,4.0,6.0,True,False,2025.0,12.0,4.0,2025.0,12.0,4.0,2025.0,2026.0,1.0,2.0,12.0,610.16,189.0,421.15999999999997,69.02451815917136,2320.0,2320.0,0.0,No Quality Issue,High Rejection,Excellent
RB-000912,Rift Bloom - Timboroa Farm,Yellow Babe,50.0,PREMIUM,40.0,86.0,3440.0,2024-10-13,,2024-10-19,2024-10-21,United Kingdom,Aalsmeer Direct,UNKNOWN,0.221,760.24,AIR FREIGHT,173.36,2.9,0.0,,NAN,5.0,False,False,False,,2.0,False,False,2024.0,10.0,4.0,,,,2024.0,2024.0,10.0,,8.0,760.24,173.36,586.88,77.19667473429443,3440.0,3440.0,0.0,No Quality Issue,High Rejection,Excellent
RB-001834,Rift Bloom - Timboroa Farm,Athena,60.0,A,10.0,92.0,920.0,2022-06-06,2022-08-06,2022-10-06,2022-06-11,Norway,FloraHolland Auction,EUR,0.383,352.36,AIR FREIGHT,436.94,2.6,0.0,,PAID,4.0,False,False,False,61.0,-117.0,False,False,2022.0,6.0,2.0,2022.0,8.0,3.0,2022.0,2022.0,6.0,61.0,5.0,352.36,436.94,-84.57999999999998,-24.003859688954474,920.0,920.0,0.0,No Quality Issue,High Rejection,Good
RB-001723,Rift Bloom - Kapseret Farm,avalanche,50.0,A,10.0,142.0,1420.0,2025-05-13,2025-05-15,2025-05-19,2025-05-24,United Kingdom,FloraHolland Auction,UNKNOWN,0.504,715.68,UNKNOWN,289.33,4.2,0.0,,PENDING,4.0,False,False,False,4.0,5.0,True,False,2025.0,5.0,2.0,2025.0,5.0,2.0,2025.0,2025.0,5.0,2.0,11.0,715.68,289.33,426.34999999999997,59.57271406215068,1420.0,1420.0,0.0,No Quality Issue,High Rejection,Good
RB-002134,Rift Bloom - Timboroa Farm,Cool Water,70.0,A,20.0,172.0,3440.0,2024-09-27,2024-09-28,2024-09-29,2024-09-30,United Arab Emirates,Tokyo Flower Market,NAN,0.406,1396.64,ROAD THEN AIR,559.58,,0.0,,OVERDUE,5.0,False,False,False,1.0,1.0,True,False,2024.0,9.0,3.0,2024.0,9.0,3.0,2024.0,2024.0,9.0,1.0,3.0,1396.64,559.58,837.0600000000001,59.93384121892542,3440.0,3440.0,0.0,No Quality Issue,High Rejection,Excellent
RB-001736,Rift Bloom - Kesses Farm,Yellow Babe,40.0,A,40.0,117.0,4680.0,2025-03-22,2025-03-22,2025-03-24,2025-03-30,United Kingdom,Bloomon BV,USD,0.326,1525.68,AIR FREIGHT,334.23,1.5,0.0,,NAN,5.0,False,False,False,2.0,6.0,True,False,2025.0,3.0,1.0,2025.0,3.0,1.0,2025.0,2025.0,3.0,0.0,8.0,1525.68,334.23,1191.45,78.09304703476482,4680.0,4680.0,0.0,No Quality Issue,High Rejection,Excellent
RB-000933,rift bloom turbo farm,red naomi,60.0,A,40.0,119.0,4760.0,2024-03-18,2024-03-19,2024-03-20,2024-03-24,Poland,Dubai Flower Centre,USD,0.178,847.28,AIR FREIGHT,220.1,3.3,0.0,,NAN,4.0,False,False,False,1.0,4.0,True,False,2024.0,3.0,1.0,2024.0,3.0,1.0,2024.0,2024.0,3.0,1.0,6.0,847.28,220.1,627.18,74.02275516948352,4760.0,4760.0,0.0,No Quality Issue,High Rejection,Good
RB-001101,Rift Bloom - Moiben Farm,Explorer,40.0,PREMIUM,40.0,143.0,5720.0,2026-04-23,2026-04-23,2026-04-27,2026-01-05,Norway,Interflora Russia,NAN,0.351,2007.72,NAN,105.05,2.1,0.0,,NAN,4.0,False,False,False,4.0,-112.0,False,False,2026.0,4.0,2.0,2026.0,4.0,2.0,2026.0,2026.0,1.0,0.0,-108.0,2007.72,105.05,1902.67,94.76769669077362,5720.0,5720.0,0.0,No Quality Issue,High Rejection,Good
RB-001844,Rift Bloom - Moiben Farm,Explorer,70.0,B,10.0,17.0,170.0,2022-04-13,2022-04-15,2022-04-19,2022-04-25,United Arab Emirates,Whole Foods Market,EUR,0.131,22.27,AIR FREIGHT,372.91,-0.6,0.0,,PAID,4.0,False,False,True,4.0,6.0,True,False,2022.0,4.0,2.0,2022.0,4.0,2.0,2022.0,2022.0,4.0,2.0,12.0,22.27,372.91,-350.64000000000004,-1574.4948361023803,170.0,170.0,0.0,No Quality Issue,High Rejection,Good
RB-001849,Rift Bloom - Turbo Farm,Yellow Babe,80.0,A,25.0,53.0,1325.0,2025-04-06,2025-06-05,2025-08-06,2025-06-10,Russia,Interflora Russia,USD,0.332,439.9,AIR FREIGHT,96.45,2.5,0.0,,PAID,4.0,False,False,False,62.0,-57.0,False,False,2025.0,4.0,2.0,2025.0,6.0,2.0,2025.0,2025.0,6.0,60.0,65.0,439.9,96.45,343.45,78.07456240054557,1325.0,1325.0,0.0,No Quality Issue,High Rejection,Good
RB-002525,Rift Bloom - Kapseret Farm,Freedom,-50.0,A,25.0,103.0,2575.0,2024-10-18,2024-10-20,2024-10-24,2024-10-30,Russia,Bloomon BV,USD,0.494,1272.05,NAN,360.97,1.5,7.0,Undersized Stems,PENDING,4.0,False,False,False,4.0,6.0,True,False,2024.0,10.0,4.0,2024.0,10.0,4.0,2024.0,2024.0,10.0,2.0,12.0,1272.05,360.97,911.0799999999999,71.62297079517315,2575.0,2575.0,0.27184466019417475,Quality Issue,High Rejection,Good
RB-001695,Rift Bloom - Turbo Farm,Peach Avalanche,60.0,PREMIUM,25.0,46.0,1150.0,2022-04-16,2022-04-16,2022-04-17,2022-04-21,Switzerland,Marks & Spencer Flowers,EUR,0.064,73.6,AIR FREIGHT,46.46,2.7,0.0,,PAID,4.0,False,False,False,1.0,4.0,True,False,2022.0,4.0,2.0,2022.0,4.0,2.0,2022.0,2022.0,4.0,0.0,5.0,73.6,46.46,27.139999999999993,36.875,1150.0,1150.0,0.0,No Quality Issue,High Rejection,Good
RB-000470,Rift Bloom - Moiben Farm,Vendela,-50.0,B,25.0,298.0,7450.0,2025-03-22,2025-03-22,2025-03-23,,Poland,Aalsmeer Direct,KES,36.4,271180.0,ROAD THEN AIR,477.28,0.6,0.0,,PAID,4.0,False,False,False,1.0,,False,False,2025.0,3.0,1.0,2025.0,3.0,1.0,2025.0,,,0.0,,271180.0,477.28,270702.72,99.82399881997196,7450.0,7450.0,0.0,No Quality Issue,High Rejection,Good
RB-002274,Rift Bloom - Turbo Farm,Red Naomi,40.0,A,25.0,94.0,2350.0,2024-03-15,2024-03-16,2024-03-19,2024-03-25,Netherlands,M-Farm Traders,USD,0.167,392.45,AIR FREIGHT,285.24,,0.0,,PAID,4.0,False,False,False,3.0,6.0,True,False,2024.0,3.0,1.0,2024.0,3.0,1.0,2024.0,2024.0,3.0,1.0,10.0,392.45,285.24,107.20999999999998,27.318129698050704,2350.0,2350.0,0.0,No Quality Issue,High Rejection,Good
RB-002823,Rift Bloom - Turbo Farm,Explorer,80.0,B,25.0,110.0,2750.0,2026-07-17,2026-07-17,2026-07-18,2026-07-23,Japan,M-Farm Traders,EUR,0.446,1226.5,AIR FREIGHT,560.31,3.3,0.0,,OVERDUE,4.0,False,False,False,1.0,5.0,True,False,2026.0,7.0,3.0,2026.0,7.0,3.0,2026.0,2026.0,7.0,0.0,6.0,1226.5,560.31,666.19,54.31634732980025,2750.0,2750.0,0.0,No Quality Issue,High Rejection,Good
RB-002380,Rift Bloom - Moiben Farm,Circus,50.0,,20.0,121.0,2420.0,2026-07-19,2026-07-20,,2026-07-25,Switzerland,Dubai Flower Centre,USD,0.256,619.52,AIR FREIGHT,458.17,3.3,0.0,,PAID,2.0,False,False,False,,,False,False,2026.0,7.0,3.0,2026.0,7.0,3.0,,2026.0,7.0,1.0,6.0,619.52,458.17,161.34999999999997,26.044356921487598,2420.0,2420.0,0.0,No Quality Issue,High Rejection,Poor
RB-000234,Rift Bloom - Turbo Farm,High & Magic,70.0,,20.0,221.0,4420.0,,2024-04-27,,2024-02-05,Norway,Carrefour Flowers,EUR,0.314,1387.88,AIR FREIGHT,474.66,0.9,0.0,,PENDING,5.0,False,False,False,,,False,False,,,,2024.0,4.0,2.0,,2024.0,2.0,,,1387.88,474.66,913.22,65.79963685621235,4420.0,4420.0,0.0,No Quality Issue,High Rejection,Excellent
RB-002524,Rift Bloom - Kapseret Farm,Vendela,60.0,PREMIUM,25.0,75.0,1875.0,2026-01-26,2026-01-28,2026-01-02,2026-02-05,Australia,Dubai Flower Centre,NAN,0.409,766.88,AIR FREIGHT,602.79,0.7,6.0,,PENDING,5.0,False,False,False,-26.0,34.0,False,False,2026.0,1.0,1.0,2026.0,1.0,1.0,2026.0,2026.0,2.0,2.0,10.0,766.88,602.79,164.09000000000003,21.397089505528903,1875.0,1875.0,0.32,No Quality Issue,High Rejection,Excellent
RB-000882,Rift Bloom - Moiben Farm,RedNaomi,60.0,B,40.0,224.0,8960.0,2022-01-14,2022-01-14,2022-01-17,2022-01-23,uk,Interflora Russia,EUR,0.392,3512.32,AIR FREIGHT,416.44,1.5,0.0,,PAID,4.0,False,False,False,3.0,6.0,True,False,2022.0,1.0,1.0,2022.0,1.0,1.0,2022.0,2022.0,1.0,0.0,9.0,3512.32,416.44,3095.88,88.14344934402332,8960.0,8960.0,0.0,No Quality Issue,High Rejection,Good
RB-002648,Rift Bloom - Turbo Farm,Peach Avalanche,70.0,B,20.0,110.0,2200.0,2022-09-10,2022-10-09,2022-12-10,2022-10-15,Russia,Aalsmeer Direct,USD,0.242,532.4,AIR FREIGHT,311.94,0.3,0.0,,PAID,5.0,False,False,False,62.0,-56.0,False,False,2022.0,9.0,3.0,2022.0,10.0,4.0,2022.0,2022.0,10.0,29.0,35.0,532.4,311.94,220.45999999999998,41.40871525169046,2200.0,2200.0,0.0,No Quality Issue,High Rejection,Excellent
RB-001712,Rift Bloom - Ziwa Farm,High & Magic,500.0,PREMIUM,20.0,108.0,2160.0,2024-06-30,2024-06-30,2024-03-07,2024-09-07,Poland,Aalsmeer Direct,EUR,0.314,678.24,ROAD THEN AIR,588.42,3.4,0.0,,PENDING,4.0,False,False,False,-115.0,184.0,False,False,2024.0,6.0,2.0,2024.0,6.0,2.0,2024.0,2024.0,9.0,0.0,69.0,678.24,588.42,89.82000000000005,13.243099787685782,2160.0,2160.0,0.0,No Quality Issue,High Rejection,Good
RB-000183,Rift Bloom - Ziwa Farm,High & Magic,80.0,A,40.0,155.0,6200.0,2026-02-06,2026-08-02,2026-02-12,2026-02-14,Australia,Marks & Spencer Flowers,EUR,0.469,2907.8,AIR FREIGHT,164.69,0.1,0.0,,OVERDUE,5.0,False,False,False,-171.0,2.0,False,False,2026.0,2.0,1.0,2026.0,8.0,3.0,2026.0,2026.0,2.0,177.0,8.0,2907.8,164.69,2743.11,94.3362679689112,6200.0,6200.0,0.0,No Quality Issue,High Rejection,Excellent
RB-000989,Rift Bloom - Timboroa Farm,Tibet,70.0,C,10.0,150.0,1500.0,2025-01-26,2025-01-28,2025-01-29,2025-02-02,UAE,FloraHolland Auction,NAN,0.355,532.5,AIR FREIGHT,135.98,,7.0,Cold Chain Break,NAN,5.0,False,False,False,1.0,4.0,True,False,2025.0,1.0,1.0,2025.0,1.0,1.0,2025.0,2025.0,2.0,2.0,7.0,532.5,135.98,396.52,74.46384976525822,1500.0,1500.0,0.46666666666666673,Quality Issue,High Rejection,Excellent
RB-001642,Rift Bloom - Ziwa Farm,Explorer,70.0,PREMIUM,25.0,203.0,5075.0,2024-09-21,2024-09-21,2024-09-24,2024-09-26,Germany,Carrefour Flowers,KES,99.97,507347.75,UNKNOWN,200.31,1.2,0.0,,PENDING,5.0,False,False,False,3.0,2.0,True,False,2024.0,9.0,3.0,2024.0,9.0,3.0,2024.0,2024.0,9.0,0.0,5.0,507347.75,200.31,507147.44,99.9605182047225,5075.0,5075.0,0.0,No Quality Issue,High Rejection,Excellent
RB-001357,Rift Bloom - Ziwa Farm,Freedom,50.0,UNKNOWN,25.0,84.0,2100.0,2022-01-18,2022-01-18,2022-01-19,2022-01-22,USA,Dubai Flower Centre,EUR,0.344,722.4,ROAD THEN AIR,407.2,0.6,0.0,,PAID,5.0,False,False,False,1.0,3.0,True,False,2022.0,1.0,1.0,2022.0,1.0,1.0,2022.0,2022.0,1.0,0.0,4.0,722.4,407.2,315.2,43.63233665559247,2100.0,2100.0,0.0,No Quality Issue,High Rejection,Excellent
RB-001463,Rift Bloom - Ziwa Farm,Explorer,70.0,B,25.0,68.0,1700.0,2025-05-19,2025-05-19,2025-05-22,2025-05-27,Japan,Aalsmeer Direct,EUR,0.255,433.5,AIR FREIGHT,280.35,2.0,0.0,,PAID,5.0,False,False,False,3.0,5.0,True,False,2025.0,5.0,2.0,2025.0,5.0,2.0,2025.0,2025.0,5.0,0.0,8.0,433.5,280.35,153.14999999999998,35.32871972318339,1700.0,1700.0,0.0,No Quality Issue,High Rejection,Excellent
RB-001259,Rift Bloom - Turbo Farm,Sweetness,90.0,PREMIUM,10.0,61.0,610.0,2022-09-20,2022-09-22,2022-09-23,2022-09-28,Norway,FloraHolland Auction,EUR,0.464,283.04,AIR FREIGHT,917.61,1.0,0.0,,PENDING,5.0,False,False,False,1.0,5.0,True,False,2022.0,9.0,3.0,2022.0,9.0,3.0,2022.0,2022.0,9.0,2.0,8.0,283.04,917.61,-634.5699999999999,-224.19799321650643,610.0,610.0,0.0,No Quality Issue,High Rejection,Excellent
RB-000611,Rift Bloom - Ziwa Farm,Freedom,70.0,C,20.0,55.0,1100.0,2023-09-26,2023-09-27,2023-09-29,2023-10-05,Japan,Whole Foods Market,USD,0.328,360.8,ROAD THEN AIR,305.19,2.2,0.0,,PAID,3.0,True,False,False,2.0,6.0,True,False,2023.0,9.0,3.0,2023.0,9.0,3.0,2023.0,2023.0,10.0,1.0,9.0,360.8,305.19,55.610000000000014,15.412971175166302,1100.0,1100.0,0.0,No Quality Issue,High Rejection,Average
RB-002546,Rift Bloom - Moiben Farm,Explorer,40.0,STANDARD,20.0,97.0,1940.0,2025-08-03,2025-08-03,2025-09-03,2025-03-13,United kingdom,Blume2000,EUR,0.186,360.84,AIR FREIGHT,84.44,1.4,0.0,,NAN,5.0,False,False,False,31.0,-174.0,False,False,2025.0,8.0,3.0,2025.0,8.0,3.0,2025.0,2025.0,3.0,0.0,-143.0,360.84,84.44,276.4,76.59904666888372,1940.0,1940.0,0.0,No Quality Issue,High Rejection,Excellent
RB-001909,Rift Bloom - Ziwa Farm,Yellow Babe,40.0,B,40.0,161.0,6440.0,2022-08-30,2022-08-30,2022-09-03,2022-08-09,Norway,Bloomon BV,EUR,0.401,2582.44,UNKNOWN,56.69,0.7,0.0,,NAN,5.0,False,False,False,4.0,-25.0,False,False,2022.0,8.0,3.0,2022.0,8.0,3.0,2022.0,2022.0,8.0,0.0,-21.0,2582.44,56.69,2525.75,97.80478926906336,6440.0,6440.0,0.0,No Quality Issue,High Rejection,Excellent
RB-000107,Rift Bloom - Moiben Farm,Tibet,60.0,,20.0,35.0,700.0,2023-02-26,2023-02-28,2023-01-03,2023-03-05,Germany,Blume2000,USD,0.322,225.4,AIR FREIGHT,35.08,1.3,0.0,,PAID,4.0,False,False,False,-56.0,61.0,False,False,2023.0,2.0,1.0,2023.0,2.0,1.0,2023.0,2023.0,3.0,2.0,7.0,225.4,35.08,190.32,84.43655723158828,700.0,700.0,0.0,No Quality Issue,High Rejection,Good
RB-000444,Rift Bloom - Timboroa Farm,Circus,500.0,B,10.0,105.0,1050.0,2022-03-15,2022-03-15,2022-03-18,2022-03-20,Australia,Whole Foods Market,USD,0.441,463.05,AIR FREIGHT,299.92,1.3,0.0,,PAID,4.0,False,False,False,3.0,2.0,True,False,2022.0,3.0,1.0,2022.0,3.0,1.0,2022.0,2022.0,3.0,0.0,5.0,463.05,299.92,163.13,35.22945686210992,1050.0,1050.0,0.0,No Quality Issue,High Rejection,Good
RB-001955,Rift Bloom - Ziwa Farm,High & Magic,80.0,A,20.0,110.0,2200.0,2023-09-13,2023-09-14,2023-09-15,2023-09-21,Poland,Blume2000,EUR,0.178,391.6,AIR FREIGHT,368.98,5.0,0.0,,NAN,4.0,False,False,False,1.0,6.0,True,False,2023.0,9.0,3.0,2023.0,9.0,3.0,2023.0,2023.0,9.0,1.0,8.0,391.6,368.98,22.620000000000005,5.776302349336058,2200.0,2200.0,0.0,No Quality Issue,High Rejection,Good
RB-000647,Rift Bloom - Moiben Farm,Tibet,50.0,C,40.0,30.0,1200.0,2022-12-07,2022-07-12,2022-11-12,2022-12-12,Switzerland,Local Wholesaler - Eldoret,EUR,0.332,398.4,UNKNOWN,589.17,2.6,52.0,Undersized Stems,NAN,5.0,False,False,False,123.0,30.0,True,False,2022.0,12.0,4.0,2022.0,7.0,3.0,2022.0,2022.0,12.0,-148.0,5.0,398.4,589.17,-190.76999999999998,-47.88403614457831,1200.0,1200.0,4.333333333333334,Quality Issue,High Rejection,Excellent
RB-001763,Rift Bloom - Moiben Farm,High & Magic,60.0,B,10.0,90.0,900.0,2022-08-10,,2022-08-12,2022-08-16,Russia,Tokyo Flower Market,USD,0.461,414.9,AIR FREIGHT,548.92,18.7,0.0,,NAN,5.0,False,False,False,,4.0,False,False,2022.0,8.0,3.0,,,,2022.0,2022.0,8.0,,6.0,414.9,548.92,-134.01999999999998,-32.301759460110866,900.0,900.0,0.0,No Quality Issue,High Rejection,Excellent
RB-000727,Rift Bloom - Moiben Farm,Avalanche,50.0,C,10.0,99.0,990.0,2026-02-02,2026-02-02,2026-03-02,2026-04-02,Netherlands,Tokyo Flower Market,EUR,0.479,474.21,NAN,31.17,1.8,0.0,,PENDING,5.0,False,False,False,28.0,31.0,True,False,2026.0,2.0,1.0,2026.0,2.0,1.0,2026.0,2026.0,4.0,0.0,59.0,474.21,31.17,443.03999999999996,93.42696273802746,990.0,990.0,0.0,No Quality Issue,High Rejection,Excellent
RB-002239,Rift Bloom - Moiben Farm,Tibet,50.0,C,40.0,79.0,3160.0,2023-03-29,2023-03-29,2023-04-01,2023-04-04,France,Whole Foods Market,NAN,0.27,853.2,AIR FREIGHT,188.36,1.4,33.0,Botrytis,PAID,4.0,False,False,False,3.0,3.0,True,False,2023.0,3.0,1.0,2023.0,3.0,1.0,2023.0,2023.0,4.0,0.0,6.0,853.2,188.36,664.84,77.92311298640413,3160.0,3160.0,1.0443037974683544,Quality Issue,High Rejection,Good
RB-001857,Rift Bloom - Turbo Farm,Vendela,70.0,A,25.0,264.0,6600.0,2023-07-29,2023-07-31,2023-08-02,2023-08-03,Poland,Blume2000,USD,0.353,2329.8,NAN,104.37,2.8,0.0,,OVERDUE,4.0,False,False,False,2.0,1.0,True,False,2023.0,7.0,3.0,2023.0,7.0,3.0,2023.0,2023.0,8.0,2.0,5.0,2329.8,104.37,2225.4300000000003,95.52021632758178,6600.0,6600.0,0.0,No Quality Issue,High Rejection,Good
RB-000030,Rift Bloom - Ziwa Farm,Red-Naomi,90.0,B,10.0,245.0,2450.0,2022-11-11,2022-11-13,2022-11-14,2022-11-20,U.K.,Dubai Flower Centre,USD,0.257,629.65,NAN,626.96,1.5,0.0,,OVERDUE,5.0,False,False,False,1.0,6.0,True,False,2022.0,11.0,4.0,2022.0,11.0,4.0,2022.0,2022.0,11.0,2.0,9.0,629.65,626.96,2.689999999999941,0.4272214722464768,2450.0,2450.0,0.0,No Quality Issue,High Rejection,Excellent
RB-000170,Rift Bloom - Kapseret Farm,Freedom,70.0,B,10.0,174.0,1740.0,2024-01-16,2024-01-17,2024-01-19,2024-01-22,Norway,Local Wholesaler - Eldoret,USD,0.512,890.88,ROAD THEN AIR,,,0.0,,PAID,3.0,False,False,False,2.0,3.0,True,False,2024.0,1.0,1.0,2024.0,1.0,1.0,2024.0,2024.0,1.0,1.0,6.0,890.88,,,,1740.0,1740.0,0.0,No Quality Issue,High Rejection,Average
RB-002149,Rift Bloom - Ziwa Farm,Circus,60.0,STANDARD,10.0,55.0,550.0,2022-12-07,2022-07-12,2022-09-12,2022-10-12,Japan,Marks & Spencer Flowers,EUR,0.42,231.0,AIR FREIGHT,97.54,4.1,0.0,,OVERDUE,4.0,False,False,False,62.0,30.0,True,False,2022.0,12.0,4.0,2022.0,7.0,3.0,2022.0,2022.0,10.0,-148.0,-56.0,231.0,97.54,133.45999999999998,57.77489177489177,550.0,550.0,0.0,No Quality Issue,High Rejection,Good
RB-002027,Rift Bloom - Ziwa Farm,Pink Floyd,70.0,PREMIUM,25.0,69.0,1725.0,2023-03-05,2023-03-07,2023-03-08,2023-03-13,Norway,Interflora Russia,NAN,0.477,822.82,NAN,211.93,,0.0,,PENDING,4.0,False,False,False,1.0,5.0,True,False,2023.0,3.0,1.0,2023.0,3.0,1.0,2023.0,2023.0,3.0,2.0,8.0,822.82,211.93,610.8900000000001,74.24345543375223,1725.0,1725.0,0.0,No Quality Issue,High Rejection,Good
RB-000648,Rift Bloom - Moiben Farm,Pink Floyd,70.0,PREMIUM,20.0,100.0,2000.0,2025-02-04,2025-02-04,2025-05-02,2025-02-07,U.K.,Blume2000,KES,27.82,55640.0,AIR FREIGHT,74.86,1.9,0.0,,NAN,5.0,False,False,False,87.0,-84.0,False,False,2025.0,2.0,1.0,2025.0,2.0,1.0,2025.0,2025.0,2.0,0.0,3.0,55640.0,74.86,55565.14,99.8654565061107,2000.0,2000.0,0.0,No Quality Issue,High Rejection,Excellent
RB-000045,Rift Bloom - Kapseret Farm,Pink Floyd,70.0,B,40.0,53.0,2120.0,2025-12-28,2025-12-30,2026-01-01,2026-01-04,United Arab Emirates,FloraHolland Auction,KES,60.32,127878.4,AIR FREIGHT,51.32,,0.0,,PAID,5.0,False,False,False,2.0,3.0,True,False,2025.0,12.0,4.0,2025.0,12.0,4.0,2026.0,2026.0,1.0,2.0,7.0,127878.4,51.32,127827.07999999999,99.95986812471848,2120.0,2120.0,0.0,No Quality Issue,High Rejection,Excellent
RB-002759,Rift Bloom - Kesses Farm,Athena,90.0,STANDARD,25.0,159.0,3975.0,2026-01-27,2026-01-28,2026-01-29,2026-01-30,Russia,Whole Foods Market,EUR,0.158,628.05,NAN,94.99,1.2,0.0,,NAN,4.0,False,False,False,1.0,1.0,True,False,2026.0,1.0,1.0,2026.0,1.0,1.0,2026.0,2026.0,1.0,1.0,3.0,628.05,94.99,533.06,84.87540800891648,3975.0,3975.0,0.0,No Quality Issue,High Rejection,Good
RB-000679,Rift Bloom - Turbo Farm,freedom,60.0,,10.0,118.0,1180.0,2024-07-25,,2024-07-30,2024-08-05,Japan,Interflora Russia,KES,9.62,11351.6,AIR FREIGHT,258.63,3.7,0.0,,NAN,5.0,False,False,False,,6.0,False,False,2024.0,7.0,3.0,,,,2024.0,2024.0,8.0,,11.0,11351.6,258.63,11092.970000000001,97.72164276401566,1180.0,1180.0,0.0,No Quality Issue,High Rejection,Excellent
RB-000567,Rift Bloom - Timboroa Farm,High & Magic,60.0,STANDARD,25.0,83.0,2075.0,2024-04-02,2024-04-02,2024-04-04,2024-07-04,Netherlands,Aalsmeer Direct,EUR,0.352,730.4,AIR FREIGHT,,2.7,0.0,,PAID,5.0,False,False,False,2.0,91.0,True,False,2024.0,4.0,2.0,2024.0,4.0,2.0,2024.0,2024.0,7.0,0.0,93.0,730.4,,,,2075.0,2075.0,0.0,No Quality Issue,High Rejection,Excellent
RB-000461,Rift Bloom - Kesses Farm,High & Magic,80.0,B,40.0,165.0,6600.0,2023-07-26,2023-07-26,2023-07-28,2023-08-02,Norway,Carrefour Flowers,KES,41.47,273702.0,AIR FREIGHT,69.54,,0.0,,PAID,4.0,False,False,False,2.0,5.0,True,False,2023.0,7.0,3.0,2023.0,7.0,3.0,2023.0,2023.0,8.0,0.0,7.0,273702.0,69.54,273632.46,99.9745928053138,6600.0,6600.0,0.0,No Quality Issue,High Rejection,Good
RB-001933,Rift Bloom - Moiben Farm,Sweetness,50.0,C,10.0,49.0,490.0,2026-01-01,2026-01-01,2026-04-01,2026-01-06,Poland,Bloomon BV,UNKNOWN,0.338,165.62,AIR FREIGHT,311.09,0.8,0.0,,PENDING,4.0,False,False,False,90.0,-85.0,False,False,2026.0,1.0,1.0,2026.0,1.0,1.0,2026.0,2026.0,1.0,0.0,5.0,165.62,311.09,-145.46999999999997,-87.8335949764521,490.0,490.0,0.0,No Quality Issue,High Rejection,Good
RB-001156,Rift Bloom - Moiben Farm,Cool Water,80.0,A,10.0,225.0,2250.0,2026-02-15,2026-02-15,2026-02-16,2026-02-20,United Arab Emirates,Carrefour Flowers,EUR,0.492,1107.0,AIR FREIGHT,62.86,1.6,0.0,,NAN,4.0,False,False,False,1.0,4.0,True,False,2026.0,2.0,1.0,2026.0,2.0,1.0,2026.0,2026.0,2.0,0.0,5.0,1107.0,62.86,1044.14,94.3215898825655,2250.0,2250.0,0.0,No Quality Issue,High Rejection,Good
RB-000040,Rift Bloom - Moiben Farm,Tibet,40.0,A,10.0,233.0,2330.0,2023-11-02,2023-02-13,2023-02-14,2023-02-20,UAE,Blume2000,USD,0.358,834.14,UNKNOWN,412.01,1.1,0.0,,PENDING,3.0,False,False,False,1.0,6.0,True,False,2023.0,11.0,4.0,2023.0,2.0,1.0,2023.0,2023.0,2.0,-262.0,-255.0,834.14,412.01,422.13,50.606612798810744,2330.0,2330.0,0.0,No Quality Issue,High Rejection,Average
RB-002483,Rift Bloom - Turbo Farm,Mondial,50.0,PREMIUM,40.0,101.0,4040.0,2022-03-17,2022-03-17,2022-03-19,2022-03-20,Japan,Blume2000,USD,0.458,1850.32,AIR FREIGHT,512.83,-2.0,0.0,,PAID,5.0,False,False,True,2.0,1.0,True,False,2022.0,3.0,1.0,2022.0,3.0,1.0,2022.0,2022.0,3.0,0.0,3.0,1850.32,512.83,1337.4899999999998,72.28425353452374,4040.0,4040.0,0.0,No Quality Issue,High Rejection,Excellent
RB-000974,Rift Bloom - Kapseret Farm,Athena,70.0,A,20.0,344.0,6880.0,2023-10-04,2023-06-10,2023-10-10,2023-11-10,Japan,Bloomon BV,UNKNOWN,0.442,3040.96,AIR FREIGHT,145.39,2.0,0.0,,NAN,3.0,False,False,False,122.0,31.0,True,False,2023.0,10.0,4.0,2023.0,6.0,2.0,2023.0,2023.0,11.0,-116.0,37.0,3040.96,145.39,2895.57,95.21894401767864,6880.0,6880.0,0.0,No Quality Issue,High Rejection,Average
RB-001499,Rift Bloom - Ziwa Farm,Red-Naomi,70.0,A,25.0,41.0,1025.0,2023-10-18,2023-10-19,2023-10-21,2023-10-25,USA,M-Farm Traders,EUR,0.304,311.6,AIR FREIGHT,43.03,0.8,0.0,,NAN,3.0,False,False,False,2.0,4.0,True,False,2023.0,10.0,4.0,2023.0,10.0,4.0,2023.0,2023.0,10.0,1.0,7.0,311.6,43.03,268.57000000000005,86.19062901155328,1025.0,1025.0,0.0,No Quality Issue,High Rejection,Average
RB-001836,Rift Bloom - Ziwa Farm,Yellow Babe,60.0,B,10.0,103.0,1030.0,2025-10-08,2025-11-08,2025-08-13,2025-08-19,Switzerland,Bloomon BV,USD,0.245,252.35,NAN,490.74,2.2,7.0,Undersized Stems,PAID,4.0,False,False,False,-87.0,6.0,False,False,2025.0,10.0,4.0,2025.0,11.0,4.0,2025.0,2025.0,8.0,31.0,-50.0,252.35,490.74,-238.39000000000001,-94.46800079255003,1030.0,1030.0,0.6796116504854369,Quality Issue,High Rejection,Good
RB-001841,Rift Bloom - Ziwa Farm,Tibet,40.0,,20.0,78.0,1560.0,2023-12-07,2023-07-13,2023-07-17,,USA,Blume2000,EUR,0.501,781.56,AIR FREIGHT,100.97,,0.0,,PENDING,4.0,False,False,False,4.0,,False,False,2023.0,12.0,4.0,2023.0,7.0,3.0,2023.0,,,-147.0,,781.56,100.97,680.5899999999999,87.08096627258304,1560.0,1560.0,0.0,No Quality Issue,High Rejection,Good
RB-000828,Rift Bloom - Kapseret Farm,Sweetness,50.0,STANDARD,20.0,144.0,2880.0,2025-07-10,2025-11-07,2025-07-14,2025-07-17,United Arab Emirates,Aalsmeer Direct,NAN,0.349,1005.12,NAN,65.85,2.4,0.0,,PAID,4.0,False,False,False,-116.0,3.0,False,False,2025.0,7.0,3.0,2025.0,11.0,4.0,2025.0,2025.0,7.0,120.0,7.0,1005.12,65.85,939.27,93.4485434574976,2880.0,2880.0,0.0,No Quality Issue,High Rejection,Good
RB-002045,Rift Bloom - Moiben Farm,Athena,70.0,STANDARD,10.0,248.0,2480.0,2025-03-01,2025-01-04,2025-08-01,2025-01-13,USA,Bloomon BV,USD,0.47,1165.6,NAN,73.34,2.5,0.0,,PENDING,5.0,False,False,False,209.0,-200.0,False,False,2025.0,3.0,1.0,2025.0,1.0,1.0,2025.0,2025.0,1.0,-56.0,-47.0,1165.6,73.34,1092.26,93.7079615648593,2480.0,2480.0,0.0,No Quality Issue,High Rejection,Excellent
RB-000277,Rift Bloom - Ziwa Farm,High & Magic,90.0,C,25.0,136.0,3400.0,2022-08-12,2022-08-13,2022-08-15,2022-08-19,Switzerland,Dubai Flower Centre,EUR,0.223,758.2,ROAD THEN AIR,119.0,-0.5,0.0,,PENDING,5.0,False,False,True,2.0,4.0,True,False,2022.0,8.0,3.0,2022.0,8.0,3.0,2022.0,2022.0,8.0,1.0,7.0,758.2,119.0,639.2,84.30493273542601,3400.0,3400.0,0.0,No Quality Issue,High Rejection,Excellent
RB-000637,Rift Bloom - Turbo Farm,Circus,60.0,,10.0,143.0,1430.0,2023-01-18,2023-01-20,2023-01-21,2023-01-22,Holland,Carrefour Flowers,EUR,0.281,401.83,ROAD THEN AIR,493.36,1.5,0.0,,PAID,3.0,False,False,False,1.0,1.0,True,False,2023.0,1.0,1.0,2023.0,1.0,1.0,2023.0,2023.0,1.0,2.0,4.0,401.83,493.36,-91.53000000000003,-22.77828932633204,1430.0,1430.0,0.0,No Quality Issue,High Rejection,Average
RB-000655,Rift Bloom - Kapseret Farm,Cool Water,70.0,PREMIUM,20.0,35.0,700.0,2025-07-25,2025-07-27,2025-07-29,2025-07-30,Netherlands,Carrefour Flowers,EUR,0.119,83.3,AIR FREIGHT,95.96,6.1,33.0,Stem Bent,PENDING,4.0,False,False,False,2.0,1.0,True,False,2025.0,7.0,3.0,2025.0,7.0,3.0,2025.0,2025.0,7.0,2.0,5.0,83.3,95.96,-12.659999999999997,-15.198079231692674,700.0,700.0,4.714285714285714,Quality Issue,High Rejection,Good
RB-001860,Rift Bloom - Kapseret Farm,Explorer,40.0,STANDARD,40.0,183.0,7320.0,2023-08-12,2023-12-10,2023-11-12,2023-12-16,Russia,Interflora Russia,EUR,0.234,1712.88,AIR FREIGHT,181.51,2.4,0.0,,NAN,3.0,False,False,False,-28.0,34.0,False,False,2023.0,8.0,3.0,2023.0,12.0,4.0,2023.0,2023.0,12.0,120.0,126.0,1712.88,181.51,1531.3700000000001,89.40322731306338,7320.0,7320.0,0.0,No Quality Issue,High Rejection,Average
RB-000845,Rift Bloom - Kapseret Farm,Tibet,90.0,A,20.0,140.0,2800.0,2024-11-25,2024-11-26,2024-11-28,2024-12-01,Germany,Interflora Russia,KES,71.37,199836.0,UNKNOWN,947.03,4.7,18.0,,PENDING,5.0,False,False,False,2.0,3.0,True,False,2024.0,11.0,4.0,2024.0,11.0,4.0,2024.0,2024.0,12.0,1.0,6.0,199836.0,947.03,198888.97,99.52609639904722,2800.0,2800.0,0.6428571428571428,No Quality Issue,High Rejection,Excellent
RB-000394,Rift Bloom - Kesses Farm,Vendela,80.0,A,20.0,67.0,1340.0,2024-08-11,2024-08-13,2024-08-16,2024-08-17,Poland,Bloomon BV,EUR,0.503,674.02,AIR FREIGHT,539.4,1.2,0.0,,PAID,4.0,False,False,False,3.0,1.0,True,False,2024.0,8.0,3.0,2024.0,8.0,3.0,2024.0,2024.0,8.0,2.0,6.0,674.02,539.4,134.62,19.972701106792083,1340.0,1340.0,0.0,No Quality Issue,High Rejection,Good
RB-000785,Rift Bloom - Turbo Farm,Freedom,50.0,PREMIUM,40.0,65.0,2600.0,2021-12-31,2022-01-02,2022-03-01,2022-01-08,Switzerland,Blume2000,USD,0.355,923.0,AIR FREIGHT,175.1,0.8,0.0,,NAN,1.0,False,False,False,58.0,-52.0,False,False,2021.0,12.0,4.0,2022.0,1.0,1.0,2022.0,2022.0,1.0,2.0,8.0,923.0,175.1,747.9,81.02925243770314,2600.0,2600.0,0.0,No Quality Issue,High Rejection,Poor
RB-000048,Rift Bloom - Ziwa Farm,Avalanche,70.0,A,20.0,59.0,1180.0,2025-07-04,2025-07-04,2025-08-04,2025-10-04,Germany,Local Wholesaler - Eldoret,USD,0.276,325.68,AIR FREIGHT,856.78,3.1,0.0,,PAID,5.0,False,False,False,31.0,61.0,True,False,2025.0,7.0,3.0,2025.0,7.0,3.0,2025.0,2025.0,10.0,0.0,92.0,325.68,856.78,-531.0999999999999,-163.07418324735934,1180.0,1180.0,0.0,No Quality Issue,High Rejection,Excellent
RB-002252,Rift Bloom - Turbo Farm,Athena,70.0,A,40.0,235.0,9400.0,2025-06-07,2025-07-06,2025-11-06,2025-06-12,Switzerland,Tokyo Flower Market,KES,34.58,325052.0,AIR FREIGHT,231.56,2.3,0.0,,PENDING,5.0,False,False,False,123.0,-147.0,False,False,2025.0,6.0,2.0,2025.0,7.0,3.0,2025.0,2025.0,6.0,29.0,5.0,325052.0,231.56,324820.44,99.928762167284,9400.0,9400.0,0.0,No Quality Issue,High Rejection,Excellent
RB-002070,Rift Bloom - Kapseret Farm,Explorer,60.0,A,20.0,166.0,3320.0,2026-01-31,2026-02-01,2026-02-02,2026-02-05,Switzerland,Local Wholesaler - Eldoret,KES,17.42,57834.4,NAN,164.77,1.7,0.0,,NAN,4.0,False,False,False,1.0,3.0,True,False,2026.0,1.0,1.0,2026.0,2.0,1.0,2026.0,2026.0,2.0,1.0,5.0,57834.4,164.77,57669.630000000005,99.71510035549778,3320.0,3320.0,0.0,No Quality Issue,High Rejection,Good
RB-000403,Rift Bloom - Timboroa Farm,Circus,50.0,PREMIUM,40.0,377.0,15080.0,2023-02-15,2023-02-16,2023-02-17,2023-02-19,United Kingdom,Carrefour Flowers,EUR,0.363,5474.04,UNKNOWN,532.29,,35.0,Wilting,PAID,4.0,False,False,False,1.0,2.0,True,False,2023.0,2.0,1.0,2023.0,2.0,1.0,2023.0,2023.0,2.0,1.0,4.0,5474.04,532.29,4941.75,90.2761032071377,15080.0,15080.0,0.23209549071618035,Quality Issue,High Rejection,Good
RB-002002,Rift Bloom - Ziwa Farm,Mondial,80.0,A,20.0,32.0,640.0,2024-08-03,2024-03-08,2024-05-08,2024-08-09,Russia,Aalsmeer Direct,KES,35.23,22547.2,NAN,282.53,0.9,0.0,,OVERDUE,4.0,False,False,False,61.0,93.0,True,False,2024.0,8.0,3.0,2024.0,3.0,1.0,2024.0,2024.0,8.0,-148.0,6.0,22547.2,282.53,22264.670000000002,98.74693975305138,640.0,640.0,0.0,No Quality Issue,High Rejection,Good
RB-000990,Rift Bloom - Kapseret Farm,Explorer,50.0,UNKNOWN,25.0,166.0,4150.0,2023-11-05,2023-05-11,2023-11-07,2023-11-10,Australia,Marks & Spencer Flowers,EUR,0.434,1801.1,AIR FREIGHT,198.3,2.5,0.0,,PAID,3.0,False,False,False,180.0,3.0,True,False,2023.0,11.0,4.0,2023.0,5.0,2.0,2023.0,2023.0,11.0,-178.0,5.0,1801.1,198.3,1602.8,88.9900616290045,4150.0,4150.0,0.0,No Quality Issue,High Rejection,Average
RB-001866,Rift Bloom - Kesses Farm,Mondial,90.0,STANDARD,40.0,108.0,4320.0,2024-02-21,2024-02-23,2024-02-24,2024-02-27,NL,FloraHolland Auction,USD,0.202,872.64,AIR FREIGHT,200.57,3.2,0.0,,NAN,3.0,False,False,False,1.0,3.0,True,False,2024.0,2.0,1.0,2024.0,2.0,1.0,2024.0,2024.0,2.0,2.0,6.0,872.64,200.57,672.0699999999999,77.01572240557388,4320.0,4320.0,0.0,No Quality Issue,High Rejection,Average
RB-002790,Rift Bloom - Turbo Farm,Mondial,50.0,B,40.0,57.0,2280.0,2025-05-24,2025-05-24,2025-05-25,,United Kingdom,Bloomon BV,USD,0.488,1112.64,AIR FREIGHT,423.49,0.0,0.0,,PENDING,5.0,False,False,False,1.0,,False,False,2025.0,5.0,2.0,2025.0,5.0,2.0,2025.0,,,0.0,,1112.64,423.49,689.1500000000001,61.93827293643947,2280.0,2280.0,0.0,No Quality Issue,High Rejection,Excellent
RB-001311,Rift Bloom - Turbo Farm,Mondial,50.0,B,40.0,118.0,4720.0,2025-08-29,2025-08-30,2025-09-01,2025-02-09,Australia,Whole Foods Market,NAN,0.282,1331.04,AIR FREIGHT,138.46,1.1,0.0,,PENDING,3.0,False,False,False,2.0,-204.0,False,False,2025.0,8.0,3.0,2025.0,8.0,3.0,2025.0,2025.0,2.0,1.0,-201.0,1331.04,138.46,1192.58,89.59760788556316,4720.0,4720.0,0.0,No Quality Issue,High Rejection,Average
RB-000034,rift bloom turbo farm,Explorer,50.0,PREMIUM,10.0,58.0,580.0,2023-06-01,2023-01-06,2023-04-06,2023-09-06,Russia,Whole Foods Market,EUR,0.327,189.66,AIR FREIGHT,247.7,1.8,10.0,Stem Bent,PENDING,5.0,False,False,False,90.0,153.0,True,False,2023.0,6.0,2.0,2023.0,1.0,1.0,2023.0,2023.0,9.0,-146.0,97.0,189.66,247.7,-58.03999999999999,-30.602130127596748,580.0,580.0,1.7241379310344827,Quality Issue,High Rejection,Excellent
RB-000788,Rift Bloom - Ziwa Farm,Explorer,60.0,PREMIUM,20.0,66.0,1320.0,2026-02-18,2026-02-20,2026-02-24,,Germany,FloraHolland Auction,EUR,0.467,616.44,AIR FREIGHT,137.48,1.2,0.0,,PENDING,4.0,False,False,False,4.0,,False,False,2026.0,2.0,1.0,2026.0,2.0,1.0,2026.0,,,2.0,,616.44,137.48,478.96000000000004,77.69774836155993,1320.0,1320.0,0.0,No Quality Issue,High Rejection,Good
RB-002972,Rift Bloom - Timboroa Farm,Explorer,40.0,A,10.0,77.0,770.0,2026-10-02,2026-02-10,2026-02-13,2026-02-17,Germany,Tokyo Flower Market,KES,63.31,48748.7,UNKNOWN,243.45,4.0,0.0,,PENDING,4.0,False,False,False,3.0,4.0,True,False,2026.0,10.0,4.0,2026.0,2.0,1.0,2026.0,2026.0,2.0,-234.0,-227.0,48748.7,243.45,48505.25,99.50060206733718,770.0,770.0,0.0,No Quality Issue,High Rejection,Good
RB-001044,Rift Bloom - Timboroa Farm,Avalanche,40.0,STANDARD,20.0,159.0,3180.0,2022-06-24,2022-06-24,2022-06-26,2022-06-30,Australia,Marks & Spencer Flowers,USD,0.326,1036.68,UNKNOWN,238.38,1.7,0.0,,PAID,1.0,False,False,False,2.0,4.0,True,False,2022.0,6.0,2.0,2022.0,6.0,2.0,2022.0,2022.0,6.0,0.0,6.0,1036.68,238.38,798.3000000000001,77.00544044449589,3180.0,3180.0,0.0,No Quality Issue,High Rejection,Poor
RB-000482,Rift Bloom - Kapseret Farm,Freedom,50.0,C,25.0,180.0,4500.0,2025-02-11,2025-04-11,2025-05-11,,United Kingdom,Whole Foods Market,EUR,0.599,2695.5,AIR FREIGHT,471.03,0.5,0.0,,PAID,3.0,False,False,False,30.0,,False,False,2025.0,2.0,1.0,2025.0,4.0,2.0,2025.0,,,59.0,,2695.5,471.03,2224.4700000000003,82.52531997774068,4500.0,4500.0,0.0,No Quality Issue,High Rejection,Average
RB-002530,Rift Bloom - Kesses Farm,Freedom,40.0,A,25.0,254.0,6350.0,2026-11-01,2026-01-12,2026-01-15,2026-01-18,Switzerland,Bloomon BV,EUR,0.125,793.75,AIR FREIGHT,90.03,-0.1,0.0,,PAID,4.0,False,False,True,3.0,3.0,True,False,2026.0,11.0,4.0,2026.0,1.0,1.0,2026.0,2026.0,1.0,-293.0,-287.0,793.75,90.03,703.72,88.65763779527559,6350.0,6350.0,0.0,No Quality Issue,High Rejection,Good
RB-000932,Rift Bloom - Kapseret Farm,Vendela,60.0,PREMIUM,20.0,83.0,1660.0,2022-08-07,2022-07-10,2022-07-12,2022-07-15,Russia,Carrefour Flowers,EUR,0.429,712.14,NAN,558.7,1.1,39.0,Cold Chain Break,PENDING,3.0,False,False,False,2.0,3.0,True,False,2022.0,8.0,3.0,2022.0,7.0,3.0,2022.0,2022.0,7.0,-28.0,-23.0,712.14,558.7,153.43999999999994,21.546325160782985,1660.0,1660.0,2.3493975903614457,Quality Issue,High Rejection,Average
RB-002405,Rift Bloom - Turbo Farm,Peach Avalanche,60.0,A,20.0,52.0,1040.0,2025-09-17,2025-09-18,2025-09-22,2025-09-25,United Arab Emirates,Marks & Spencer Flowers,USD,0.406,422.24,AIR FREIGHT,718.61,1.9,0.0,,NAN,4.0,False,False,False,4.0,3.0,True,False,2025.0,9.0,3.0,2025.0,9.0,3.0,2025.0,2025.0,9.0,1.0,8.0,422.24,718.61,-296.37,-70.18993937097385,1040.0,1040.0,0.0,No Quality Issue,High Rejection,Good
RB-001249,Rift Bloom - Kapseret Farm,Tibet,60.0,B,10.0,157.0,1570.0,2025-03-31,2025-04-02,2025-04-05,2025-04-07,Australia,Dubai Flower Centre,USD,0.462,725.34,AIR FREIGHT,173.94,1.7,0.0,,NAN,3.0,False,False,False,3.0,2.0,True,False,2025.0,3.0,1.0,2025.0,4.0,2.0,2025.0,2025.0,4.0,2.0,7.0,725.34,173.94,551.4000000000001,76.0195218793945,1570.0,1570.0,0.0,No Quality Issue,High Rejection,Average
RB-000760,Rift Bloom - Timboroa Farm,Red Naomi,70.0,PREMIUM,20.0,59.0,1180.0,2025-09-02,2025-02-11,2025-02-13,2025-02-18,USA,Bloomon BV,USD,0.296,349.28,ROAD THEN AIR,259.26,,0.0,,PAID,3.0,False,False,False,2.0,5.0,True,False,2025.0,9.0,3.0,2025.0,2.0,1.0,2025.0,2025.0,2.0,-203.0,-196.0,349.28,259.26,90.01999999999998,25.773018781493356,1180.0,1180.0,0.0,No Quality Issue,High Rejection,Average
RB-001176,Rift Bloom - Moiben Farm,Mondial,50.0,PREMIUM,25.0,22.0,550.0,,2025-09-28,2025-09-29,2025-03-10,Norway,Bloomon BV,EUR,0.318,174.9,ROAD THEN AIR,169.54,,0.0,,PENDING,4.0,False,False,False,1.0,-203.0,False,False,,,,2025.0,9.0,3.0,2025.0,2025.0,3.0,,,174.9,169.54,5.360000000000014,3.0646083476272232,550.0,550.0,0.0,No Quality Issue,High Rejection,Good
RB-001416,Rift Bloom - Turbo Farm,High & Magic,60.0,B,40.0,40.0,1600.0,2025-06-21,2025-06-22,2025-06-23,2025-06-29,Netherlands,FloraHolland Auction,EUR,0.169,270.4,AIR FREIGHT,,0.4,0.0,,PAID,4.0,False,False,False,1.0,6.0,True,False,2025.0,6.0,2.0,2025.0,6.0,2.0,2025.0,2025.0,6.0,1.0,8.0,270.4,,,,1600.0,1600.0,0.0,No Quality Issue,High Rejection,Good
RB-001342,Rift Bloom - Ziwa Farm,Freedom,60.0,STANDARD,10.0,80.0,800.0,2022-01-18,2022-01-20,2022-01-24,2022-01-25,UAE,Aalsmeer Direct,EUR,0.495,396.0,ROAD THEN AIR,850.16,,0.0,,PENDING,4.0,False,False,False,4.0,1.0,True,False,2022.0,1.0,1.0,2022.0,1.0,1.0,2022.0,2022.0,1.0,2.0,7.0,396.0,850.16,-454.15999999999997,-114.68686868686868,800.0,800.0,0.0,No Quality Issue,High Rejection,Good
RB-002852,Rift Bloom - Kesses Farm,Explorer,40.0,B,20.0,66.0,1320.0,2023-05-24,2023-05-26,2023-05-27,2023-05-31,Japan,M-Farm Traders,USD,0.206,271.92,AIR FREIGHT,702.86,3.6,10.0,Wilting,NAN,4.0,False,False,False,1.0,4.0,True,False,2023.0,5.0,2.0,2023.0,5.0,2.0,2023.0,2023.0,5.0,2.0,7.0,271.92,702.86,-430.94,-158.48043542218298,1320.0,1320.0,0.7575757575757576,Quality Issue,High Rejection,Good
RB-002794,Rift Bloom - Moiben Farm,Explorer,70.0,A,20.0,58.0,1160.0,2024-10-21,2024-10-21,2024-10-24,2024-10-28,Switzerland,Local Wholesaler - Eldoret,EUR,0.248,287.68,AIR FREIGHT,364.52,1.6,0.0,,NAN,5.0,False,False,False,3.0,4.0,True,False,2024.0,10.0,4.0,2024.0,10.0,4.0,2024.0,2024.0,10.0,0.0,7.0,287.68,364.52,-76.83999999999997,-26.71023359288097,1160.0,1160.0,0.0,No Quality Issue,High Rejection,Excellent
RB-001608,Rift Bloom - Kapseret Farm,High & Magic,50.0,C,20.0,152.0,3040.0,2022-01-08,2022-01-08,2022-11-01,2022-01-16,USA,Tokyo Flower Market,EUR,0.193,586.72,ROAD THEN AIR,348.73,2.7,0.0,,OVERDUE,5.0,False,False,False,297.0,-289.0,False,False,2022.0,1.0,1.0,2022.0,1.0,1.0,2022.0,2022.0,1.0,0.0,8.0,586.72,348.73,237.99,40.56278974638669,3040.0,3040.0,0.0,No Quality Issue,High Rejection,Excellent
RB-000765,Rift Bloom - Kapseret Farm,Vendela,60.0,A,40.0,108.0,4320.0,2023-06-07,2023-07-07,2023-07-11,2023-07-16,Poland,Bloomon BV,USD,0.337,1455.84,AIR FREIGHT,334.33,0.2,30.0,,PAID,4.0,False,False,False,4.0,5.0,True,False,2023.0,6.0,2.0,2023.0,7.0,3.0,2023.0,2023.0,7.0,30.0,39.0,1455.84,334.33,1121.51,77.03525112649741,4320.0,4320.0,0.6944444444444444,No Quality Issue,High Rejection,Good
RB-002653,Rift Bloom - Moiben Farm,RedNaomi,40.0,STANDARD,25.0,90.0,2250.0,2025-12-20,2025-12-21,2025-12-22,2025-12-25,Switzerland,Dubai Flower Centre,EUR,0.331,744.75,AIR FREIGHT,146.26,4.2,0.0,,NAN,4.0,False,False,False,1.0,3.0,True,False,2025.0,12.0,4.0,2025.0,12.0,4.0,2025.0,2025.0,12.0,1.0,5.0,744.75,146.26,598.49,80.36119503188989,2250.0,2250.0,0.0,No Quality Issue,High Rejection,Good
RB-000310,Rift Bloom - Ziwa Farm,Avalanche+,50.0,,10.0,210.0,2100.0,2025-05-29,2025-05-29,2025-05-30,2025-05-06,Germany,M-Farm Traders,NAN,0.599,1257.9,AIR FREIGHT,332.01,2.8,0.0,,PENDING,5.0,False,False,False,1.0,-24.0,False,False,2025.0,5.0,2.0,2025.0,5.0,2.0,2025.0,2025.0,5.0,0.0,-23.0,1257.9,332.01,925.8900000000001,73.60601001669448,2100.0,2100.0,0.0,No Quality Issue,High Rejection,Excellent
RB-001374,Rift Bloom - Moiben Farm,Athena,40.0,A,10.0,96.0,960.0,2025-02-24,2025-02-26,2025-02-27,2025-03-01,Australia,FloraHolland Auction,USD,0.195,187.2,AIR FREIGHT,,2.9,0.0,,PENDING,5.0,False,False,False,1.0,2.0,True,False,2025.0,2.0,1.0,2025.0,2.0,1.0,2025.0,2025.0,3.0,2.0,5.0,187.2,,,,960.0,960.0,0.0,No Quality Issue,High Rejection,Excellent
RB-001952,Rift Bloom - Kapseret Farm,Freedom,70.0,C,20.0,80.0,1600.0,2023-09-24,2023-09-25,2023-09-26,2023-09-27,Switzerland,Local Wholesaler - Eldoret,KES,39.91,63856.0,AIR FREIGHT,246.14,1.4,0.0,,NAN,4.0,False,False,False,1.0,1.0,True,False,2023.0,9.0,3.0,2023.0,9.0,3.0,2023.0,2023.0,9.0,1.0,3.0,63856.0,246.14,63609.86,99.614538962666,1600.0,1600.0,0.0,No Quality Issue,High Rejection,Good
RB-001729,Rift Bloom - Timboroa Farm,Explorer,80.0,A,10.0,161.0,1610.0,2026-02-17,2026-02-18,2026-02-19,2026-02-24,Poland,Tokyo Flower Market,EUR,0.346,5570.6,AIR FREIGHT,6.21,0.5,17.0,Bud Blast,PAID,3.0,False,False,False,1.0,5.0,True,False,2026.0,2.0,1.0,2026.0,2.0,1.0,2026.0,2026.0,2.0,1.0,7.0,5570.6,6.21,5564.39,99.88852188274153,1610.0,1610.0,1.0559006211180124,Quality Issue,High Rejection,Average
RB-000258,Rift Bloom - Moiben Farm,Circus,70.0,A,40.0,108.0,4320.0,2025-12-13,2025-12-13,2025-12-15,2025-12-18,Australia,Dubai Flower Centre,USD,0.694,2998.08,ROAD THEN AIR,225.9,,0.0,,OVERDUE,2.0,False,False,False,2.0,3.0,True,False,2025.0,12.0,4.0,2025.0,12.0,4.0,2025.0,2025.0,12.0,0.0,5.0,2998.08,225.9,2772.18,92.4651777137368,4320.0,4320.0,0.0,No Quality Issue,High Rejection,Poor
RB-001220,Rift Bloom - Ziwa Farm,Red-Naomi,60.0,STANDARD,10.0,76.0,760.0,2025-02-23,,2025-02-24,2025-02-25,Norway,FloraHolland Auction,EUR,0.322,244.72,AIR FREIGHT,347.94,,0.0,,PAID,4.0,False,False,False,,1.0,False,False,2025.0,2.0,1.0,,,,2025.0,2025.0,2.0,,2.0,244.72,347.94,-103.22,-42.17881660673422,760.0,760.0,0.0,No Quality Issue,High Rejection,Good
RB-001162,Rift Bloom - Moiben Farm,Yellow Babe,70.0,C,40.0,59.0,2360.0,2023-11-15,2023-11-15,2023-11-19,2023-11-20,Germany,Tokyo Flower Market,EUR,0.207,488.52,ROAD THEN AIR,413.34,3.4,0.0,,PAID,3.0,False,False,False,4.0,1.0,True,False,2023.0,11.0,4.0,2023.0,11.0,4.0,2023.0,2023.0,11.0,0.0,5.0,488.52,413.34,75.18,15.38933922869074,2360.0,2360.0,0.0,No Quality Issue,High Rejection,Average
RB-000773,Rift Bloom - Ziwa Farm,Athena,50.0,UNKNOWN,20.0,113.0,2260.0,2026-06-23,2026-06-23,2026-06-24,2026-06-25,Germany,Tokyo Flower Market,EUR,0.293,662.18,ROAD THEN AIR,,1.0,0.0,,NAN,5.0,False,False,False,1.0,1.0,True,False,2026.0,6.0,2.0,2026.0,6.0,2.0,2026.0,2026.0,6.0,0.0,2.0,662.18,,,,2260.0,2260.0,0.0,No Quality Issue,High Rejection,Excellent
RB-002599,Rift Bloom - Timboroa Farm,Athena,40.0,A,10.0,234.0,2340.0,2022-11-07,2022-07-11,2022-07-15,2022-07-16,Japan,Aalsmeer Direct,EUR,0.279,652.86,AIR FREIGHT,747.51,0.0,0.0,,PAID,4.0,False,False,False,4.0,1.0,True,False,2022.0,11.0,4.0,2022.0,7.0,3.0,2022.0,2022.0,7.0,-119.0,-114.0,652.86,747.51,-94.64999999999998,-14.497748368716106,2340.0,2340.0,0.0,No Quality Issue,High Rejection,Good
RB-002250,Rift Bloom - Timboroa Farm,Mondial,50.0,A,10.0,166.0,1660.0,2024-12-30,2025-01-01,2025-01-05,2025-10-01,Germany,Dubai Flower Centre,EUR,0.336,557.76,NAN,163.09,2.5,0.0,,NAN,4.0,False,False,False,4.0,269.0,True,False,2024.0,12.0,4.0,2025.0,1.0,1.0,2025.0,2025.0,10.0,2.0,275.0,557.76,163.09,394.66999999999996,70.75982501434308,1660.0,1660.0,0.0,No Quality Issue,High Rejection,Good
RB-000313,Rift Bloom - Ziwa Farm,RedNaomi,70.0,C,40.0,127.0,5080.0,2022-10-24,2022-10-25,2022-10-26,2022-10-29,Poland,Carrefour Flowers,EUR,0.496,2519.68,AIR FREIGHT,145.82,2.3,0.0,,PAID,4.0,False,False,False,1.0,3.0,True,False,2022.0,10.0,4.0,2022.0,10.0,4.0,2022.0,2022.0,10.0,1.0,5.0,2519.68,145.82,2373.8599999999997,94.21275717551434,5080.0,5080.0,0.0,No Quality Issue,High Rejection,Good
RB-000291,Rift Bloom - Turbo Farm,Cool Water,50.0,C,40.0,89.0,3560.0,2025-05-09,2025-07-09,2025-09-09,2025-09-14,Australia,Interflora Russia,USD,0.501,1783.56,NAN,702.7,0.7,0.0,,PENDING,4.0,False,False,False,62.0,5.0,True,False,2025.0,5.0,2.0,2025.0,7.0,3.0,2025.0,2025.0,9.0,61.0,128.0,1783.56,702.7,1080.86,60.60126937136962,3560.0,3560.0,0.0,No Quality Issue,High Rejection,Good
RB-002998,Rift Bloom - Moiben Farm,Explorer,60.0,C,10.0,138.0,1380.0,2025-12-29,,2026-01-04,2026-09-01,Netherlands,Whole Foods Market,USD,0.299,412.62,AIR FREIGHT,473.69,2.7,6.0,Undersized Stems,NAN,4.0,False,False,False,,240.0,False,False,2025.0,12.0,4.0,,,,2026.0,2026.0,9.0,,246.0,412.62,473.69,-61.06999999999999,-14.800542872376518,1380.0,1380.0,0.43478260869565216,Quality Issue,High Rejection,Good
RB-000184,Rift Bloom - Ziwa Farm,Explorer,50.0,C,20.0,109.0,2180.0,2026-05-28,2026-05-30,2026-03-06,2026-07-06,United Arab Emirates,M-Farm Traders,EUR,0.297,647.46,AIR FREIGHT,288.61,3.7,0.0,,PAID,4.0,False,False,False,-85.0,122.0,False,False,2026.0,5.0,2.0,2026.0,5.0,2.0,2026.0,2026.0,7.0,2.0,39.0,647.46,288.61,358.85,55.42427331418157,2180.0,2180.0,0.0,No Quality Issue,High Rejection,Good
RB-001177,Rift Bloom - Kapseret Farm,Mondial,50.0,B,20.0,205.0,4100.0,2023-10-12,2023-10-13,2023-10-16,2023-10-19,USA,Interflora Russia,NAN,0.353,1447.3,AIR FREIGHT,188.64,0.2,21.0,-,OVERDUE,3.0,False,False,False,3.0,3.0,True,True,2023.0,10.0,4.0,2023.0,10.0,4.0,2023.0,2023.0,10.0,1.0,7.0,1447.3,188.64,1258.6599999999999,86.96607475989774,4100.0,4100.0,0.5121951219512195,Quality Issue,High Rejection,Average
RB-001350,Rift Bloom - Moiben Farm,Circus,70.0,,20.0,126.0,2520.0,2024-02-14,2024-02-14,2024-02-16,2024-02-19,United Kingdom,Bloomon BV,USD,0.41,1033.2,AIR FREIGHT,197.97,3.9,15.0,Stem Bent,PAID,4.0,False,False,False,2.0,3.0,True,False,2024.0,2.0,1.0,2024.0,2.0,1.0,2024.0,2024.0,2.0,0.0,5.0,1033.2,197.97,835.23,80.83914053426248,2520.0,2520.0,0.5952380952380952,Quality Issue,High Rejection,Good
RB-002299,Rift Bloom - Kesses Farm,Vendela,60.0,A,40.0,46.0,1840.0,2025-12-25,2025-12-26,2025-12-30,2026-03-01,Norway,Interflora Russia,EUR,0.197,362.48,AIR FREIGHT,356.79,1.1,0.0,,NAN,4.0,False,False,False,4.0,61.0,True,False,2025.0,12.0,4.0,2025.0,12.0,4.0,2025.0,2026.0,3.0,1.0,66.0,362.48,356.79,5.689999999999998,1.5697417788567636,1840.0,1840.0,0.0,No Quality Issue,High Rejection,Good
RB-002872,Rift Bloom - Moiben Farm,RedNaomi,50.0,PREMIUM,40.0,34.0,1360.0,2024-12-08,2024-08-14,2024-08-18,2024-08-21,Germany,Aalsmeer Direct,KES,51.87,70543.2,AIR FREIGHT,508.51,2.2,0.0,,PENDING,5.0,False,False,False,4.0,3.0,True,False,2024.0,12.0,4.0,2024.0,8.0,3.0,2024.0,2024.0,8.0,-116.0,-109.0,70543.2,508.51,70034.69,99.27915093162773,1360.0,1360.0,0.0,No Quality Issue,High Rejection,Excellent
RB-002989,Rift Bloom - Timboroa Farm,Pink Floyd,90.0,,20.0,124.0,2480.0,2022-01-13,2022-01-13,2022-01-16,2022-01-19,Japan,FloraHolland Auction,NAN,0.454,1125.92,ROAD THEN AIR,318.27,3.3,0.0,,OVERDUE,2.0,False,False,False,3.0,3.0,True,False,2022.0,1.0,1.0,2022.0,1.0,1.0,2022.0,2022.0,1.0,0.0,6.0,1125.92,318.27,807.6500000000001,71.7324499076311,2480.0,2480.0,0.0,No Quality Issue,High Rejection,Poor
RB-000392,Rift Bloom - Kapseret Farm,Yellow Babe,70.0,A,40.0,117.0,4680.0,2024-08-09,2024-11-08,2024-08-15,2024-08-17,France,Marks & Spencer Flowers,KES,53.69,251269.2,ROAD THEN AIR,91.49,0.5,0.0,,PAID,3.0,False,False,False,-85.0,2.0,False,False,2024.0,8.0,3.0,2024.0,11.0,4.0,2024.0,2024.0,8.0,91.0,8.0,251269.2,91.49,251177.71000000002,99.96358885211558,4680.0,4680.0,0.0,No Quality Issue,High Rejection,Average
RB-001920,Rift Bloom - Ziwa Farm,Avalanche,70.0,A,25.0,118.0,2950.0,2023-08-23,2023-08-24,2023-08-28,2023-03-09,USA,Carrefour Flowers,USD,0.295,870.25,ROAD THEN AIR,386.84,1.6,0.0,,PENDING,4.0,False,False,False,4.0,-172.0,False,False,2023.0,8.0,3.0,2023.0,8.0,3.0,2023.0,2023.0,3.0,1.0,-167.0,870.25,386.84,483.41,55.54840563056593,2950.0,2950.0,0.0,No Quality Issue,High Rejection,Good
RB-001457,Rift Bloom - Turbo Farm,Avalanche,50.0,C,40.0,118.0,4720.0,2023-10-27,2023-10-28,2023-10-29,2023-11-02,Norway,Tokyo Flower Market,USD,0.42,1982.4,AIR FREIGHT,314.31,1.3,0.0,,PENDING,4.0,False,False,False,1.0,4.0,True,False,2023.0,10.0,4.0,2023.0,10.0,4.0,2023.0,2023.0,11.0,1.0,6.0,1982.4,314.31,1668.0900000000001,84.14497578692495,4720.0,4720.0,0.0,No Quality Issue,High Rejection,Good
RB-002023,Rift Bloom - Moiben Farm,Mondial,60.0,PREMIUM,10.0,170.0,1700.0,2025-03-16,2025-03-17,2025-03-18,2025-03-20,France,Blume2000,KES,43.16,73372.0,AIR FREIGHT,405.44,1.4,0.0,,PAID,5.0,False,False,False,1.0,2.0,True,False,2025.0,3.0,1.0,2025.0,3.0,1.0,2025.0,2025.0,3.0,1.0,4.0,73372.0,405.44,72966.56,99.44741863381125,1700.0,1700.0,0.0,No Quality Issue,High Rejection,Excellent
RB-002779,Rift Bloom - Turbo Farm,High & Magic,60.0,B,25.0,222.0,5550.0,2023-06-06,2023-08-06,2023-10-06,2023-11-06,United Arab Emirates,Bloomon BV,EUR,0.479,2658.45,NAN,512.55,0.3,0.0,,PAID,4.0,False,False,False,61.0,31.0,True,False,2023.0,6.0,2.0,2023.0,8.0,3.0,2023.0,2023.0,11.0,61.0,153.0,2658.45,512.55,2145.8999999999996,80.71996840264063,5550.0,5550.0,0.0,No Quality Issue,High Rejection,Good
RB-002603,Rift Bloom - Kesses Farm,Explorer,70.0,B,40.0,89.0,3560.0,2024-01-22,2024-01-24,2024-01-26,2024-01-30,uk,Dubai Flower Centre,EUR,0.489,1740.84,AIR FREIGHT,193.15,1.1,0.0,,PAID,4.0,False,False,False,2.0,4.0,True,False,2024.0,1.0,1.0,2024.0,1.0,1.0,2024.0,2024.0,1.0,2.0,8.0,1740.84,193.15,1547.6899999999998,88.9047815996875,3560.0,3560.0,0.0,No Quality Issue,High Rejection,Good
RB-002584,Rift Bloom - Turbo Farm,Sweetness,40.0,B,25.0,186.0,4650.0,2026-03-18,2026-03-19,2026-03-20,2026-03-21,netherlands,Tokyo Flower Market,USD,0.504,2343.6,AIR FREIGHT,,3.9,0.0,,OVERDUE,3.0,False,False,False,1.0,1.0,True,False,2026.0,3.0,1.0,2026.0,3.0,1.0,2026.0,2026.0,3.0,1.0,3.0,2343.6,,,,4650.0,4650.0,0.0,No Quality Issue,High Rejection,Average
RB-001640,Rift Bloom - Moiben Farm,Explorer,70.0,B,40.0,105.0,4200.0,2022-11-27,2022-11-28,2022-11-29,2022-11-30,Switzerland,Dubai Flower Centre,EUR,0.328,1377.6,NAN,202.95,3.1,48.0,,NAN,5.0,False,False,False,1.0,1.0,True,False,2022.0,11.0,4.0,2022.0,11.0,4.0,2022.0,2022.0,11.0,1.0,3.0,1377.6,202.95,1174.6499999999999,85.26785714285714,4200.0,4200.0,1.1428571428571428,No Quality Issue,High Rejection,Excellent
RB-000920,Rift Bloom - Kesses Farm,Athena,70.0,A,20.0,88.0,1760.0,2024-11-15,2024-11-15,2024-11-16,2024-11-20,Norway,FloraHolland Auction,USD,0.272,478.72,AIR FREIGHT,378.79,1.1,0.0,,PENDING,5.0,False,False,False,1.0,4.0,True,False,2024.0,11.0,4.0,2024.0,11.0,4.0,2024.0,2024.0,11.0,0.0,5.0,478.72,378.79,99.93,20.874415106951872,1760.0,1760.0,0.0,No Quality Issue,High Rejection,Excellent
RB-001604,Rift Bloom - Kesses Farm,Circus,40.0,A,20.0,39.0,780.0,2026-07-30,2026-07-31,2026-03-08,2026-08-08,USA,Blume2000,USD,0.202,157.56,AIR FREIGHT,,2.1,0.0,,PAID,5.0,False,False,False,-145.0,153.0,False,False,2026.0,7.0,3.0,2026.0,7.0,3.0,2026.0,2026.0,8.0,1.0,9.0,157.56,,,,780.0,780.0,0.0,No Quality Issue,High Rejection,Excellent
RB-002551,Rift Bloom - Timboroa Farm,Explorer,70.0,A,40.0,131.0,5240.0,2026-05-08,2026-08-06,2026-08-10,2026-12-08,United Kingdom,Tokyo Flower Market,KES,22.62,118528.8,AIR FREIGHT,459.86,,0.0,,PAID,4.0,False,False,False,4.0,120.0,True,False,2026.0,5.0,2.0,2026.0,8.0,3.0,2026.0,2026.0,12.0,90.0,214.0,118528.8,459.86,118068.94,99.61202678167669,5240.0,5240.0,0.0,No Quality Issue,High Rejection,Good
RB-001221,Rift Bloom - Timboroa Farm,Explorer,90.0,A,25.0,80.0,2000.0,2025-01-24,2025-01-24,2025-01-28,2025-01-29,Japan,Dubai Flower Centre,USD,0.25,500.0,AIR FREIGHT,310.37,16.5,0.0,,PENDING,3.0,False,False,False,4.0,1.0,True,False,2025.0,1.0,1.0,2025.0,1.0,1.0,2025.0,2025.0,1.0,0.0,5.0,500.0,310.37,189.63,37.926,2000.0,2000.0,0.0,No Quality Issue,High Rejection,Average
RB-000176,Rift Bloom - Timboroa Farm,Tibet,60.0,PREMIUM,20.0,350.0,7000.0,2025-03-21,2025-03-22,2025-03-23,2025-03-24,Switzerland,Tokyo Flower Market,KES,72.41,506870.0,AIR FREIGHT,18.97,3.8,0.0,,PENDING,4.0,False,False,False,1.0,1.0,True,False,2025.0,3.0,1.0,2025.0,3.0,1.0,2025.0,2025.0,3.0,1.0,3.0,506870.0,18.97,506851.03,99.99625742300788,7000.0,7000.0,0.0,No Quality Issue,High Rejection,Good
