order_id,farm,rose_variety,stem_length_cm,grade,stems_per_bunch,num_bunches,total_stems,harvest_date,order_date,ship_date,delivery_date,destination_country,buyer,currency,price_per_stem,total_sale_value,shipping_method,freight_cost_usd,temp_at_shipping_c,rejected_stems,quality_issue,payment_status,customer_rating,duplicate_order_flag,negative_price_flag,cold_storage_flag,order_to_ship_days,ship_to_delivery_days,valid_temporal_sequence,had_unknown_value
RB-000893,Rift Bloom - Timboroa Farm,Yellow Babe,80.0,A,40.0,185.0,7400.0,2022-04-13,2022-04-15,2022-04-19,2022-04-23,United Kingdom,Dubai Flower Centre,USD,0.414,3063.6,AIR FREIGHT,792.81,,0.0,nan,PAID,5.0,False,False,False,4.0,4.0,True,False
RB-000644,Rift Bloom - Turbo Farm,Freedom,70.0,A,25.0,35.0,875.0,2023-04-08,2023-04-08,2023-04-10,2023-04-12,United Kingdom,Aalsmeer Direct,EUR,0.398,348.25,AIR FREIGHT,,1.0,0.0,nan,NAN,5.0,False,False,False,2.0,2.0,True,False
RB-002255,Rift Bloom - Ziwa Farm,Red Naomi,40.0,PREMIUM,10.0,113.0,1130.0,2024-03-21,2024-03-23,2024-03-25,2024-03-28,France,Carrefour Flowers,USD,0.28,316.4,NAN,267.85,,0.0,nan,NAN,5.0,False,False,False,2.0,3.0,True,False
RB-000445,Rift Bloom - Timboroa Farm,Yellow Babe,80.0,B,20.0,66.0,1320.0,2026-06-15,2026-06-17,2026-06-19,2026-06-21,Poland,Tokyo Flower Market,EUR,0.279,368.28,NAN,571.54,2.2,0.0,nan,PAID,1.0,False,False,False,2.0,2.0,True,False
RB-001236,Rift Bloom - Kesses Farm,Red Naomi,50.0,PREMIUM,25.0,131.0,3275.0,,2024-08-26,2024-08-27,2024-08-30,Japan,M-Farm Traders,EUR,0.35,1146.25,UNKNOWN,,2.5,0.0,nan,OVERDUE,4.0,False,False,False,1.0,3.0,True,False
RB-001814,Rift Bloom - Timboroa Farm,Peach Avalanche,70.0,B,20.0,11.0,220.0,,2022-10-02,2022-12-02,2022-02-16,uae,Bloomon BV,USD,0.364,80.08,AIR FREIGHT,347.23,2.3,0.0,nan,NAN,4.0,False,False,False,61.0,-289.0,False,False
RB-001671,Rift Bloom - Moiben Farm,Pink Floyd,70.0,STANDARD,10.0,191.0,1910.0,2022-06-06,2022-06-07,2022-08-06,2022-06-14,Netherlands,FloraHolland Auction,USD,0.387,739.17,AIR FREIGHT,524.65,3.5,0.0,nan,PAID,5.0,False,False,False,60.0,-53.0,False,False
RB-000276,Rift Bloom - Ziwa Farm,Sweetness,90.0,PREMIUM,10.0,104.0,1040.0,2026-08-04,2026-06-08,2026-08-08,2026-08-10,Australia,Aalsmeer Direct,NAN,0.561,583.44,AIR FREIGHT,163.72,,9.0,nan,PAID,4.0,False,False,False,61.0,2.0,True,False
RB-002879,Rift Bloom - Kapseret Farm,Sweetness,50.0,C,40.0,110.0,4400.0,2023-03-23,2023-03-24,2023-03-25,2023-03-31,United Arab Emirates,Whole Foods Market,NAN,0.287,1262.8,ROAD THEN AIR,418.22,0.0,0.0,nan,PENDING,5.0,False,False,False,1.0,6.0,True,False
RB-002392,Rift Bloom - Moiben Farm,Yellow Babe,80.0,PREMIUM,10.0,168.0,1680.0,2024-01-27,2024-01-27,2024-01-28,2024-01-30,Poland,Interflora Russia,USD,0.147,246.96,ROAD THEN AIR,98.91,2.9,0.0,nan,PENDING,4.0,False,False,False,1.0,2.0,True,False
RB-002142,Rift Bloom - Turbo Farm,Vendela,40.0,STANDARD,10.0,33.0,330.0,2025-07-21,2025-07-22,2025-07-24,2025-07-27,Switzerland,Bloomon BV,NAN,0.378,124.74,AIR FREIGHT,23.26,4.9,14.0,Petal Bruising,PAID,3.0,False,False,False,2.0,3.0,True,False
RB-000225,Rift Bloom - Turbo Farm,Explorer,50.0,B,10.0,111.0,1110.0,2023-08-01,2023-08-03,2023-05-08,2023-09-08,Australia,Aalsmeer Direct,USD,0.329,365.19,NAN,175.25,2.1,4.0,Bud Blast,PAID,2.0,False,False,False,-87.0,123.0,False,False
RB-002586,Rift Bloom - Moiben Farm,Mondial,50.0,A,20.0,128.0,2560.0,2023-03-05,2023-03-05,2023-05-05,2023-06-05,Japan,Marks & Spencer Flowers,EUR,0.378,967.68,NAN,408.39,4.0,0.0,nan,PAID,5.0,False,False,False,61.0,31.0,True,False
RB-000122,Rift Bloom - Ziwa Farm,Red Naomi,70.0,UNKNOWN,10.0,98.0,980.0,2023-03-24,2023-03-24,2023-03-28,2023-04-03,United kingdom,FloraHolland Auction,EUR,0.441,432.18,ROAD THEN AIR,22.56,2.0,0.0,nan,PENDING,5.0,False,False,False,4.0,6.0,True,False
RB-002246,Rift Bloom - Kesses Farm,Avalanche,50.0,C,25.0,113.0,2825.0,2023-06-03,2023-08-03,2023-11-03,2023-03-17,Japan,Dubai Flower Centre,UNKNOWN,0.556,1570.7,ROAD THEN AIR,443.78,1.8,0.0,nan,OVERDUE,1.0,False,False,False,92.0,-231.0,False,False
RB-000834,Rift Bloom - Timboroa Farm,Mondial,60.0,B,40.0,74.0,2960.0,2025-12-08,,2025-08-14,2025-08-18,Germany,M-Farm Traders,KES,49.92,147763.2,ROAD THEN AIR,133.88,2.2,0.0,nan,PAID,3.0,False,False,False,,4.0,False,False
RB-001727,Rift Bloom - Moiben Farm,Avalanche,70.0,C,10.0,58.0,580.0,2022-02-08,2022-08-03,2022-07-08,2022-10-08,United Arab Emirates,Tokyo Flower Market,EUR,0.443,256.94,AIR FREIGHT,,-0.2,30.0,Undersized Stems,PAID,5.0,False,False,True,-26.0,92.0,False,False
RB-001692,Rift Bloom - Timboroa Farm,RedNaomi,50.0,B,40.0,134.0,5360.0,2026-01-20,2026-01-22,2026-01-25,2026-01-26,NL,Local Wholesaler - Eldoret,EUR,0.268,1436.48,ROAD THEN AIR,32.63,1.0,0.0,nan,NAN,3.0,False,False,False,3.0,1.0,True,False
RB-001124,Rift Bloom - Turbo Farm,Avalanche,60.0,B,25.0,43.0,1075.0,2024-08-01,2024-03-08,2024-05-08,2024-08-07,Poland,Interflora Russia,EUR,0.381,409.57,ROAD THEN AIR,171.88,0.0,6.0,nan,OVERDUE,5.0,False,False,False,61.0,91.0,True,False
RB-002286,Rift Bloom - Moiben Farm,Peach Avalanche,50.0,C,40.0,72.0,2880.0,2023-06-18,2023-06-20,2023-06-23,2023-06-28,Russia,Local Wholesaler - Eldoret,EUR,0.492,1416.96,AIR FREIGHT,212.41,0.8,0.0,nan,UNKNOWN,3.0,False,False,False,3.0,5.0,True,False
RB-001580,Rift Bloom - Kapseret Farm,Yellow Babe,70.0,STANDARD,20.0,337.0,6740.0,2023-02-12,2023-04-12,2023-06-12,2023-12-11,Australia,M-Farm Traders,USD,0.44,2965.6,ROAD THEN AIR,177.61,3.4,0.0,nan,PAID,4.0,False,False,False,61.0,182.0,True,False
RB-002975,Rift Bloom - Kesses Farm,Red Naomi,60.0,C,40.0,83.0,3320.0,2024-11-29,2024-01-12,2024-04-12,2024-10-12,United Arab Emirates,M-Farm Traders,EUR,0.146,484.72,NAN,137.7,0.2,13.0,nan,PENDING,3.0,False,False,False,91.0,183.0,True,False
RB-000685,Rift Bloom - Kapseret Farm,Freedom,80.0,B,25.0,76.0,1900.0,2024-02-21,2024-02-22,2024-02-23,2024-02-28,United Kingdom,Whole Foods Market,KES,65.39,124241.0,AIR FREIGHT,91.16,2.1,0.0,nan,PAID,4.0,False,False,False,1.0,5.0,True,False
RB-000514,Rift Bloom - Turbo Farm,Mondial,70.0,C,10.0,126.0,1260.0,,2025-08-18,2025-08-22,2025-08-23,Australia,Whole Foods Market,USD,0.482,607.32,AIR FREIGHT,98.97,1.1,0.0,nan,OVERDUE,4.0,False,False,False,4.0,1.0,True,False
RB-002721,Rift Bloom - Ziwa Farm,Pink Floyd,60.0,nan,40.0,38.0,1520.0,2024-11-18,2024-11-20,2024-11-23,2024-11-28,Poland,Whole Foods Market,KES,50.44,76668.8,AIR FREIGHT,356.79,-2.4,0.0,nan,PAID,3.0,False,False,True,3.0,5.0,True,False
RB-002269,Rift Bloom - Ziwa Farm,Pink Floyd,50.0,PREMIUM,10.0,103.0,1030.0,2022-01-12,2022-12-02,2022-03-12,2022-09-12,France,Interflora Russia,USD,0.403,415.09,ROAD THEN AIR,329.15,4.3,0.0,nan,PENDING,5.0,False,False,False,-265.0,184.0,False,False
RB-001964,Rift Bloom - Timboroa Farm,Vendela,60.0,A,10.0,57.0,570.0,2023-03-08,2023-08-05,2023-07-08,2023-09-08,Poland,FloraHolland Auction,USD,0.233,132.81,AIR FREIGHT,248.52,1.1,0.0,nan,PAID,5.0,False,False,False,-28.0,62.0,False,False
RB-002782,Rift Bloom - Moiben Farm,Red Naomi,50.0,C,25.0,128.0,3200.0,2024-01-08,2024-01-09,2024-01-11,2024-01-13,Australia,FloraHolland Auction,NAN,0.415,1328.0,UNKNOWN,105.61,-0.8,41.0,Petal Bruising,NAN,5.0,False,False,True,2.0,2.0,True,False
RB-000706,Rift Bloom - Moiben Farm,Sweetness,60.0,B,20.0,113.0,2260.0,2022-02-24,2022-02-24,2022-02-27,2022-01-03,Norway,M-Farm Traders,USD,0.479,1082.54,AIR FREIGHT,207.25,1.2,17.0,nan,PAID,3.0,False,False,False,3.0,-55.0,False,False
RB-002347,Rift Bloom - Turbo Farm,Athena,60.0,A,40.0,35.0,1400.0,2025-09-30,2025-01-10,2025-04-10,2025-10-07,Switzerland,FloraHolland Auction,UNKNOWN,0.302,422.8,NAN,265.81,2.4,0.0,nan,NAN,2.0,False,False,False,90.0,180.0,True,False
RB-000417,Rift Bloom - Timboroa Farm,Red Naomi,60.0,A,20.0,91.0,1820.0,,2024-10-25,2024-10-27,2024-01-11,Switzerland,Interflora Russia,NAN,0.43,782.6,AIR FREIGHT,562.92,1.1,0.0,None,PENDING,5.0,False,False,False,2.0,-290.0,False,False
RB-001130,Rift Bloom - Kapseret Farm,Vendela,60.0,PREMIUM,10.0,169.0,1690.0,2025-05-27,2025-05-28,2025-05-30,2025-03-06,United Arab Emirates,M-Farm Traders,EUR,0.26,439.4,AIR FREIGHT,371.67,1.8,95.0,Petal Bruising,PAID,4.0,True,False,False,2.0,-85.0,False,False
RB-002831,Rift Bloom - Timboroa Farm,Tibet,40.0,A,20.0,72.0,1440.0,2025-03-08,2025-08-04,2025-06-08,2025-08-11,Norway,Dubai Flower Centre,USD,0.498,717.12,ROAD THEN AIR,733.25,2.0,0.0,nan,OVERDUE,3.0,False,False,False,-57.0,64.0,False,False
RB-000653,Rift Bloom - Kesses Farm,Mondial,40.0,B,20.0,43.0,860.0,2023-09-16,2023-09-17,2023-09-19,2023-09-21,uk,FloraHolland Auction,USD,0.243,208.98,NAN,156.24,0.9,0.0,nan,PAID,5.0,False,False,False,2.0,2.0,True,False
RB-000126,Rift Bloom - Turbo Farm,Vendela,40.0,nan,10.0,243.0,2430.0,2025-02-19,2025-02-20,2025-02-24,2025-03-02,France,FloraHolland Auction,EUR,0.434,1054.62,AIR FREIGHT,849.04,1.8,0.0,nan,NAN,5.0,False,False,False,4.0,6.0,True,False
RB-000420,Rift Bloom - Timboroa Farm,Circus,70.0,A,10.0,125.0,1250.0,2025-08-21,2025-08-21,2025-08-25,2025-08-29,UAE,Carrefour Flowers,EUR,0.289,361.25,UNKNOWN,669.46,2.6,0.0,nan,NAN,3.0,False,False,False,4.0,4.0,True,False
RB-001397,Rift Bloom - Moiben Farm,Vendela,70.0,PREMIUM,20.0,102.0,2040.0,,2022-12-27,2022-12-31,2023-02-01,Australia,Bloomon BV,EUR,0.476,971.04,AIR FREIGHT,348.47,2.4,0.0,Undersized Stems,PAID,5.0,False,False,False,4.0,32.0,True,False
RB-000207,Rift Bloom - Timboroa Farm,Sweetness,50.0,B,20.0,157.0,3140.0,2022-01-19,2022-01-20,2022-01-24,2022-01-30,Poland,Tokyo Flower Market,USD,0.199,624.86,AIR FREIGHT,274.56,3.9,0.0,nan,NAN,4.0,False,False,False,4.0,6.0,True,False
RB-001960,Rift Bloom - Ziwa Farm,Athena,40.0,A,25.0,74.0,1850.0,2025-05-28,2025-05-30,2025-03-06,2025-06-04,Poland,Carrefour Flowers,EUR,0.263,486.55,AIR FREIGHT,671.28,3.6,0.0,nan,NAN,4.0,False,False,False,-85.0,90.0,False,False
RB-002107,Rift Bloom - Kesses Farm,Tibet,50.0,PREMIUM,20.0,82.0,1640.0,2025-01-21,2025-01-21,2025-01-24,2025-01-27,Norway,Tokyo Flower Market,EUR,0.158,259.12,ROAD THEN AIR,372.84,2.7,0.0,nan,PAID,4.0,False,False,False,3.0,3.0,True,False
RB-001431,Rift Bloom - Moiben Farm,Peach Avalanche,60.0,PREMIUM,40.0,211.0,8440.0,2025-11-19,2025-11-21,2025-11-25,2025-11-26,Holland,FloraHolland Auction,EUR,0.496,4186.24,ROAD THEN AIR,163.63,0.8,0.0,nan,PENDING,5.0,False,False,False,4.0,1.0,True,False
RB-000799,Rift Bloom - Kapseret Farm,Peach Avalanche,50.0,B,10.0,120.0,1200.0,2023-06-21,2023-06-21,2023-06-22,2023-06-24,Japan,Carrefour Flowers,KES,70.98,851760.0,AIR FREIGHT,211.29,,0.0,nan,OVERDUE,3.0,False,False,False,1.0,2.0,True,False
RB-002504,Rift Bloom - Moiben Farm,Tibet,50.0,PREMIUM,10.0,118.0,1180.0,2023-10-16,2023-10-18,2023-10-22,2023-10-27,Poland,Aalsmeer Direct,NAN,0.276,325.68,NAN,174.11,2.6,0.0,nan,PAID,4.0,False,False,False,4.0,5.0,True,False
RB-000736,Rift Bloom - Kapseret Farm,Sweetness,40.0,PREMIUM,10.0,152.0,1520.0,2022-08-06,2022-08-06,2022-06-12,2022-06-17,Netherlands,Interflora Russia,KES,35.23,53549.6,AIR FREIGHT,186.99,0.3,22.0,Stem Bent,PENDING,5.0,False,False,False,-55.0,5.0,False,False
RB-002415,Rift Bloom - Ziwa Farm,Mondial,60.0,B,25.0,92.0,2300.0,2022-11-25,2022-11-25,2022-11-27,2022-11-29,United Kingdom,Whole Foods Market,EUR,0.503,11569.0,AIR FREIGHT,288.44,0.0,0.0,nan,PENDING,5.0,False,False,False,2.0,2.0,True,False
RB-002833,Rift Bloom - Timboroa Farm,Avalanche+,50.0,A,20.0,113.0,2260.0,2023-07-03,2023-04-07,2023-06-07,2023-11-07,France,Aalsmeer Direct,EUR,0.2,452.0,AIR FREIGHT,395.56,,0.0,nan,PENDING,4.0,False,False,False,61.0,153.0,True,False
RB-001096,Rift Bloom - Timboroa Farm,Avalanche,80.0,PREMIUM,20.0,132.0,2640.0,2023-10-23,2023-10-23,2023-10-26,2023-10-30,United Arab Emirates,Dubai Flower Centre,USD,0.181,477.84,NAN,194.52,4.7,0.0,None,PENDING,2.0,False,False,False,3.0,4.0,True,False
RB-001293,Rift Bloom - Timboroa Farm,Mondial,80.0,B,40.0,97.0,3880.0,2025-11-02,2025-04-11,2025-06-11,2025-11-11,Switzerland,Bloomon BV,USD,0.458,1777.04,AIR FREIGHT,254.27,4.0,6.0,Undersized Stems,OVERDUE,3.0,False,False,False,61.0,153.0,True,False
RB-000469,Rift Bloom - Turbo Farm,Yellow Babe,70.0,B,10.0,150.0,1500.0,2024-05-19,2024-05-19,2024-05-21,2024-05-25,Russia,Local Wholesaler - Eldoret,USD,0.186,279.0,AIR FREIGHT,490.26,1.4,0.0,nan,OVERDUE,4.0,True,False,False,2.0,4.0,True,False
RB-002034,Rift Bloom - Kesses Farm,Freedom,50.0,A,25.0,105.0,2625.0,2026-04-27,2026-04-29,2026-04-30,2026-01-05,Germany,Whole Foods Market,NAN,0.365,958.12,AIR FREIGHT,185.08,4.0,0.0,nan,PENDING,5.0,False,False,False,1.0,-115.0,False,False
RB-001959,Rift Bloom - Moiben Farm,High & Magic,40.0,PREMIUM,25.0,155.0,3875.0,2023-02-25,2023-02-25,2023-01-03,2023-02-03,USA,Tokyo Flower Market,KES,56.42,218627.5,ROAD THEN AIR,340.22,2.0,0.0,nan,UNKNOWN,4.0,False,False,False,-53.0,31.0,False,False
RB-002616,Rift Bloom - Kesses Farm,Mondial,-50.0,STANDARD,25.0,51.0,1275.0,2023-01-27,2023-01-28,2023-01-29,2023-02-02,France,Blume2000,EUR,0.334,425.85,NAN,,2.3,0.0,nan,PAID,4.0,False,False,False,1.0,4.0,True,False
RB-002068,Rift Bloom - Kapseret Farm,Pink Floyd,70.0,C,25.0,239.0,5975.0,2025-06-08,2025-08-06,2025-09-06,2025-06-10,Russia,Tokyo Flower Market,EUR,0.442,2640.95,AIR FREIGHT,690.96,2.1,0.0,nan,PAID,5.0,False,False,False,31.0,-88.0,False,False
RB-000842,Rift Bloom - Timboroa Farm,Tibet,60.0,B,20.0,78.0,1560.0,2025-12-03,2025-03-13,2025-03-15,2025-03-20,Germany,Aalsmeer Direct,USD,0.396,617.76,AIR FREIGHT,250.59,2.3,29.0,Cold Chain Break,PENDING,3.0,False,False,False,2.0,5.0,True,False
RB-002862,Rift Bloom - Timboroa Farm,Cool Water,50.0,UNKNOWN,40.0,242.0,9680.0,2025-02-15,2025-02-16,2025-02-17,2025-02-19,Australia,Local Wholesaler - Eldoret,KES,20.8,201344.0,AIR FREIGHT,149.93,-0.5,0.0,nan,PENDING,5.0,False,False,True,1.0,2.0,True,False
RB-000986,Rift Bloom - Kapseret Farm,Tibet,60.0,B,40.0,245.0,9800.0,2024-12-19,2024-12-20,2024-12-23,2024-12-26,Switzerland,Aalsmeer Direct,USD,0.363,35574.0,AIR FREIGHT,242.71,1.0,0.0,nan,PENDING,4.0,False,False,False,3.0,3.0,True,False
RB-001636,Rift Bloom - Turbo Farm,Red Naomi,40.0,B,20.0,74.0,1480.0,2025-07-21,2025-07-23,2025-07-25,2025-07-29,Netherlands,Whole Foods Market,EUR,0.534,790.32,AIR FREIGHT,,,0.0,nan,OVERDUE,3.0,False,False,False,2.0,4.0,True,False
RB-000581,Rift Bloom - Kesses Farm,Circus,70.0,B,20.0,100.0,2000.0,2025-06-02,2025-06-04,2025-06-05,2025-08-06,Poland,Tokyo Flower Market,NAN,0.491,982.0,AIR FREIGHT,354.13,-2.0,0.0,nan,PAID,5.0,False,False,True,1.0,62.0,True,False
RB-001359,Rift Bloom - Ziwa Farm,Cool Water,90.0,STANDARD,40.0,140.0,5600.0,2023-08-22,2023-08-23,2023-08-26,2023-08-31,France,Aalsmeer Direct,EUR,0.488,2732.8,ROAD THEN AIR,287.67,0.3,23.0,Petal Bruising,PAID,5.0,False,False,False,3.0,5.0,True,False
RB-002590,Rift Bloom - Kapseret Farm,Vendela,60.0,C,20.0,133.0,2660.0,2023-04-13,2023-04-14,2023-04-16,2023-04-17,USA,M-Farm Traders,USD,0.144,383.04,AIR FREIGHT,,0.6,0.0,nan,PAID,5.0,False,False,False,2.0,1.0,True,False
RB-000691,Rift Bloom - Kesses Farm,Mondial,0.0,STANDARD,20.0,135.0,2700.0,2024-05-05,2024-05-05,2024-08-05,,United Arab Emirates,FloraHolland Auction,NAN,0.429,1158.3,NAN,309.91,,0.0,nan,OVERDUE,4.0,False,False,False,92.0,,False,False
RB-001553,Rift Bloom - Moiben Farm,Mondial,60.0,STANDARD,10.0,160.0,1600.0,2022-07-12,2022-08-12,2022-12-11,2022-12-14,Germany,Whole Foods Market,USD,0.553,884.8,AIR FREIGHT,528.87,3.7,26.0,nan,NAN,3.0,False,False,False,121.0,3.0,True,False
RB-001843,Rift Bloom - Ziwa Farm,Pink Floyd,50.0,STANDARD,40.0,64.0,2560.0,2025-10-03,2025-03-11,2025-12-03,2025-03-15,NL,Tokyo Flower Market,KES,59.02,151091.2,AIR FREIGHT,210.35,-0.9,0.0,nan,PAID,3.0,False,False,True,267.0,-263.0,False,False
RB-000675,Rift Bloom - Turbo Farm,Cool Water,70.0,nan,40.0,182.0,7280.0,2022-09-15,2022-09-17,2022-09-21,2022-09-26,Netherlands,Tokyo Flower Market,EUR,0.458,3334.24,NAN,,2.0,0.0,nan,PAID,5.0,False,False,False,4.0,5.0,True,False
RB-002540,Rift Bloom - Kesses Farm,Avalanche+,70.0,B,40.0,65.0,2600.0,2022-05-26,2022-05-28,2022-05-30,2022-01-06,Norway,Bloomon BV,EUR,0.269,699.4,NAN,313.48,1.1,0.0,nan,OVERDUE,3.0,False,False,False,2.0,-144.0,False,False
RB-002931,Rift Bloom - Kapseret Farm,Yellow Babe,70.0,PREMIUM,25.0,181.0,4525.0,2023-11-08,2023-11-08,2023-12-08,2023-08-14,Japan,M-Farm Traders,UNKNOWN,0.506,2289.65,NAN,191.81,1.2,28.0,Stem Bent,PAID,4.0,False,False,False,30.0,-116.0,False,False
RB-000962,Rift Bloom - Turbo Farm,Vendela,90.0,A,40.0,140.0,5600.0,2024-09-09,2024-09-10,2024-09-12,2024-09-15,USA,Whole Foods Market,EUR,0.425,2380.0,AIR FREIGHT,423.11,4.4,0.0,nan,OVERDUE,2.0,False,False,False,2.0,3.0,True,False
RB-001574,Rift Bloom - Moiben Farm,High & Magic,70.0,C,40.0,-270.0,-10800.0,2025-03-17,2025-03-17,2025-03-20,2025-03-21,Switzerland,Blume2000,NAN,0.258,-2786.4,ROAD THEN AIR,194.86,1.4,0.0,nan,PAID,5.0,False,False,False,3.0,1.0,True,False
RB-000864,Rift Bloom - Moiben Farm,Pink Floyd,50.0,C,25.0,157.0,3925.0,2025-06-17,2025-06-19,2025-06-20,2025-06-25,Australia,FloraHolland Auction,KES,35.23,138277.75,ROAD THEN AIR,,2.0,0.0,nan,PAID,5.0,False,False,False,1.0,5.0,True,False
RB-002854,Rift Bloom - Moiben Farm,Red-Naomi,60.0,A,40.0,102.0,4080.0,2024-04-14,2024-04-16,2024-04-17,2024-04-19,France,Local Wholesaler - Eldoret,NAN,0.262,1068.96,AIR FREIGHT,,3.6,0.0,nan,PAID,5.0,False,False,False,1.0,2.0,True,False
RB-002533,Rift Bloom - Kesses Farm,Mondial,90.0,STANDARD,10.0,91.0,910.0,2023-05-20,2023-05-22,2023-05-26,2023-05-31,France,Dubai Flower Centre,KES,88.4,80444.0,NAN,131.09,-0.1,0.0,nan,PAID,4.0,False,False,True,4.0,5.0,True,False
RB-002124,Rift Bloom - Kapseret Farm,Explorer,50.0,A,40.0,77.0,3080.0,2023-11-06,2023-11-08,2023-12-11,2023-11-13,Australia,Marks & Spencer Flowers,USD,0.438,1349.04,ROAD THEN AIR,496.66,1.3,0.0,nan,PAID,4.0,False,False,False,33.0,-28.0,False,False
RB-000359,Rift Bloom - Kapseret Farm,High & Magic,60.0,C,20.0,155.0,3100.0,,2022-09-03,2022-09-07,2022-11-09,Norway,Interflora Russia,USD,0.393,1218.3,NAN,,4.2,0.0,nan,PAID,3.0,False,False,False,4.0,63.0,True,False
RB-001783,Rift Bloom - Turbo Farm,High & Magic,80.0,A,40.0,78.0,3120.0,2024-05-30,2024-05-30,2024-06-01,2024-06-03,United Kingdom,Interflora Russia,EUR,0.283,882.96,AIR FREIGHT,150.58,,0.0,nan,NAN,3.0,False,False,False,2.0,2.0,True,False
RB-002758,Rift Bloom - Moiben Farm,Vendela,40.0,B,10.0,148.0,1480.0,2026-10-05,2026-05-11,2026-05-13,2026-05-16,Australia,Aalsmeer Direct,USD,0.351,519.48,ROAD THEN AIR,63.55,1.0,0.0,nan,PENDING,5.0,False,False,False,2.0,3.0,True,False
RB-002607,Rift Bloom - Kapseret Farm,Explorer,70.0,PREMIUM,25.0,98.0,2450.0,2022-02-01,2022-01-02,2022-01-03,2022-01-07,United Kingdom,Bloomon BV,UNKNOWN,0.322,788.9,AIR FREIGHT,213.25,2.7,0.0,nan,OVERDUE,5.0,False,False,False,1.0,4.0,True,False
RB-002544,Rift Bloom - Kapseret Farm,Avalanche,50.0,B,10.0,137.0,1370.0,2024-03-11,2024-12-03,2024-03-14,2024-03-17,USA,M-Farm Traders,USD,0.345,472.65,UNKNOWN,119.97,4.5,0.0,nan,OVERDUE,4.0,False,False,False,-264.0,3.0,False,False
RB-002832,Rift Bloom - Ziwa Farm,Athena,80.0,A,20.0,49.0,980.0,2024-01-09,2024-09-01,2024-05-09,2024-10-09,U.K.,M-Farm Traders,USD,0.26,2548.0,ROAD THEN AIR,233.14,2.1,48.0,Cold Chain Break,PAID,4.0,False,False,False,-115.0,153.0,False,False
RB-002903,Rift Bloom - Timboroa Farm,AVALANCHE,70.0,PREMIUM,25.0,68.0,1700.0,2024-10-15,2024-10-16,2024-10-18,2024-10-24,Russia,Carrefour Flowers,NAN,0.183,311.1,AIR FREIGHT,466.37,3.7,0.0,nan,PENDING,5.0,False,False,False,2.0,6.0,True,False
RB-001141,Rift Bloom - Timboroa Farm,Explorer,80.0,PREMIUM,10.0,95.0,950.0,2025-01-29,2025-01-29,2025-01-30,2025-03-02,Russia,Bloomon BV,KES,63.05,59897.5,AIR FREIGHT,820.85,3.2,42.0,Undersized Stems,PAID,5.0,False,False,False,1.0,31.0,True,False
RB-002155,Rift Bloom - Moiben Farm,High & Magic,50.0,A,10.0,48.0,480.0,2022-09-02,2022-09-02,2022-04-09,2022-09-09,Norway,Bloomon BV,EUR,0.252,120.96,ROAD THEN AIR,,3.8,0.0,nan,PAID,4.0,False,False,False,-146.0,153.0,False,False
RB-001206,Rift Bloom - Kesses Farm,Red Naomi,50.0,B,10.0,124.0,1240.0,2026-05-01,2026-06-01,2026-09-01,2026-01-13,Japan,Aalsmeer Direct,NAN,0.368,456.32,AIR FREIGHT,117.97,0.3,15.0,-,PAID,1.0,False,False,False,92.0,-231.0,False,True
RB-001839,rift bloom turbo farm,RedNaomi,50.0,A,10.0,269.0,2690.0,,2022-06-12,2022-12-10,2022-11-12,Japan,Whole Foods Market,USD,0.328,882.32,AIR FREIGHT,421.65,2.5,0.0,nan,NAN,4.0,False,False,False,181.0,-28.0,False,False
RB-001544,Rift Bloom - Timboroa Farm,Pink Floyd,50.0,A,20.0,182.0,3640.0,2023-03-13,2023-03-15,2023-03-18,2023-03-23,Poland,Aalsmeer Direct,EUR,0.492,1790.88,AIR FREIGHT,164.8,4.4,0.0,nan,PAID,4.0,False,False,False,3.0,5.0,True,False
RB-002046,Rift Bloom - Timboroa Farm,Red Naomi,90.0,B,20.0,79.0,1580.0,2024-11-23,2024-11-24,2024-11-25,2024-01-12,Poland,Interflora Russia,EUR,0.256,404.48,AIR FREIGHT,444.39,1.1,0.0,nan,PAID,3.0,False,False,False,1.0,-318.0,False,False
RB-001262,Rift Bloom - Kapseret Farm,Explorer,60.0,B,40.0,175.0,7000.0,2023-11-30,2023-02-12,2023-12-05,2023-08-12,Norway,Local Wholesaler - Eldoret,EUR,0.416,2912.0,ROAD THEN AIR,62.45,1.6,0.0,nan,PAID,4.0,False,False,False,296.0,-115.0,False,False
RB-002495,Rift Bloom - Ziwa Farm,Peach Avalanche,60.0,B,10.0,81.0,810.0,2023-02-21,2023-02-23,2023-02-27,2023-05-03,USA,M-Farm Traders,EUR,0.271,219.51,AIR FREIGHT,460.09,0.4,0.0,nan,NAN,5.0,False,False,False,4.0,65.0,True,False
RB-002322,Rift Bloom - Kesses Farm,Red Naomi,50.0,B,40.0,16.0,640.0,2022-11-18,2022-11-18,2022-11-22,2022-11-27,Germany,M-Farm Traders,USD,0.462,295.68,AIR FREIGHT,93.66,0.8,0.0,nan,NAN,4.0,False,False,False,4.0,5.0,True,False
RB-000181,Rift Bloom - Turbo Farm,Freedom,90.0,STANDARD,10.0,193.0,1930.0,,2024-02-12,2024-03-12,2024-08-12,France,Whole Foods Market,USD,0.262,505.66,AIR FREIGHT,675.96,7.1,29.0,Wilting,PAID,4.0,False,False,False,29.0,153.0,True,False
RB-001268,Rift Bloom - Kesses Farm,Circus,70.0,A,20.0,109.0,2180.0,,2022-02-19,2022-02-22,2022-02-25,Germany,M-Farm Traders,USD,0.414,902.52,ROAD THEN AIR,,1.0,25.0,Bud Blast,PAID,5.0,False,False,False,3.0,3.0,True,False
RB-000753,Rift Bloom - Kapseret Farm,Explorer,70.0,STANDARD,40.0,61.0,2440.0,2025-05-18,,2025-05-21,2025-05-25,Russia,M-Farm Traders,USD,0.413,1007.72,AIR FREIGHT,357.25,5.9,0.0,nan,UNKNOWN,5.0,False,False,False,,4.0,False,False
RB-002277,Rift Bloom - Kesses Farm,Vendela,80.0,B,25.0,129.0,3225.0,,2022-11-29,2022-03-12,2022-04-12,United Arab Emirates,Interflora Russia,USD,0.308,993.3,ROAD THEN AIR,165.4,1.4,0.0,nan,PAID,4.0,False,False,False,-262.0,31.0,False,False
RB-001601,Rift Bloom - Timboroa Farm,Tibet,60.0,PREMIUM,10.0,97.0,970.0,2024-06-26,2024-06-27,2024-06-29,2024-07-04,Netherlands,Dubai Flower Centre,USD,0.139,134.83,ROAD THEN AIR,215.6,1.4,0.0,nan,OVERDUE,3.0,False,False,False,2.0,5.0,True,False
RB-001210,Rift Bloom - Kapseret Farm,Athena,0.0,A,10.0,111.0,1110.0,2025-03-21,2025-03-21,2025-03-22,2025-03-23,Netherlands,Aalsmeer Direct,USD,0.345,382.95,AIR FREIGHT,58.9,3.5,0.0,nan,PENDING,5.0,False,False,False,1.0,1.0,True,False
RB-001490,Rift Bloom - Ziwa Farm,Avalanche+,70.0,PREMIUM,10.0,35.0,350.0,2023-03-25,2023-03-27,2023-03-31,2023-04-03,France,M-Farm Traders,EUR,0.187,65.45,AIR FREIGHT,68.54,2.2,6.0,Cold Chain Break,PAID,4.0,False,False,False,4.0,3.0,True,False
RB-002760,Rift Bloom - Kesses Farm,Avalanche,90.0,UNKNOWN,20.0,58.0,1160.0,2024-03-05,2024-05-05,2024-05-09,2024-11-05,Japan,FloraHolland Auction,USD,0.453,525.48,AIR FREIGHT,169.84,3.1,0.0,nan,PAID,5.0,False,False,False,4.0,180.0,True,False
RB-001430,rift bloom turbo farm,Athena,50.0,UNKNOWN,40.0,124.0,4960.0,2025-11-09,2025-09-11,2025-09-13,2025-09-15,Poland,Blume2000,USD,0.277,1373.92,AIR FREIGHT,429.81,1.1,0.0,nan,PENDING,4.0,False,False,False,2.0,2.0,True,False
RB-001772,Rift Bloom - Timboroa Farm,Red Naomi,40.0,A,40.0,54.0,2160.0,2023-11-09,2023-11-11,2023-12-11,2023-11-13,Switzerland,Marks & Spencer Flowers,USD,0.374,807.84,UNKNOWN,495.15,2.0,0.0,nan,NAN,5.0,True,False,False,30.0,-28.0,False,False
RB-002718,Rift Bloom - Turbo Farm,Pink Floyd,500.0,STANDARD,10.0,236.0,2360.0,2023-03-28,2023-03-28,2023-03-30,2023-01-04,Russia,FloraHolland Auction,NAN,0.362,854.32,AIR FREIGHT,147.85,1.2,0.0,nan,PENDING,4.0,False,False,False,2.0,-85.0,False,False
RB-002733,Rift Bloom - Timboroa Farm,Athena,90.0,B,20.0,49.0,980.0,2024-08-15,2024-08-15,2024-08-19,2024-08-24,United Arab Emirates,M-Farm Traders,KES,85.67,83956.6,AIR FREIGHT,617.47,-0.3,0.0,nan,OVERDUE,5.0,False,False,True,4.0,5.0,True,False
RB-000341,Rift Bloom - Ziwa Farm,Circus,50.0,A,10.0,56.0,560.0,2022-10-25,2022-10-25,2022-10-26,2022-10-28,Russia,Tokyo Flower Market,KES,61.1,34216.0,NAN,114.07,,0.0,nan,PAID,5.0,False,False,False,1.0,2.0,True,False
RB-000486,Rift Bloom - Ziwa Farm,Red Naomi,40.0,STANDARD,20.0,162.0,3240.0,2022-08-04,2022-10-04,2022-12-04,2022-04-15,Japan,Tokyo Flower Market,NAN,0.211,683.64,AIR FREIGHT,175.0,2.6,0.0,None,PAID,4.0,False,False,False,61.0,-233.0,False,False
RB-002266,Rift Bloom - Moiben Farm,Yellow Babe,90.0,B,25.0,228.0,5700.0,2024-10-10,2024-10-10,2024-10-11,2024-10-15,USA,M-Farm Traders,EUR,0.338,1926.6,AIR FREIGHT,148.58,0.4,0.0,nan,OVERDUE,4.0,False,False,False,1.0,4.0,True,False
RB-001117,Rift Bloom - Timboroa Farm,Yellow Babe,70.0,PREMIUM,20.0,153.0,3060.0,,2023-04-05,2023-08-05,2023-05-12,Germany,FloraHolland Auction,NAN,0.346,1058.76,AIR FREIGHT,304.56,3.6,0.0,nan,NAN,4.0,False,False,False,122.0,-85.0,False,False
RB-000428,Rift Bloom - Turbo Farm,High & Magic,90.0,PREMIUM,10.0,167.0,1670.0,2026-06-23,2026-06-24,2026-06-28,2026-04-07,Norway,Marks & Spencer Flowers,USD,0.194,323.98,AIR FREIGHT,378.07,1.9,0.0,nan,OVERDUE,5.0,False,False,False,4.0,-82.0,False,False
RB-002966,Rift Bloom - Kesses Farm,High & Magic,60.0,PREMIUM,40.0,104.0,4160.0,2025-09-06,2025-06-11,2025-06-14,2025-06-17,United Kingdom,Whole Foods Market,USD,0.43,1788.8,NAN,198.76,5.8,0.0,nan,PENDING,4.0,False,False,False,3.0,3.0,True,False
RB-001398,Rift Bloom - Kesses Farm,Cool Water,90.0,nan,25.0,53.0,1325.0,2024-07-28,2024-07-30,2024-08-01,2024-08-04,UK,Bloomon BV,USD,0.256,339.2,AIR FREIGHT,,2.4,0.0,nan,PENDING,4.0,False,False,False,2.0,3.0,True,False
RB-001258,Rift Bloom - Moiben Farm,Peach Avalanche,90.0,nan,40.0,157.0,6280.0,2022-03-27,2022-03-28,2022-03-31,2022-01-04,Switzerland,Interflora Russia,USD,0.219,13753.2,AIR FREIGHT,348.92,1.3,0.0,nan,NAN,2.0,False,False,False,3.0,-86.0,False,False
RB-000583,Rift Bloom - Timboroa Farm,Explorer,50.0,B,40.0,71.0,2840.0,2023-06-08,2023-06-09,2023-06-12,2023-06-16,UAE,Interflora Russia,EUR,0.428,1215.52,AIR FREIGHT,356.57,4.4,0.0,nan,PAID,4.0,False,False,False,3.0,4.0,True,False
RB-002876,Rift Bloom - Ziwa Farm,Sweetness,50.0,B,25.0,49.0,1225.0,2024-03-03,2024-03-05,2024-08-03,2024-12-03,Switzerland,M-Farm Traders,KES,69.94,85676.5,AIR FREIGHT,139.17,0.0,0.0,nan,UNKNOWN,4.0,False,False,False,151.0,122.0,True,False
RB-000667,Rift Bloom - Kapseret Farm,Tibet,90.0,nan,20.0,127.0,2540.0,2024-09-07,2024-07-09,2024-10-07,2024-11-07,France,Whole Foods Market,EUR,0.237,601.98,AIR FREIGHT,,3.8,12.0,Petal Bruising,NAN,4.0,False,False,False,90.0,31.0,True,False
RB-002440,Rift Bloom - Turbo Farm,Red-Naomi,50.0,PREMIUM,40.0,52.0,2080.0,2024-05-06,2024-06-07,2024-06-11,2024-06-13,Australia,Whole Foods Market,USD,0.342,711.36,AIR FREIGHT,222.18,3.8,0.0,nan,PAID,4.0,False,False,False,4.0,2.0,True,False
RB-001488,Rift Bloom - Ziwa Farm,Mondial,50.0,A,10.0,60.0,600.0,2023-01-22,2023-01-23,2023-01-26,2023-01-27,Norway,Blume2000,KES,38.74,23244.0,AIR FREIGHT,285.24,1.7,0.0,nan,PAID,2.0,False,False,False,3.0,1.0,True,False
RB-001163,Rift Bloom - Kesses Farm,Yellow Babe,70.0,STANDARD,20.0,369.0,7380.0,2025-06-01,2025-08-01,2025-09-01,2025-01-14,Switzerland,Local Wholesaler - Eldoret,NAN,0.255,1881.9,AIR FREIGHT,,4.2,0.0,nan,NAN,4.0,False,False,False,31.0,-230.0,False,False
RB-000315,Rift Bloom - Kesses Farm,Vendela,50.0,PREMIUM,40.0,156.0,6240.0,2024-02-14,2024-02-15,2024-02-18,2024-02-23,Australia,Interflora Russia,USD,0.45,2808.0,AIR FREIGHT,393.83,4.1,0.0,nan,PAID,5.0,False,False,False,3.0,5.0,True,False
RB-002769,Rift Bloom - Kesses Farm,Mondial,40.0,B,40.0,46.0,1840.0,2024-04-05,2024-04-06,2024-10-04,2024-04-15,Switzerland,Carrefour Flowers,USD,0.391,719.44,AIR FREIGHT,473.64,0.7,0.0,nan,PAID,5.0,False,False,False,181.0,-172.0,False,False
RB-002446,Rift Bloom - Kapseret Farm,Tibet,80.0,B,40.0,47.0,1880.0,2022-02-02,2022-02-02,2022-02-03,2022-06-02,France,M-Farm Traders,EUR,0.5,9400.0,AIR FREIGHT,747.12,0.1,0.0,nan,PENDING,3.0,False,False,False,1.0,119.0,True,False
RB-002163,Rift Bloom - Timboroa Farm,Vendela,60.0,PREMIUM,25.0,51.0,1275.0,2025-07-19,2025-07-21,2025-07-25,2025-07-27,Switzerland,Dubai Flower Centre,NAN,0.425,541.88,UNKNOWN,74.63,0.1,0.0,nan,PENDING,4.0,False,False,False,4.0,2.0,True,False
RB-002707,Rift Bloom - Ziwa Farm,Cool Water,80.0,B,25.0,16.0,400.0,2022-12-23,2022-12-25,2022-12-28,2023-01-01,United Arab Emirates,Marks & Spencer Flowers,UNKNOWN,0.154,61.6,AIR FREIGHT,685.3,0.2,0.0,nan,PENDING,5.0,False,False,False,3.0,4.0,True,False
RB-001785,Rift Bloom - Ziwa Farm,Yellow Babe,70.0,A,25.0,126.0,3150.0,2023-11-30,2023-12-02,2023-06-12,2023-11-12,France,Dubai Flower Centre,UNKNOWN,0.208,655.2,AIR FREIGHT,272.86,0.3,60.0,Botrytis,OVERDUE,4.0,False,False,False,-173.0,153.0,False,False
RB-000993,Rift Bloom - Kapseret Farm,Peach Avalanche,90.0,C,20.0,110.0,2200.0,2022-08-12,2022-08-12,2022-12-12,2022-12-18,U.A.E,Aalsmeer Direct,USD,0.427,939.4,AIR FREIGHT,34.88,,0.0,None,PENDING,4.0,False,False,False,122.0,6.0,True,False
RB-002973,Rift Bloom - Timboroa Farm,red naomi,90.0,nan,25.0,122.0,3050.0,2026-02-25,2026-02-26,2026-02-28,2026-06-03,Japan,Bloomon BV,KES,69.03,210541.5,ROAD THEN AIR,180.72,2.1,0.0,nan,PAID,5.0,False,False,False,2.0,95.0,True,False
RB-001316,Rift Bloom - Turbo Farm,High & Magic,70.0,B,20.0,69.0,1380.0,2024-09-15,2024-09-16,2024-09-20,2024-09-26,Poland,Dubai Flower Centre,KES,46.15,63687.0,ROAD THEN AIR,241.59,3.2,0.0,nan,PENDING,4.0,False,False,False,4.0,6.0,True,False
RB-000702,Rift Bloom - Moiben Farm,High & Magic,90.0,B,20.0,56.0,1120.0,2025-12-02,2025-02-14,2025-02-15,2025-02-20,Switzerland,M-Farm Traders,EUR,0.408,456.96,AIR FREIGHT,582.05,3.5,0.0,nan,PAID,4.0,False,False,False,1.0,5.0,True,False
RB-002099,Rift Bloom - Moiben Farm,Mondial,50.0,C,10.0,122.0,1220.0,2022-06-20,2022-06-22,2022-06-23,,USA,Local Wholesaler - Eldoret,EUR,0.11,134.2,ROAD THEN AIR,698.35,1.4,0.0,nan,PAID,4.0,False,False,False,1.0,,False,False
RB-002873,Rift Bloom - Turbo Farm,Pink Floyd,60.0,STANDARD,10.0,124.0,1240.0,2022-03-17,2022-03-17,2022-03-21,2022-03-24,Japan,FloraHolland Auction,EUR,0.1,124.0,AIR FREIGHT,81.61,2.7,0.0,nan,OVERDUE,4.0,False,False,False,4.0,3.0,True,False
RB-000373,Rift Bloom - Timboroa Farm,Avalanche,40.0,STANDARD,20.0,54.0,1080.0,2026-06-01,2026-07-01,2026-01-10,2026-12-01,Japan,Aalsmeer Direct,USD,0.448,483.84,AIR FREIGHT,206.18,2.6,0.0,nan,PAID,3.0,False,False,False,-172.0,325.0,False,False
RB-002348,Rift Bloom - Kapseret Farm,Tibet,70.0,B,20.0,80.0,1600.0,2024-05-08,2024-07-08,2024-08-08,2024-09-08,Germany,M-Farm Traders,USD,0.477,763.2,AIR FREIGHT,27.18,1.7,0.0,nan,PAID,5.0,False,False,False,31.0,31.0,True,False
RB-000604,Rift Bloom - Moiben Farm,High & Magic,40.0,A,25.0,94.0,2350.0,2024-11-04,2024-04-13,2024-04-16,,Norway,FloraHolland Auction,EUR,0.443,1041.05,AIR FREIGHT,362.14,5.3,0.0,nan,UNKNOWN,5.0,False,False,False,3.0,,False,False
RB-002928,Rift Bloom - Timboroa Farm,Circus,60.0,C,40.0,94.0,3760.0,2024-05-14,2024-05-16,2024-05-17,2024-05-18,Norway,Carrefour Flowers,EUR,0.315,1184.4,ROAD THEN AIR,469.79,2.3,0.0,nan,PAID,5.0,False,False,False,1.0,1.0,True,False
RB-002397,Rift Bloom - Moiben Farm,Circus,60.0,nan,25.0,76.0,1900.0,2024-05-18,2024-05-18,2024-05-21,2024-05-22,Switzerland,Dubai Flower Centre,USD,0.142,269.8,AIR FREIGHT,399.88,,0.0,nan,PENDING,4.0,False,False,False,3.0,1.0,True,False
RB-002515,Rift Bloom - Kapseret Farm,Cool Water,70.0,C,40.0,160.0,6400.0,2026-04-17,2026-04-19,2026-04-20,2026-04-22,United Arab Emirates,Bloomon BV,USD,0.317,2028.8,AIR FREIGHT,192.29,2.9,0.0,nan,NAN,5.0,False,False,False,1.0,2.0,True,False
RB-001235,Rift Bloom - Kapseret Farm,Explorer,50.0,nan,25.0,167.0,4175.0,2024-11-26,2024-11-27,2024-11-29,,United Arab Emirates,Dubai Flower Centre,KES,55.77,232839.75,AIR FREIGHT,138.94,1.8,0.0,nan,PAID,4.0,False,False,False,2.0,,False,False
RB-000415,Rift Bloom - Timboroa Farm,Sweetness,60.0,PREMIUM,10.0,187.0,1870.0,2025-10-25,2025-10-25,2025-10-26,2025-10-28,Norway,FloraHolland Auction,NAN,0.324,605.88,AIR FREIGHT,,,0.0,nan,PENDING,1.0,False,False,False,1.0,2.0,True,False
RB-000837,Rift Bloom - Kesses Farm,Avalanche,50.0,C,10.0,109.0,1090.0,,2025-03-14,2025-03-17,2025-03-18,Japan,Carrefour Flowers,KES,34.06,37125.4,AIR FREIGHT,306.59,-0.8,0.0,nan,PAID,4.0,False,False,True,3.0,1.0,True,False
RB-001365,Rift Bloom - Moiben Farm,Explorer,60.0,B,25.0,86.0,2150.0,2022-12-05,2022-12-07,2022-12-10,2022-12-12,United Arab Emirates,Dubai Flower Centre,USD,0.433,930.95,AIR FREIGHT,65.06,4.3,0.0,nan,OVERDUE,4.0,False,False,False,3.0,2.0,True,False
RB-000738,Rift Bloom - Moiben Farm,Tibet,500.0,C,20.0,226.0,4520.0,2024-01-06,2024-08-01,2024-01-11,2024-01-16,Russia,Marks & Spencer Flowers,USD,0.128,578.56,AIR FREIGHT,18.11,2.0,0.0,nan,PENDING,5.0,False,False,False,-203.0,5.0,False,False
RB-001891,Rift Bloom - Timboroa Farm,Mondial,90.0,B,40.0,35.0,1400.0,2023-10-18,2023-10-20,2023-10-22,2023-10-26,Poland,Dubai Flower Centre,USD,0.544,761.6,NAN,401.55,0.7,0.0,nan,PAID,4.0,False,False,False,2.0,4.0,True,False
RB-001513,Rift Bloom - Moiben Farm,Tibet,50.0,nan,25.0,71.0,1775.0,2026-03-29,2026-03-29,2026-01-04,2026-05-04,Australia,Interflora Russia,EUR,0.31,550.25,AIR FREIGHT,417.74,4.4,0.0,nan,PAID,1.0,False,False,False,-84.0,120.0,False,False
RB-002911,Rift Bloom - Moiben Farm,Circus,90.0,C,20.0,172.0,3440.0,2024-05-31,2024-02-06,2024-04-06,2024-06-05,United kingdom,Bloomon BV,USD,0.501,1723.44,ROAD THEN AIR,260.74,1.7,0.0,nan,PENDING,3.0,False,False,False,60.0,60.0,True,False
RB-002270,Rift Bloom - Timboroa Farm,Pink Floyd,60.0,B,25.0,164.0,4100.0,2023-04-19,2023-04-21,2023-04-24,2023-04-25,U.K.,Marks & Spencer Flowers,KES,49.53,203073.0,AIR FREIGHT,306.48,0.5,0.0,nan,OVERDUE,4.0,False,False,False,3.0,1.0,True,False
RB-001565,Rift Bloom - Timboroa Farm,Explorer,50.0,nan,40.0,62.0,2480.0,2026-05-06,2026-06-07,2026-06-11,2026-06-14,Poland,Tokyo Flower Market,USD,0.275,682.0,AIR FREIGHT,268.18,3.6,0.0,nan,NAN,4.0,False,False,False,4.0,3.0,True,False
RB-002737,Rift Bloom - Timboroa Farm,Avalanche,60.0,PREMIUM,40.0,167.0,6680.0,2025-12-27,2025-12-29,2026-01-02,2026-05-01,uae,Aalsmeer Direct,UNKNOWN,0.347,2317.96,AIR FREIGHT,180.42,-0.4,17.0,Undersized Stems,NAN,5.0,False,False,True,4.0,119.0,True,False
RB-002681,Rift Bloom - Kapseret Farm,Explorer,60.0,PREMIUM,40.0,251.0,10040.0,2023-07-04,2023-04-07,2023-07-07,2023-11-07,United Arab Emirates,Whole Foods Market,USD,0.332,3333.28,AIR FREIGHT,448.58,1.6,0.0,nan,PENDING,4.0,False,False,False,91.0,123.0,True,False
RB-000297,Rift Bloom - Ziwa Farm,Circus,40.0,A,25.0,15.0,375.0,2025-12-16,2025-12-17,2025-12-18,,Norway,Tokyo Flower Market,EUR,0.588,220.5,NAN,325.03,1.6,0.0,nan,NAN,3.0,False,False,False,1.0,,False,False
RB-001730,Rift Bloom - Timboroa Farm,Sweetness,60.0,A,25.0,83.0,2075.0,2023-05-10,2023-05-10,2023-10-06,2023-10-09,Germany,Interflora Russia,NAN,0.208,431.6,AIR FREIGHT,266.07,1.8,0.0,nan,PENDING,4.0,False,False,False,149.0,3.0,True,False
RB-000677,Rift Bloom - Kesses Farm,Sweetness,60.0,C,20.0,161.0,3220.0,2023-03-13,2023-03-15,2023-03-18,2023-03-19,U.A.E,Carrefour Flowers,UNKNOWN,0.4,1288.0,AIR FREIGHT,194.94,1.0,0.0,nan,PAID,4.0,False,False,False,3.0,1.0,True,False
RB-001443,Rift Bloom - Timboroa Farm,Mondial,70.0,A,25.0,314.0,7850.0,2025-06-16,2025-06-18,2025-06-20,2025-06-25,Japan,Marks & Spencer Flowers,EUR,0.532,4176.2,AIR FREIGHT,211.05,1.6,0.0,nan,PENDING,3.0,False,False,False,2.0,5.0,True,False
RB-000563,Rift Bloom - Moiben Farm,Cool Water,50.0,PREMIUM,25.0,66.0,1650.0,2025-05-27,2025-05-28,2025-05-30,2025-04-06,UAE,Local Wholesaler - Eldoret,EUR,0.241,397.65,AIR FREIGHT,108.13,1.6,0.0,nan,NAN,1.0,False,False,False,2.0,-54.0,False,False
RB-000035,Rift Bloom - Kapseret Farm,High & Magic,90.0,B,25.0,134.0,3350.0,2024-03-16,2024-03-18,2024-03-21,2024-03-24,United Arab Emirates,Carrefour Flowers,EUR,0.491,1644.85,AIR FREIGHT,268.24,2.1,0.0,None,OVERDUE,5.0,False,False,False,3.0,3.0,True,False
RB-002775,Rift Bloom - Timboroa Farm,Peach Avalanche,60.0,PREMIUM,10.0,161.0,1610.0,2025-08-17,2025-08-17,2025-08-20,2025-08-23,Switzerland,Interflora Russia,EUR,0.282,454.02,ROAD THEN AIR,401.0,2.7,0.0,None,PENDING,2.0,True,False,False,3.0,3.0,True,False
RB-001307,Rift Bloom - Turbo Farm,Explorer,90.0,B,20.0,218.0,4360.0,2023-03-30,2023-03-30,2023-03-04,2023-04-06,UAE,Bloomon BV,USD,0.51,2223.6,AIR FREIGHT,1014.53,1.7,0.0,nan,PENDING,5.0,False,False,False,-26.0,33.0,False,False
RB-002498,Rift Bloom - Timboroa Farm,Peach Avalanche,40.0,PREMIUM,25.0,135.0,3375.0,2022-01-07,2022-02-07,2022-05-07,2022-11-07,Japan,Bloomon BV,EUR,0.29,978.75,NAN,225.17,-0.1,0.0,nan,PENDING,5.0,False,False,True,89.0,184.0,True,False
RB-002052,Rift Bloom - Ziwa Farm,Yellow Babe,50.0,STANDARD,40.0,63.0,2520.0,2024-06-26,2024-06-27,2024-06-30,2024-03-07,Norway,Marks & Spencer Flowers,USD,0.516,1300.32,ROAD THEN AIR,179.99,,0.0,nan,OVERDUE,5.0,False,False,False,3.0,-115.0,False,False
RB-000431,Rift Bloom - Kapseret Farm,Mondial,40.0,UNKNOWN,20.0,89.0,1780.0,2025-10-06,2025-06-11,2025-06-12,2025-06-15,France,Carrefour Flowers,NAN,0.35,623.0,AIR FREIGHT,181.68,3.9,0.0,nan,PAID,5.0,False,False,False,1.0,3.0,True,False
RB-002363,Rift Bloom - Turbo Farm,Explorer,80.0,B,20.0,93.0,1860.0,2024-12-31,2025-02-01,2025-06-01,2025-08-01,NL,Blume2000,USD,0.344,6398.4,ROAD THEN AIR,266.95,2.6,0.0,nan,PAID,5.0,False,False,False,120.0,61.0,True,False
RB-000031,Rift Bloom - Turbo Farm,Yellow Babe,70.0,C,20.0,-166.0,-3320.0,2025-08-04,2025-08-05,2025-06-08,2025-08-11,Switzerland,Tokyo Flower Market,NAN,0.297,-986.04,AIR FREIGHT,218.12,1.9,0.0,nan,PENDING,3.0,False,False,False,-58.0,64.0,False,False
RB-000376,Rift Bloom - Ziwa Farm,Explorer,50.0,UNKNOWN,25.0,96.0,2400.0,2025-08-02,2025-08-02,2025-09-02,2025-02-14,Germany,Whole Foods Market,USD,0.21,504.0,AIR FREIGHT,81.91,1.3,0.0,nan,PAID,4.0,False,False,False,31.0,-200.0,False,False
RB-002362,Rift Bloom - Ziwa Farm,Explorer,50.0,STANDARD,40.0,238.0,9520.0,2022-07-11,2022-07-11,2022-08-11,2022-11-11,Poland,Whole Foods Market,USD,0.376,3579.52,AIR FREIGHT,434.93,,0.0,nan,OVERDUE,4.0,False,False,False,31.0,92.0,True,False
RB-000934,Rift Bloom - Timboroa Farm,Red Naomi,70.0,STANDARD,40.0,191.0,7640.0,2024-01-22,2024-01-22,2024-01-25,2024-01-27,Japan,Dubai Flower Centre,USD,0.376,2872.64,AIR FREIGHT,178.47,1.7,0.0,nan,PAID,5.0,False,False,False,3.0,2.0,True,False
RB-000119,Rift Bloom - Ziwa Farm,Yellow Babe,80.0,STANDARD,25.0,30.0,750.0,2024-08-24,2024-08-25,2024-08-26,2024-08-28,Switzerland,Whole Foods Market,KES,42.51,31882.5,AIR FREIGHT,,-0.3,0.0,nan,NAN,5.0,False,False,True,1.0,2.0,True,False
RB-000853,Rift Bloom - Kesses Farm,FREEDOM,40.0,C,20.0,67.0,1340.0,2023-10-09,2023-09-11,2023-12-09,2023-09-17,United Arab Emirates,Tokyo Flower Market,USD,0.409,548.06,AIR FREIGHT,502.55,0.6,0.0,nan,NAN,5.0,False,False,False,89.0,-83.0,False,False
RB-002001,Rift Bloom - Moiben Farm,Explorer,70.0,C,20.0,169.0,3380.0,2024-01-21,2024-01-22,2024-01-24,2024-01-25,United Kingdom,Local Wholesaler - Eldoret,USD,0.238,804.44,AIR FREIGHT,139.52,,0.0,nan,OVERDUE,5.0,False,False,False,2.0,1.0,True,False
RB-001503,Rift Bloom - Kapseret Farm,Avalanche,50.0,STANDARD,10.0,126.0,1260.0,2024-02-20,2024-02-20,2024-02-22,2024-02-23,Australia,M-Farm Traders,KES,12.09,15233.4,AIR FREIGHT,459.31,1.7,0.0,nan,PENDING,5.0,False,False,False,2.0,1.0,True,False
RB-001773,Rift Bloom - Moiben Farm,Sweetness,60.0,B,20.0,184.0,3680.0,2025-10-15,2025-10-15,2025-10-17,2025-10-22,Holland,FloraHolland Auction,USD,0.25,920.0,ROAD THEN AIR,218.3,-0.2,0.0,nan,PAID,3.0,False,False,True,2.0,5.0,True,False
RB-001531,rift bloom turbo farm,Red Naomi,70.0,PREMIUM,10.0,-44.0,-440.0,2023-02-15,2023-02-15,2023-02-19,2023-02-23,USA,Carrefour Flowers,EUR,0.213,-93.72,AIR FREIGHT,202.36,3.1,0.0,nan,PENDING,4.0,False,False,False,4.0,4.0,True,False
RB-001299,Rift Bloom - Kesses Farm,Avalanche,50.0,nan,40.0,105.0,4200.0,2022-10-29,2022-10-30,2022-03-11,2022-11-04,Russia,Local Wholesaler - Eldoret,USD,0.383,1608.6,AIR FREIGHT,106.1,1.4,0.0,nan,PAID,5.0,False,False,False,-233.0,238.0,False,False
RB-000641,Rift Bloom - Kapseret Farm,Pink Floyd,50.0,B,10.0,55.0,550.0,2026-01-20,2026-01-20,2026-01-22,2026-01-24,United Arab Emirates,Interflora Russia,USD,0.322,177.1,AIR FREIGHT,324.61,3.3,0.0,nan,PAID,5.0,False,False,False,2.0,2.0,True,False
RB-002548,Rift Bloom - Moiben Farm,Athena,50.0,PREMIUM,10.0,156.0,1560.0,2026-03-05,,,2026-03-13,Poland,Carrefour Flowers,USD,0.394,614.64,AIR FREIGHT,112.86,,0.0,nan,PENDING,4.0,False,False,False,,,False,False
RB-002372,Rift Bloom - Moiben Farm,Cool Water,70.0,PREMIUM,20.0,80.0,1600.0,2022-12-30,2023-01-01,2023-01-03,2023-05-01,Holland,M-Farm Traders,EUR,0.179,286.4,NAN,429.86,0.2,0.0,nan,PAID,5.0,False,False,False,2.0,118.0,True,False
RB-002828,Rift Bloom - Turbo Farm,Yellow Babe,60.0,PREMIUM,20.0,215.0,4300.0,2024-10-27,2024-10-27,2024-10-31,2024-11-04,Netherlands,Local Wholesaler - Eldoret,KES,51.87,223041.0,AIR FREIGHT,270.65,1.9,0.0,nan,OVERDUE,4.0,False,False,False,4.0,4.0,True,False
RB-000260,Rift Bloom - Timboroa Farm,Vendela,50.0,PREMIUM,25.0,62.0,1550.0,,2024-03-29,2024-01-04,2024-04-04,Japan,Aalsmeer Direct,USD,0.338,523.9,AIR FREIGHT,608.22,-0.7,0.0,nan,NAN,4.0,False,False,True,-85.0,91.0,False,False
RB-000839,Rift Bloom - Timboroa Farm,Vendela,50.0,STANDARD,25.0,157.0,3925.0,2024-07-09,2024-09-09,,2024-09-14,United Arab Emirates,Interflora Russia,USD,0.402,1577.85,AIR FREIGHT,267.73,2.3,0.0,nan,PAID,4.0,False,False,False,,,False,False
RB-002245,Rift Bloom - Kapseret Farm,Peach Avalanche,40.0,B,40.0,14.0,560.0,2024-02-09,2024-09-02,2024-02-12,2024-02-17,Japan,Blume2000,USD,0.339,189.84,AIR FREIGHT,406.37,3.2,0.0,nan,PAID,5.0,False,False,False,-203.0,5.0,False,False
RB-000080,Rift Bloom - Kesses Farm,Explorer,50.0,PREMIUM,40.0,124.0,4960.0,2024-11-19,2024-11-21,2024-11-25,2024-11-27,Norway,Tokyo Flower Market,NAN,0.371,1840.16,AIR FREIGHT,83.71,1.4,0.0,nan,PAID,3.0,False,False,False,4.0,2.0,True,False
RB-000825,Rift Bloom - Kapseret Farm,Vendela,80.0,nan,40.0,155.0,6200.0,2022-05-10,2022-10-05,2022-09-10,2022-10-13,United Kingdom,M-Farm Traders,USD,0.504,3124.8,AIR FREIGHT,173.66,1.7,0.0,nan,PENDING,5.0,False,False,False,-25.0,33.0,False,False
RB-002217,Rift Bloom - Kesses Farm,Vendela,50.0,B,20.0,39.0,780.0,2022-07-12,2022-12-07,2022-07-16,2022-07-21,U.S.A,Tokyo Flower Market,USD,0.27,210.6,AIR FREIGHT,232.08,1.9,0.0,nan,PAID,5.0,False,False,False,-144.0,5.0,False,False
RB-001930,Rift Bloom - Moiben Farm,Vendela,70.0,nan,10.0,119.0,1190.0,2022-02-26,2022-02-26,2022-01-03,2022-07-03,Australia,Whole Foods Market,USD,0.461,548.59,NAN,74.6,1.5,0.0,nan,NAN,4.0,False,False,False,-54.0,181.0,False,False
RB-002708,Rift Bloom - Turbo Farm,Sweetness,90.0,A,10.0,140.0,1400.0,2025-10-06,2025-12-06,2025-06-15,2025-06-19,USA,FloraHolland Auction,NAN,0.282,394.8,AIR FREIGHT,50.45,,0.0,nan,NAN,4.0,False,False,False,-174.0,4.0,False,False
RB-001822,Rift Bloom - Kapseret Farm,Mondial,50.0,PREMIUM,40.0,34.0,1360.0,2024-12-07,2024-07-13,2024-07-14,2024-07-19,US,Blume2000,EUR,0.167,227.12,AIR FREIGHT,306.85,2.1,0.0,nan,NAN,5.0,False,False,False,1.0,5.0,True,False
RB-002061,Rift Bloom - Kapseret Farm,Red Naomi,80.0,PREMIUM,25.0,112.0,2800.0,2022-01-31,2022-01-31,2022-01-02,2022-02-04,Switzerland,Carrefour Flowers,USD,0.177,495.6,NAN,234.19,3.6,0.0,nan,OVERDUE,3.0,False,False,False,-29.0,33.0,False,False
RB-001869,Rift Bloom - Ziwa Farm,Cool Water,50.0,C,10.0,105.0,1050.0,2025-07-09,2025-09-09,2025-09-13,2025-09-17,Switzerland,Dubai Flower Centre,EUR,0.261,274.05,AIR FREIGHT,38.76,1.8,0.0,nan,PAID,4.0,False,False,False,4.0,4.0,True,False
RB-002310,Rift Bloom - Kesses Farm,Circus,90.0,C,40.0,64.0,2560.0,2023-01-30,2023-01-02,2023-02-02,2023-02-03,Netherlands,Marks & Spencer Flowers,USD,0.075,192.0,AIR FREIGHT,388.45,4.1,0.0,nan,OVERDUE,5.0,False,False,False,31.0,1.0,True,False
RB-000741,Rift Bloom - Kapseret Farm,Yellow Babe,40.0,C,10.0,89.0,890.0,2023-05-20,2023-05-22,2023-05-24,2023-05-29,United Arab Emirates,Blume2000,USD,0.345,307.05,NAN,92.42,2.2,0.0,nan,PAID,3.0,False,False,False,2.0,5.0,True,False
RB-000921,Rift Bloom - Kesses Farm,Tibet,80.0,PREMIUM,20.0,38.0,760.0,2024-12-12,2024-12-12,2024-12-14,2024-12-18,United Arab Emirates,FloraHolland Auction,NAN,0.446,338.96,AIR FREIGHT,460.77,3.0,0.0,nan,OVERDUE,5.0,False,False,False,2.0,4.0,True,False
RB-002623,Rift Bloom - Moiben Farm,Circus,40.0,B,10.0,166.0,1660.0,2026-04-30,2026-05-01,2026-05-04,2026-05-05,US,Whole Foods Market,EUR,0.382,634.12,AIR FREIGHT,45.06,1.4,0.0,nan,NAN,5.0,False,False,False,3.0,1.0,True,False
RB-000204,Rift Bloom - Timboroa Farm,AVALANCHE,90.0,B,10.0,53.0,530.0,2024-10-13,2024-10-14,2024-10-16,2024-10-20,Netherlands,Dubai Flower Centre,NAN,0.325,172.25,AIR FREIGHT,102.32,2.2,0.0,nan,NAN,3.0,False,False,False,2.0,4.0,True,False
RB-001225,Rift Bloom - Moiben Farm,Explorer,90.0,PREMIUM,25.0,80.0,2000.0,2026-07-19,2026-07-19,2026-07-22,2026-07-26,usa,Bloomon BV,USD,0.476,952.0,AIR FREIGHT,335.09,3.3,0.0,nan,PAID,4.0,False,False,False,3.0,4.0,True,False
RB-001152,Rift Bloom - Kapseret Farm,Yellow Babe,60.0,PREMIUM,40.0,34.0,1360.0,2022-11-17,2022-11-17,2022-11-19,2022-11-24,Japan,Aalsmeer Direct,EUR,0.509,692.24,AIR FREIGHT,256.93,2.7,0.0,nan,PAID,5.0,False,False,False,2.0,5.0,True,False
RB-001223,Rift Bloom - Timboroa Farm,Vendela,70.0,A,20.0,71.0,1420.0,2022-06-25,2022-06-25,2022-06-29,2022-06-30,U.A.E,Tokyo Flower Market,EUR,0.581,825.02,AIR FREIGHT,269.07,,0.0,nan,NAN,4.0,False,False,False,4.0,1.0,True,False
RB-000187,Rift Bloom - Turbo Farm,Vendela,60.0,UNKNOWN,10.0,143.0,1430.0,2024-01-06,2024-01-06,2024-06-02,2024-06-05,Norway,Whole Foods Market,NAN,0.458,654.94,AIR FREIGHT,210.11,2.4,0.0,nan,PAID,4.0,False,False,False,148.0,3.0,True,False
RB-001023,Rift Bloom - Turbo Farm,Vendela,70.0,A,25.0,105.0,2625.0,2023-03-02,2023-04-02,2023-08-02,2023-09-02,France,Dubai Flower Centre,KES,26.26,68932.5,AIR FREIGHT,398.81,3.6,8.0,Botrytis,PENDING,5.0,False,False,False,122.0,31.0,True,False
RB-000695,Rift Bloom - Kesses Farm,Peach Avalanche,50.0,PREMIUM,10.0,153.0,1530.0,2024-12-22,2024-12-22,2024-12-26,2024-12-27,Australia,Interflora Russia,EUR,0.401,613.53,NAN,125.19,4.7,0.0,nan,PENDING,4.0,False,False,False,4.0,1.0,True,False
RB-001627,Rift Bloom - Timboroa Farm,Circus,70.0,STANDARD,20.0,33.0,660.0,2024-03-31,2024-01-04,2024-04-05,2024-07-04,United Arab Emirates,Bloomon BV,USD,0.455,300.3,AIR FREIGHT,17.11,1.1,0.0,nan,UNKNOWN,4.0,False,False,False,92.0,90.0,True,False
RB-002786,Rift Bloom - Moiben Farm,Mondial,70.0,PREMIUM,10.0,25.0,250.0,2025-06-10,2025-11-06,2025-06-13,2025-06-18,Russia,M-Farm Traders,KES,42.64,10660.0,AIR FREIGHT,,3.3,0.0,nan,NAN,5.0,False,False,False,-146.0,5.0,False,False
RB-002649,Rift Bloom - Ziwa Farm,Vendela,50.0,nan,10.0,104.0,1040.0,2022-05-24,2022-05-24,,2022-05-30,Russia,Dubai Flower Centre,EUR,0.499,518.96,AIR FREIGHT,185.57,2.3,5.0,Undersized Stems,PAID,4.0,False,False,False,,,False,False
RB-002089,Rift Bloom - Kesses Farm,Tibet,90.0,B,25.0,138.0,3450.0,2024-09-09,,2024-12-09,2024-09-15,Japan,Marks & Spencer Flowers,USD,0.363,1252.35,AIR FREIGHT,619.66,,0.0,nan,NAN,5.0,False,False,False,,-85.0,False,False
RB-001734,Rift Bloom - Kapseret Farm,Tibet,500.0,PREMIUM,20.0,151.0,3020.0,2023-01-06,2023-08-01,2023-11-01,,Poland,Bloomon BV,NAN,0.218,658.36,AIR FREIGHT,88.85,1.0,0.0,nan,PAID,5.0,False,False,False,92.0,,False,False
RB-000892,Rift Bloom - Turbo Farm,Pink Floyd,80.0,B,40.0,318.0,12720.0,2022-05-23,2022-05-24,2022-05-25,2022-05-31,The Netherlands,Carrefour Flowers,EUR,0.298,3790.56,AIR FREIGHT,234.47,18.7,0.0,nan,PAID,3.0,False,False,False,1.0,6.0,True,False
RB-002722,Rift Bloom - Ziwa Farm,Sweetness,50.0,C,20.0,136.0,2720.0,2024-05-17,2024-05-19,2024-05-21,2024-05-25,France,Whole Foods Market,KES,73.06,198723.2,AIR FREIGHT,155.03,1.4,0.0,nan,NAN,4.0,False,False,False,2.0,4.0,True,False
RB-000670,Rift Bloom - Turbo Farm,Circus,60.0,B,10.0,197.0,1970.0,2022-12-03,2022-03-13,2022-03-16,2022-03-18,Poland,Tokyo Flower Market,EUR,0.468,921.96,AIR FREIGHT,262.55,3.3,0.0,nan,PENDING,4.0,False,False,False,3.0,2.0,True,False
RB-000191,Rift Bloom - Timboroa Farm,Red-Naomi,70.0,B,25.0,127.0,3175.0,2026-12-01,,2026-01-16,2026-01-18,United Arab Emirates,Aalsmeer Direct,USD,0.391,1241.42,ROAD THEN AIR,356.36,2.5,0.0,nan,PAID,4.0,False,False,False,,2.0,False,False
RB-001455,Rift Bloom - Kesses Farm,Mondial,60.0,B,10.0,85.0,850.0,2023-10-10,2023-10-12,2023-10-16,2023-10-20,Switzerland,Bloomon BV,USD,0.424,360.4,AIR FREIGHT,115.72,2.5,17.0,Stem Bent,PAID,4.0,False,False,False,4.0,4.0,True,False
RB-001465,Rift Bloom - Kapseret Farm,Tibet,0.0,PREMIUM,25.0,202.0,5050.0,2022-10-17,2022-10-18,2022-10-19,2022-10-22,Poland,Local Wholesaler - Eldoret,KES,6.5,32825.0,AIR FREIGHT,481.45,4.9,0.0,nan,PAID,5.0,False,False,False,1.0,3.0,True,False
RB-002642,rift bloom turbo farm,Yellow Babe,50.0,B,40.0,85.0,3400.0,2022-06-09,2022-09-06,2022-10-09,2022-09-16,Poland,M-Farm Traders,EUR,0.222,754.8,AIR FREIGHT,896.83,3.1,0.0,nan,PAID,4.0,False,False,False,33.0,-23.0,False,False
RB-002460,Rift Bloom - Kapseret Farm,Tibet,60.0,A,25.0,25.0,625.0,2023-11-21,2023-11-23,2023-11-26,2023-12-02,Norway,Local Wholesaler - Eldoret,KES,51.87,32418.75,NAN,356.44,4.8,0.0,nan,NAN,4.0,False,False,False,3.0,6.0,True,False
RB-001682,Rift Bloom - Kesses Farm,Peach Avalanche,60.0,C,25.0,102.0,2550.0,2026-05-29,2026-05-31,2026-02-06,2026-07-06,Switzerland,Blume2000,USD,0.444,1132.2,AIR FREIGHT,,0.8,0.0,nan,PAID,3.0,False,False,False,-114.0,150.0,False,False
RB-001788,Rift Bloom - Timboroa Farm,Red Naomi,50.0,nan,25.0,42.0,1050.0,2022-02-13,2022-02-15,2022-02-18,2022-02-20,Germany,Local Wholesaler - Eldoret,USD,0.19,199.5,AIR FREIGHT,236.97,3.2,0.0,nan,NAN,4.0,False,False,False,3.0,2.0,True,False
RB-000848,Rift Bloom - Ziwa Farm,Explorer,60.0,nan,20.0,125.0,2500.0,,2022-03-05,2022-05-05,2022-11-05,Japan,Local Wholesaler - Eldoret,USD,0.346,865.0,NAN,,0.7,0.0,nan,NAN,4.0,False,False,False,61.0,184.0,True,False
RB-001645,Rift Bloom - Moiben Farm,Pink Floyd,60.0,C,40.0,76.0,3040.0,2025-01-24,2025-01-26,2025-01-28,2025-01-31,France,M-Farm Traders,EUR,0.357,1085.28,AIR FREIGHT,,-0.4,54.0,Undersized Stems,PAID,5.0,False,False,True,2.0,3.0,True,False
RB-000413,Rift Bloom - Ziwa Farm,Red Naomi,80.0,A,40.0,58.0,2320.0,,2023-06-05,2023-07-06,2023-12-06,Norway,Blume2000,EUR,0.48,1113.6,AIR FREIGHT,633.94,0.3,0.0,None,PAID,4.0,False,False,False,31.0,153.0,True,False
RB-000451,Rift Bloom - Kapseret Farm,Freedom,0.0,A,25.0,158.0,3950.0,2025-11-14,2025-11-16,2025-11-17,2025-11-23,Russia,Marks & Spencer Flowers,NAN,0.416,1643.2,ROAD THEN AIR,114.28,-0.6,0.0,None,OVERDUE,3.0,False,False,True,1.0,6.0,True,False
RB-001597,Rift Bloom - Kesses Farm,Mondial,80.0,STANDARD,25.0,80.0,2000.0,2024-10-21,2024-10-21,2024-10-23,2024-10-28,United Arab Emirates,Dubai Flower Centre,NAN,0.224,448.0,AIR FREIGHT,376.09,2.2,0.0,nan,PENDING,3.0,False,False,False,2.0,5.0,True,False
RB-002545,Rift Bloom - Kesses Farm,Sweetness,60.0,nan,20.0,197.0,3940.0,2023-06-12,2023-06-14,,2023-06-19,Japan,Bloomon BV,NAN,0.339,1335.66,AIR FREIGHT,389.25,4.7,0.0,nan,PAID,4.0,False,False,False,,,False,False
RB-002806,rift bloom turbo farm,Tibet,70.0,PREMIUM,25.0,68.0,1700.0,2024-12-27,2024-12-29,2025-01-01,2025-01-03,Russia,Tokyo Flower Market,EUR,0.477,810.9,AIR FREIGHT,221.76,1.8,0.0,nan,PAID,5.0,False,False,False,3.0,2.0,True,False
RB-000717,Rift Bloom - Moiben Farm,Vendela,50.0,A,20.0,9.0,180.0,2026-06-16,2026-06-17,2026-06-19,2026-06-20,uae,Marks & Spencer Flowers,USD,0.455,81.9,AIR FREIGHT,128.89,2.0,0.0,nan,OVERDUE,3.0,False,False,False,2.0,1.0,True,False
RB-002970,Rift Bloom - Kapseret Farm,Circus,70.0,A,10.0,39.0,390.0,2022-11-15,2022-11-15,2022-11-16,2022-11-19,USA,Local Wholesaler - Eldoret,USD,0.307,119.73,AIR FREIGHT,,0.4,0.0,nan,PAID,4.0,False,False,False,1.0,3.0,True,False
RB-002325,Rift Bloom - Kesses Farm,Peach Avalanche,40.0,C,25.0,214.0,5350.0,2025-12-23,2025-12-25,2025-12-26,2025-12-27,Russia,Local Wholesaler - Eldoret,NAN,0.278,1487.3,AIR FREIGHT,450.11,,0.0,nan,NAN,3.0,False,False,False,1.0,1.0,True,False
RB-002620,Rift Bloom - Moiben Farm,Tibet,70.0,nan,25.0,89.0,2225.0,2023-09-02,2023-04-09,2023-05-09,2023-06-09,Russia,Interflora Russia,EUR,0.397,883.33,ROAD THEN AIR,262.33,2.9,0.0,nan,PENDING,5.0,False,False,False,30.0,31.0,True,False
RB-001423,Rift Bloom - Ziwa Farm,Sweetness,60.0,A,40.0,50.0,2000.0,2025-09-28,2025-09-30,2025-10-01,2025-10-05,Germany,Dubai Flower Centre,KES,43.81,87620.0,ROAD THEN AIR,49.87,2.5,32.0,nan,NAN,5.0,False,False,False,1.0,4.0,True,False
RB-000457,Rift Bloom - Kesses Farm,Vendela,70.0,B,20.0,72.0,1440.0,2024-04-16,2024-04-17,2024-04-18,2024-04-22,France,Marks & Spencer Flowers,NAN,0.22,316.8,AIR FREIGHT,146.6,2.4,16.0,Petal Bruising,PENDING,4.0,False,False,False,1.0,4.0,True,False
RB-001912,Rift Bloom - Turbo Farm,Sweetness,80.0,C,20.0,241.0,4820.0,2023-02-02,2023-02-02,2023-05-02,2023-09-02,Netherlands,Tokyo Flower Market,EUR,0.532,2564.24,AIR FREIGHT,87.92,1.9,0.0,nan,NAN,4.0,False,False,False,89.0,123.0,True,False
RB-001103,Rift Bloom - Kapseret Farm,Yellow Babe,90.0,A,25.0,139.0,3475.0,2024-03-19,2024-03-19,2024-03-21,2024-03-22,Switzerland,Bloomon BV,EUR,0.275,955.63,AIR FREIGHT,171.8,1.0,0.0,nan,PAID,4.0,False,False,False,2.0,1.0,True,False
RB-001209,Rift Bloom - Turbo Farm,Avalanche,70.0,B,20.0,347.0,6940.0,2024-04-06,2024-06-06,2024-10-06,2024-12-06,Poland,Blume2000,USD,0.266,1846.04,AIR FREIGHT,180.47,2.8,9.0,Undersized Stems,NAN,3.0,False,False,False,122.0,61.0,True,False
RB-000152,Rift Bloom - Kapseret Farm,RedNaomi,90.0,A,10.0,286.0,2860.0,2026-06-30,2026-06-30,2026-02-07,2026-07-05,Poland,Dubai Flower Centre,EUR,0.455,1301.3,AIR FREIGHT,93.48,-0.2,0.0,nan,PAID,5.0,False,False,True,-143.0,148.0,False,False
RB-002643,Rift Bloom - Moiben Farm,Yellow Babe,50.0,STANDARD,25.0,143.0,3575.0,2022-12-15,2022-12-16,2022-12-17,2022-12-22,Russia,FloraHolland Auction,NAN,0.215,768.62,NAN,254.32,,0.0,-,PENDING,4.0,False,False,False,1.0,5.0,True,True
RB-000940,Rift Bloom - Ziwa Farm,Explorer,70.0,STANDARD,25.0,20.0,500.0,2026-07-26,2026-07-26,2026-07-28,2026-01-08,Russia,Dubai Flower Centre,KES,39.78,19890.0,NAN,131.45,0.7,0.0,nan,OVERDUE,3.0,False,False,False,2.0,-201.0,False,False
RB-000387,Rift Bloom - Kapseret Farm,Avalanche,70.0,STANDARD,20.0,-183.0,-3660.0,2026-01-19,2026-01-20,2026-01-21,2026-01-25,netherlands,M-Farm Traders,EUR,0.47,-1720.2,ROAD THEN AIR,394.65,3.2,0.0,nan,NAN,3.0,False,False,False,1.0,4.0,True,False
RB-001264,Rift Bloom - Kapseret Farm,Peach Avalanche,60.0,C,10.0,135.0,1350.0,2022-12-29,2022-12-31,2023-01-01,2023-06-01,Switzerland,Local Wholesaler - Eldoret,USD,0.227,306.45,AIR FREIGHT,292.17,3.2,0.0,nan,OVERDUE,3.0,False,False,False,1.0,151.0,True,False
RB-002994,Rift Bloom - Ziwa Farm,Avalanche,50.0,A,10.0,121.0,1210.0,2025-09-19,2025-09-19,2025-09-20,2025-09-25,Norway,Marks & Spencer Flowers,USD,0.326,394.46,AIR FREIGHT,,1.4,0.0,nan,PENDING,4.0,False,False,False,1.0,5.0,True,False
RB-002366,Rift Bloom - Moiben Farm,Vendela,90.0,A,25.0,133.0,3325.0,2026-02-10,2026-12-02,2026-02-16,2026-02-19,Poland,Local Wholesaler - Eldoret,EUR,0.281,934.33,AIR FREIGHT,141.0,0.7,0.0,nan,PAID,5.0,False,False,False,-289.0,3.0,False,False
RB-002818,Rift Bloom - Ziwa Farm,Tibet,60.0,STANDARD,10.0,51.0,510.0,2023-02-14,2023-02-16,2023-02-19,2023-02-22,Norway,Dubai Flower Centre,KES,29.12,14851.2,ROAD THEN AIR,138.66,2.4,0.0,nan,OVERDUE,4.0,False,False,False,3.0,3.0,True,False
RB-000143,Rift Bloom - Ziwa Farm,Yellow Babe,-50.0,B,10.0,242.0,2420.0,2023-11-18,2023-11-18,2023-11-21,2023-11-24,Russia,Dubai Flower Centre,NAN,0.41,992.2,AIR FREIGHT,330.22,,70.0,Petal Bruising,OVERDUE,3.0,False,False,False,3.0,3.0,True,False
RB-002594,Rift Bloom - Turbo Farm,Avalanche,80.0,nan,40.0,334.0,13360.0,2023-01-23,2023-01-24,2023-01-25,2023-01-29,Japan,Marks & Spencer Flowers,KES,39.52,527987.2,NAN,209.22,,0.0,nan,NAN,5.0,False,False,False,1.0,4.0,True,False
RB-002223,Rift Bloom - Kapseret Farm,Avalanche+,60.0,B,25.0,98.0,2450.0,2022-03-10,2022-10-03,2022-10-07,2022-11-10,Russia,Aalsmeer Direct,NAN,0.248,607.6,AIR FREIGHT,371.05,,19.0,Botrytis,PAID,4.0,False,False,False,4.0,34.0,True,False
RB-000100,Rift Bloom - Timboroa Farm,Freedom,80.0,nan,40.0,49.0,1960.0,2026-02-03,2026-03-03,2026-03-06,2026-12-03,Germany,Dubai Flower Centre,KES,48.88,95804.8,AIR FREIGHT,98.67,1.9,0.0,nan,NAN,4.0,False,False,False,3.0,272.0,True,False
RB-001584,Rift Bloom - Timboroa Farm,Pink Floyd,70.0,nan,40.0,65.0,2600.0,2022-01-12,2022-01-12,2022-01-14,2022-01-19,Russia,Tokyo Flower Market,USD,0.225,585.0,AIR FREIGHT,272.03,2.6,23.0,Petal Bruising,OVERDUE,4.0,False,False,False,2.0,5.0,True,False
RB-000378,Rift Bloom - Moiben Farm,Red Naomi,60.0,A,25.0,115.0,2875.0,2025-06-10,2025-12-06,2025-06-15,2025-06-19,Australia,Dubai Flower Centre,KES,34.06,97922.5,AIR FREIGHT,474.13,4.2,0.0,nan,PAID,5.0,False,False,False,-174.0,4.0,False,False
RB-000808,Rift Bloom - Timboroa Farm,Sweetness,70.0,C,40.0,122.0,4880.0,2023-04-30,2023-05-02,2023-04-05,2023-05-10,United kingdom,Tokyo Flower Market,USD,0.405,1976.4,AIR FREIGHT,64.91,0.7,0.0,nan,PENDING,4.0,False,False,False,-27.0,35.0,False,False
RB-001708,Rift Bloom - Timboroa Farm,Explorer,50.0,A,20.0,114.0,2280.0,2022-06-14,2022-06-14,2022-06-15,2022-06-21,Poland,Whole Foods Market,EUR,0.196,446.88,NAN,546.77,,0.0,nan,PENDING,4.0,False,False,False,1.0,6.0,True,False
RB-000503,Rift Bloom - Timboroa Farm,Peach Avalanche,80.0,C,20.0,177.0,3540.0,2025-04-16,2025-04-18,2025-04-19,2025-04-21,United Arab Emirates,Tokyo Flower Market,KES,50.18,177637.2,NAN,84.32,4.8,0.0,nan,PAID,4.0,False,False,False,1.0,2.0,True,False
RB-000659,Rift Bloom - Turbo Farm,Sweetness,60.0,A,10.0,89.0,890.0,2026-09-02,2026-02-10,2026-02-14,2026-02-15,Switzerland,Whole Foods Market,USD,0.242,215.38,AIR FREIGHT,163.17,2.0,0.0,nan,NAN,4.0,False,False,False,4.0,1.0,True,False
RB-001577,Rift Bloom - Moiben Farm,Mondial,50.0,B,25.0,155.0,3875.0,2024-06-06,2024-07-06,2024-09-06,2024-06-13,uae,Aalsmeer Direct,USD,0.223,864.12,AIR FREIGHT,882.21,0.9,0.0,nan,NAN,5.0,False,False,False,62.0,-85.0,False,False
RB-001074,Rift Bloom - Moiben Farm,Peach Avalanche,40.0,B,40.0,129.0,5160.0,2023-12-24,2023-12-24,2023-12-28,2024-01-03,United Kingdom,Aalsmeer Direct,EUR,0.549,2832.84,NAN,211.87,1.3,0.0,nan,PENDING,4.0,False,False,False,4.0,6.0,True,False
RB-000527,Rift Bloom - Kesses Farm,Vendela,70.0,nan,10.0,35.0,350.0,2025-10-17,2025-10-18,2025-10-20,2025-10-26,Japan,Carrefour Flowers,NAN,0.52,182.0,AIR FREIGHT,456.97,2.1,9.0,Botrytis,PAID,3.0,False,False,False,2.0,6.0,True,False
RB-000037,Rift Bloom - Timboroa Farm,Tibet,80.0,nan,40.0,69.0,2760.0,2022-01-04,2022-01-04,2022-04-02,2022-06-04,United Kingdom,Bloomon BV,USD,0.422,1164.72,ROAD THEN AIR,219.04,1.7,0.0,nan,PAID,4.0,False,False,False,88.0,63.0,True,False
RB-000770,Rift Bloom - Moiben Farm,Cool Water,70.0,STANDARD,10.0,49.0,490.0,2023-09-17,2023-09-19,2023-09-22,2023-09-26,Germany,Interflora Russia,EUR,0.241,118.09,NAN,135.56,,0.0,nan,PENDING,4.0,False,False,False,3.0,4.0,True,False
RB-002929,Rift Bloom - Ziwa Farm,Explorer,70.0,B,20.0,160.0,3200.0,,2024-12-13,2024-12-16,2024-12-19,Norway,Dubai Flower Centre,EUR,0.4,1280.0,AIR FREIGHT,,3.0,0.0,nan,OVERDUE,4.0,False,False,False,3.0,3.0,True,False
RB-002009,Rift Bloom - Kesses Farm,Mondial,70.0,A,40.0,47.0,1880.0,2022-05-02,2022-04-05,2022-07-05,2022-09-05,Japan,Interflora Russia,NAN,0.605,1137.4,AIR FREIGHT,336.8,2.3,0.0,nan,PAID,4.0,False,False,False,91.0,62.0,True,False
RB-000537,Rift Bloom - Ziwa Farm,Tibet,90.0,PREMIUM,10.0,134.0,1340.0,2025-03-08,2025-08-04,2025-08-08,2025-12-08,Germany,Interflora Russia,EUR,0.265,355.1,AIR FREIGHT,232.01,1.8,0.0,nan,PENDING,4.0,False,False,False,4.0,122.0,True,False
RB-000357,Rift Bloom - Moiben Farm,Mondial,70.0,A,20.0,158.0,3160.0,2023-04-06,2023-06-05,2023-06-06,2023-07-06,United Kingdom,FloraHolland Auction,EUR,0.192,606.72,AIR FREIGHT,353.95,1.8,0.0,nan,PENDING,5.0,False,False,False,1.0,30.0,True,False
RB-001592,Rift Bloom - Turbo Farm,Avalanche,70.0,PREMIUM,20.0,24.0,480.0,2024-03-01,2024-03-01,2024-01-04,2024-01-08,The Netherlands,Dubai Flower Centre,KES,45.63,21902.4,AIR FREIGHT,,2.6,0.0,nan,OVERDUE,3.0,False,False,False,-57.0,4.0,False,False
RB-001478,Rift Bloom - Kapseret Farm,Tibet,80.0,STANDARD,40.0,61.0,2440.0,2025-04-25,2025-04-25,2025-04-26,2025-04-28,France,Interflora Russia,KES,54.6,1332240.0,AIR FREIGHT,108.69,3.9,0.0,nan,PAID,3.0,False,False,False,1.0,2.0,True,False
RB-002676,Rift Bloom - Ziwa Farm,Yellow Babe,70.0,STANDARD,10.0,183.0,1830.0,2023-10-27,2023-10-28,2023-10-29,2023-10-31,Russia,Whole Foods Market,EUR,0.522,955.26,NAN,100.44,3.5,0.0,nan,PAID,4.0,False,False,False,1.0,2.0,True,False
RB-002278,Rift Bloom - Moiben Farm,High & Magic,80.0,PREMIUM,20.0,66.0,1320.0,2024-03-26,2024-03-27,2024-03-30,2024-04-03,Japan,Aalsmeer Direct,EUR,0.243,320.76,AIR FREIGHT,937.69,3.0,25.0,nan,PENDING,3.0,False,False,False,3.0,4.0,True,False
RB-001367,Rift Bloom - Ziwa Farm,Explorer,40.0,PREMIUM,25.0,165.0,4125.0,2025-04-30,2025-01-05,2025-05-04,,Netherlands,FloraHolland Auction,NAN,0.408,1683.0,AIR FREIGHT,294.78,2.7,0.0,nan,OVERDUE,5.0,False,False,False,119.0,,False,False
RB-002691,Rift Bloom - Turbo Farm,Sweetness,70.0,nan,25.0,69.0,1725.0,2022-11-06,2022-11-06,2022-06-14,,Norway,M-Farm Traders,EUR,0.361,622.73,AIR FREIGHT,89.41,1.5,0.0,nan,PENDING,4.0,False,False,False,-145.0,,False,False
RB-001831,Rift Bloom - Kapseret Farm,Athena,60.0,nan,25.0,160.0,4000.0,2022-11-18,2022-11-20,2022-11-23,2022-11-27,uae,Whole Foods Market,EUR,0.385,1540.0,NAN,148.86,1.1,0.0,nan,OVERDUE,5.0,False,False,False,3.0,4.0,True,False
RB-001662,Rift Bloom - Kapseret Farm,avalanche,70.0,B,10.0,62.0,620.0,2022-12-02,2022-02-12,2022-02-13,2022-02-14,uae,Dubai Flower Centre,USD,0.443,274.66,AIR FREIGHT,141.53,23.8,0.0,nan,PAID,5.0,False,False,False,1.0,1.0,True,False
RB-001193,Rift Bloom - Timboroa Farm,Sweetness,60.0,B,25.0,114.0,2850.0,2024-01-24,2024-01-25,2024-01-28,2024-01-31,Russia,FloraHolland Auction,USD,0.464,1322.4,AIR FREIGHT,41.25,4.0,38.0,nan,NAN,5.0,False,False,False,3.0,3.0,True,False
RB-001194,Rift Bloom - Kapseret Farm,FREEDOM,50.0,B,25.0,147.0,3675.0,2026-03-17,2026-03-18,2026-03-21,2026-03-26,United kingdom,Local Wholesaler - Eldoret,KES,24.96,91728.0,ROAD THEN AIR,809.19,2.4,3.0,nan,OVERDUE,3.0,False,False,False,3.0,5.0,True,False
RB-002909,Rift Bloom - Ziwa Farm,Yellow Babe,50.0,C,10.0,153.0,1530.0,2023-02-22,2023-02-24,2023-02-28,2023-03-05,Japan,Interflora Russia,UNKNOWN,0.241,368.73,ROAD THEN AIR,102.18,1.5,0.0,nan,OVERDUE,4.0,False,False,False,4.0,5.0,True,False
RB-001128,Rift Bloom - Kesses Farm,Mondial,50.0,A,10.0,74.0,740.0,2026-06-22,2026-06-24,2026-06-28,2026-06-30,Russia,Tokyo Flower Market,EUR,0.395,292.3,ROAD THEN AIR,565.49,1.2,0.0,nan,OVERDUE,4.0,False,False,False,4.0,2.0,True,False
RB-002318,Rift Bloom - Moiben Farm,Red Naomi,60.0,B,10.0,88.0,880.0,2025-04-03,2025-05-03,2025-03-08,2025-10-03,Netherlands,Dubai Flower Centre,NAN,0.413,3634.4,AIR FREIGHT,102.64,1.1,0.0,nan,PENDING,4.0,False,False,False,-56.0,209.0,False,False
RB-000072,Rift Bloom - Timboroa Farm,Tibet,40.0,A,10.0,46.0,460.0,2022-01-08,2022-09-01,2022-01-13,2022-01-14,Switzerland,FloraHolland Auction,NAN,0.479,220.34,AIR FREIGHT,469.13,0.4,0.0,nan,NAN,4.0,False,False,False,-231.0,1.0,False,False
RB-000841,Rift Bloom - Timboroa Farm,Circus,90.0,PREMIUM,25.0,145.0,3625.0,2026-03-28,2026-03-30,2026-02-04,2026-04-05,Australia,Dubai Flower Centre,EUR,0.136,493.0,AIR FREIGHT,383.47,0.6,0.0,nan,NAN,4.0,False,False,False,-54.0,60.0,False,False
RB-000597,Rift Bloom - Kapseret Farm,Explorer,-50.0,nan,20.0,209.0,4180.0,2022-08-07,2022-07-09,2022-07-13,2022-07-16,Switzerland,Marks & Spencer Flowers,KES,69.68,291262.4,AIR FREIGHT,451.98,2.2,0.0,nan,OVERDUE,4.0,False,False,False,4.0,3.0,True,False
RB-000421,Rift Bloom - Ziwa Farm,Athena,90.0,A,40.0,137.0,5480.0,2022-03-22,2022-03-24,2022-03-27,2022-03-30,Switzerland,M-Farm Traders,UNKNOWN,0.199,10905.2,AIR FREIGHT,318.94,0.8,0.0,nan,PAID,4.0,False,False,False,3.0,3.0,True,False
RB-000721,Rift Bloom - Kesses Farm,Peach Avalanche,70.0,C,40.0,135.0,5400.0,2023-07-26,2023-07-27,2023-07-28,2023-08-02,Norway,Bloomon BV,EUR,0.223,1204.2,AIR FREIGHT,184.02,3.2,0.0,nan,PAID,5.0,False,False,False,1.0,5.0,True,False
RB-001164,Rift Bloom - Kesses Farm,Explorer,70.0,C,40.0,104.0,4160.0,2023-06-22,2023-06-22,2023-06-25,2023-06-28,Japan,Tokyo Flower Market,EUR,0.38,15808.0,NAN,370.69,,0.0,nan,NAN,4.0,False,False,False,3.0,3.0,True,False
RB-001620,Rift Bloom - Kesses Farm,freedom,50.0,A,40.0,25.0,1000.0,2024-10-23,2024-10-24,2024-10-25,2024-10-31,Australia,Aalsmeer Direct,USD,0.307,307.0,AIR FREIGHT,19.99,,0.0,nan,PAID,5.0,False,False,False,1.0,6.0,True,False
RB-000179,Rift Bloom - Kapseret Farm,Freedom,70.0,A,20.0,50.0,1000.0,2024-12-23,2024-12-24,2024-12-27,2024-12-31,Russia,Blume2000,EUR,0.336,336.0,AIR FREIGHT,278.71,1.6,0.0,nan,NAN,2.0,False,False,False,3.0,4.0,True,False
RB-002978,Rift Bloom - Kesses Farm,Yellow Babe,60.0,A,10.0,57.0,570.0,2026-09-02,2026-11-02,2026-02-13,2026-02-18,USA,M-Farm Traders,USD,0.378,215.46,AIR FREIGHT,78.59,,0.0,nan,PAID,4.0,False,False,False,-262.0,5.0,False,False
RB-000548,Rift Bloom - Kesses Farm,Circus,60.0,nan,10.0,99.0,990.0,2025-09-18,2025-09-20,2025-09-21,,France,Carrefour Flowers,EUR,0.565,5593.5,NAN,154.43,0.3,0.0,nan,NAN,4.0,False,False,False,1.0,,False,False
RB-000633,Rift Bloom - Kesses Farm,Explorer,90.0,A,10.0,146.0,1460.0,2023-06-04,2023-06-06,2023-08-06,2023-06-14,The Netherlands,Whole Foods Market,EUR,0.232,338.72,AIR FREIGHT,584.57,3.4,0.0,nan,OVERDUE,4.0,False,False,False,61.0,-53.0,False,False
RB-002216,Rift Bloom - Ziwa Farm,Circus,50.0,C,10.0,37.0,370.0,2024-09-10,2024-10-09,2024-11-10,2024-10-15,United Arab Emirates,Tokyo Flower Market,KES,60.71,22462.7,NAN,116.56,1.5,0.0,nan,PAID,5.0,False,False,False,32.0,-26.0,False,False
RB-000718,Rift Bloom - Moiben Farm,Tibet,40.0,B,20.0,195.0,3900.0,2023-09-25,2023-09-27,2023-09-29,2023-09-30,Switzerland,Marks & Spencer Flowers,USD,0.411,1602.9,AIR FREIGHT,130.28,4.2,0.0,nan,OVERDUE,5.0,False,False,False,2.0,1.0,True,False
RB-000638,Rift Bloom - Turbo Farm,Freedom,80.0,C,40.0,152.0,6080.0,2025-10-31,2025-10-31,2025-04-11,2025-11-07,Japan,Local Wholesaler - Eldoret,USD,0.497,3021.76,AIR FREIGHT,222.89,2.8,0.0,nan,PAID,4.0,False,False,False,-203.0,210.0,False,False
RB-002422,Rift Bloom - Ziwa Farm,Peach Avalanche,60.0,STANDARD,40.0,89.0,3560.0,,2023-06-26,2023-06-29,2023-07-05,France,M-Farm Traders,UNKNOWN,0.486,1730.16,AIR FREIGHT,,1.3,0.0,nan,PENDING,4.0,False,False,False,3.0,6.0,True,False
RB-000430,Rift Bloom - Kesses Farm,Sweetness,80.0,STANDARD,25.0,84.0,2100.0,2024-12-15,2024-12-16,2024-12-19,2024-12-20,Germany,Aalsmeer Direct,NAN,0.349,732.9,AIR FREIGHT,87.95,2.5,0.0,nan,OVERDUE,3.0,False,False,False,3.0,1.0,True,False
RB-002283,Rift Bloom - Moiben Farm,Peach Avalanche,50.0,PREMIUM,25.0,186.0,4650.0,2023-05-26,2023-05-27,2023-05-29,2023-02-06,Australia,FloraHolland Auction,EUR,0.268,1246.2,NAN,171.07,2.2,0.0,nan,PAID,5.0,False,False,False,2.0,-112.0,False,False
RB-002650,Rift Bloom - Ziwa Farm,Circus,40.0,B,10.0,85.0,850.0,2022-08-12,2022-12-08,2022-08-13,2022-08-14,Germany,Bloomon BV,KES,46.02,39117.0,AIR FREIGHT,166.12,3.1,0.0,nan,PENDING,5.0,False,False,False,-117.0,1.0,False,False
RB-001983,Rift Bloom - Timboroa Farm,Freedom,80.0,B,20.0,127.0,2540.0,2024-01-26,2024-01-27,2024-01-31,2024-03-02,France,Aalsmeer Direct,EUR,0.407,1033.78,AIR FREIGHT,413.06,-0.7,0.0,nan,PAID,5.0,False,False,True,4.0,31.0,True,False
RB-000692,Rift Bloom - Turbo Farm,Circus,60.0,C,20.0,187.0,3740.0,2025-01-21,2025-01-22,2025-01-23,2025-01-26,Australia,Bloomon BV,USD,0.317,1185.58,ROAD THEN AIR,1159.14,2.2,9.0,Wilting,NAN,5.0,False,False,False,1.0,3.0,True,False
RB-000880,Rift Bloom - Timboroa Farm,Cool Water,40.0,C,10.0,157.0,1570.0,2023-04-23,2023-04-23,2023-04-24,2023-04-30,United Arab Emirates,Dubai Flower Centre,EUR,0.162,254.34,AIR FREIGHT,296.43,0.0,0.0,nan,PAID,4.0,False,False,False,1.0,6.0,True,False
RB-002095,Rift Bloom - Ziwa Farm,Sweetness,70.0,STANDARD,25.0,116.0,2900.0,2026-01-07,2026-02-07,2026-07-05,2026-11-07,uae,Marks & Spencer Flowers,EUR,0.487,1412.3,UNKNOWN,423.02,-0.4,0.0,nan,PAID,4.0,False,False,True,148.0,125.0,True,False
RB-001458,Rift Bloom - Ziwa Farm,Avalanche,80.0,B,40.0,99.0,3960.0,2025-04-27,2025-04-29,2025-05-02,2025-05-05,uk,Whole Foods Market,USD,0.376,1488.96,ROAD THEN AIR,171.2,1.7,0.0,nan,NAN,4.0,False,False,False,3.0,3.0,True,False
RB-000652,Rift Bloom - Ziwa Farm,Avalanche,40.0,STANDARD,40.0,77.0,3080.0,2023-03-03,2023-04-03,2023-07-03,2023-08-03,Switzerland,Blume2000,KES,39.91,122922.8,AIR FREIGHT,173.95,0.5,0.0,nan,NAN,4.0,False,False,False,91.0,31.0,True,False
RB-000856,Rift Bloom - Moiben Farm,High & Magic,60.0,C,40.0,57.0,2280.0,2022-04-05,2022-05-04,2022-07-05,2022-05-09,USA,Carrefour Flowers,KES,59.54,135751.2,UNKNOWN,74.57,,0.0,nan,OVERDUE,5.0,False,False,False,62.0,-57.0,False,False
RB-001749,Rift Bloom - Kapseret Farm,Athena,80.0,A,10.0,82.0,820.0,2026-04-19,2026-04-19,2026-04-22,2026-04-27,netherlands,Carrefour Flowers,KES,55.38,45411.6,AIR FREIGHT,236.02,,0.0,nan,PAID,3.0,False,False,False,3.0,5.0,True,False
RB-002514,Rift Bloom - Kesses Farm,FREEDOM,40.0,B,25.0,278.0,6950.0,2023-03-07,2023-05-07,2023-07-07,2023-12-07,Australia,Whole Foods Market,USD,0.259,1800.05,ROAD THEN AIR,429.54,2.7,0.0,nan,PAID,4.0,False,False,False,61.0,153.0,True,False
RB-000865,Rift Bloom - Ziwa Farm,Tibet,60.0,PREMIUM,40.0,91.0,3640.0,2026-12-05,2026-05-13,2026-05-17,2026-05-18,Netherlands,Carrefour Flowers,USD,0.213,775.32,AIR FREIGHT,341.23,0.4,0.0,nan,PENDING,4.0,False,False,False,4.0,1.0,True,False
RB-001171,Rift Bloom - Timboroa Farm,Vendela,60.0,nan,25.0,200.0,5000.0,2026-03-25,2026-03-25,2026-03-27,2026-03-31,Netherlands,FloraHolland Auction,EUR,0.47,2350.0,AIR FREIGHT,215.51,2.5,0.0,nan,NAN,5.0,False,False,False,2.0,4.0,True,False
RB-002224,Rift Bloom - Turbo Farm,High & Magic,80.0,PREMIUM,25.0,57.0,1425.0,2023-10-03,2023-10-03,2023-10-04,2023-10-10,NL,Tokyo Flower Market,USD,0.257,366.23,NAN,553.38,,0.0,nan,PAID,5.0,False,False,False,1.0,6.0,True,False
RB-000227,Rift Bloom - Kapseret Farm,Red-Naomi,70.0,PREMIUM,10.0,57.0,570.0,2025-02-17,2025-02-18,2025-02-21,,Switzerland,Aalsmeer Direct,USD,0.371,211.47,AIR FREIGHT,757.65,0.0,0.0,nan,NAN,4.0,False,False,False,3.0,,False,False
RB-001158,Rift Bloom - Ziwa Farm,Pink Floyd,60.0,A,10.0,100.0,1000.0,2023-04-04,2023-04-06,2023-04-07,2023-11-04,Australia,Marks & Spencer Flowers,EUR,0.168,168.0,AIR FREIGHT,216.87,2.7,0.0,nan,PAID,5.0,False,False,False,1.0,211.0,True,False
RB-002064,Rift Bloom - Kesses Farm,Circus,70.0,A,20.0,211.0,4220.0,2022-09-14,2022-09-14,2022-09-17,2022-09-18,USA,Whole Foods Market,USD,0.217,915.74,AIR FREIGHT,645.31,2.7,71.0,Bud Blast,OVERDUE,3.0,False,False,False,3.0,1.0,True,False
RB-000401,Rift Bloom - Kesses Farm,High & Magic,50.0,PREMIUM,25.0,94.0,2350.0,2024-10-24,2024-10-25,2024-10-29,2024-10-30,USA,Interflora Russia,KES,61.23,143890.5,ROAD THEN AIR,219.74,3.3,0.0,nan,PENDING,2.0,False,False,False,4.0,1.0,True,False
RB-000849,Rift Bloom - Ziwa Farm,Cool Water,40.0,B,25.0,359.0,8975.0,2022-11-07,2022-07-13,2022-07-15,2022-07-21,Germany,Tokyo Flower Market,USD,0.346,3105.35,AIR FREIGHT,586.69,,0.0,nan,PAID,5.0,False,False,False,2.0,6.0,True,False
RB-002416,Rift Bloom - Ziwa Farm,freedom,60.0,C,20.0,61.0,1220.0,2025-07-18,2025-07-20,2025-07-21,2025-07-23,Germany,Local Wholesaler - Eldoret,NAN,0.255,311.1,AIR FREIGHT,100.52,,0.0,nan,OVERDUE,4.0,False,False,False,1.0,2.0,True,False
RB-002086,Rift Bloom - Timboroa Farm,Freedom,70.0,PREMIUM,25.0,55.0,1375.0,2025-08-02,2025-09-02,2025-02-12,2025-02-13,Poland,Dubai Flower Centre,USD,0.32,440.0,AIR FREIGHT,,20.1,0.0,Bud Blast,NAN,5.0,False,False,False,-202.0,1.0,False,False
RB-001059,Rift Bloom - Ziwa Farm,Explorer,70.0,A,40.0,66.0,2640.0,2026-08-02,2026-08-04,2026-07-08,2026-12-08,Japan,Dubai Flower Centre,USD,0.445,1174.8,ROAD THEN AIR,224.37,3.6,0.0,nan,NAN,4.0,False,False,False,-27.0,153.0,False,False
RB-002781,Rift Bloom - Moiben Farm,Mondial,60.0,nan,10.0,104.0,1040.0,2024-04-12,2024-12-04,2024-12-05,2024-12-10,Russia,Tokyo Flower Market,KES,36.79,38261.6,NAN,124.6,-1.1,16.0,Botrytis,PENDING,3.0,False,False,True,1.0,5.0,True,False
RB-001901,Rift Bloom - Ziwa Farm,Freedom,80.0,C,10.0,86.0,860.0,2025-02-16,2025-02-17,2025-02-19,2025-02-22,Germany,FloraHolland Auction,USD,0.421,362.06,NAN,283.57,4.5,0.0,nan,NAN,5.0,False,False,False,2.0,3.0,True,False
RB-000515,Rift Bloom - Turbo Farm,High & Magic,40.0,PREMIUM,40.0,86.0,3440.0,2022-09-07,,2022-07-15,2022-07-20,Japan,Local Wholesaler - Eldoret,EUR,0.182,626.08,AIR FREIGHT,261.75,2.1,0.0,nan,NAN,1.0,False,False,False,,5.0,False,False
RB-001099,Rift Bloom - Timboroa Farm,Explorer,50.0,PREMIUM,25.0,270.0,6750.0,2024-08-22,2024-08-22,2024-08-26,2024-08-30,Japan,Tokyo Flower Market,KES,40.3,2720250.0,AIR FREIGHT,181.31,0.9,0.0,nan,PENDING,5.0,False,False,False,4.0,4.0,True,False
RB-000339,Rift Bloom - Timboroa Farm,Pink Floyd,70.0,A,25.0,87.0,2175.0,,2024-02-27,2024-02-03,2024-03-05,Japan,Blume2000,KES,37.57,81714.75,AIR FREIGHT,82.47,2.6,0.0,nan,NAN,5.0,False,False,False,-24.0,31.0,False,False
RB-000027,Rift Bloom - Moiben Farm,Circus,70.0,B,40.0,78.0,3120.0,2022-01-16,2022-01-18,2022-01-21,2022-01-27,United Kingdom,Tokyo Flower Market,USD,0.396,1235.52,AIR FREIGHT,46.24,3.0,3.0,nan,OVERDUE,4.0,False,False,False,3.0,6.0,True,False
RB-001816,Rift Bloom - Kapseret Farm,RedNaomi,70.0,A,40.0,97.0,3880.0,2023-03-15,2023-03-16,2023-03-19,2023-03-22,Norway,Dubai Flower Centre,USD,0.627,2432.76,UNKNOWN,255.69,1.4,0.0,nan,OVERDUE,5.0,False,False,False,3.0,3.0,True,False
RB-001826,Rift Bloom - Timboroa Farm,Mondial,50.0,C,20.0,226.0,4520.0,2023-07-03,2023-03-08,2023-03-10,2023-03-13,Japan,M-Farm Traders,USD,0.398,1798.96,AIR FREIGHT,81.28,2.6,0.0,nan,OVERDUE,5.0,False,False,False,2.0,3.0,True,False
RB-000025,Rift Bloom - Kesses Farm,Freedom,50.0,A,20.0,140.0,2800.0,2024-04-30,2024-04-30,2024-01-05,2024-03-05,U.A.E,M-Farm Traders,USD,0.483,1352.4,AIR FREIGHT,152.97,0.6,0.0,nan,OVERDUE,4.0,False,False,False,-116.0,60.0,False,False
RB-000869,Rift Bloom - Timboroa Farm,Red Naomi,70.0,C,10.0,407.0,4070.0,2023-09-07,2023-07-09,2023-10-07,2023-12-07,Russia,Whole Foods Market,USD,0.377,1534.39,ROAD THEN AIR,,3.0,0.0,nan,NAN,3.0,False,False,False,90.0,61.0,True,False
RB-001612,Rift Bloom - Moiben Farm,AVALANCHE,50.0,nan,25.0,58.0,1450.0,2026-05-24,2026-05-24,2026-05-28,,United Kingdom,Aalsmeer Direct,USD,0.12,174.0,AIR FREIGHT,161.72,4.2,0.0,nan,PAID,4.0,False,False,False,4.0,,False,False
RB-002115,Rift Bloom - Moiben Farm,Explorer,90.0,B,40.0,87.0,3480.0,2023-05-23,2023-05-25,2023-05-29,2023-06-02,United Arab Emirates,Interflora Russia,EUR,0.283,984.84,AIR FREIGHT,168.21,1.3,0.0,nan,OVERDUE,5.0,False,False,False,4.0,4.0,True,False
RB-000878,Rift Bloom - Timboroa Farm,Avalanche,60.0,nan,25.0,131.0,3275.0,2025-12-25,2025-12-27,2025-12-30,2025-12-31,Japan,M-Farm Traders,KES,67.08,219687.0,AIR FREIGHT,385.75,1.8,0.0,nan,NAN,3.0,False,False,False,3.0,1.0,True,False
RB-001768,Rift Bloom - Kesses Farm,Freedom,70.0,B,25.0,184.0,4600.0,2023-09-06,2023-06-10,2023-06-13,2023-06-18,USA,FloraHolland Auction,NAN,0.323,1485.8,AIR FREIGHT,350.73,-0.6,0.0,nan,PAID,3.0,False,False,True,3.0,5.0,True,False
RB-000737,Rift Bloom - Kesses Farm,Athena,70.0,PREMIUM,25.0,49.0,1225.0,2025-12-27,2025-12-29,2026-01-01,2026-05-01,France,Interflora Russia,KES,44.33,54304.25,AIR FREIGHT,282.73,3.8,0.0,nan,PAID,4.0,False,False,False,3.0,120.0,True,False
RB-001539,Rift Bloom - Kapseret Farm,Circus,50.0,A,10.0,189.0,1890.0,2024-11-07,2024-08-11,2024-11-10,2024-11-16,Norway,M-Farm Traders,KES,57.72,109090.8,AIR FREIGHT,195.92,1.6,0.0,nan,PENDING,2.0,False,False,False,91.0,6.0,True,False
RB-002377,Rift Bloom - Moiben Farm,Peach Avalanche,70.0,PREMIUM,25.0,164.0,4100.0,2024-08-18,2024-08-19,2024-08-21,2024-08-23,Poland,Interflora Russia,EUR,0.219,897.9,AIR FREIGHT,340.57,2.9,0.0,nan,PAID,5.0,False,False,False,2.0,2.0,True,False
RB-000859,Rift Bloom - Kesses Farm,Athena,60.0,A,10.0,160.0,1600.0,2022-04-16,2022-04-17,2022-04-21,2022-04-26,Germany,Blume2000,EUR,0.05,80.0,ROAD THEN AIR,513.7,2.9,0.0,nan,PENDING,5.0,False,False,False,4.0,5.0,True,False
RB-000768,Rift Bloom - Ziwa Farm,Red Naomi,90.0,B,10.0,155.0,1550.0,2026-05-14,2026-05-14,2026-05-17,2026-05-18,Australia,Carrefour Flowers,EUR,0.36,558.0,NAN,151.62,2.1,0.0,nan,NAN,5.0,False,False,False,3.0,1.0,True,False
RB-000585,Rift Bloom - Kesses Farm,Circus,60.0,B,20.0,128.0,2560.0,2023-01-28,2023-01-28,2023-01-29,2023-01-02,Switzerland,Tokyo Flower Market,KES,50.83,130124.8,AIR FREIGHT,331.5,1.2,70.0,-,NAN,5.0,False,False,False,1.0,-27.0,False,True
RB-000434,Rift Bloom - Kapseret Farm,Circus,50.0,UNKNOWN,40.0,147.0,5880.0,2023-06-17,2023-06-17,2023-06-20,2023-06-22,Switzerland,Whole Foods Market,NAN,0.17,999.6,ROAD THEN AIR,,2.3,0.0,nan,PAID,4.0,False,False,False,3.0,2.0,True,False
RB-001491,Rift Bloom - Timboroa Farm,Pink Floyd,50.0,PREMIUM,10.0,120.0,1200.0,2022-07-23,2022-07-24,2022-07-27,2022-07-31,USA,FloraHolland Auction,USD,0.197,236.4,ROAD THEN AIR,192.57,2.9,0.0,nan,OVERDUE,4.0,False,False,False,3.0,4.0,True,False
RB-000802,Rift Bloom - Moiben Farm,Cool Water,60.0,B,25.0,102.0,2550.0,2022-04-16,2022-04-18,2022-04-21,,Norway,FloraHolland Auction,USD,0.146,372.3,AIR FREIGHT,204.94,2.7,0.0,nan,NAN,4.0,False,False,False,3.0,,False,False
RB-001154,Rift Bloom - Ziwa Farm,Athena,50.0,nan,25.0,82.0,2050.0,2025-02-25,2025-02-25,2025-02-28,,Australia,Tokyo Flower Market,EUR,0.541,1109.05,AIR FREIGHT,338.28,3.3,21.0,Wilting,NAN,5.0,False,False,False,3.0,,False,False
RB-000424,Rift Bloom - Turbo Farm,Circus,90.0,A,25.0,65.0,1625.0,2024-04-07,2024-08-04,2024-09-04,2024-04-11,NL,Carrefour Flowers,EUR,0.312,507.0,ROAD THEN AIR,249.96,1.4,0.0,nan,NAN,5.0,False,False,False,31.0,-146.0,False,False
RB-000242,Rift Bloom - Timboroa Farm,High & Magic,50.0,nan,10.0,54.0,540.0,2023-03-20,2023-03-20,2023-03-24,2023-03-28,France,Dubai Flower Centre,EUR,0.2,108.0,ROAD THEN AIR,180.0,2.7,0.0,nan,PENDING,5.0,False,False,False,4.0,4.0,True,False
RB-002186,Rift Bloom - Moiben Farm,Peach Avalanche,80.0,B,40.0,177.0,7080.0,2026-07-18,2026-07-19,2026-07-20,2026-07-26,France,Tokyo Flower Market,NAN,0.205,1451.4,AIR FREIGHT,75.44,,0.0,nan,OVERDUE,4.0,False,False,False,1.0,6.0,True,False
RB-000890,Rift Bloom - Ziwa Farm,Pink Floyd,60.0,STANDARD,20.0,78.0,1560.0,2024-09-23,2024-09-24,2024-09-25,2024-09-26,Switzerland,FloraHolland Auction,NAN,0.339,528.84,AIR FREIGHT,530.74,2.8,0.0,nan,PAID,2.0,False,False,False,1.0,1.0,True,False
RB-000132,Rift Bloom - Timboroa Farm,Tibet,50.0,STANDARD,40.0,205.0,8200.0,2022-02-26,2022-02-26,2022-02-28,2022-06-03,Russia,Carrefour Flowers,NAN,0.404,3312.8,AIR FREIGHT,,,0.0,nan,PAID,4.0,False,False,False,2.0,95.0,True,False
RB-000569,Rift Bloom - Kapseret Farm,Avalanche,50.0,A,25.0,161.0,4025.0,2022-04-07,2022-06-07,2022-08-07,2022-11-07,uae,Marks & Spencer Flowers,USD,0.338,1360.45,AIR FREIGHT,407.44,1.3,32.0,nan,PAID,4.0,False,False,False,61.0,92.0,True,False
RB-001644,Rift Bloom - Moiben Farm,Peach Avalanche,60.0,B,25.0,10.0,250.0,2024-10-11,2024-10-11,2024-11-11,2024-11-14,Australia,M-Farm Traders,USD,0.278,69.5,AIR FREIGHT,535.14,3.7,0.0,nan,OVERDUE,1.0,False,False,False,31.0,3.0,True,False
RB-002140,Rift Bloom - Moiben Farm,Sweetness,40.0,nan,25.0,197.0,4925.0,2026-06-16,2026-06-18,2026-06-20,2026-06-24,USA,Dubai Flower Centre,USD,0.319,1571.08,AIR FREIGHT,595.37,3.1,0.0,nan,PAID,4.0,False,False,False,2.0,4.0,True,False
RB-001071,Rift Bloom - Kapseret Farm,Peach Avalanche,70.0,PREMIUM,40.0,76.0,3040.0,2026-01-06,2026-01-06,2026-07-01,2026-10-01,Switzerland,FloraHolland Auction,USD,0.587,1784.48,AIR FREIGHT,528.87,3.2,0.0,nan,UNKNOWN,2.0,False,False,False,176.0,92.0,True,False
RB-001068,rift bloom turbo farm,Freedom,60.0,B,25.0,37.0,925.0,2025-10-14,2025-10-16,2025-10-18,2025-10-19,France,Carrefour Flowers,USD,0.377,348.73,NAN,207.82,1.0,0.0,nan,OVERDUE,3.0,False,False,False,2.0,1.0,True,False
RB-000714,Rift Bloom - Kapseret Farm,avalanche,60.0,A,20.0,165.0,3300.0,2026-03-03,2026-03-05,2026-03-09,2026-12-03,United Arab Emirates,Interflora Russia,USD,0.488,1610.4,AIR FREIGHT,168.14,4.1,0.0,nan,PAID,4.0,False,False,False,4.0,269.0,True,False
RB-002878,Rift Bloom - Turbo Farm,Circus,50.0,B,40.0,156.0,6240.0,2026-07-22,2026-07-23,,2026-07-28,Poland,Marks & Spencer Flowers,NAN,0.27,1684.8,AIR FREIGHT,244.11,,0.0,nan,NAN,4.0,False,False,False,,,False,False
RB-000171,Rift Bloom - Timboroa Farm,Peach Avalanche,80.0,B,40.0,124.0,4960.0,2022-02-19,2022-02-21,2022-02-23,2022-02-28,Poland,FloraHolland Auction,NAN,0.337,1671.52,AIR FREIGHT,,1.2,0.0,nan,OVERDUE,5.0,False,False,False,2.0,5.0,True,False
RB-001167,Rift Bloom - Ziwa Farm,Cool Water,60.0,B,25.0,254.0,6350.0,2023-03-30,2023-03-30,2023-03-31,2023-06-04,Norway,Bloomon BV,USD,0.371,2355.85,AIR FREIGHT,198.11,3.0,7.0,nan,PENDING,4.0,False,False,False,1.0,65.0,True,False
RB-001538,Rift Bloom - Kapseret Farm,Red Naomi,90.0,PREMIUM,20.0,232.0,4640.0,2024-06-02,2024-08-02,2024-12-02,2024-02-18,Japan,Interflora Russia,NAN,0.355,1647.2,NAN,111.76,-0.5,0.0,nan,NAN,5.0,False,False,True,122.0,-288.0,False,False
RB-000620,Rift Bloom - Ziwa Farm,Pink Floyd,70.0,A,20.0,158.0,3160.0,2024-12-12,2024-12-12,2024-12-15,2024-12-19,United Kingdom,Tokyo Flower Market,NAN,0.28,884.8,AIR FREIGHT,331.37,1.8,11.0,Petal Bruising,PENDING,5.0,False,False,False,3.0,4.0,True,False
RB-001399,Rift Bloom - Moiben Farm,Sweetness,70.0,B,25.0,162.0,4050.0,2023-09-14,2023-09-14,2023-09-17,2023-09-20,Netherlands,Carrefour Flowers,USD,0.361,1462.05,NAN,383.06,1.0,0.0,nan,OVERDUE,4.0,False,False,False,3.0,3.0,True,False
RB-001442,Rift Bloom - Turbo Farm,Mondial,70.0,A,20.0,157.0,3140.0,2024-04-27,2024-04-27,2024-04-30,2024-05-05,Poland,Bloomon BV,NAN,0.397,1246.58,ROAD THEN AIR,225.95,-1.2,0.0,nan,PENDING,4.0,False,False,True,3.0,5.0,True,False
RB-002980,Rift Bloom - Kapseret Farm,Avalanche,60.0,C,40.0,107.0,4280.0,2023-07-06,2023-06-07,2023-07-08,2023-10-07,United Kingdom,Whole Foods Market,USD,0.133,569.24,AIR FREIGHT,271.96,1.1,0.0,nan,PAID,5.0,False,False,False,31.0,91.0,True,False
RB-002315,Rift Bloom - Ziwa Farm,Explorer,60.0,PREMIUM,40.0,106.0,4240.0,2024-12-17,2024-12-18,2024-12-21,2024-12-25,Australia,Blume2000,KES,43.81,185754.4,AIR FREIGHT,515.86,,0.0,nan,NAN,4.0,False,False,False,3.0,4.0,True,False
RB-002938,Rift Bloom - Kesses Farm,Cool Water,50.0,PREMIUM,10.0,180.0,1800.0,2024-05-19,2024-05-19,,2024-05-27,Japan,Aalsmeer Direct,EUR,0.446,802.8,AIR FREIGHT,178.93,0.4,0.0,nan,NAN,3.0,False,False,False,,,False,False
RB-002895,Rift Bloom - Kapseret Farm,avalanche,50.0,B,40.0,311.0,12440.0,2026-07-14,2026-07-14,2026-07-17,,Germany,Aalsmeer Direct,EUR,0.353,4391.32,AIR FREIGHT,258.22,-0.5,6.0,nan,PENDING,3.0,False,False,True,3.0,,False,False
RB-002374,Rift Bloom - Kapseret Farm,Mondial,60.0,PREMIUM,10.0,-202.0,-2020.0,2022-06-12,2022-07-12,2022-11-12,2022-12-17,Russia,Bloomon BV,USD,0.31,-626.2,ROAD THEN AIR,136.45,1.5,0.0,nan,NAN,5.0,False,False,False,123.0,35.0,True,False
RB-002587,Rift Bloom - Kapseret Farm,Vendela,50.0,PREMIUM,20.0,121.0,2420.0,2022-04-26,2022-04-28,2022-05-01,2022-02-05,United Arab Emirates,Local Wholesaler - Eldoret,USD,0.178,430.76,ROAD THEN AIR,342.01,4.1,0.0,nan,UNKNOWN,4.0,True,False,False,3.0,-85.0,False,False
RB-001674,Rift Bloom - Kesses Farm,Sweetness,60.0,C,20.0,74.0,1480.0,2024-05-13,2024-05-14,2024-05-15,2024-05-18,Switzerland,Marks & Spencer Flowers,USD,0.49,725.2,AIR FREIGHT,274.63,3.1,0.0,nan,PAID,3.0,False,False,False,1.0,3.0,True,False
RB-001114,Rift Bloom - Turbo Farm,Yellow Babe,50.0,PREMIUM,10.0,77.0,770.0,2025-06-11,2025-08-11,2025-11-11,2025-11-15,netherlands,Dubai Flower Centre,USD,0.163,125.51,AIR FREIGHT,562.44,,0.0,nan,PAID,3.0,False,False,False,92.0,4.0,True,False
RB-002465,Rift Bloom - Timboroa Farm,Mondial,70.0,PREMIUM,20.0,53.0,1060.0,2025-05-03,2025-05-04,2025-08-05,2025-05-09,Switzerland,FloraHolland Auction,USD,0.247,261.82,AIR FREIGHT,300.36,-0.3,0.0,None,OVERDUE,5.0,False,False,True,93.0,-88.0,False,False
RB-000540,Rift Bloom - Kesses Farm,Freedom,50.0,C,20.0,87.0,1740.0,2023-03-23,2023-03-24,2023-03-26,2023-01-04,Switzerland,Tokyo Flower Market,NAN,0.331,575.94,NAN,271.27,1.6,0.0,nan,NAN,2.0,False,False,False,2.0,-81.0,False,False
RB-000708,Rift Bloom - Moiben Farm,Mondial,70.0,PREMIUM,25.0,197.0,4925.0,2023-02-25,2023-02-27,2023-03-03,2023-05-03,Russia,M-Farm Traders,KES,42.38,208721.5,AIR FREIGHT,98.34,2.9,0.0,nan,UNKNOWN,3.0,False,False,False,4.0,61.0,True,False
RB-001147,Rift Bloom - Kapseret Farm,AVALANCHE,500.0,PREMIUM,10.0,56.0,560.0,2024-06-29,2024-01-07,2024-02-07,2024-07-07,Australia,Tokyo Flower Market,KES,70.33,39384.8,NAN,448.28,4.9,5.0,-,NAN,5.0,False,False,False,31.0,151.0,True,True
RB-002473,Rift Bloom - Turbo Farm,Cool Water,70.0,PREMIUM,20.0,105.0,2100.0,2022-08-17,2022-08-18,2022-08-19,,Holland,Bloomon BV,EUR,0.299,627.9,AIR FREIGHT,,2.5,0.0,nan,NAN,5.0,False,False,False,1.0,,False,False
RB-001588,Rift Bloom - Kapseret Farm,Red Naomi,50.0,PREMIUM,20.0,76.0,1520.0,2023-09-24,2023-09-25,2023-09-28,2023-02-10,U.K.,M-Farm Traders,NAN,0.402,611.04,AIR FREIGHT,200.13,,0.0,nan,PAID,5.0,False,False,False,3.0,-230.0,False,False
RB-000254,Rift Bloom - Turbo Farm,Peach Avalanche,70.0,B,40.0,94.0,3760.0,2025-10-04,2025-04-10,2025-04-11,2025-04-17,U.S.A,Interflora Russia,USD,0.232,872.32,ROAD THEN AIR,362.31,1.7,0.0,nan,PENDING,3.0,False,False,False,1.0,6.0,True,False
RB-002420,Rift Bloom - Kesses Farm,Athena,60.0,PREMIUM,10.0,86.0,860.0,2026-01-27,2026-01-28,2026-01-02,2026-05-02,United Kingdom,M-Farm Traders,EUR,0.361,310.46,NAN,214.65,-1.2,0.0,nan,PAID,5.0,False,False,True,-26.0,120.0,False,False
RB-000730,Rift Bloom - Ziwa Farm,Yellow Babe,80.0,A,40.0,168.0,6720.0,2026-03-22,2026-03-24,2026-03-27,2026-04-02,United Arab Emirates,Tokyo Flower Market,EUR,0.304,2042.88,AIR FREIGHT,196.24,1.6,0.0,nan,PENDING,5.0,False,False,False,3.0,6.0,True,False
RB-002740,Rift Bloom - Kesses Farm,Vendela,90.0,PREMIUM,20.0,153.0,3060.0,2022-11-08,2022-11-09,2022-11-10,2022-11-15,Australia,Bloomon BV,USD,0.076,232.56,AIR FREIGHT,356.71,4.5,0.0,nan,UNKNOWN,4.0,False,False,False,1.0,5.0,True,False
RB-002955,Rift Bloom - Timboroa Farm,High & Magic,50.0,PREMIUM,25.0,120.0,3000.0,2022-08-16,2022-08-18,2022-08-21,2022-08-27,Australia,Whole Foods Market,USD,0.308,924.0,NAN,137.09,2.6,0.0,nan,PAID,3.0,False,False,False,3.0,6.0,True,False
RB-000296,Rift Bloom - Kesses Farm,Explorer,70.0,STANDARD,10.0,162.0,1620.0,2024-01-18,2024-01-20,2024-01-23,,UAE,Blume2000,NAN,0.391,633.42,NAN,496.61,-0.4,45.0,Petal Bruising,OVERDUE,5.0,False,False,True,3.0,,False,False
RB-000960,Rift Bloom - Kapseret Farm,Pink Floyd,50.0,PREMIUM,40.0,244.0,9760.0,2025-02-03,2025-03-03,2025-07-03,2025-03-13,Russia,Local Wholesaler - Eldoret,NAN,0.173,1688.48,AIR FREIGHT,479.83,0.5,0.0,nan,PAID,4.0,False,False,False,122.0,-112.0,False,False
RB-002702,Rift Bloom - Moiben Farm,Explorer,70.0,PREMIUM,40.0,17.0,680.0,2023-12-01,,2023-01-17,2023-01-20,USA,Interflora Russia,EUR,0.321,218.28,NAN,195.23,-0.4,0.0,nan,OVERDUE,5.0,False,False,True,,3.0,False,False
RB-000329,Rift Bloom - Moiben Farm,AVALANCHE,70.0,STANDARD,25.0,102.0,2550.0,2024-05-22,2024-05-24,2024-05-26,2024-06-01,Russia,Blume2000,UNKNOWN,0.192,4896.0,AIR FREIGHT,218.11,3.9,0.0,nan,NAN,3.0,False,False,False,2.0,6.0,True,False
RB-001748,Rift Bloom - Moiben Farm,Red-Naomi,40.0,nan,20.0,126.0,2520.0,2025-02-21,,2025-02-25,2025-03-02,NL,Interflora Russia,EUR,0.155,390.6,AIR FREIGHT,210.34,2.2,0.0,nan,PENDING,4.0,False,False,False,,5.0,False,False
RB-000271,Rift Bloom - Moiben Farm,Vendela,50.0,STANDARD,10.0,58.0,580.0,2025-09-24,2025-09-26,2025-09-27,2025-01-10,Russia,Dubai Flower Centre,EUR,0.466,270.28,ROAD THEN AIR,228.75,2.9,0.0,nan,PENDING,5.0,False,False,False,1.0,-260.0,False,False
RB-000302,Rift Bloom - Kesses Farm,Avalanche,50.0,A,25.0,63.0,1575.0,2023-08-20,2023-08-20,2023-08-24,2023-08-29,USA,Marks & Spencer Flowers,USD,0.138,217.35,AIR FREIGHT,58.97,1.9,21.0,Botrytis,PAID,4.0,False,False,False,4.0,5.0,True,False
RB-000366,Rift Bloom - Ziwa Farm,Explorer,70.0,C,40.0,184.0,7360.0,2024-12-24,2024-12-26,2024-12-28,2024-12-31,Germany,Blume2000,USD,0.642,4725.12,AIR FREIGHT,304.75,1.3,0.0,nan,NAN,5.0,True,False,False,2.0,3.0,True,False
RB-001516,Rift Bloom - Kesses Farm,Pink Floyd,70.0,B,10.0,64.0,640.0,2022-03-01,2022-01-05,2022-01-09,2022-01-13,uae,Tokyo Flower Market,KES,32.76,20966.4,AIR FREIGHT,86.88,0.8,8.0,Botrytis,PENDING,4.0,False,False,False,4.0,4.0,True,False
RB-001294,Rift Bloom - Moiben Farm,Yellow Babe,70.0,PREMIUM,10.0,69.0,690.0,2024-11-06,2024-06-12,2024-06-16,2024-06-21,Russia,Blume2000,KES,30.68,21169.2,AIR FREIGHT,369.04,1.4,0.0,nan,NAN,4.0,False,False,False,4.0,5.0,True,False
RB-001540,Rift Bloom - Timboroa Farm,Athena,70.0,A,25.0,265.0,6625.0,2024-08-12,2024-09-12,2024-10-12,2024-12-16,The Netherlands,M-Farm Traders,USD,0.231,1530.38,NAN,311.32,3.8,0.0,nan,NAN,5.0,False,False,False,30.0,65.0,True,False
RB-000700,Rift Bloom - Ziwa Farm,Peach Avalanche,80.0,B,40.0,183.0,7320.0,2025-03-19,2025-03-19,2025-03-22,2025-03-25,Japan,Blume2000,EUR,0.221,1617.72,AIR FREIGHT,355.3,2.1,0.0,nan,NAN,4.0,False,False,False,3.0,3.0,True,False
RB-000562,Rift Bloom - Kapseret Farm,Circus,50.0,A,20.0,86.0,1720.0,2023-10-09,2023-10-09,2023-09-13,2023-09-19,Norway,Bloomon BV,KES,36.66,63055.2,ROAD THEN AIR,471.25,1.6,0.0,nan,NAN,5.0,False,False,False,-26.0,6.0,False,False
RB-000192,Rift Bloom - Kapseret Farm,Vendela,50.0,B,25.0,100.0,2500.0,2024-08-30,2024-01-09,2024-09-05,2024-06-09,France,Dubai Flower Centre,EUR,0.301,752.5,AIR FREIGHT,112.5,1.5,0.0,nan,PENDING,5.0,False,False,False,240.0,-88.0,False,False
RB-001850,Rift Bloom - Kapseret Farm,Mondial,70.0,nan,20.0,119.0,2380.0,2024-04-18,2024-04-20,2024-04-22,2024-04-25,Russia,Tokyo Flower Market,USD,0.363,863.94,NAN,38.2,1.4,0.0,nan,PAID,4.0,False,False,False,2.0,3.0,True,False
RB-002754,Rift Bloom - Kesses Farm,Freedom,50.0,PREMIUM,10.0,60.0,600.0,2026-05-07,2026-09-05,2026-10-05,2026-12-05,Australia,Tokyo Flower Market,USD,0.408,244.8,AIR FREIGHT,202.06,0.3,2.0,Stem Bent,PAID,5.0,False,False,False,30.0,61.0,True,False
RB-000375,Rift Bloom - Kesses Farm,Tibet,40.0,STANDARD,40.0,138.0,5520.0,2022-06-21,2022-06-22,2022-06-24,2022-06-28,France,Marks & Spencer Flowers,EUR,0.686,3786.72,AIR FREIGHT,104.68,,0.0,None,PAID,5.0,False,False,False,2.0,4.0,True,False
RB-000948,Rift Bloom - Kesses Farm,Peach Avalanche,90.0,PREMIUM,20.0,147.0,2940.0,2023-10-10,2023-10-10,2023-10-13,2023-10-18,Australia,Whole Foods Market,KES,33.54,98607.6,ROAD THEN AIR,18.22,22.0,0.0,nan,PAID,5.0,False,False,False,3.0,5.0,True,False
RB-000292,Rift Bloom - Turbo Farm,High & Magic,70.0,C,40.0,103.0,4120.0,2023-10-16,2023-10-17,2023-10-21,2023-10-27,Poland,Dubai Flower Centre,USD,0.341,1404.92,AIR FREIGHT,209.86,3.4,0.0,nan,OVERDUE,4.0,False,False,False,4.0,6.0,True,False
RB-001446,Rift Bloom - Moiben Farm,Sweetness,70.0,PREMIUM,40.0,101.0,4040.0,2023-12-24,2023-12-26,2023-12-30,2024-05-01,Poland,Interflora Russia,EUR,0.161,650.44,AIR FREIGHT,109.21,1.9,0.0,nan,NAN,4.0,False,False,False,4.0,123.0,True,False
RB-000613,Rift Bloom - Turbo Farm,Circus,60.0,A,20.0,163.0,3260.0,2023-09-16,,2023-09-20,2023-09-26,France,Aalsmeer Direct,USD,0.512,1669.12,AIR FREIGHT,,1.6,0.0,nan,PAID,5.0,False,False,False,,6.0,False,False
RB-002703,Rift Bloom - Ziwa Farm,Peach Avalanche,50.0,A,20.0,161.0,3220.0,2025-05-15,2025-05-17,2025-05-20,2025-05-21,France,Whole Foods Market,EUR,0.397,1278.34,AIR FREIGHT,213.17,4.1,0.0,nan,PENDING,5.0,False,False,False,3.0,1.0,True,False
RB-001091,Rift Bloom - Timboroa Farm,Cool Water,60.0,PREMIUM,10.0,124.0,1240.0,2025-01-03,2025-03-03,2025-03-05,2025-06-03,United Kingdom,Aalsmeer Direct,EUR,0.279,345.96,AIR FREIGHT,296.21,2.1,0.0,nan,PENDING,5.0,False,False,False,2.0,90.0,True,False
RB-002636,Rift Bloom - Moiben Farm,Pink Floyd,70.0,B,25.0,66.0,1650.0,2024-06-04,2024-04-07,2024-09-04,2024-04-13,Switzerland,Bloomon BV,KES,49.4,81510.0,AIR FREIGHT,223.24,3.1,0.0,nan,PENDING,4.0,False,False,False,150.0,-144.0,False,False
RB-001055,Rift Bloom - Timboroa Farm,Tibet,70.0,B,25.0,60.0,1500.0,2022-07-19,2022-07-21,2022-07-23,2022-07-27,Poland,Whole Foods Market,NAN,0.404,606.0,ROAD THEN AIR,,0.2,0.0,nan,PENDING,1.0,False,False,False,2.0,4.0,True,False
RB-001436,Rift Bloom - Kapseret Farm,High & Magic,60.0,B,10.0,87.0,870.0,2022-06-11,2022-11-06,2022-07-11,2022-09-11,France,Dubai Flower Centre,USD,0.535,465.45,ROAD THEN AIR,311.0,3.0,7.0,Petal Bruising,UNKNOWN,4.0,False,False,False,-118.0,62.0,False,False
RB-001510,Rift Bloom - Ziwa Farm,Avalanche,50.0,A,25.0,128.0,3200.0,2022-07-05,2022-07-05,2022-07-07,2022-07-10,Switzerland,Bloomon BV,USD,0.482,1542.4,AIR FREIGHT,438.66,2.9,0.0,nan,PAID,5.0,False,False,False,2.0,3.0,True,False
RB-002609,Rift Bloom - Ziwa Farm,freedom,60.0,PREMIUM,40.0,102.0,4080.0,2024-07-01,2024-03-07,2024-06-07,2024-07-11,Switzerland,Aalsmeer Direct,NAN,0.41,1672.8,AIR FREIGHT,343.9,2.2,0.0,nan,PAID,3.0,False,False,False,92.0,34.0,True,False
RB-001390,Rift Bloom - Moiben Farm,High & Magic,50.0,C,20.0,128.0,2560.0,2024-11-29,2024-11-29,2024-11-30,2024-02-12,Australia,FloraHolland Auction,KES,66.82,171059.2,NAN,154.37,1.7,0.0,nan,PAID,4.0,False,False,False,1.0,-292.0,False,False
RB-002773,Rift Bloom - Timboroa Farm,Pink Floyd,70.0,B,10.0,197.0,1970.0,2025-03-19,2025-03-20,2025-03-21,,Australia,M-Farm Traders,EUR,0.178,350.66,AIR FREIGHT,84.88,1.6,0.0,nan,PAID,5.0,False,False,False,1.0,,False,False
RB-001319,Rift Bloom - Moiben Farm,Avalanche,70.0,A,40.0,183.0,7320.0,2023-12-13,2023-12-14,2023-12-18,,Netherlands,Bloomon BV,KES,33.67,246464.4,AIR FREIGHT,32.59,2.2,0.0,nan,PENDING,2.0,False,False,False,4.0,,False,False
RB-000489,Rift Bloom - Moiben Farm,High & Magic,60.0,PREMIUM,25.0,107.0,2675.0,2023-12-19,2023-12-19,2023-12-23,2023-12-29,Poland,Dubai Flower Centre,EUR,0.504,1348.2,ROAD THEN AIR,,1.7,0.0,nan,OVERDUE,4.0,False,False,False,4.0,6.0,True,False
RB-001766,Rift Bloom - Kapseret Farm,Avalanche,50.0,nan,10.0,230.0,2300.0,2023-10-12,2023-10-13,2023-10-14,2023-10-15,uae,Tokyo Flower Market,KES,49.27,113321.0,AIR FREIGHT,66.23,3.8,0.0,nan,NAN,4.0,False,False,False,1.0,1.0,True,False
RB-000593,Rift Bloom - Kesses Farm,Pink Floyd,60.0,C,10.0,36.0,360.0,2026-05-18,2026-05-19,2026-05-20,2026-05-24,Japan,Tokyo Flower Market,NAN,0.277,99.72,AIR FREIGHT,238.61,-0.7,0.0,nan,PENDING,4.0,False,False,True,1.0,4.0,True,False
RB-000052,Rift Bloom - Moiben Farm,Pink Floyd,50.0,A,25.0,38.0,950.0,2023-09-24,2023-09-26,2023-09-29,2023-10-02,U.K.,FloraHolland Auction,EUR,0.272,258.4,ROAD THEN AIR,336.05,1.5,0.0,nan,NAN,4.0,False,False,False,3.0,3.0,True,False
RB-002228,Rift Bloom - Kapseret Farm,Vendela,500.0,PREMIUM,10.0,66.0,660.0,2025-01-06,2025-03-06,2025-05-06,2025-08-06,Poland,FloraHolland Auction,EUR,0.193,127.38,AIR FREIGHT,308.25,-0.7,21.0,Petal Bruising,OVERDUE,4.0,False,False,True,61.0,92.0,True,False
RB-001085,rift bloom turbo farm,Tibet,70.0,A,40.0,86.0,3440.0,2026-02-18,2026-02-18,2026-02-22,2026-02-25,USA,M-Farm Traders,EUR,0.255,877.2,AIR FREIGHT,549.98,0.7,0.0,nan,NAN,2.0,False,False,False,4.0,3.0,True,False
RB-002727,rift bloom turbo farm,Peach Avalanche,40.0,STANDARD,25.0,72.0,1800.0,2025-11-30,2025-11-30,2025-02-12,2025-12-03,Australia,Bloomon BV,NAN,0.619,1114.2,NAN,27.66,,0.0,nan,PAID,4.0,False,False,False,-291.0,294.0,False,False
RB-002532,Rift Bloom - Moiben Farm,High & Magic,70.0,A,20.0,252.0,5040.0,2024-02-04,2024-06-02,2024-08-02,2024-10-02,USA,Marks & Spencer Flowers,NAN,0.309,1557.36,AIR FREIGHT,168.41,2.3,0.0,nan,PAID,5.0,False,False,False,61.0,61.0,True,False
RB-000064,Rift Bloom - Kesses Farm,Vendela,50.0,B,20.0,91.0,1820.0,2024-05-10,2024-07-10,2024-10-10,2024-11-10,Germany,Bloomon BV,EUR,0.174,316.68,AIR FREIGHT,247.47,2.5,0.0,nan,NAN,4.0,False,False,False,92.0,31.0,True,False
RB-002719,Rift Bloom - Kesses Farm,Cool Water,90.0,nan,10.0,100.0,1000.0,2023-10-10,2023-10-12,2023-10-16,2023-10-19,Poland,FloraHolland Auction,USD,0.408,408.0,AIR FREIGHT,284.75,2.2,21.0,Petal Bruising,PENDING,1.0,False,False,False,4.0,3.0,True,False
RB-002334,Rift Bloom - Kapseret Farm,Mondial,70.0,B,20.0,71.0,1420.0,2022-12-27,2022-12-28,2022-12-30,2023-01-02,Switzerland,Local Wholesaler - Eldoret,USD,0.44,624.8,NAN,159.5,24.4,0.0,nan,PAID,3.0,False,False,False,2.0,3.0,True,False
RB-001569,Rift Bloom - Turbo Farm,Vendela,50.0,UNKNOWN,25.0,155.0,3875.0,2022-01-19,2022-01-20,2022-01-24,2022-01-28,US,Marks & Spencer Flowers,KES,41.6,161200.0,AIR FREIGHT,507.57,3.0,0.0,nan,PENDING,3.0,False,False,False,4.0,4.0,True,False
RB-002562,Rift Bloom - Timboroa Farm,Vendela,60.0,A,40.0,157.0,6280.0,2026-07-17,2026-07-19,2026-07-21,2026-07-22,Russia,Dubai Flower Centre,NAN,0.32,2009.6,NAN,307.27,0.6,0.0,nan,NAN,3.0,False,False,False,2.0,1.0,True,False
RB-000211,Rift Bloom - Kapseret Farm,Cool Water,80.0,A,20.0,59.0,1180.0,2024-11-25,2024-11-26,2024-11-28,2024-11-29,Poland,Tokyo Flower Market,USD,0.321,378.78,AIR FREIGHT,253.01,0.8,19.0,-,NAN,5.0,False,False,False,2.0,1.0,True,True
RB-002680,Rift Bloom - Kesses Farm,Yellow Babe,60.0,B,25.0,73.0,1825.0,2023-11-28,2023-11-29,2023-11-30,2023-01-12,France,Bloomon BV,EUR,0.443,808.48,AIR FREIGHT,,4.5,0.0,nan,UNKNOWN,5.0,False,False,False,1.0,-322.0,False,False
RB-001338,Rift Bloom - Kapseret Farm,Vendela,70.0,C,20.0,142.0,2840.0,2024-01-03,2024-02-03,2024-05-03,2024-03-11,Japan,Dubai Flower Centre,KES,31.33,88977.2,AIR FREIGHT,292.1,-0.5,0.0,nan,PENDING,5.0,False,False,True,90.0,-53.0,False,False
RB-001219,Rift Bloom - Turbo Farm,Avalanche,70.0,C,40.0,36.0,1440.0,2024-11-25,2024-11-26,2024-11-28,2024-02-12,United Arab Emirates,Whole Foods Market,USD,0.136,195.84,UNKNOWN,225.11,0.1,0.0,nan,NAN,5.0,False,False,False,2.0,-290.0,False,False
RB-002741,Rift Bloom - Timboroa Farm,Mondial,40.0,nan,20.0,38.0,760.0,2024-07-16,2024-07-17,2024-07-20,2024-07-23,Poland,Carrefour Flowers,NAN,0.352,267.52,AIR FREIGHT,610.96,0.7,0.0,nan,OVERDUE,5.0,False,False,False,3.0,3.0,True,False
RB-001700,Rift Bloom - Timboroa Farm,FREEDOM,80.0,B,10.0,142.0,1420.0,2023-04-23,2023-04-23,2023-04-26,2023-04-30,USA,Aalsmeer Direct,EUR,0.262,372.04,AIR FREIGHT,86.99,2.6,0.0,nan,OVERDUE,5.0,False,False,False,3.0,4.0,True,False
RB-002067,Rift Bloom - Timboroa Farm,Vendela,50.0,STANDARD,40.0,94.0,3760.0,2026-03-11,2026-11-03,2026-12-03,2026-03-17,Germany,Carrefour Flowers,EUR,0.228,857.28,AIR FREIGHT,631.96,3.4,0.0,nan,PAID,3.0,False,False,False,30.0,-261.0,False,False
RB-002610,Rift Bloom - Kapseret Farm,Tibet,60.0,PREMIUM,25.0,36.0,900.0,2024-01-27,2024-01-29,2024-01-30,2024-01-31,France,Blume2000,EUR,0.206,185.4,NAN,,1.3,0.0,nan,NAN,5.0,False,False,False,1.0,1.0,True,False
RB-000340,Rift Bloom - Moiben Farm,freedom,50.0,B,20.0,33.0,660.0,2025-07-01,2025-07-01,2025-05-07,2025-07-08,Norway,Carrefour Flowers,USD,0.294,194.04,ROAD THEN AIR,259.78,,0.0,nan,PENDING,4.0,False,False,False,-55.0,62.0,False,False
RB-000663,Rift Bloom - Kesses Farm,Pink Floyd,60.0,PREMIUM,40.0,117.0,4680.0,2025-01-03,2025-01-03,2025-04-03,2025-03-08,Netherlands,Whole Foods Market,EUR,0.433,2026.44,AIR FREIGHT,345.0,3.3,0.0,nan,OVERDUE,5.0,False,False,False,90.0,-26.0,False,False
RB-001017,Rift Bloom - Ziwa Farm,Mondial,70.0,B,40.0,142.0,5680.0,2025-11-17,,2025-11-21,2025-11-24,Poland,FloraHolland Auction,EUR,0.141,800.88,AIR FREIGHT,26.1,0.2,0.0,nan,PENDING,3.0,False,False,False,,3.0,False,False
RB-000944,Rift Bloom - Ziwa Farm,Avalanche,50.0,A,10.0,351.0,3510.0,2023-02-09,2023-09-03,2023-07-09,2023-09-09,France,Tokyo Flower Market,EUR,0.352,1235.52,AIR FREIGHT,,3.4,0.0,nan,PENDING,4.0,False,False,False,-56.0,62.0,False,False
RB-002029,Rift Bloom - Kesses Farm,Peach Avalanche,70.0,PREMIUM,20.0,33.0,660.0,,2024-11-06,,2024-06-14,Norway,Aalsmeer Direct,NAN,0.534,352.44,ROAD THEN AIR,544.33,,0.0,None,NAN,5.0,False,False,False,,,False,False
RB-001696,Rift Bloom - Moiben Farm,Mondial,90.0,A,40.0,77.0,3080.0,2024-08-06,2024-06-10,2024-06-13,2024-06-16,Poland,Whole Foods Market,USD,0.444,1367.52,AIR FREIGHT,273.12,2.8,0.0,nan,PAID,5.0,False,False,False,3.0,3.0,True,False
RB-000978,Rift Bloom - Timboroa Farm,Peach Avalanche,40.0,B,40.0,168.0,6720.0,2025-07-06,2025-07-06,2025-07-08,2025-07-14,U.S.A,Carrefour Flowers,EUR,0.376,2526.72,ROAD THEN AIR,261.36,1.4,0.0,nan,NAN,5.0,False,False,False,2.0,6.0,True,False
RB-001864,Rift Bloom - Ziwa Farm,Sweetness,60.0,nan,10.0,44.0,440.0,2022-10-25,2022-10-26,2022-10-28,2022-03-11,Germany,Tokyo Flower Market,KES,58.11,25568.4,AIR FREIGHT,130.63,3.8,0.0,nan,OVERDUE,3.0,False,False,False,2.0,-231.0,False,False
RB-001934,Rift Bloom - Turbo Farm,High & Magic,70.0,PREMIUM,10.0,-181.0,-1810.0,2024-08-11,2024-09-11,2024-11-11,2024-11-16,Germany,Blume2000,NAN,0.244,-441.64,AIR FREIGHT,447.42,0.1,0.0,nan,OVERDUE,4.0,False,False,False,61.0,5.0,True,False
RB-002462,Rift Bloom - Moiben Farm,Vendela,60.0,B,20.0,87.0,1740.0,2024-09-02,2024-03-09,2024-07-09,2024-12-09,Japan,Marks & Spencer Flowers,USD,0.511,889.14,AIR FREIGHT,177.17,1.5,20.0,Petal Bruising,NAN,3.0,False,False,False,122.0,153.0,True,False
RB-002787,Rift Bloom - Kapseret Farm,Cool Water,40.0,STANDARD,40.0,43.0,1720.0,2023-04-25,2023-04-27,2023-04-28,2023-04-30,Russia,Blume2000,EUR,0.365,627.8,ROAD THEN AIR,262.48,0.9,0.0,nan,PENDING,4.0,False,False,False,1.0,2.0,True,False
RB-001322,Rift Bloom - Kapseret Farm,Tibet,70.0,B,10.0,74.0,740.0,2024-06-27,2024-06-27,2024-01-07,2024-07-05,usa,M-Farm Traders,USD,0.413,305.62,AIR FREIGHT,152.14,1.3,22.0,-,OVERDUE,4.0,False,False,False,-172.0,180.0,False,True
RB-000355,Rift Bloom - Moiben Farm,Peach Avalanche,50.0,nan,40.0,127.0,5080.0,2024-11-05,2024-06-11,2024-11-07,2024-11-12,Poland,Dubai Flower Centre,USD,0.272,1381.76,AIR FREIGHT,91.09,1.9,20.0,Botrytis,PENDING,4.0,False,False,False,149.0,5.0,True,False
RB-002835,Rift Bloom - Turbo Farm,Red-Naomi,70.0,PREMIUM,20.0,299.0,5980.0,2023-12-09,2023-09-12,2023-09-14,2023-09-20,Germany,Marks & Spencer Flowers,KES,75.53,451669.4,AIR FREIGHT,504.52,0.9,0.0,nan,PAID,4.0,False,False,False,2.0,6.0,True,False
RB-002437,Rift Bloom - Kapseret Farm,Mondial,60.0,nan,40.0,97.0,3880.0,2022-07-27,2022-07-29,2022-07-30,2022-03-08,Germany,Interflora Russia,KES,44.33,172000.4,NAN,349.37,2.7,0.0,nan,PENDING,5.0,False,False,False,1.0,-144.0,False,False
RB-002537,Rift Bloom - Timboroa Farm,Circus,80.0,B,40.0,210.0,8400.0,2022-03-27,2022-03-29,2022-03-30,2022-03-04,usa,Dubai Flower Centre,USD,0.342,2872.8,AIR FREIGHT,486.72,1.7,0.0,nan,PENDING,5.0,False,False,False,1.0,-26.0,False,False
RB-002083,Rift Bloom - Moiben Farm,Mondial,50.0,A,10.0,120.0,1200.0,2024-10-14,2024-10-15,2024-10-19,2024-10-24,Netherlands,Aalsmeer Direct,KES,50.44,60528.0,AIR FREIGHT,1051.74,,0.0,nan,NAN,5.0,False,False,False,4.0,5.0,True,False
RB-002174,Rift Bloom - Ziwa Farm,Athena,60.0,B,10.0,179.0,1790.0,2025-05-14,2025-05-16,,2025-05-20,Norway,Interflora Russia,USD,0.365,653.35,AIR FREIGHT,222.66,,0.0,nan,NAN,4.0,False,False,False,,,False,False
RB-002297,Rift Bloom - Ziwa Farm,Tibet,60.0,B,40.0,246.0,9840.0,2025-02-24,2025-02-25,2025-02-26,2025-01-03,Switzerland,Interflora Russia,EUR,0.35,3444.0,AIR FREIGHT,250.2,0.7,0.0,nan,PAID,5.0,False,False,False,1.0,-54.0,False,False
RB-000059,Rift Bloom - Ziwa Farm,Explorer,70.0,PREMIUM,40.0,104.0,4160.0,2022-10-19,2022-10-21,2022-10-22,2022-10-26,Poland,Blume2000,USD,0.433,1801.28,AIR FREIGHT,277.02,0.7,0.0,nan,NAN,5.0,False,False,False,1.0,4.0,True,False
RB-001998,Rift Bloom - Moiben Farm,High & Magic,70.0,B,20.0,174.0,3480.0,2025-04-25,,2025-04-26,2025-04-28,UAE,Interflora Russia,USD,0.449,1562.52,ROAD THEN AIR,6.65,0.9,0.0,nan,PENDING,5.0,False,False,False,,2.0,False,False
RB-002093,Rift Bloom - Kapseret Farm,Athena,50.0,PREMIUM,40.0,217.0,8680.0,2023-08-09,2023-10-09,2023-09-13,2023-09-15,Switzerland,Blume2000,USD,0.37,3211.6,AIR FREIGHT,325.26,1.0,0.0,nan,PENDING,5.0,False,False,False,-26.0,2.0,False,False
RB-001819,Rift Bloom - Kesses Farm,Circus,80.0,PREMIUM,20.0,147.0,2940.0,2024-08-24,2024-08-25,2024-08-29,2024-08-30,Switzerland,Blume2000,USD,0.273,802.62,AIR FREIGHT,633.82,0.9,0.0,nan,NAN,5.0,False,False,False,4.0,1.0,True,False
RB-000215,Rift Bloom - Ziwa Farm,Sweetness,50.0,C,10.0,252.0,2520.0,2025-09-04,2025-06-09,2025-08-09,2025-09-12,Russia,M-Farm Traders,UNKNOWN,0.37,932.4,ROAD THEN AIR,400.74,-0.6,0.0,nan,PAID,3.0,False,False,True,61.0,34.0,True,False
RB-000796,Rift Bloom - Timboroa Farm,Cool Water,70.0,A,10.0,103.0,1030.0,2025-07-19,2025-07-21,2025-07-22,2025-07-24,United kingdom,Local Wholesaler - Eldoret,USD,0.333,342.99,AIR FREIGHT,291.06,3.2,22.0,Stem Bent,PENDING,3.0,False,False,False,1.0,2.0,True,False
RB-001086,Rift Bloom - Kesses Farm,avalanche,40.0,PREMIUM,20.0,58.0,1160.0,2026-01-05,2026-06-01,2026-01-09,2026-01-14,Poland,Blume2000,USD,0.486,563.76,ROAD THEN AIR,58.47,1.2,0.0,nan,PAID,5.0,False,False,False,-143.0,5.0,False,False
RB-002705,Rift Bloom - Timboroa Farm,Freedom,60.0,PREMIUM,20.0,28.0,560.0,2023-07-08,2023-09-08,2023-08-13,2023-08-17,Russia,Bloomon BV,NAN,0.4,224.0,ROAD THEN AIR,565.71,5.3,0.0,nan,NAN,4.0,False,False,False,-26.0,4.0,False,False
RB-002181,Rift Bloom - Kesses Farm,Cool Water,40.0,PREMIUM,40.0,7.0,280.0,2024-01-18,2024-01-18,2024-01-21,2024-01-25,Switzerland,M-Farm Traders,KES,20.8,5824.0,AIR FREIGHT,382.73,1.0,0.0,nan,PAID,2.0,False,False,False,3.0,4.0,True,False
RB-000454,Rift Bloom - Kesses Farm,Vendela,90.0,B,40.0,272.0,10880.0,2025-02-08,2025-03-08,2025-05-08,2025-07-08,Poland,M-Farm Traders,NAN,0.403,4384.64,AIR FREIGHT,61.76,2.7,0.0,None,PENDING,4.0,False,False,False,61.0,61.0,True,False
RB-001716,Rift Bloom - Timboroa Farm,Explorer,0.0,A,20.0,199.0,3980.0,2025-11-30,2025-12-02,2025-12-05,2025-08-12,Netherlands,Carrefour Flowers,USD,0.483,1922.34,AIR FREIGHT,32.44,24.4,0.0,nan,PAID,5.0,False,False,False,3.0,-115.0,False,False
RB-002303,Rift Bloom - Moiben Farm,Cool Water,60.0,A,40.0,86.0,3440.0,2026-01-27,2026-01-29,,2026-01-02,United Arab Emirates,Dubai Flower Centre,USD,0.488,1678.72,ROAD THEN AIR,208.62,2.7,0.0,nan,PAID,3.0,False,False,False,,,False,False
RB-000747,Rift Bloom - Turbo Farm,High & Magic,80.0,C,10.0,91.0,910.0,2025-01-06,2025-03-06,2025-06-05,2025-11-06,USA,Marks & Spencer Flowers,NAN,0.345,313.95,AIR FREIGHT,978.27,4.6,0.0,nan,NAN,5.0,False,False,False,91.0,154.0,True,False
RB-000214,Rift Bloom - Turbo Farm,Mondial,40.0,B,40.0,77.0,3080.0,2026-07-02,2026-02-07,2026-02-11,2026-02-17,United Kingdom,Whole Foods Market,EUR,0.327,1007.16,AIR FREIGHT,37.95,2.6,33.0,Botrytis,OVERDUE,3.0,False,False,False,4.0,6.0,True,False
RB-001184,Rift Bloom - Timboroa Farm,Sweetness,50.0,B,25.0,45.0,1125.0,2024-07-20,2024-07-20,2024-07-21,2024-07-24,USA,Dubai Flower Centre,USD,0.517,581.62,AIR FREIGHT,271.8,1.1,0.0,nan,PENDING,4.0,False,False,False,1.0,3.0,True,False
RB-002834,Rift Bloom - Kapseret Farm,Red Naomi,40.0,STANDARD,25.0,87.0,2175.0,2022-05-19,2022-05-20,2022-05-22,2022-05-24,Norway,Local Wholesaler - Eldoret,KES,44.85,97548.75,ROAD THEN AIR,429.8,0.3,0.0,nan,NAN,2.0,False,False,False,2.0,2.0,True,False
RB-001217,Rift Bloom - Moiben Farm,Tibet,60.0,B,25.0,207.0,5175.0,2025-11-12,2025-11-12,2025-11-16,2025-11-19,Norway,M-Farm Traders,EUR,0.362,1873.35,AIR FREIGHT,,0.5,0.0,nan,PAID,4.0,False,False,False,4.0,3.0,True,False
RB-000342,Rift Bloom - Ziwa Farm,Vendela,90.0,PREMIUM,25.0,32.0,800.0,2025-09-19,2025-09-21,2025-09-23,2025-09-26,Japan,Whole Foods Market,UNKNOWN,0.44,352.0,AIR FREIGHT,85.54,2.8,0.0,nan,NAN,4.0,False,False,False,2.0,3.0,True,False
RB-002484,Rift Bloom - Moiben Farm,Pink Floyd,80.0,A,20.0,151.0,3020.0,2025-01-30,2025-01-30,2025-01-31,2025-02-06,United Arab Emirates,Tokyo Flower Market,NAN,0.48,1449.6,UNKNOWN,112.42,,0.0,nan,PAID,5.0,False,False,False,1.0,6.0,True,False
RB-001082,Rift Bloom - Turbo Farm,Athena,40.0,A,20.0,137.0,2740.0,2023-12-10,2023-10-12,2023-10-13,2023-10-16,Norway,Whole Foods Market,EUR,0.543,1487.82,AIR FREIGHT,153.15,1.9,0.0,nan,PENDING,4.0,False,False,False,1.0,3.0,True,False
RB-000218,Rift Bloom - Timboroa Farm,Yellow Babe,50.0,PREMIUM,25.0,136.0,3400.0,2022-03-07,2022-07-04,2022-06-07,2022-12-07,Poland,Aalsmeer Direct,USD,0.324,1101.6,AIR FREIGHT,,1.7,0.0,nan,PAID,4.0,False,False,False,-27.0,183.0,False,False
RB-001852,Rift Bloom - Turbo Farm,Freedom,80.0,B,25.0,149.0,3725.0,2025-04-15,2025-04-17,2025-04-19,2025-04-23,Japan,Local Wholesaler - Eldoret,USD,0.286,1065.35,AIR FREIGHT,341.29,6.5,0.0,nan,NAN,4.0,False,False,False,2.0,4.0,True,False
RB-000453,Rift Bloom - Ziwa Farm,Freedom,90.0,PREMIUM,40.0,26.0,1040.0,2025-03-12,2025-05-12,2025-08-12,2025-12-14,Switzerland,Blume2000,EUR,0.354,368.16,AIR FREIGHT,76.74,1.3,0.0,nan,PAID,1.0,False,False,False,92.0,124.0,True,False
RB-000898,Rift Bloom - Ziwa Farm,Tibet,60.0,A,20.0,77.0,1540.0,2023-08-20,2023-08-22,2023-08-25,2023-08-31,United Kingdom,Tokyo Flower Market,EUR,0.261,401.94,AIR FREIGHT,217.17,2.7,0.0,nan,OVERDUE,4.0,False,False,False,3.0,6.0,True,False
RB-001304,Rift Bloom - Turbo Farm,Explorer,70.0,A,40.0,184.0,7360.0,2024-09-14,2024-09-14,2024-09-17,2024-09-22,Netherlands,Whole Foods Market,USD,0.411,3024.96,AIR FREIGHT,335.22,0.8,0.0,nan,PENDING,4.0,False,False,False,3.0,5.0,True,False
RB-000884,Rift Bloom - Kesses Farm,High & Magic,90.0,C,20.0,91.0,1820.0,2023-07-21,2023-07-22,2023-07-26,2023-07-27,France,Local Wholesaler - Eldoret,KES,55.77,101501.4,ROAD THEN AIR,669.8,2.5,48.0,Cold Chain Break,UNKNOWN,5.0,False,False,False,4.0,1.0,True,False
RB-001135,Rift Bloom - Timboroa Farm,RedNaomi,70.0,PREMIUM,10.0,152.0,1520.0,2026-08-03,2026-05-08,2026-08-07,2026-08-12,Australia,Bloomon BV,EUR,0.337,512.24,AIR FREIGHT,305.34,6.5,0.0,nan,NAN,4.0,False,False,False,91.0,5.0,True,False
RB-000804,Rift Bloom - Moiben Farm,Circus,60.0,PREMIUM,10.0,133.0,1330.0,2023-08-16,2023-08-18,2023-08-20,2023-08-22,United Kingdom,Marks & Spencer Flowers,USD,0.527,700.91,NAN,159.43,0.2,0.0,nan,PAID,3.0,False,False,False,2.0,2.0,True,False
RB-002280,Rift Bloom - Kesses Farm,High & Magic,60.0,STANDARD,10.0,155.0,1550.0,2026-06-02,2026-04-06,2026-05-06,2026-06-06,France,Interflora Russia,EUR,0.336,520.8,AIR FREIGHT,117.16,,0.0,nan,OVERDUE,1.0,False,False,False,30.0,31.0,True,False
RB-001105,Rift Bloom - Turbo Farm,RedNaomi,80.0,PREMIUM,25.0,79.0,1975.0,2023-08-05,2023-08-06,2023-08-07,2023-08-09,Norway,Interflora Russia,USD,0.437,863.08,AIR FREIGHT,484.35,0.9,0.0,nan,PAID,3.0,False,False,False,1.0,2.0,True,False
RB-001419,Rift Bloom - Moiben Farm,Pink Floyd,50.0,B,10.0,106.0,1060.0,2024-03-05,2024-05-05,2024-06-05,2024-05-08,Australia,Interflora Russia,USD,0.42,445.2,AIR FREIGHT,986.7,0.6,24.0,nan,NAN,5.0,False,False,False,31.0,-28.0,False,False
RB-001921,Rift Bloom - Turbo Farm,Freedom,70.0,B,25.0,236.0,5900.0,2024-09-21,2024-09-21,2024-09-24,2024-09-27,USA,Dubai Flower Centre,USD,0.248,1463.2,NAN,447.81,1.7,6.0,Wilting,PENDING,4.0,False,False,False,3.0,3.0,True,False
RB-001973,Rift Bloom - Turbo Farm,AVALANCHE,60.0,STANDARD,25.0,108.0,2700.0,2024-12-25,2024-12-26,2024-12-29,2025-01-01,United Arab Emirates,Carrefour Flowers,EUR,0.256,691.2,AIR FREIGHT,333.1,2.9,0.0,nan,UNKNOWN,3.0,True,False,False,3.0,3.0,True,False
RB-002457,Rift Bloom - Ziwa Farm,Tibet,40.0,C,20.0,191.0,3820.0,2024-07-07,2024-07-07,2024-09-07,2024-07-13,USA,Carrefour Flowers,USD,0.426,1627.32,UNKNOWN,446.24,1.1,0.0,nan,OVERDUE,4.0,False,False,False,62.0,-56.0,False,False
RB-002072,Rift Bloom - Timboroa Farm,High & Magic,40.0,B,25.0,285.0,7125.0,2022-10-06,2022-07-10,2022-10-11,2022-10-15,Norway,M-Farm Traders,USD,0.562,4004.25,AIR FREIGHT,35.66,2.9,0.0,nan,PENDING,5.0,False,False,False,93.0,4.0,True,False
RB-001947,Rift Bloom - Kapseret Farm,Yellow Babe,80.0,A,25.0,90.0,2250.0,2022-10-30,2022-11-01,2022-11-03,2022-11-05,Switzerland,Carrefour Flowers,USD,0.367,825.75,AIR FREIGHT,822.49,,0.0,nan,NAN,4.0,False,False,False,2.0,2.0,True,False
RB-002793,Rift Bloom - Turbo Farm,Explorer,60.0,STANDARD,10.0,70.0,700.0,2022-10-07,2022-11-07,2022-07-15,2022-07-19,France,Whole Foods Market,EUR,0.39,273.0,ROAD THEN AIR,135.23,2.6,0.0,nan,NAN,5.0,False,False,False,-115.0,4.0,False,False
RB-002165,Rift Bloom - Moiben Farm,Circus,90.0,PREMIUM,10.0,175.0,1750.0,2022-11-11,2022-11-13,2022-11-14,,U.A.E,FloraHolland Auction,NAN,0.182,318.5,AIR FREIGHT,194.33,3.0,47.0,Bud Blast,PAID,4.0,False,False,False,1.0,,False,False
RB-001241,Rift Bloom - Timboroa Farm,Red-Naomi,70.0,PREMIUM,20.0,59.0,1180.0,2026-07-25,2026-07-26,2026-07-28,2026-02-08,Switzerland,Blume2000,UNKNOWN,0.307,362.26,AIR FREIGHT,315.98,0.2,0.0,nan,PAID,5.0,False,False,False,2.0,-170.0,False,False
RB-001058,Rift Bloom - Ziwa Farm,Tibet,40.0,A,25.0,67.0,1675.0,2024-01-31,2024-02-02,2024-04-02,2024-02-09,Switzerland,Dubai Flower Centre,KES,58.37,97769.75,NAN,44.96,,1.0,Cold Chain Break,OVERDUE,1.0,False,False,False,60.0,-53.0,False,False
RB-000151,Rift Bloom - Kapseret Farm,Pink Floyd,60.0,PREMIUM,25.0,137.0,3425.0,2023-09-29,2023-01-10,2023-04-10,2023-09-10,Germany,Carrefour Flowers,KES,29.38,100626.5,ROAD THEN AIR,521.98,2.2,0.0,nan,OVERDUE,4.0,False,False,False,90.0,153.0,True,False
RB-002407,Rift Bloom - Timboroa Farm,freedom,70.0,B,10.0,133.0,1330.0,2024-07-19,2024-07-20,2024-07-22,2024-07-25,Switzerland,Marks & Spencer Flowers,NAN,0.382,508.06,ROAD THEN AIR,117.69,6.3,0.0,nan,NAN,3.0,False,False,False,2.0,3.0,True,False
RB-002942,Rift Bloom - Timboroa Farm,Peach Avalanche,40.0,A,25.0,48.0,1200.0,2024-04-03,2024-03-06,2024-08-03,2024-09-03,Russia,Local Wholesaler - Eldoret,USD,0.408,489.6,AIR FREIGHT,411.72,3.6,0.0,nan,PAID,4.0,False,False,False,150.0,31.0,True,False
RB-002394,Rift Bloom - Kesses Farm,Circus,-50.0,nan,40.0,57.0,2280.0,2024-10-26,2024-10-26,2024-10-29,2024-11-02,France,Interflora Russia,USD,0.263,599.64,AIR FREIGHT,373.17,2.3,0.0,nan,PAID,4.0,False,False,False,3.0,4.0,True,False
RB-002516,Rift Bloom - Kesses Farm,Red Naomi,90.0,A,10.0,222.0,2220.0,2024-09-16,2024-09-17,2024-09-19,2024-09-24,Holland,Dubai Flower Centre,EUR,0.451,1001.22,AIR FREIGHT,213.1,3.8,5.0,Botrytis,NAN,5.0,False,False,False,2.0,5.0,True,False
RB-002102,Rift Bloom - Kesses Farm,Pink Floyd,40.0,PREMIUM,20.0,172.0,3440.0,2025-07-05,2025-06-07,2025-09-07,2025-07-10,Russia,Bloomon BV,KES,53.82,185140.8,NAN,498.24,1.2,0.0,nan,PAID,1.0,False,False,False,92.0,-59.0,False,False
RB-001975,Rift Bloom - Kesses Farm,Avalanche,90.0,PREMIUM,25.0,48.0,1200.0,2025-02-07,2025-07-03,2025-07-06,2025-12-07,Norway,FloraHolland Auction,EUR,0.34,408.0,AIR FREIGHT,329.76,0.6,0.0,nan,OVERDUE,3.0,False,False,False,3.0,154.0,True,False
RB-000728,Rift Bloom - Kapseret Farm,Sweetness,40.0,A,10.0,159.0,1590.0,2025-11-11,2025-11-11,2025-11-13,2025-11-19,Germany,Interflora Russia,EUR,0.273,434.07,ROAD THEN AIR,142.52,0.4,0.0,nan,NAN,4.0,False,False,False,2.0,6.0,True,False
RB-001833,Rift Bloom - Kesses Farm,High & Magic,80.0,C,20.0,205.0,4100.0,2022-10-03,2022-03-11,2022-03-13,2022-03-18,Russia,Blume2000,EUR,0.331,1357.1,ROAD THEN AIR,476.31,2.9,0.0,nan,PENDING,4.0,False,False,False,2.0,5.0,True,False
RB-000650,Rift Bloom - Moiben Farm,Vendela,50.0,C,40.0,181.0,7240.0,2022-01-25,2022-01-26,2022-01-30,2022-01-02,Norway,Whole Foods Market,KES,53.95,390598.0,ROAD THEN AIR,420.76,2.5,0.0,Wilting,PAID,3.0,False,False,False,4.0,-28.0,False,False
RB-000998,Rift Bloom - Ziwa Farm,Mondial,50.0,C,40.0,179.0,7160.0,2022-09-20,2022-09-20,2022-09-24,2022-09-30,US,Dubai Flower Centre,EUR,0.397,2842.52,AIR FREIGHT,161.0,,0.0,nan,PAID,5.0,False,False,False,4.0,6.0,True,False
RB-002320,Rift Bloom - Kesses Farm,Vendela,60.0,A,40.0,390.0,15600.0,2024-08-23,2024-08-24,2024-08-26,2024-08-27,Netherlands,Whole Foods Market,EUR,0.324,5054.4,AIR FREIGHT,175.69,0.8,0.0,nan,NAN,3.0,False,False,False,2.0,1.0,True,False
RB-000740,Rift Bloom - Moiben Farm,Freedom,60.0,C,40.0,141.0,5640.0,2024-05-26,2024-05-27,2024-05-30,2024-05-31,Japan,Whole Foods Market,USD,0.521,2938.44,AIR FREIGHT,305.69,1.5,0.0,nan,NAN,5.0,False,False,False,3.0,1.0,True,False
RB-002778,Rift Bloom - Moiben Farm,Mondial,70.0,STANDARD,10.0,92.0,920.0,2022-04-17,2022-04-18,2022-04-21,2022-04-23,United Arab Emirates,Marks & Spencer Flowers,USD,0.285,262.2,AIR FREIGHT,421.59,2.6,0.0,nan,PENDING,4.0,False,False,False,3.0,2.0,True,False
RB-000518,Rift Bloom - Timboroa Farm,Circus,90.0,PREMIUM,20.0,57.0,1140.0,2024-04-14,2024-04-14,2024-04-18,2024-04-22,Netherlands,Blume2000,NAN,0.327,372.78,AIR FREIGHT,483.61,0.6,0.0,nan,PAID,5.0,False,False,False,4.0,4.0,True,False
RB-001182,Rift Bloom - Kesses Farm,High & Magic,50.0,STANDARD,40.0,123.0,4920.0,2024-02-29,2024-01-03,2024-05-03,2024-03-07,UAE,Tokyo Flower Market,USD,0.487,2396.04,AIR FREIGHT,,3.4,0.0,nan,PAID,2.0,False,False,False,121.0,-57.0,False,False
RB-001732,Rift Bloom - Kapseret Farm,Pink Floyd,60.0,STANDARD,20.0,423.0,8460.0,2023-03-02,2023-02-04,2023-02-08,2023-11-02,Poland,Carrefour Flowers,KES,71.89,608189.4,AIR FREIGHT,195.56,4.2,0.0,nan,PENDING,4.0,False,False,False,4.0,267.0,True,False
RB-002596,Rift Bloom - Turbo Farm,Yellow Babe,80.0,C,20.0,-285.0,-5700.0,2025-12-10,2025-10-14,2025-10-17,2025-10-21,Netherlands,Interflora Russia,EUR,0.401,-2285.7,NAN,35.17,0.6,0.0,nan,PAID,3.0,False,False,False,3.0,4.0,True,False
RB-001011,Rift Bloom - Kesses Farm,Sweetness,70.0,PREMIUM,10.0,141.0,1410.0,2023-08-31,2023-01-09,2023-03-09,2023-09-07,Australia,Dubai Flower Centre,USD,0.456,642.96,AIR FREIGHT,291.43,3.0,0.0,nan,PAID,3.0,False,False,False,59.0,182.0,True,False
RB-001333,Rift Bloom - Timboroa Farm,Tibet,60.0,PREMIUM,20.0,54.0,1080.0,2022-01-22,2022-01-22,2022-01-24,2022-01-27,Norway,Tokyo Flower Market,USD,0.299,322.92,AIR FREIGHT,36.46,-0.6,0.0,nan,PAID,5.0,False,False,True,2.0,3.0,True,False
RB-000193,Rift Bloom - Kesses Farm,Red Naomi,50.0,STANDARD,40.0,41.0,1640.0,2024-01-25,2024-01-25,2024-01-27,2024-01-29,Germany,Marks & Spencer Flowers,KES,47.06,77178.4,AIR FREIGHT,719.15,2.6,0.0,None,PENDING,4.0,False,False,False,2.0,2.0,True,False
RB-001052,Rift Bloom - Moiben Farm,Sweetness,70.0,B,40.0,19.0,760.0,2024-04-02,2024-04-02,2024-02-06,2024-02-07,Japan,Aalsmeer Direct,EUR,0.5,380.0,AIR FREIGHT,379.98,15.9,0.0,nan,PENDING,3.0,False,False,False,-56.0,1.0,False,False
RB-000963,Rift Bloom - Turbo Farm,Vendela,40.0,PREMIUM,20.0,63.0,1260.0,2026-07-02,2026-02-08,2026-12-02,2026-02-16,Japan,Carrefour Flowers,USD,0.342,430.92,AIR FREIGHT,103.91,-1.0,0.0,nan,NAN,5.0,False,False,True,297.0,-289.0,False,False
RB-002750,Rift Bloom - Moiben Farm,Mondial,80.0,B,25.0,80.0,2000.0,2026-02-02,2026-02-04,2026-08-02,2026-02-09,Norway,Interflora Russia,KES,22.75,45500.0,ROAD THEN AIR,217.77,3.5,0.0,nan,OVERDUE,3.0,False,False,False,179.0,-174.0,False,False
RB-000073,Rift Bloom - Kapseret Farm,Athena,70.0,A,10.0,90.0,900.0,2022-10-20,2022-10-22,2022-10-24,2022-10-27,Russia,Marks & Spencer Flowers,USD,0.363,326.7,AIR FREIGHT,,1.1,33.0,Bud Blast,PAID,5.0,False,False,False,2.0,3.0,True,False
RB-001226,Rift Bloom - Turbo Farm,Peach Avalanche,80.0,A,20.0,84.0,1680.0,,2022-10-27,2022-10-30,2022-10-31,Russia,Aalsmeer Direct,EUR,0.56,940.8,AIR FREIGHT,171.62,1.7,0.0,nan,NAN,3.0,False,False,False,3.0,1.0,True,False
RB-000090,Rift Bloom - Ziwa Farm,Circus,60.0,C,10.0,25.0,250.0,,2026-02-23,2026-02-25,2026-02-28,Australia,M-Farm Traders,EUR,0.136,34.0,ROAD THEN AIR,671.45,3.6,0.0,nan,PENDING,5.0,False,False,False,2.0,3.0,True,False
RB-001603,Rift Bloom - Kapseret Farm,Peach Avalanche,40.0,B,25.0,98.0,2450.0,2025-08-27,2025-08-28,2025-08-30,2025-02-09,Norway,Tokyo Flower Market,KES,58.24,142688.0,AIR FREIGHT,144.67,2.7,0.0,nan,PENDING,5.0,False,False,False,2.0,-202.0,False,False
RB-000018,Rift Bloom - Turbo Farm,High & Magic,60.0,B,40.0,173.0,6920.0,2026-08-05,2026-08-07,,2026-08-14,UAE,Bloomon BV,KES,35.88,248289.6,AIR FREIGHT,254.33,1.4,0.0,nan,PENDING,4.0,False,False,False,,,False,False
RB-001687,Rift Bloom - Kesses Farm,Explorer,90.0,B,40.0,112.0,4480.0,2024-12-10,2024-10-13,2024-10-14,2024-10-15,Poland,FloraHolland Auction,EUR,0.257,1151.36,ROAD THEN AIR,321.16,3.7,0.0,nan,PENDING,5.0,False,False,False,1.0,1.0,True,False
RB-002629,Rift Bloom - Kesses Farm,Athena,50.0,B,10.0,65.0,650.0,2023-04-27,2023-04-28,2023-05-02,2023-05-07,Switzerland,Marks & Spencer Flowers,USD,0.329,213.85,ROAD THEN AIR,,1.4,0.0,nan,PENDING,1.0,False,False,False,4.0,5.0,True,False
RB-002640,Rift Bloom - Kapseret Farm,Peach Avalanche,70.0,A,10.0,59.0,590.0,2025-09-02,2025-04-09,2025-08-09,2025-09-09,Australia,Tokyo Flower Market,KES,26.91,15876.9,AIR FREIGHT,,0.9,0.0,nan,PENDING,4.0,False,False,False,122.0,31.0,True,False
RB-002281,Rift Bloom - Timboroa Farm,Sweetness,40.0,STANDARD,40.0,183.0,7320.0,2026-01-25,2026-01-27,2026-01-29,2026-02-01,France,Marks & Spencer Flowers,EUR,0.338,2474.16,UNKNOWN,320.63,0.0,0.0,nan,PAID,4.0,False,False,False,2.0,3.0,True,False
RB-001280,Rift Bloom - Timboroa Farm,Peach Avalanche,0.0,PREMIUM,10.0,27.0,270.0,2023-03-08,2023-08-04,2023-05-08,2023-07-08,Australia,Blume2000,NAN,0.199,53.73,AIR FREIGHT,89.34,2.0,0.0,nan,NAN,3.0,False,False,False,-88.0,61.0,False,False
RB-002109,Rift Bloom - Kapseret Farm,Red-Naomi,60.0,B,20.0,101.0,2020.0,2025-03-06,2025-03-07,2025-03-11,2025-03-13,Russia,Dubai Flower Centre,USD,0.376,759.52,ROAD THEN AIR,218.99,3.5,53.0,Wilting,NAN,5.0,False,False,False,4.0,2.0,True,False
RB-000525,Rift Bloom - Moiben Farm,Yellow Babe,60.0,B,25.0,253.0,6325.0,2023-08-30,2023-01-09,2023-04-09,2023-09-09,USA,Carrefour Flowers,USD,0.424,2681.8,ROAD THEN AIR,176.89,1.7,0.0,nan,OVERDUE,4.0,False,False,False,90.0,153.0,True,False
RB-002367,Rift Bloom - Kesses Farm,Sweetness,40.0,B,40.0,61.0,2440.0,2024-12-06,2024-07-12,2024-12-09,2024-12-13,Japan,Tokyo Flower Market,NAN,0.276,673.44,NAN,283.7,0.7,0.0,nan,PAID,4.0,False,False,False,150.0,4.0,True,False
RB-001402,Rift Bloom - Timboroa Farm,Athena,0.0,C,10.0,60.0,600.0,2023-10-26,2023-10-26,2023-10-29,2023-11-02,Poland,Marks & Spencer Flowers,USD,0.418,250.8,AIR FREIGHT,563.21,1.2,12.0,-,PAID,3.0,False,False,False,3.0,4.0,True,True
RB-002137,Rift Bloom - Ziwa Farm,Explorer,90.0,STANDARD,10.0,99.0,990.0,2026-08-08,2026-09-08,2026-11-08,2026-08-14,United kingdom,Blume2000,EUR,0.419,414.81,AIR FREIGHT,361.12,2.4,0.0,nan,PENDING,4.0,False,False,False,61.0,-86.0,False,False
RB-000299,Rift Bloom - Kesses Farm,Yellow Babe,50.0,A,40.0,185.0,7400.0,2025-08-22,2025-08-24,2025-08-27,2025-08-30,Switzerland,Local Wholesaler - Eldoret,EUR,0.324,2397.6,NAN,64.39,1.7,0.0,nan,PAID,4.0,False,False,False,3.0,3.0,True,False
RB-002491,Rift Bloom - Kapseret Farm,Explorer,50.0,B,10.0,183.0,1830.0,2022-06-21,2022-06-23,2022-06-25,2022-06-28,Norway,Blume2000,EUR,0.421,770.43,AIR FREIGHT,251.06,0.9,0.0,nan,PAID,2.0,False,False,False,2.0,3.0,True,False
RB-001168,Rift Bloom - Turbo Farm,Pink Floyd,40.0,B,25.0,120.0,3000.0,2025-06-16,2025-06-17,2025-06-20,2025-06-21,United Arab Emirates,Carrefour Flowers,EUR,0.37,1110.0,AIR FREIGHT,241.46,2.9,0.0,nan,OVERDUE,4.0,False,False,False,3.0,1.0,True,False
RB-000513,Rift Bloom - Timboroa Farm,Sweetness,50.0,B,40.0,-113.0,-4520.0,2026-08-05,2026-09-05,2026-05-11,2026-05-13,Norway,FloraHolland Auction,KES,50.96,-230339.2,ROAD THEN AIR,91.35,4.2,0.0,nan,PAID,4.0,False,False,False,-117.0,2.0,False,False
RB-000038,Rift Bloom - Kapseret Farm,Mondial,80.0,PREMIUM,20.0,110.0,2200.0,2023-04-19,,2023-04-22,2023-04-23,Japan,M-Farm Traders,NAN,0.467,1027.4,UNKNOWN,108.25,2.7,0.0,nan,PENDING,4.0,False,False,False,,1.0,False,False
RB-002888,Rift Bloom - Moiben Farm,Sweetness,60.0,STANDARD,25.0,139.0,3475.0,2025-06-01,2025-06-01,2025-06-04,2025-06-06,France,Bloomon BV,USD,0.266,924.35,ROAD THEN AIR,271.24,1.5,0.0,nan,NAN,4.0,False,False,False,3.0,2.0,True,False
RB-000399,Rift Bloom - Timboroa Farm,Yellow Babe,70.0,A,40.0,58.0,2320.0,2023-01-29,2023-01-30,2023-01-02,2023-02-05,Switzerland,FloraHolland Auction,NAN,0.098,227.36,AIR FREIGHT,242.65,1.5,0.0,nan,PENDING,5.0,False,False,False,-28.0,34.0,False,False
RB-001982,Rift Bloom - Ziwa Farm,Circus,60.0,PREMIUM,40.0,19.0,760.0,2025-08-01,2025-10-01,2025-11-01,2025-01-16,United Kingdom,Interflora Russia,USD,0.513,389.88,AIR FREIGHT,,,0.0,nan,NAN,4.0,False,False,False,31.0,-289.0,False,False
RB-001224,Rift Bloom - Ziwa Farm,Red Naomi,40.0,PREMIUM,25.0,80.0,2000.0,2022-12-31,2023-02-01,2023-06-01,,Germany,Aalsmeer Direct,USD,0.498,996.0,ROAD THEN AIR,44.29,1.5,23.0,nan,PAID,4.0,False,False,False,120.0,,False,False
RB-001479,Rift Bloom - Kesses Farm,freedom,70.0,STANDARD,40.0,130.0,5200.0,2026-02-18,2026-02-19,2026-02-23,2026-02-27,Japan,Interflora Russia,EUR,0.71,3692.0,AIR FREIGHT,,,0.0,nan,OVERDUE,2.0,False,False,False,4.0,4.0,True,False
RB-001334,Rift Bloom - Turbo Farm,Cool Water,50.0,A,20.0,42.0,840.0,2023-10-13,2023-10-15,2023-10-16,2023-10-19,Switzerland,Dubai Flower Centre,USD,0.5,420.0,NAN,113.27,5.4,0.0,nan,PENDING,5.0,False,False,False,1.0,3.0,True,False
RB-002864,Rift Bloom - Kesses Farm,Red Naomi,50.0,C,20.0,203.0,4060.0,2024-01-28,2024-01-28,2024-01-29,2024-03-02,United Arab Emirates,Bloomon BV,USD,0.283,1148.98,AIR FREIGHT,434.21,4.3,0.0,nan,PAID,5.0,False,False,False,1.0,33.0,True,False
RB-001257,Rift Bloom - Kapseret Farm,Pink Floyd,40.0,B,20.0,114.0,2280.0,2025-07-08,2025-08-08,2025-08-10,2025-12-08,United Arab Emirates,Carrefour Flowers,USD,0.421,959.88,AIR FREIGHT,447.25,1.5,0.0,nan,OVERDUE,4.0,False,False,False,2.0,120.0,True,False
RB-000095,Rift Bloom - Moiben Farm,Peach Avalanche,50.0,A,20.0,48.0,960.0,2023-03-11,2023-03-13,2023-03-16,2023-03-20,USA,Bloomon BV,NAN,0.44,422.4,ROAD THEN AIR,211.81,3.5,0.0,nan,NAN,4.0,False,False,False,3.0,4.0,True,False
RB-002179,Rift Bloom - Turbo Farm,Explorer,50.0,STANDARD,25.0,147.0,3675.0,2024-09-03,2024-03-09,2024-03-10,2024-03-16,Russia,Aalsmeer Direct,USD,0.648,2381.4,AIR FREIGHT,259.74,2.9,0.0,nan,PENDING,5.0,False,False,False,1.0,6.0,True,False
RB-000733,Rift Bloom - Ziwa Farm,Pink Floyd,50.0,C,20.0,200.0,4000.0,2024-11-23,2024-11-23,2024-11-27,2024-02-12,Japan,Local Wholesaler - Eldoret,EUR,0.322,1288.0,AIR FREIGHT,101.44,0.9,0.0,nan,PENDING,4.0,False,False,False,4.0,-289.0,False,False
RB-001377,Rift Bloom - Moiben Farm,Pink Floyd,90.0,PREMIUM,20.0,19.0,380.0,2026-03-16,,2026-03-18,2026-03-21,Switzerland,Bloomon BV,USD,0.291,110.58,AIR FREIGHT,254.25,,0.0,nan,NAN,3.0,False,False,False,,3.0,False,False
RB-001855,Rift Bloom - Kesses Farm,Freedom,60.0,nan,10.0,58.0,580.0,2025-09-07,2025-10-07,2025-12-07,2025-07-18,United Arab Emirates,Carrefour Flowers,USD,0.275,159.5,ROAD THEN AIR,,1.4,0.0,nan,PAID,5.0,False,False,False,61.0,-142.0,False,False
RB-000965,Rift Bloom - Moiben Farm,Explorer,70.0,STANDARD,20.0,122.0,2440.0,2022-06-01,2022-01-06,2022-05-06,2022-06-06,Norway,M-Farm Traders,EUR,0.219,534.36,AIR FREIGHT,88.78,0.8,0.0,nan,PAID,1.0,False,False,False,120.0,31.0,True,False
RB-002464,Rift Bloom - Moiben Farm,Tibet,90.0,C,25.0,50.0,1250.0,2025-03-22,2025-03-22,2025-03-24,2025-03-26,France,Tokyo Flower Market,EUR,0.382,477.5,ROAD THEN AIR,142.01,2.2,0.0,nan,PAID,5.0,False,False,False,2.0,2.0,True,False
RB-002038,Rift Bloom - Turbo Farm,High & Magic,50.0,STANDARD,10.0,160.0,1600.0,2022-03-31,2022-02-04,2022-06-04,2022-10-04,France,Dubai Flower Centre,UNKNOWN,0.525,840.0,AIR FREIGHT,245.12,-0.4,0.0,nan,NAN,5.0,False,False,True,120.0,122.0,True,False
RB-002840,Rift Bloom - Kesses Farm,Explorer,50.0,A,10.0,46.0,460.0,2023-10-04,2023-10-06,2023-07-10,2023-10-11,Australia,Tokyo Flower Market,USD,0.43,197.8,NAN,464.13,2.7,0.0,nan,PAID,4.0,False,False,False,-88.0,93.0,False,False
RB-001239,Rift Bloom - Ziwa Farm,Red-Naomi,60.0,B,20.0,51.0,1020.0,2023-08-31,2023-01-09,2023-03-09,2023-09-09,Switzerland,Dubai Flower Centre,USD,0.367,374.34,AIR FREIGHT,416.89,2.6,20.0,Bud Blast,PENDING,5.0,False,False,False,59.0,184.0,True,False
RB-000197,Rift Bloom - Turbo Farm,Pink Floyd,60.0,A,10.0,64.0,640.0,2024-05-15,2024-05-16,2024-05-20,,Germany,Carrefour Flowers,EUR,0.325,2080.0,AIR FREIGHT,40.79,1.3,0.0,nan,PAID,4.0,False,False,False,4.0,,False,False
RB-000408,Rift Bloom - Timboroa Farm,High & Magic,70.0,A,40.0,46.0,1840.0,2024-11-02,2024-11-02,2024-04-11,2024-11-10,Netherlands,Marks & Spencer Flowers,EUR,0.294,540.96,NAN,309.3,,0.0,nan,PAID,3.0,False,False,False,-205.0,213.0,False,False
RB-000662,Rift Bloom - Kapseret Farm,Freedom,40.0,PREMIUM,40.0,69.0,2760.0,2023-04-10,2023-06-10,2023-10-07,2023-10-13,Poland,Interflora Russia,NAN,0.426,1175.76,AIR FREIGHT,230.16,1.2,0.0,nan,NAN,5.0,False,False,False,119.0,6.0,True,False
RB-000579,Rift Bloom - Timboroa Farm,AVALANCHE,50.0,B,25.0,64.0,1600.0,2024-07-23,2024-07-24,2024-07-28,2024-01-08,Norway,Local Wholesaler - Eldoret,USD,0.302,483.2,AIR FREIGHT,118.99,2.3,0.0,nan,PAID,5.0,False,False,False,4.0,-202.0,False,False
RB-001590,Rift Bloom - Ziwa Farm,Sweetness,60.0,B,25.0,149.0,3725.0,2022-04-29,2022-01-05,2022-05-02,2022-08-05,Japan,Bloomon BV,EUR,0.292,1087.7,AIR FREIGHT,330.4,1.3,26.0,Botrytis,OVERDUE,5.0,False,False,False,117.0,95.0,True,False
RB-002675,Rift Bloom - Turbo Farm,Peach Avalanche,60.0,PREMIUM,25.0,134.0,3350.0,2026-04-22,2026-04-24,2026-04-27,2026-04-29,USA,Dubai Flower Centre,KES,42.51,142408.5,AIR FREIGHT,772.28,3.6,0.0,None,PAID,5.0,False,False,False,3.0,2.0,True,False
RB-000318,Rift Bloom - Ziwa Farm,Circus,50.0,PREMIUM,40.0,161.0,6440.0,2023-04-10,2023-10-04,,2023-04-18,Russia,Aalsmeer Direct,KES,60.32,3884608.0,AIR FREIGHT,81.92,2.0,4.0,Petal Bruising,NAN,4.0,False,False,False,,,False,False
RB-000896,Rift Bloom - Timboroa Farm,Athena,70.0,A,20.0,44.0,880.0,2024-10-13,2024-10-15,2024-10-17,2024-10-21,Russia,Whole Foods Market,KES,39.78,35006.4,AIR FREIGHT,328.85,1.1,0.0,nan,PAID,5.0,False,False,False,2.0,4.0,True,False
RB-002785,Rift Bloom - Moiben Farm,Tibet,50.0,STANDARD,40.0,69.0,2760.0,2025-09-18,2025-09-18,2025-09-19,2025-09-24,Japan,Aalsmeer Direct,KES,17.16,47361.6,AIR FREIGHT,367.66,1.9,0.0,nan,PAID,4.0,False,False,False,1.0,5.0,True,False
RB-001339,Rift Bloom - Timboroa Farm,Pink Floyd,50.0,B,40.0,71.0,2840.0,2024-10-23,2024-10-25,2024-10-28,2024-11-01,Germany,Marks & Spencer Flowers,KES,43.94,124789.6,AIR FREIGHT,66.48,-1.2,0.0,nan,PAID,5.0,False,False,True,3.0,4.0,True,False
RB-001079,Rift Bloom - Kapseret Farm,Red Naomi,40.0,nan,25.0,152.0,3800.0,2025-10-26,2025-10-26,2025-10-29,2025-11-03,Norway,Tokyo Flower Market,USD,0.335,1273.0,AIR FREIGHT,101.73,,0.0,nan,NAN,4.0,False,False,False,3.0,5.0,True,False
RB-000855,Rift Bloom - Kapseret Farm,Freedom,70.0,B,25.0,184.0,4600.0,2025-10-25,2025-10-26,2025-10-27,2025-10-29,Poland,Whole Foods Market,EUR,0.269,1237.4,AIR FREIGHT,146.8,2.8,0.0,nan,PENDING,5.0,False,False,False,1.0,2.0,True,False
RB-002621,Rift Bloom - Timboroa Farm,Mondial,70.0,C,20.0,150.0,3000.0,2023-11-25,2023-11-25,2023-11-29,2023-11-30,US,FloraHolland Auction,USD,0.254,762.0,AIR FREIGHT,97.41,1.8,0.0,nan,PAID,3.0,False,False,False,4.0,1.0,True,False
RB-000547,Rift Bloom - Moiben Farm,High & Magic,60.0,nan,10.0,184.0,1840.0,2025-08-14,2025-08-14,2025-08-18,2025-08-19,Poland,Interflora Russia,NAN,0.185,340.4,AIR FREIGHT,118.99,2.7,0.0,nan,PAID,1.0,False,False,False,4.0,1.0,True,False
RB-002538,Rift Bloom - Kesses Farm,Peach Avalanche,90.0,A,20.0,126.0,2520.0,2026-04-06,2026-06-06,2026-08-06,2026-06-13,Germany,Bloomon BV,USD,0.302,761.04,AIR FREIGHT,268.67,3.3,0.0,nan,NAN,5.0,False,False,False,61.0,-54.0,False,False
RB-001444,Rift Bloom - Timboroa Farm,Avalanche,50.0,A,25.0,99.0,2475.0,2024-02-05,2024-04-05,,2024-11-05,usa,Carrefour Flowers,USD,0.195,482.62,AIR FREIGHT,334.68,17.5,0.0,nan,NAN,5.0,False,False,False,,,False,False
RB-002732,Rift Bloom - Timboroa Farm,Yellow Babe,0.0,A,25.0,42.0,1050.0,2022-08-15,2022-08-16,2022-08-20,2022-08-22,Netherlands,Dubai Flower Centre,EUR,0.597,626.85,ROAD THEN AIR,172.33,1.7,23.0,Bud Blast,PENDING,4.0,False,False,False,4.0,2.0,True,False
RB-000636,Rift Bloom - Timboroa Farm,Mondial,70.0,STANDARD,20.0,76.0,1520.0,2024-12-05,2024-05-13,2024-05-17,2024-05-23,Australia,Aalsmeer Direct,NAN,0.416,632.32,AIR FREIGHT,463.79,-1.2,0.0,nan,OVERDUE,4.0,False,False,True,4.0,6.0,True,False
RB-000591,Rift Bloom - Turbo Farm,Cool Water,70.0,B,25.0,206.0,5150.0,2026-03-06,2026-03-08,2026-10-03,2026-03-13,Netherlands,Tokyo Flower Market,NAN,0.238,1225.7,ROAD THEN AIR,,2.2,0.0,nan,PAID,2.0,False,False,False,209.0,-204.0,False,False
RB-001030,Rift Bloom - Moiben Farm,Pink Floyd,80.0,B,25.0,254.0,6350.0,2025-10-22,2025-10-22,2025-10-23,2025-10-29,United Kingdom,Dubai Flower Centre,USD,0.362,2298.7,AIR FREIGHT,129.37,2.7,0.0,nan,PENDING,5.0,False,False,False,1.0,6.0,True,False
RB-001391,Rift Bloom - Ziwa Farm,Freedom,80.0,B,10.0,96.0,960.0,2026-04-29,2026-04-30,2026-01-05,2026-07-05,Switzerland,Local Wholesaler - Eldoret,EUR,0.352,337.92,NAN,,1.8,0.0,nan,PAID,5.0,False,False,False,-115.0,181.0,False,False
RB-002837,Rift Bloom - Turbo Farm,Vendela,80.0,A,20.0,142.0,2840.0,2025-01-06,2025-01-06,2025-01-08,2025-01-14,United Arab Emirates,Bloomon BV,USD,0.658,1868.72,ROAD THEN AIR,641.02,1.5,0.0,nan,NAN,4.0,False,False,False,2.0,6.0,True,False
RB-000109,Rift Bloom - Turbo Farm,Peach Avalanche,60.0,nan,10.0,21.0,210.0,2026-04-22,2026-04-22,2026-04-25,2026-04-26,Switzerland,Carrefour Flowers,USD,0.248,52.08,NAN,436.75,3.2,0.0,nan,OVERDUE,4.0,False,False,False,3.0,1.0,True,False
RB-000719,Rift Bloom - Moiben Farm,Pink Floyd,40.0,STANDARD,25.0,93.0,2325.0,2026-01-18,2026-01-20,2026-01-21,2026-01-27,Norway,Tokyo Flower Market,EUR,0.539,1253.18,UNKNOWN,117.02,2.0,0.0,nan,PAID,4.0,False,False,False,1.0,6.0,True,False
RB-002904,Rift Bloom - Kesses Farm,Athena,70.0,B,10.0,226.0,2260.0,2022-07-02,2022-09-02,2022-02-13,2022-02-16,Switzerland,FloraHolland Auction,NAN,0.474,1071.24,AIR FREIGHT,45.3,1.9,43.0,nan,NAN,4.0,False,False,False,-201.0,3.0,False,False
RB-002695,Rift Bloom - Timboroa Farm,Pink Floyd,60.0,UNKNOWN,10.0,88.0,880.0,2025-10-09,2025-10-09,2025-10-13,2025-10-14,Japan,M-Farm Traders,KES,48.75,42900.0,AIR FREIGHT,223.54,-0.9,0.0,nan,PENDING,3.0,False,False,True,4.0,1.0,True,False
RB-002376,Rift Bloom - Kesses Farm,High & Magic,90.0,C,25.0,245.0,6125.0,2023-09-30,2023-02-10,2023-10-04,2023-10-06,France,Marks & Spencer Flowers,NAN,0.241,1476.12,ROAD THEN AIR,,3.1,107.0,nan,PAID,3.0,False,False,False,236.0,2.0,True,False
RB-001534,Rift Bloom - Timboroa Farm,Athena,60.0,A,20.0,105.0,2100.0,2022-08-30,2022-08-30,2022-08-31,,Norway,M-Farm Traders,EUR,0.121,254.1,NAN,366.52,0.8,0.0,nan,NAN,4.0,False,False,False,1.0,,False,False
RB-001211,Rift Bloom - Kapseret Farm,AVALANCHE,60.0,A,25.0,209.0,5225.0,2022-04-07,2022-07-05,2022-07-07,2022-07-09,U.K.,Local Wholesaler - Eldoret,NAN,0.375,1959.38,ROAD THEN AIR,136.44,5.2,0.0,nan,PENDING,5.0,False,False,False,2.0,2.0,True,False
RB-002915,Rift Bloom - Moiben Farm,Red Naomi,90.0,A,40.0,122.0,4880.0,2025-01-01,2025-01-02,2025-06-01,2025-12-01,Russia,Whole Foods Market,USD,0.361,17616.8,ROAD THEN AIR,207.26,3.2,0.0,nan,PENDING,5.0,False,False,False,150.0,183.0,True,False
RB-002626,Rift Bloom - Moiben Farm,Circus,70.0,B,40.0,54.0,2160.0,2025-12-14,2025-12-16,2025-12-19,,United Arab Emirates,Blume2000,NAN,0.356,768.96,NAN,164.68,,0.0,nan,OVERDUE,4.0,False,False,False,3.0,,False,False
RB-000713,Rift Bloom - Kapseret Farm,Freedom,80.0,UNKNOWN,25.0,175.0,4375.0,2022-08-06,2022-08-06,2022-06-12,2022-06-13,France,FloraHolland Auction,NAN,0.537,2349.38,AIR FREIGHT,522.93,0.0,44.0,Wilting,PAID,4.0,False,False,False,-55.0,1.0,False,False
RB-000288,Rift Bloom - Ziwa Farm,Vendela,70.0,C,25.0,138.0,3450.0,2025-10-05,2025-11-05,2025-12-05,2025-05-14,Germany,Interflora Russia,NAN,0.398,1373.1,AIR FREIGHT,123.0,1.6,0.0,nan,PENDING,4.0,False,False,False,30.0,-205.0,False,False
RB-001872,Rift Bloom - Ziwa Farm,Freedom,60.0,C,40.0,76.0,3040.0,2023-10-03,2023-03-10,2023-03-13,2023-03-14,Switzerland,Whole Foods Market,EUR,0.368,1118.72,AIR FREIGHT,286.75,2.9,0.0,nan,PAID,2.0,False,False,False,3.0,1.0,True,False
RB-002048,Rift Bloom - Kapseret Farm,High & Magic,40.0,STANDARD,10.0,177.0,1770.0,2022-08-25,2022-08-25,2022-08-26,2022-09-01,Poland,Aalsmeer Direct,EUR,0.551,975.27,AIR FREIGHT,170.65,2.1,0.0,nan,OVERDUE,5.0,False,False,False,1.0,6.0,True,False
RB-001760,Rift Bloom - Ziwa Farm,Tibet,70.0,B,25.0,260.0,6500.0,2023-10-06,,2023-06-11,2023-06-17,Germany,Interflora Russia,USD,0.31,2015.0,AIR FREIGHT,254.84,2.9,0.0,nan,NAN,4.0,False,False,False,,6.0,False,False
RB-001272,Rift Bloom - Turbo Farm,Freedom,60.0,B,40.0,53.0,2120.0,2024-10-04,2024-12-04,2024-04-16,2024-04-21,United Kingdom,FloraHolland Auction,USD,0.45,954.0,NAN,410.01,3.2,0.0,None,NAN,5.0,False,False,False,-232.0,5.0,False,False
RB-002976,Rift Bloom - Moiben Farm,Cool Water,60.0,PREMIUM,20.0,56.0,1120.0,2024-07-04,2024-05-07,2024-07-06,,Australia,Marks & Spencer Flowers,USD,0.271,303.52,AIR FREIGHT,714.37,1.5,0.0,nan,PAID,5.0,False,False,False,60.0,,False,False
RB-002706,Rift Bloom - Turbo Farm,Explorer,90.0,B,20.0,137.0,2740.0,2025-09-03,,2025-12-03,2025-03-14,USA,Blume2000,EUR,0.479,1312.46,AIR FREIGHT,652.67,3.3,0.0,nan,PENDING,5.0,False,False,False,,-264.0,False,False
RB-000858,Rift Bloom - Timboroa Farm,Mondial,50.0,PREMIUM,10.0,116.0,1160.0,2024-10-11,2024-11-11,2024-12-11,2024-11-15,Japan,Marks & Spencer Flowers,KES,86.84,100734.4,AIR FREIGHT,63.24,-0.1,0.0,nan,PAID,3.0,False,False,True,30.0,-26.0,False,False
RB-000201,Rift Bloom - Moiben Farm,Tibet,90.0,A,20.0,85.0,1700.0,2025-10-30,2025-10-31,2025-02-11,2025-11-08,Switzerland,Whole Foods Market,USD,0.288,489.6,AIR FREIGHT,57.9,0.5,0.0,nan,PAID,4.0,False,False,False,-262.0,270.0,False,False
RB-001923,Rift Bloom - Ziwa Farm,Vendela,50.0,PREMIUM,40.0,274.0,10960.0,2026-09-08,2026-10-08,,2026-08-18,Switzerland,Blume2000,USD,0.462,50635.2,AIR FREIGHT,170.85,1.1,0.0,nan,NAN,5.0,False,False,False,,,False,False
RB-002669,Rift Bloom - Timboroa Farm,Tibet,80.0,B,10.0,158.0,1580.0,2025-07-21,2025-07-22,2025-07-23,2025-07-28,Russia,Carrefour Flowers,USD,0.288,455.04,AIR FREIGHT,301.63,3.0,0.0,nan,PENDING,5.0,False,False,False,1.0,5.0,True,False
RB-002677,Rift Bloom - Kesses Farm,Cool Water,60.0,nan,10.0,149.0,1490.0,2025-01-17,2025-01-19,2025-01-21,2025-01-23,Russia,FloraHolland Auction,KES,52.65,784485.0,ROAD THEN AIR,172.59,2.6,0.0,nan,UNKNOWN,4.0,False,False,False,2.0,2.0,True,False
RB-000366,Rift Bloom - Ziwa Farm,Explorer,70.0,C,40.0,184.0,7360.0,2024-12-24,2024-12-26,2024-12-28,2024-12-31,Germany,Blume2000,USD,0.642,4725.12,AIR FREIGHT,304.75,1.3,0.0,nan,NAN,5.0,True,False,False,2.0,3.0,True,False
RB-001386,Rift Bloom - Timboroa Farm,Peach Avalanche,40.0,PREMIUM,10.0,131.0,1310.0,2023-12-26,2023-12-26,2023-12-27,2023-12-30,Netherlands,FloraHolland Auction,NAN,0.272,356.32,AIR FREIGHT,70.82,4.1,0.0,nan,NAN,4.0,False,False,False,1.0,3.0,True,False
RB-001449,Rift Bloom - Ziwa Farm,Cool Water,60.0,B,10.0,86.0,860.0,2025-10-17,2025-10-17,2025-10-21,2025-10-25,France,Aalsmeer Direct,EUR,0.399,343.14,ROAD THEN AIR,666.59,4.4,0.0,nan,PAID,5.0,False,False,False,4.0,4.0,True,False
RB-000526,Rift Bloom - Timboroa Farm,Circus,50.0,nan,20.0,85.0,1700.0,2026-01-08,2026-08-02,2026-08-04,2026-08-05,Russia,Tokyo Flower Market,EUR,0.347,5899.0,NAN,104.11,1.5,0.0,nan,NAN,5.0,False,False,False,2.0,1.0,True,False
RB-000507,Rift Bloom - Moiben Farm,Sweetness,40.0,nan,10.0,93.0,930.0,2025-01-11,2025-02-11,2025-05-11,2025-10-11,USA,Tokyo Flower Market,NAN,0.382,3552.6,AIR FREIGHT,275.85,-1.0,0.0,nan,PAID,4.0,False,False,True,89.0,153.0,True,False
RB-000480,Rift Bloom - Timboroa Farm,Explorer,40.0,STANDARD,25.0,123.0,3075.0,2022-02-02,2022-02-04,2022-08-02,2022-09-02,United States,M-Farm Traders,KES,56.16,172692.0,AIR FREIGHT,280.94,1.8,0.0,nan,PAID,4.0,False,False,False,179.0,31.0,True,False
RB-000688,Rift Bloom - Ziwa Farm,RedNaomi,80.0,B,20.0,182.0,3640.0,2024-11-24,2024-11-25,2024-11-29,2024-11-30,United Arab Emirates,M-Farm Traders,USD,0.269,979.16,AIR FREIGHT,73.36,0.3,0.0,nan,PAID,5.0,False,False,False,4.0,1.0,True,False
RB-002589,Rift Bloom - Timboroa Farm,Vendela,80.0,PREMIUM,25.0,20.0,500.0,2026-03-06,2026-06-03,2026-07-03,2026-12-03,Poland,Carrefour Flowers,KES,44.33,22165.0,AIR FREIGHT,464.7,0.5,0.0,nan,NAN,5.0,False,False,False,30.0,153.0,True,False
RB-001385,Rift Bloom - Moiben Farm,Circus,80.0,nan,40.0,81.0,3240.0,2022-12-17,2022-12-19,2022-12-20,2022-12-24,United States,FloraHolland Auction,USD,0.363,1176.12,AIR FREIGHT,135.89,4.2,0.0,nan,NAN,3.0,False,False,False,1.0,4.0,True,False
RB-001707,Rift Bloom - Kesses Farm,Athena,60.0,STANDARD,40.0,241.0,9640.0,2025-03-20,2025-03-21,2025-03-24,2025-03-26,Switzerland,Local Wholesaler - Eldoret,KES,57.33,552661.2,AIR FREIGHT,606.88,2.8,0.0,nan,PENDING,3.0,False,False,False,3.0,2.0,True,False
RB-001321,Rift Bloom - Kesses Farm,Mondial,80.0,UNKNOWN,20.0,95.0,1900.0,2023-03-29,2023-03-29,2023-03-31,2023-04-04,Germany,Dubai Flower Centre,EUR,0.536,1018.4,AIR FREIGHT,271.07,1.3,0.0,Wilting,PAID,4.0,False,False,False,2.0,4.0,True,False
RB-000603,Rift Bloom - Kesses Farm,Yellow Babe,90.0,A,25.0,185.0,4625.0,2023-02-28,,2023-02-03,2023-05-03,France,Whole Foods Market,USD,0.356,1646.5,AIR FREIGHT,,,0.0,nan,PENDING,5.0,False,False,False,,89.0,False,False
RB-000241,Rift Bloom - Kesses Farm,Circus,60.0,C,20.0,167.0,3340.0,2022-06-06,2022-06-07,2022-10-06,2022-06-16,Japan,Local Wholesaler - Eldoret,NAN,0.645,2154.3,AIR FREIGHT,,1.7,0.0,nan,PAID,3.0,False,False,False,121.0,-112.0,False,False
RB-000449,Rift Bloom - Kapseret Farm,Red Naomi,60.0,C,40.0,44.0,1760.0,2022-05-03,2022-05-05,2022-08-05,2022-05-10,Germany,Interflora Russia,EUR,0.345,607.2,ROAD THEN AIR,66.0,2.9,0.0,nan,OVERDUE,4.0,False,False,False,92.0,-87.0,False,False
RB-001410,Rift Bloom - Ziwa Farm,High & Magic,60.0,A,25.0,124.0,3100.0,2022-02-04,2022-03-04,2022-04-04,2022-09-04,Australia,M-Farm Traders,NAN,0.267,827.7,AIR FREIGHT,432.66,1.3,0.0,nan,PAID,4.0,False,False,False,31.0,153.0,True,False
RB-002496,Rift Bloom - Timboroa Farm,Freedom,70.0,PREMIUM,40.0,213.0,8520.0,2023-04-10,,2023-04-12,2023-04-18,France,Tokyo Flower Market,EUR,0.163,1388.76,AIR FREIGHT,164.28,2.4,0.0,nan,PAID,1.0,False,False,False,,6.0,False,False
RB-002553,Rift Bloom - Kapseret Farm,Peach Avalanche,90.0,B,20.0,112.0,2240.0,2024-08-28,2024-08-28,2024-08-30,2024-05-09,Japan,Local Wholesaler - Eldoret,USD,0.558,1249.92,NAN,340.3,1.8,0.0,nan,OVERDUE,4.0,False,False,False,2.0,-113.0,False,False
RB-002461,Rift Bloom - Turbo Farm,Cool Water,50.0,A,20.0,75.0,1500.0,2025-05-03,2025-03-07,2025-03-09,2025-03-15,U.A.E,Tokyo Flower Market,EUR,0.398,597.0,AIR FREIGHT,233.25,2.8,0.0,nan,PAID,4.0,False,False,False,2.0,6.0,True,False
RB-002619,Rift Bloom - Kesses Farm,High & Magic,90.0,A,20.0,44.0,880.0,2023-07-13,2023-07-14,2023-07-18,2023-07-24,Norway,Tokyo Flower Market,EUR,0.225,198.0,AIR FREIGHT,238.92,-0.6,0.0,nan,OVERDUE,5.0,False,False,True,4.0,6.0,True,False
RB-001870,Rift Bloom - Ziwa Farm,Cool Water,50.0,STANDARD,25.0,62.0,1550.0,2023-06-23,2023-06-25,2023-06-26,2023-06-29,USA,Marks & Spencer Flowers,USD,0.313,485.15,ROAD THEN AIR,,,0.0,nan,NAN,4.0,False,False,False,1.0,3.0,True,False
RB-000377,Rift Bloom - Ziwa Farm,Mondial,70.0,B,20.0,167.0,3340.0,2026-06-15,2026-06-16,2026-06-18,2026-06-20,United Arab Emirates,Blume2000,EUR,0.221,738.14,AIR FREIGHT,151.0,2.1,0.0,nan,PENDING,2.0,False,False,False,2.0,2.0,True,False
RB-001230,Rift Bloom - Ziwa Farm,Circus,90.0,nan,25.0,53.0,1325.0,2023-02-03,2023-04-02,2023-07-02,2023-02-09,Switzerland,Bloomon BV,NAN,0.219,290.18,ROAD THEN AIR,354.05,0.3,0.0,nan,PAID,5.0,False,False,False,91.0,-143.0,False,False
RB-000264,Rift Bloom - Turbo Farm,Avalanche,80.0,PREMIUM,40.0,45.0,1800.0,2025-08-01,2025-01-10,2025-01-12,2025-01-13,Holland,Bloomon BV,KES,38.22,68796.0,AIR FREIGHT,286.49,2.5,0.0,nan,PAID,5.0,False,False,False,2.0,1.0,True,False
RB-000616,Rift Bloom - Timboroa Farm,Vendela,60.0,A,25.0,84.0,2100.0,2023-08-09,2023-08-11,2023-08-14,2023-08-16,Japan,Aalsmeer Direct,EUR,0.225,472.5,AIR FREIGHT,465.38,2.3,0.0,nan,PAID,5.0,False,False,False,3.0,2.0,True,False
RB-000504,Rift Bloom - Moiben Farm,Cool Water,60.0,C,20.0,214.0,4280.0,2025-12-01,2025-02-12,2025-12-04,2025-07-12,USA,Marks & Spencer Flowers,EUR,0.257,1099.96,AIR FREIGHT,379.41,,6.0,Stem Bent,NAN,4.0,False,False,False,295.0,-145.0,False,False
RB-000058,Rift Bloom - Kesses Farm,red naomi,50.0,nan,40.0,145.0,5800.0,2024-01-30,2024-01-30,2024-02-01,2024-03-02,Netherlands,Tokyo Flower Market,USD,0.313,1815.4,AIR FREIGHT,107.76,1.1,0.0,nan,PAID,4.0,False,False,False,2.0,30.0,True,False
RB-002480,Rift Bloom - Kesses Farm,Tibet,40.0,B,25.0,46.0,1150.0,,2026-02-01,2026-01-05,2026-08-01,Japan,Marks & Spencer Flowers,KES,10.66,12259.0,AIR FREIGHT,161.53,1.5,0.0,nan,PAID,3.0,False,False,False,-27.0,208.0,False,False
RB-001472,Rift Bloom - Moiben Farm,Sweetness,70.0,nan,20.0,91.0,1820.0,2025-04-09,2025-10-04,2025-04-14,2025-04-16,United Arab Emirates,Carrefour Flowers,USD,0.431,784.42,AIR FREIGHT,292.8,,0.0,nan,PENDING,3.0,False,False,False,-173.0,2.0,False,False
RB-002712,Rift Bloom - Turbo Farm,Vendela,70.0,PREMIUM,10.0,119.0,1190.0,2022-11-26,2022-11-27,2022-01-12,2022-12-06,Netherlands,Bloomon BV,EUR,0.452,537.88,NAN,62.64,3.1,0.0,nan,PENDING,4.0,False,False,False,-319.0,328.0,False,False
RB-000233,Rift Bloom - Moiben Farm,Pink Floyd,80.0,PREMIUM,25.0,114.0,2850.0,2025-02-14,2025-02-14,2025-02-17,2025-02-20,France,Carrefour Flowers,NAN,0.309,880.65,ROAD THEN AIR,472.33,3.3,0.0,nan,PENDING,4.0,False,False,False,3.0,3.0,True,False
RB-001633,Rift Bloom - Timboroa Farm,Mondial,60.0,A,20.0,201.0,4020.0,2024-08-03,2024-10-03,2024-03-12,2024-03-18,Russia,M-Farm Traders,NAN,0.093,373.86,AIR FREIGHT,55.9,2.8,0.0,nan,OVERDUE,4.0,False,False,False,-205.0,6.0,False,False
RB-002908,Rift Bloom - Moiben Farm,Vendela,90.0,A,40.0,89.0,3560.0,2024-08-17,2024-08-17,2024-08-21,2024-08-24,Japan,Tokyo Flower Market,EUR,0.323,1149.88,AIR FREIGHT,,1.6,0.0,nan,PAID,5.0,False,False,False,4.0,3.0,True,False
RB-001847,Rift Bloom - Turbo Farm,High & Magic,0.0,PREMIUM,10.0,133.0,1330.0,2022-09-08,2022-10-08,2022-08-12,2022-08-14,Switzerland,Carrefour Flowers,UNKNOWN,0.466,619.78,ROAD THEN AIR,600.34,,0.0,nan,PAID,3.0,False,False,False,-57.0,2.0,False,False
RB-001482,Rift Bloom - Ziwa Farm,FREEDOM,60.0,PREMIUM,20.0,110.0,2200.0,2024-06-29,2024-06-30,2024-07-04,2024-08-07,Russia,M-Farm Traders,EUR,0.306,673.2,AIR FREIGHT,92.22,3.7,0.0,nan,UNKNOWN,5.0,False,False,False,4.0,34.0,True,False
RB-001602,Rift Bloom - Timboroa Farm,Peach Avalanche,60.0,PREMIUM,10.0,95.0,950.0,2024-03-19,2024-03-19,2024-03-22,2024-03-26,Switzerland,Dubai Flower Centre,KES,49.14,46683.0,NAN,246.81,-0.6,0.0,nan,PENDING,4.0,False,False,True,3.0,4.0,True,False
RB-002836,Rift Bloom - Kapseret Farm,Freedom,90.0,A,25.0,35.0,875.0,2024-05-21,2024-05-21,2024-05-25,2024-05-29,Australia,Whole Foods Market,EUR,0.624,546.0,ROAD THEN AIR,258.85,1.4,0.0,nan,NAN,4.0,False,False,False,4.0,4.0,True,False
RB-001078,Rift Bloom - Ziwa Farm,Avalanche,60.0,B,25.0,61.0,1525.0,2026-05-02,2026-05-02,2026-07-02,2026-02-08,Netherlands,Interflora Russia,KES,50.44,76921.0,AIR FREIGHT,335.67,2.8,0.0,nan,OVERDUE,5.0,False,False,False,61.0,-144.0,False,False
RB-000786,Rift Bloom - Kesses Farm,Circus,70.0,A,25.0,143.0,3575.0,2025-03-16,2025-03-17,2025-03-21,2025-03-25,France,Dubai Flower Centre,KES,39.0,139425.0,AIR FREIGHT,110.55,0.0,0.0,nan,PENDING,4.0,False,False,False,4.0,4.0,True,False
RB-002817,Rift Bloom - Ziwa Farm,Yellow Babe,0.0,PREMIUM,40.0,21.0,840.0,2026-02-15,2026-02-17,2026-02-18,2026-02-24,United Kingdom,Dubai Flower Centre,EUR,0.304,255.36,ROAD THEN AIR,38.85,2.2,0.0,nan,PAID,4.0,False,False,False,1.0,6.0,True,False
RB-000174,Rift Bloom - Moiben Farm,Circus,70.0,STANDARD,25.0,71.0,1775.0,2022-05-04,2022-05-05,2022-05-08,2022-05-12,Holland,Aalsmeer Direct,NAN,0.382,678.05,AIR FREIGHT,398.0,-0.2,0.0,nan,OVERDUE,4.0,False,False,True,3.0,4.0,True,False
RB-000142,Rift Bloom - Kesses Farm,Tibet,50.0,B,25.0,79.0,1975.0,,2025-07-23,2025-07-25,,Russia,Local Wholesaler - Eldoret,USD,0.145,286.38,NAN,147.36,3.5,66.0,nan,PENDING,4.0,False,False,False,2.0,,False,False
RB-000205,Rift Bloom - Kapseret Farm,Tibet,70.0,C,20.0,66.0,1320.0,2025-01-15,2025-01-16,2025-01-19,2025-01-22,uae,M-Farm Traders,EUR,0.202,266.64,UNKNOWN,,0.0,0.0,nan,PENDING,3.0,False,False,False,3.0,3.0,True,False
RB-002097,Rift Bloom - Kapseret Farm,Sweetness,50.0,A,10.0,119.0,1190.0,2022-01-30,2022-01-31,2022-04-02,2022-06-02,USA,Interflora Russia,EUR,0.282,335.58,ROAD THEN AIR,,0.1,8.0,-,PAID,4.0,False,False,False,61.0,61.0,True,True
RB-002077,Rift Bloom - Timboroa Farm,Peach Avalanche,90.0,PREMIUM,40.0,84.0,3360.0,2022-04-01,2022-04-01,2022-06-01,2022-10-01,Netherlands,Carrefour Flowers,EUR,0.619,2079.84,ROAD THEN AIR,159.1,1.2,0.0,nan,PAID,5.0,False,False,False,61.0,122.0,True,False
RB-002162,Rift Bloom - Timboroa Farm,Sweetness,500.0,STANDARD,20.0,90.0,1800.0,2023-01-18,2023-01-18,2023-01-21,2023-01-22,USA,M-Farm Traders,EUR,0.27,486.0,NAN,90.19,1.0,0.0,nan,PAID,3.0,False,False,False,3.0,1.0,True,False
RB-001684,Rift Bloom - Moiben Farm,Yellow Babe,60.0,nan,25.0,132.0,3300.0,2025-03-26,2025-03-28,2025-03-31,2025-04-05,Russia,Bloomon BV,USD,0.341,1125.3,AIR FREIGHT,320.06,3.5,0.0,nan,PAID,5.0,False,False,False,3.0,5.0,True,False
RB-000682,Rift Bloom - Timboroa Farm,Red-Naomi,60.0,B,10.0,134.0,1340.0,2023-11-14,2023-11-16,2023-11-19,2023-11-20,Russia,Local Wholesaler - Eldoret,EUR,0.31,415.4,AIR FREIGHT,466.78,,0.0,nan,PENDING,3.0,False,False,False,3.0,1.0,True,False
RB-002506,Rift Bloom - Kapseret Farm,Cool Water,80.0,PREMIUM,25.0,85.0,2125.0,2025-10-16,2025-10-17,2025-10-21,2025-10-25,Norway,M-Farm Traders,UNKNOWN,0.479,1017.88,AIR FREIGHT,438.3,1.1,0.0,nan,PENDING,3.0,False,False,False,4.0,4.0,True,False
RB-002218,Rift Bloom - Moiben Farm,Sweetness,50.0,PREMIUM,40.0,146.0,5840.0,2023-11-23,2023-11-24,2023-11-26,2023-12-02,USA,Local Wholesaler - Eldoret,USD,0.314,1833.76,AIR FREIGHT,342.28,1.3,34.0,Wilting,PENDING,4.0,False,False,False,2.0,6.0,True,False
RB-000846,Rift Bloom - Turbo Farm,Circus,40.0,A,25.0,111.0,2775.0,2025-06-22,2025-06-24,2025-06-27,2025-03-07,Switzerland,Tokyo Flower Market,USD,0.299,829.73,ROAD THEN AIR,480.13,0.3,0.0,nan,OVERDUE,5.0,False,False,False,3.0,-112.0,False,False
RB-001326,Rift Bloom - Moiben Farm,Vendela,70.0,C,40.0,62.0,2480.0,2026-04-04,2026-04-04,2026-04-06,2026-04-11,Poland,Marks & Spencer Flowers,USD,0.418,1036.64,AIR FREIGHT,259.36,0.6,0.0,nan,NAN,4.0,False,False,False,2.0,5.0,True,False
RB-002905,Rift Bloom - Timboroa Farm,Avalanche,70.0,nan,10.0,120.0,1200.0,2024-11-25,2024-11-26,2024-11-28,2024-12-03,Netherlands,Blume2000,EUR,0.249,298.8,NAN,531.23,2.4,0.0,nan,PAID,3.0,False,False,False,2.0,5.0,True,False
RB-002683,Rift Bloom - Moiben Farm,Tibet,90.0,PREMIUM,25.0,146.0,3650.0,2022-06-08,2022-08-08,2022-08-10,2022-08-16,USA,Interflora Russia,EUR,0.384,1401.6,AIR FREIGHT,422.91,20.4,0.0,nan,PAID,3.0,False,False,False,2.0,6.0,True,False
RB-001817,Rift Bloom - Kesses Farm,Peach Avalanche,40.0,STANDARD,40.0,130.0,5200.0,2024-02-01,2024-04-01,2024-01-06,2024-11-01,Poland,FloraHolland Auction,KES,70.07,364364.0,AIR FREIGHT,490.18,3.5,10.0,nan,PAID,5.0,False,False,False,-86.0,300.0,False,False
RB-000936,Rift Bloom - Kapseret Farm,Yellow Babe,70.0,PREMIUM,40.0,77.0,3080.0,2023-06-29,2023-06-29,2023-07-01,2023-02-07,Japan,Aalsmeer Direct,USD,0.26,800.8,ROAD THEN AIR,209.31,1.6,0.0,nan,PAID,4.0,False,False,False,2.0,-144.0,False,False
RB-001087,Rift Bloom - Moiben Farm,FREEDOM,80.0,STANDARD,20.0,96.0,1920.0,2026-04-17,2026-04-18,2026-04-22,2026-04-24,Poland,Marks & Spencer Flowers,EUR,0.541,1038.72,ROAD THEN AIR,33.6,2.8,0.0,nan,PAID,4.0,False,False,False,4.0,2.0,True,False
RB-001778,Rift Bloom - Kesses Farm,Circus,70.0,C,10.0,48.0,480.0,2025-07-11,2025-11-08,2025-11-09,2025-11-11,France,Local Wholesaler - Eldoret,USD,0.332,159.36,AIR FREIGHT,511.57,22.9,4.0,nan,PAID,3.0,False,False,False,1.0,2.0,True,False
RB-001292,Rift Bloom - Kapseret Farm,Sweetness,40.0,PREMIUM,25.0,34.0,850.0,2023-06-12,2023-06-13,2023-06-17,2023-06-19,France,Interflora Russia,EUR,0.356,3026.0,AIR FREIGHT,112.12,1.3,0.0,nan,OVERDUE,4.0,False,False,False,4.0,2.0,True,False
RB-000269,Rift Bloom - Kesses Farm,Sweetness,70.0,STANDARD,20.0,89.0,1780.0,2022-02-02,2022-02-02,2022-05-02,2022-11-02,Germany,Tokyo Flower Market,USD,0.295,525.1,AIR FREIGHT,87.09,2.7,0.0,nan,PAID,3.0,False,False,False,89.0,184.0,True,False
RB-001006,Rift Bloom - Kapseret Farm,Vendela,70.0,B,25.0,97.0,2425.0,2023-05-24,2023-05-26,2023-05-28,2023-05-31,Russia,Bloomon BV,USD,0.253,613.52,NAN,8.26,3.3,0.0,nan,PENDING,4.0,False,False,False,2.0,3.0,True,False
RB-000512,Rift Bloom - Timboroa Farm,Explorer,50.0,STANDARD,40.0,52.0,2080.0,2024-01-10,2024-02-10,2024-04-10,2024-05-10,Norway,FloraHolland Auction,USD,0.14,291.2,AIR FREIGHT,379.25,2.6,0.0,nan,PAID,4.0,False,False,False,60.0,30.0,True,False
RB-001616,Rift Bloom - Turbo Farm,Freedom,50.0,B,40.0,183.0,7320.0,2022-07-07,2022-08-07,2022-12-07,2022-07-16,Japan,Tokyo Flower Market,EUR,0.139,1017.48,AIR FREIGHT,309.96,2.8,0.0,nan,PENDING,4.0,False,False,False,122.0,-144.0,False,False
RB-002360,rift bloom turbo farm,Cool Water,50.0,PREMIUM,10.0,110.0,1100.0,2025-07-08,2025-08-08,2025-12-08,2025-08-18,Australia,Aalsmeer Direct,UNKNOWN,0.337,370.7,NAN,826.67,0.0,0.0,nan,NAN,4.0,False,False,False,122.0,-112.0,False,False
RB-000101,Rift Bloom - Moiben Farm,Peach Avalanche,70.0,C,20.0,36.0,720.0,2025-02-08,2025-08-04,2025-08-05,2025-08-08,uae,Bloomon BV,EUR,0.376,270.72,AIR FREIGHT,496.0,2.5,0.0,nan,PENDING,4.0,False,False,False,1.0,3.0,True,False
RB-000013,Rift Bloom - Ziwa Farm,Athena,50.0,PREMIUM,10.0,136.0,1360.0,2023-01-06,2023-06-01,2023-01-09,2023-01-15,Russia,Aalsmeer Direct,EUR,0.239,325.04,AIR FREIGHT,533.32,,55.0,nan,PENDING,5.0,False,False,False,-143.0,6.0,False,False
RB-000645,Rift Bloom - Turbo Farm,Tibet,50.0,A,20.0,92.0,1840.0,2024-05-08,2024-07-08,2024-11-08,2024-08-17,USA,FloraHolland Auction,EUR,0.224,412.16,ROAD THEN AIR,,0.7,0.0,nan,PAID,4.0,False,False,False,123.0,-83.0,False,False
RB-001924,Rift Bloom - Timboroa Farm,Tibet,50.0,nan,40.0,50.0,2000.0,2022-06-18,2022-06-20,2022-06-24,2022-06-27,Netherlands,Dubai Flower Centre,KES,63.31,126620.0,AIR FREIGHT,258.78,3.4,0.0,nan,PAID,4.0,False,False,False,4.0,3.0,True,False
RB-000779,Rift Bloom - Moiben Farm,Explorer,70.0,UNKNOWN,20.0,285.0,5700.0,2022-04-29,2022-05-01,2022-05-04,,Japan,Interflora Russia,USD,0.559,3186.3,AIR FREIGHT,355.45,,0.0,nan,NAN,5.0,False,False,False,3.0,,False,False
RB-002898,Rift Bloom - Timboroa Farm,Explorer,500.0,STANDARD,20.0,95.0,1900.0,2026-05-23,2026-05-23,2026-05-24,2026-05-30,Germany,Interflora Russia,KES,54.99,104481.0,AIR FREIGHT,319.36,-1.4,0.0,nan,NAN,3.0,False,False,True,1.0,6.0,True,False
RB-002234,Rift Bloom - Moiben Farm,Explorer,40.0,UNKNOWN,10.0,103.0,1030.0,2025-07-22,2025-07-22,2025-07-24,2025-07-27,Poland,Dubai Flower Centre,USD,0.454,467.62,AIR FREIGHT,96.73,1.5,0.0,None,OVERDUE,1.0,False,False,False,2.0,3.0,True,False
RB-002850,Rift Bloom - Moiben Farm,Peach Avalanche,40.0,B,25.0,87.0,2175.0,2026-06-21,2026-06-21,2026-06-23,2026-06-25,Netherlands,Dubai Flower Centre,NAN,0.536,1165.8,AIR FREIGHT,169.27,2.0,0.0,nan,NAN,4.0,False,False,False,2.0,2.0,True,False
RB-001832,Rift Bloom - Timboroa Farm,High & Magic,40.0,B,20.0,85.0,1700.0,2022-03-06,2022-04-06,2022-05-06,2022-11-06,Holland,Blume2000,EUR,0.185,314.5,AIR FREIGHT,108.81,2.2,0.0,nan,PAID,2.0,False,False,False,30.0,184.0,True,False
RB-001160,rift bloom turbo farm,Sweetness,50.0,STANDARD,20.0,50.0,1000.0,2025-02-20,2025-02-20,2025-02-23,2025-02-26,Poland,Aalsmeer Direct,NAN,0.387,387.0,ROAD THEN AIR,668.45,2.9,5.0,Botrytis,NAN,4.0,False,False,False,3.0,3.0,True,False
RB-000021,Rift Bloom - Timboroa Farm,Yellow Babe,80.0,PREMIUM,25.0,112.0,2800.0,2022-11-10,2022-10-13,2022-10-15,2022-10-17,Germany,Marks & Spencer Flowers,USD,0.19,532.0,AIR FREIGHT,540.05,0.7,0.0,nan,PENDING,3.0,False,False,False,2.0,2.0,True,False
RB-000750,Rift Bloom - Kesses Farm,Avalanche,50.0,STANDARD,40.0,88.0,3520.0,2026-09-03,2026-03-09,2026-03-12,2026-03-17,United Kingdom,Whole Foods Market,UNKNOWN,0.357,1256.64,AIR FREIGHT,314.69,2.9,6.0,Botrytis,PAID,5.0,False,False,False,3.0,5.0,True,False
RB-001181,Rift Bloom - Timboroa Farm,Yellow Babe,40.0,B,40.0,251.0,10040.0,2022-11-19,2022-11-21,2022-11-25,2022-11-27,France,Whole Foods Market,EUR,0.301,3022.04,AIR FREIGHT,116.51,3.0,0.0,nan,NAN,5.0,False,False,False,4.0,2.0,True,False
RB-000118,Rift Bloom - Timboroa Farm,Pink Floyd,50.0,B,40.0,138.0,5520.0,2025-11-14,2025-11-15,2025-11-18,2025-11-20,Switzerland,Whole Foods Market,USD,0.387,2136.24,AIR FREIGHT,179.66,2.2,0.0,nan,PAID,4.0,False,False,False,3.0,2.0,True,False
RB-002958,Rift Bloom - Kapseret Farm,Cool Water,60.0,B,25.0,87.0,2175.0,2023-05-23,2023-05-25,2023-05-28,2023-06-03,Switzerland,Interflora Russia,EUR,0.425,924.38,ROAD THEN AIR,420.54,3.1,0.0,nan,PAID,5.0,False,False,False,3.0,6.0,True,False
RB-000922,Rift Bloom - Kesses Farm,Tibet,70.0,A,20.0,129.0,2580.0,2022-08-01,2022-10-01,2022-01-14,2022-01-18,France,Interflora Russia,NAN,0.294,758.52,AIR FREIGHT,96.85,3.4,0.0,nan,PAID,4.0,False,False,False,-260.0,4.0,False,False
RB-001507,Rift Bloom - Kapseret Farm,Cool Water,70.0,STANDARD,40.0,106.0,4240.0,2025-03-06,2025-03-06,2025-06-06,2025-08-06,Netherlands,Aalsmeer Direct,KES,49.79,211109.6,AIR FREIGHT,408.44,-0.4,0.0,nan,PENDING,4.0,False,False,True,92.0,61.0,True,False
RB-001180,Rift Bloom - Kesses Farm,Pink Floyd,70.0,PREMIUM,25.0,71.0,1775.0,2024-09-20,2024-09-20,2024-09-21,2024-09-26,Switzerland,Local Wholesaler - Eldoret,UNKNOWN,0.496,880.4,AIR FREIGHT,170.42,2.5,0.0,nan,PAID,5.0,False,False,False,1.0,5.0,True,False
RB-000491,Rift Bloom - Timboroa Farm,Yellow Babe,80.0,B,40.0,132.0,5280.0,2023-05-19,2023-05-21,2023-05-22,,Switzerland,Local Wholesaler - Eldoret,USD,0.37,1953.6,AIR FREIGHT,40.29,,0.0,nan,OVERDUE,5.0,False,False,False,1.0,,False,False
RB-000047,Rift Bloom - Moiben Farm,Circus,60.0,nan,20.0,83.0,1660.0,2025-09-24,2025-09-26,2025-09-30,2025-04-10,Russia,Aalsmeer Direct,UNKNOWN,0.411,682.26,AIR FREIGHT,611.83,2.5,0.0,nan,PAID,4.0,False,False,False,4.0,-173.0,False,False
RB-000493,Rift Bloom - Timboroa Farm,Explorer,50.0,B,10.0,256.0,2560.0,2025-06-28,2025-06-30,2025-03-07,2025-06-07,France,Blume2000,EUR,0.322,824.32,AIR FREIGHT,134.42,-0.6,0.0,nan,PAID,5.0,False,False,True,-115.0,92.0,False,False
RB-002203,Rift Bloom - Kesses Farm,Vendela,80.0,B,40.0,347.0,13880.0,2024-03-20,2024-03-20,,2024-03-30,France,Whole Foods Market,EUR,0.404,5607.52,AIR FREIGHT,,1.7,0.0,nan,PAID,4.0,False,False,False,,,False,False
RB-000972,Rift Bloom - Turbo Farm,Sweetness,80.0,PREMIUM,10.0,78.0,780.0,2023-10-14,2023-10-15,2023-10-17,2023-10-20,netherlands,Marks & Spencer Flowers,KES,35.62,27783.6,ROAD THEN AIR,226.45,2.0,15.0,Petal Bruising,PENDING,4.0,False,False,False,2.0,3.0,True,False
RB-002387,Rift Bloom - Ziwa Farm,Pink Floyd,60.0,B,40.0,177.0,7080.0,2023-01-12,2023-02-12,2023-05-12,2023-11-12,United Arab Emirates,Aalsmeer Direct,EUR,0.589,4170.12,AIR FREIGHT,1026.37,2.4,0.0,nan,PAID,5.0,False,False,False,89.0,184.0,True,False
RB-001527,Rift Bloom - Ziwa Farm,Circus,60.0,PREMIUM,20.0,209.0,4180.0,2024-05-03,2024-06-03,2024-10-03,2024-03-12,The Netherlands,Local Wholesaler - Eldoret,USD,0.129,539.22,AIR FREIGHT,40.8,3.0,0.0,nan,PAID,4.0,False,False,False,122.0,-205.0,False,False
RB-002577,Rift Bloom - Kapseret Farm,Yellow Babe,70.0,B,25.0,78.0,1950.0,2026-07-16,2026-07-18,2026-07-19,2026-07-23,Russia,Local Wholesaler - Eldoret,NAN,0.312,608.4,AIR FREIGHT,48.94,4.0,0.0,nan,PAID,3.0,False,False,False,1.0,4.0,True,False
RB-000769,Rift Bloom - Kesses Farm,High & Magic,60.0,A,25.0,33.0,825.0,2023-10-27,2023-10-28,2023-10-31,2023-03-11,Poland,Whole Foods Market,USD,0.365,301.12,NAN,429.18,1.2,0.0,nan,UNKNOWN,4.0,False,False,False,3.0,-234.0,False,False
RB-002762,Rift Bloom - Kapseret Farm,Vendela,-50.0,A,40.0,165.0,6600.0,2025-07-02,2025-03-07,2025-07-06,2025-07-12,Switzerland,Marks & Spencer Flowers,KES,29.64,195624.0,AIR FREIGHT,133.32,3.2,0.0,nan,PENDING,5.0,False,False,False,121.0,6.0,True,False
RB-001277,Rift Bloom - Moiben Farm,Tibet,-50.0,STANDARD,10.0,49.0,490.0,2023-11-27,2023-11-29,2023-02-12,2023-04-12,Norway,Blume2000,EUR,0.472,231.28,AIR FREIGHT,305.09,0.4,0.0,nan,OVERDUE,4.0,False,False,False,-290.0,59.0,False,False
RB-000946,Rift Bloom - Ziwa Farm,AVALANCHE,70.0,B,20.0,28.0,560.0,2024-01-29,2024-01-29,2024-01-31,2024-02-02,Norway,Blume2000,USD,0.312,174.72,NAN,260.26,0.8,0.0,nan,PAID,4.0,False,False,False,2.0,2.0,True,False
RB-002210,Rift Bloom - Ziwa Farm,Explorer,60.0,C,10.0,173.0,1730.0,2024-10-08,2024-10-08,2024-11-08,2024-08-16,Japan,Marks & Spencer Flowers,NAN,0.269,465.37,AIR FREIGHT,353.47,1.4,0.0,nan,PAID,5.0,False,False,False,31.0,-84.0,False,False
RB-001110,Rift Bloom - Timboroa Farm,Explorer,40.0,PREMIUM,40.0,23.0,920.0,2023-06-30,2023-01-07,2023-07-04,,U.S.A,Whole Foods Market,EUR,0.198,182.16,AIR FREIGHT,329.42,1.6,0.0,nan,NAN,5.0,False,False,False,178.0,,False,False
RB-001741,Rift Bloom - Kesses Farm,Explorer,50.0,B,20.0,42.0,840.0,2025-09-22,2025-09-22,2025-09-24,2025-09-25,United Arab Emirates,FloraHolland Auction,USD,0.06,50.4,ROAD THEN AIR,453.24,,0.0,nan,PAID,5.0,False,False,False,2.0,1.0,True,False
RB-002665,Rift Bloom - Moiben Farm,Mondial,500.0,B,40.0,138.0,5520.0,2025-02-15,2025-02-15,,2025-02-22,United Arab Emirates,Whole Foods Market,EUR,0.698,3852.96,NAN,263.34,6.9,0.0,nan,PENDING,3.0,False,False,False,,,False,False
RB-000565,Rift Bloom - Kapseret Farm,Freedom,90.0,nan,10.0,80.0,800.0,2023-11-20,2023-11-21,2023-11-22,2023-11-25,Switzerland,Marks & Spencer Flowers,KES,88.27,70616.0,NAN,1232.26,3.1,9.0,nan,PENDING,4.0,False,False,False,1.0,3.0,True,False
RB-000610,Rift Bloom - Turbo Farm,Vendela,60.0,B,40.0,203.0,8120.0,2024-10-11,2024-10-13,2024-10-15,2024-10-18,Germany,Aalsmeer Direct,KES,47.06,382127.2,AIR FREIGHT,92.06,2.0,0.0,None,PENDING,4.0,False,False,False,2.0,3.0,True,False
RB-001287,Rift Bloom - Kapseret Farm,High & Magic,40.0,B,20.0,156.0,3120.0,2024-09-15,2024-09-17,2024-09-21,2024-09-27,U.S.A,Local Wholesaler - Eldoret,KES,66.04,206044.8,NAN,97.84,2.1,0.0,nan,NAN,4.0,False,False,False,4.0,6.0,True,False
RB-001376,Rift Bloom - Kesses Farm,Tibet,60.0,PREMIUM,10.0,97.0,970.0,2022-09-22,2022-09-22,2022-09-24,2022-09-28,United States,Aalsmeer Direct,EUR,0.482,467.54,AIR FREIGHT,78.32,3.6,0.0,nan,PAID,4.0,False,False,False,2.0,4.0,True,False
RB-000577,Rift Bloom - Timboroa Farm,red naomi,60.0,STANDARD,40.0,45.0,1800.0,2024-04-01,2024-01-04,2024-01-07,2024-11-01,Switzerland,Local Wholesaler - Eldoret,USD,0.359,646.2,AIR FREIGHT,113.27,0.8,0.0,nan,PENDING,5.0,False,False,False,3.0,299.0,True,False
RB-000627,Rift Bloom - Ziwa Farm,Sweetness,70.0,PREMIUM,40.0,50.0,2000.0,2022-01-19,2022-01-20,2022-01-22,2022-01-23,Japan,Whole Foods Market,USD,0.225,450.0,NAN,170.47,2.5,0.0,nan,PENDING,1.0,False,False,False,2.0,1.0,True,False
RB-002005,Rift Bloom - Ziwa Farm,Freedom,60.0,PREMIUM,40.0,223.0,8920.0,2024-11-20,2024-11-22,2024-11-24,2024-11-25,Norway,Blume2000,USD,0.429,3826.68,NAN,418.2,0.5,20.0,-,NAN,5.0,False,False,False,2.0,1.0,True,True
RB-001721,Rift Bloom - Moiben Farm,Yellow Babe,70.0,UNKNOWN,10.0,192.0,1920.0,2026-03-31,2026-01-04,2026-02-04,2026-04-06,Germany,Blume2000,EUR,0.272,522.24,ROAD THEN AIR,358.15,0.4,0.0,nan,NAN,3.0,False,False,False,31.0,61.0,True,False
RB-001660,Rift Bloom - Turbo Farm,Avalanche+,40.0,B,25.0,63.0,1575.0,2022-10-27,2022-10-29,2022-10-30,2022-11-04,United kingdom,Bloomon BV,NAN,0.232,365.4,NAN,51.17,3.3,0.0,nan,NAN,3.0,False,False,False,1.0,5.0,True,False
RB-002373,Rift Bloom - Moiben Farm,Vendela,80.0,STANDARD,20.0,230.0,4600.0,2025-02-27,2025-01-03,2025-05-03,2025-08-03,U.A.E,Tokyo Flower Market,EUR,0.298,1370.8,AIR FREIGHT,125.86,,12.0,Bud Blast,PAID,3.0,False,False,False,120.0,92.0,True,False
RB-001882,Rift Bloom - Kesses Farm,Yellow Babe,60.0,A,40.0,176.0,7040.0,,2022-03-11,2022-11-07,2022-11-13,Switzerland,Aalsmeer Direct,KES,53.82,378892.8,AIR FREIGHT,502.22,1.9,0.0,nan,NAN,4.0,False,False,False,241.0,6.0,True,False
RB-001966,Rift Bloom - Ziwa Farm,Tibet,40.0,PREMIUM,40.0,53.0,2120.0,2026-09-01,2026-09-01,2026-10-01,2026-01-13,USA,Whole Foods Market,USD,0.369,782.28,AIR FREIGHT,519.42,2.5,0.0,nan,NAN,5.0,False,False,False,30.0,-261.0,False,False
RB-000640,Rift Bloom - Kapseret Farm,Avalanche+,80.0,A,40.0,48.0,1920.0,2026-01-13,2026-01-14,2026-01-18,2026-01-19,Germany,Whole Foods Market,NAN,0.334,641.28,AIR FREIGHT,19.98,1.7,17.0,Undersized Stems,PAID,4.0,False,False,False,4.0,1.0,True,False
RB-000044,Rift Bloom - Kesses Farm,red naomi,50.0,STANDARD,40.0,81.0,3240.0,2022-06-08,2022-08-07,2022-09-08,2022-08-13,United States,Dubai Flower Centre,NAN,0.473,1532.52,AIR FREIGHT,253.58,5.5,0.0,nan,NAN,4.0,False,False,False,32.0,-26.0,False,False
RB-000008,Rift Bloom - Kesses Farm,Red Naomi,50.0,A,20.0,51.0,1020.0,,2025-05-09,2025-09-09,2025-09-15,Japan,Marks & Spencer Flowers,KES,48.88,49857.6,NAN,805.04,2.2,0.0,nan,PENDING,2.0,False,False,False,123.0,6.0,True,False
RB-000739,Rift Bloom - Moiben Farm,Peach Avalanche,70.0,PREMIUM,25.0,66.0,1650.0,2025-02-22,2025-02-23,2025-02-24,2025-02-28,Germany,Whole Foods Market,EUR,0.493,813.45,UNKNOWN,889.06,4.4,0.0,nan,PAID,4.0,False,False,False,1.0,4.0,True,False
RB-000033,Rift Bloom - Ziwa Farm,Vendela,90.0,A,10.0,109.0,1090.0,2023-04-26,2023-04-27,,2023-03-05,USA,Marks & Spencer Flowers,USD,0.371,404.39,AIR FREIGHT,761.14,2.0,0.0,nan,PAID,3.0,False,False,False,,,False,False
RB-000471,Rift Bloom - Moiben Farm,Vendela,90.0,A,25.0,97.0,2425.0,2025-06-07,2025-06-07,2025-10-06,2025-06-14,Japan,M-Farm Traders,KES,29.25,70931.25,NAN,305.78,0.8,0.0,nan,OVERDUE,4.0,False,False,False,121.0,-114.0,False,False
RB-000472,Rift Bloom - Ziwa Farm,Explorer,50.0,B,25.0,113.0,2825.0,2023-10-14,2023-10-16,2023-10-17,2023-10-18,Switzerland,Marks & Spencer Flowers,EUR,0.319,901.18,NAN,473.28,2.4,0.0,nan,PENDING,2.0,False,False,False,1.0,1.0,True,False
RB-001767,Rift Bloom - Moiben Farm,AVALANCHE,90.0,nan,25.0,129.0,3225.0,2023-08-25,2023-08-26,2023-08-27,2023-08-31,Poland,FloraHolland Auction,EUR,0.266,857.85,AIR FREIGHT,672.16,1.9,0.0,nan,NAN,2.0,False,False,False,1.0,4.0,True,False
RB-002287,Rift Bloom - Kesses Farm,High & Magic,70.0,PREMIUM,10.0,116.0,1160.0,2025-07-03,2025-03-08,2025-03-11,2025-03-17,United Kingdom,Marks & Spencer Flowers,KES,75.92,88067.2,AIR FREIGHT,337.75,,0.0,nan,OVERDUE,5.0,False,False,False,3.0,6.0,True,False
RB-001650,Rift Bloom - Turbo Farm,Freedom,70.0,B,25.0,47.0,1175.0,2026-02-15,2026-02-17,2026-02-18,2026-02-20,Netherlands,Marks & Spencer Flowers,EUR,0.202,237.35,AIR FREIGHT,295.38,2.6,0.0,nan,PENDING,4.0,False,False,False,1.0,2.0,True,False
RB-001545,Rift Bloom - Kapseret Farm,Circus,70.0,A,10.0,56.0,560.0,2024-05-15,2024-05-16,2024-05-18,2024-05-20,Germany,Blume2000,EUR,0.6,336.0,ROAD THEN AIR,147.52,2.2,0.0,nan,PENDING,4.0,False,False,False,2.0,2.0,True,False
RB-002249,rift bloom turbo farm,Cool Water,60.0,PREMIUM,10.0,217.0,2170.0,2024-07-29,2024-07-31,2024-02-08,2024-08-07,USA,Tokyo Flower Market,EUR,0.261,566.37,ROAD THEN AIR,121.16,1.4,0.0,nan,PENDING,4.0,False,False,False,-174.0,181.0,False,False
RB-002757,Rift Bloom - Turbo Farm,Pink Floyd,50.0,C,10.0,109.0,1090.0,2025-12-17,2025-12-19,2025-12-21,2025-12-23,Norway,Carrefour Flowers,EUR,0.306,333.54,AIR FREIGHT,182.03,3.0,0.0,nan,NAN,4.0,False,False,False,2.0,2.0,True,False
RB-002965,Rift Bloom - Timboroa Farm,Pink Floyd,70.0,PREMIUM,40.0,20.0,800.0,2025-02-05,2025-02-06,2025-10-02,2025-02-15,usa,Tokyo Flower Market,KES,34.97,279760.0,ROAD THEN AIR,203.43,2.7,0.0,nan,PENDING,5.0,False,False,False,238.0,-229.0,False,False
RB-000906,Rift Bloom - Kesses Farm,Sweetness,70.0,C,10.0,105.0,1050.0,2025-04-07,2025-06-07,2025-07-08,2025-07-09,Norway,M-Farm Traders,USD,0.271,284.55,ROAD THEN AIR,593.12,3.8,0.0,nan,NAN,4.0,False,False,False,31.0,1.0,True,False
RB-001306,Rift Bloom - Moiben Farm,Pink Floyd,70.0,B,25.0,245.0,6125.0,2022-05-13,2022-05-13,2022-05-14,2022-05-20,UAE,Dubai Flower Centre,USD,0.424,2597.0,AIR FREIGHT,167.02,3.8,0.0,nan,PAID,4.0,False,False,False,1.0,6.0,True,False
RB-002867,Rift Bloom - Turbo Farm,Yellow Babe,70.0,C,10.0,126.0,1260.0,2023-10-12,2023-10-13,2023-10-14,2023-10-16,France,Aalsmeer Direct,EUR,0.13,163.8,AIR FREIGHT,196.43,1.5,38.0,Botrytis,PENDING,3.0,False,False,False,1.0,2.0,True,False
RB-001445,Rift Bloom - Ziwa Farm,Freedom,50.0,PREMIUM,20.0,171.0,3420.0,2023-05-01,2023-06-01,2023-01-08,2023-01-13,Poland,Dubai Flower Centre,USD,0.209,714.78,NAN,731.06,1.2,0.0,nan,OVERDUE,5.0,False,False,False,-144.0,5.0,False,False
RB-000465,Rift Bloom - Ziwa Farm,Vendela,50.0,PREMIUM,20.0,128.0,2560.0,2023-03-03,2023-03-05,2023-03-09,2023-10-03,Switzerland,Aalsmeer Direct,NAN,0.496,1269.76,AIR FREIGHT,336.91,2.5,0.0,nan,PENDING,4.0,False,False,False,4.0,208.0,True,False
RB-001808,Rift Bloom - Ziwa Farm,Red Naomi,50.0,nan,25.0,100.0,2500.0,2023-11-15,2023-11-16,2023-11-20,2023-11-21,Switzerland,Bloomon BV,KES,14.43,36075.0,ROAD THEN AIR,488.98,1.3,0.0,nan,PAID,5.0,False,False,False,4.0,1.0,True,False
RB-000668,Rift Bloom - Moiben Farm,Peach Avalanche,80.0,C,10.0,11.0,110.0,2022-01-05,2022-01-05,2022-05-02,2022-07-05,Switzerland,Aalsmeer Direct,UNKNOWN,0.407,44.77,UNKNOWN,586.92,2.2,0.0,nan,PAID,4.0,False,False,False,117.0,64.0,True,False
RB-001800,Rift Bloom - Moiben Farm,Tibet,50.0,PREMIUM,10.0,146.0,1460.0,2022-10-31,2022-01-11,2022-11-05,2022-11-11,Switzerland,Tokyo Flower Market,KES,49.4,72124.0,AIR FREIGHT,350.49,-0.8,0.0,nan,PAID,4.0,False,False,True,298.0,6.0,True,False
RB-002069,Rift Bloom - Ziwa Farm,Freedom,70.0,B,40.0,64.0,2560.0,2024-08-25,2024-08-26,2024-08-28,2024-08-30,USA,M-Farm Traders,EUR,0.395,1011.2,UNKNOWN,539.53,0.1,0.0,nan,PAID,4.0,False,False,False,2.0,2.0,True,False
RB-002082,Rift Bloom - Timboroa Farm,Peach Avalanche,70.0,B,40.0,92.0,3680.0,,2025-12-16,2025-12-18,2025-12-19,Japan,Whole Foods Market,USD,0.457,1681.76,AIR FREIGHT,405.27,6.1,0.0,nan,PAID,5.0,False,False,False,2.0,1.0,True,False
RB-002041,Rift Bloom - Turbo Farm,red naomi,70.0,A,20.0,68.0,1360.0,2026-04-17,2026-04-19,2026-04-21,2026-04-23,Australia,Marks & Spencer Flowers,EUR,0.196,266.56,AIR FREIGHT,337.74,1.0,0.0,nan,PAID,3.0,False,False,False,2.0,2.0,True,False
RB-001521,Rift Bloom - Timboroa Farm,Yellow Babe,50.0,C,40.0,24.0,960.0,2025-01-28,2025-01-30,2025-02-01,2025-02-06,Switzerland,Local Wholesaler - Eldoret,KES,51.22,49171.2,NAN,,3.5,0.0,nan,OVERDUE,4.0,False,False,False,2.0,5.0,True,False
RB-001764,Rift Bloom - Kesses Farm,Sweetness,60.0,A,20.0,168.0,3360.0,2024-04-09,2024-10-04,2024-04-13,2024-04-17,Russia,Interflora Russia,EUR,0.254,853.44,ROAD THEN AIR,35.08,0.1,0.0,nan,PAID,4.0,False,False,False,-174.0,4.0,False,False
RB-001470,rift bloom turbo farm,FREEDOM,60.0,B,25.0,102.0,2550.0,2023-04-04,2023-06-04,2023-07-04,2023-10-04,Germany,Local Wholesaler - Eldoret,EUR,0.281,716.55,AIR FREIGHT,219.05,-0.1,0.0,nan,PAID,5.0,False,False,True,30.0,92.0,True,False
RB-001352,Rift Bloom - Kesses Farm,High & Magic,50.0,B,10.0,99.0,990.0,2023-12-21,2023-12-23,2023-12-25,,France,Tokyo Flower Market,USD,0.298,295.02,UNKNOWN,100.52,4.2,0.0,nan,PENDING,5.0,False,False,False,2.0,,False,False
RB-001793,Rift Bloom - Kesses Farm,Vendela,50.0,B,25.0,60.0,1500.0,2025-04-30,2025-05-02,2025-04-05,2025-06-05,France,Blume2000,EUR,0.438,657.0,AIR FREIGHT,328.55,3.6,0.0,nan,PENDING,5.0,False,False,False,-27.0,61.0,False,False
RB-001804,Rift Bloom - Kesses Farm,Sweetness,40.0,PREMIUM,40.0,95.0,3800.0,2022-05-01,2022-01-07,2022-09-01,2022-01-15,Russia,Aalsmeer Direct,NAN,0.278,10564.0,AIR FREIGHT,399.8,4.9,0.0,nan,PAID,5.0,False,False,False,237.0,-229.0,False,False
RB-000049,Rift Bloom - Kesses Farm,Sweetness,90.0,PREMIUM,10.0,92.0,920.0,2023-04-25,2023-04-25,2023-04-29,2023-03-05,Australia,FloraHolland Auction,EUR,0.398,366.16,ROAD THEN AIR,384.12,1.9,0.0,nan,NAN,4.0,False,False,False,4.0,-55.0,False,False
RB-002523,Rift Bloom - Moiben Farm,Red-Naomi,80.0,PREMIUM,40.0,82.0,3280.0,2023-05-26,2023-05-27,,2023-02-06,Switzerland,M-Farm Traders,EUR,0.371,1216.88,AIR FREIGHT,90.73,1.3,0.0,nan,PAID,3.0,False,False,False,,,False,False
RB-001165,Rift Bloom - Kapseret Farm,Circus,40.0,B,10.0,150.0,1500.0,2022-10-16,,2022-10-19,2022-10-21,U.S.A,Carrefour Flowers,EUR,0.388,582.0,AIR FREIGHT,409.43,2.8,28.0,Stem Bent,NAN,3.0,False,False,False,,2.0,False,False
RB-000433,Rift Bloom - Moiben Farm,Peach Avalanche,90.0,PREMIUM,40.0,36.0,1440.0,2025-04-21,2025-04-23,2025-04-27,2025-04-29,Japan,Tokyo Flower Market,EUR,0.429,617.76,ROAD THEN AIR,437.35,2.0,0.0,nan,PAID,5.0,False,False,False,4.0,2.0,True,False
RB-001691,Rift Bloom - Kesses Farm,Avalanche,50.0,B,40.0,196.0,7840.0,2023-02-21,2023-02-23,2023-02-26,2023-01-03,Norway,Local Wholesaler - Eldoret,EUR,0.455,3567.2,NAN,96.23,2.0,0.0,nan,PAID,4.0,False,False,False,3.0,-54.0,False,False
RB-000125,Rift Bloom - Turbo Farm,Vendela,50.0,C,25.0,108.0,2700.0,2022-06-18,2022-06-19,2022-06-22,2022-06-26,United Kingdom,Aalsmeer Direct,KES,35.88,96876.0,NAN,,2.0,0.0,nan,NAN,4.0,False,False,False,3.0,4.0,True,False
RB-000066,Rift Bloom - Turbo Farm,Explorer,50.0,B,20.0,131.0,2620.0,2023-09-17,2023-09-18,2023-09-20,2023-09-21,Netherlands,Aalsmeer Direct,USD,0.299,783.38,ROAD THEN AIR,435.06,-0.1,0.0,nan,PENDING,5.0,False,False,True,2.0,1.0,True,False
RB-002456,Rift Bloom - Timboroa Farm,Pink Floyd,50.0,nan,40.0,8.0,320.0,2026-02-14,2026-02-15,2026-02-18,2026-02-21,Norway,Bloomon BV,USD,0.423,135.36,AIR FREIGHT,244.75,2.9,0.0,nan,PAID,2.0,False,False,False,3.0,3.0,True,False
RB-002956,Rift Bloom - Ziwa Farm,Vendela,50.0,PREMIUM,40.0,67.0,2680.0,2023-08-21,2023-08-22,2023-08-25,2023-08-26,United Arab Emirates,Marks & Spencer Flowers,EUR,0.349,935.32,AIR FREIGHT,135.28,0.0,0.0,nan,PAID,4.0,False,False,False,3.0,1.0,True,False
RB-002176,Rift Bloom - Kesses Farm,Freedom,50.0,B,25.0,140.0,3500.0,,2022-10-26,2022-10-29,2022-01-11,Netherlands,Bloomon BV,EUR,0.135,472.5,AIR FREIGHT,270.88,0.7,0.0,nan,PENDING,5.0,False,False,False,3.0,-291.0,False,False
RB-001403,Rift Bloom - Kapseret Farm,Circus,90.0,A,20.0,42.0,840.0,2023-10-14,2023-10-14,2023-10-15,2023-10-16,US,Local Wholesaler - Eldoret,KES,61.23,51433.2,ROAD THEN AIR,91.3,2.6,0.0,nan,PENDING,4.0,False,False,False,1.0,1.0,True,False
RB-000781,Rift Bloom - Kapseret Farm,Peach Avalanche,60.0,PREMIUM,20.0,123.0,2460.0,2022-03-20,2022-03-21,2022-03-24,2022-03-26,Japan,Carrefour Flowers,EUR,0.434,1067.64,ROAD THEN AIR,39.37,0.8,0.0,nan,PAID,5.0,False,False,False,3.0,2.0,True,False
RB-000130,Rift Bloom - Turbo Farm,Avalanche,70.0,A,20.0,70.0,1400.0,2023-06-06,,2023-10-06,2023-06-13,Russia,Tokyo Flower Market,USD,0.263,368.2,NAN,154.76,1.5,0.0,None,OVERDUE,3.0,False,False,False,,-115.0,False,False
RB-001433,Rift Bloom - Turbo Farm,Peach Avalanche,90.0,C,25.0,33.0,825.0,2023-05-20,2023-05-21,2023-05-24,2023-05-27,Norway,Tokyo Flower Market,NAN,0.392,323.4,AIR FREIGHT,243.71,5.3,0.0,nan,PAID,3.0,False,False,False,3.0,3.0,True,False
RB-002237,Rift Bloom - Kapseret Farm,Athena,70.0,A,40.0,118.0,4720.0,2023-01-24,2023-01-25,2023-01-28,2023-01-31,France,Whole Foods Market,USD,0.224,1057.28,AIR FREIGHT,296.88,1.9,0.0,nan,PAID,4.0,False,False,False,3.0,3.0,True,False
RB-001459,Rift Bloom - Kapseret Farm,Peach Avalanche,40.0,PREMIUM,20.0,27.0,540.0,2024-04-23,2024-04-25,2024-04-26,2024-04-28,Poland,Whole Foods Market,USD,0.31,167.4,NAN,77.63,,0.0,nan,NAN,4.0,False,False,False,1.0,2.0,True,False
RB-002999,Rift Bloom - Timboroa Farm,Peach Avalanche,40.0,PREMIUM,40.0,62.0,2480.0,,2022-06-06,2022-06-07,2022-08-06,Norway,Marks & Spencer Flowers,EUR,0.249,617.52,AIR FREIGHT,242.04,,0.0,nan,PENDING,5.0,False,False,False,1.0,60.0,True,False
RB-002752,Rift Bloom - Moiben Farm,High & Magic,60.0,B,10.0,285.0,2850.0,2022-05-28,2022-05-30,2022-03-06,2022-09-06,Netherlands,Interflora Russia,KES,59.15,168577.5,AIR FREIGHT,206.35,,0.0,nan,OVERDUE,5.0,False,False,False,-85.0,184.0,False,False
RB-002968,Rift Bloom - Kesses Farm,avalanche,60.0,B,25.0,68.0,1700.0,2025-03-18,2025-03-18,2025-03-20,2025-03-24,Poland,M-Farm Traders,EUR,0.436,741.2,AIR FREIGHT,159.06,0.5,0.0,nan,OVERDUE,5.0,False,False,False,2.0,4.0,True,False
RB-002910,Rift Bloom - Kesses Farm,High & Magic,50.0,A,40.0,161.0,6440.0,2026-06-23,2026-06-24,2026-06-25,2026-06-29,Japan,Marks & Spencer Flowers,USD,0.254,1635.76,AIR FREIGHT,643.31,2.8,23.0,Wilting,OVERDUE,3.0,False,False,False,1.0,4.0,True,False
RB-002235,Rift Bloom - Kapseret Farm,Red Naomi,50.0,PREMIUM,20.0,48.0,960.0,2024-11-20,2024-11-20,2024-11-21,2024-11-23,UAE,Blume2000,EUR,0.376,360.96,AIR FREIGHT,236.41,4.4,0.0,nan,NAN,5.0,False,False,False,1.0,2.0,True,False
RB-001125,Rift Bloom - Kapseret Farm,Freedom,80.0,A,20.0,191.0,3820.0,2024-02-24,2024-02-26,2024-02-28,2024-05-03,Japan,Aalsmeer Direct,USD,0.227,867.14,NAN,36.32,1.2,0.0,nan,PAID,3.0,False,False,False,2.0,65.0,True,False
RB-002638,Rift Bloom - Turbo Farm,Red Naomi,70.0,C,40.0,141.0,5640.0,2026-02-27,2026-02-28,2026-03-03,2026-04-03,Switzerland,Dubai Flower Centre,NAN,0.33,1861.2,NAN,152.57,1.3,0.0,nan,NAN,5.0,False,False,False,3.0,31.0,True,False
RB-000238,Rift Bloom - Ziwa Farm,Tibet,80.0,C,40.0,28.0,1120.0,2022-05-01,2022-05-02,2022-05-04,2022-09-05,France,Whole Foods Market,USD,0.265,296.8,AIR FREIGHT,333.33,2.5,0.0,nan,PAID,5.0,False,False,False,2.0,124.0,True,False
RB-002031,Rift Bloom - Timboroa Farm,Circus,50.0,B,25.0,59.0,1475.0,2024-12-29,2024-12-30,2025-01-02,2025-08-01,Australia,Carrefour Flowers,KES,37.05,54648.75,AIR FREIGHT,389.13,2.3,0.0,nan,PAID,4.0,False,False,False,3.0,211.0,True,False
RB-001276,Rift Bloom - Kapseret Farm,Pink Floyd,80.0,A,10.0,35.0,350.0,2025-12-14,2025-12-16,2025-12-20,2025-12-23,USA,Tokyo Flower Market,EUR,0.419,146.65,ROAD THEN AIR,267.83,2.5,0.0,nan,NAN,4.0,False,False,False,4.0,3.0,True,False
RB-002566,Rift Bloom - Timboroa Farm,Circus,90.0,PREMIUM,40.0,124.0,4960.0,2026-06-28,2026-06-28,2026-06-29,2026-04-07,Norway,Aalsmeer Direct,USD,0.378,1874.88,NAN,338.18,21.6,0.0,nan,PENDING,4.0,False,False,False,1.0,-83.0,False,False
RB-001599,Rift Bloom - Turbo Farm,Pink Floyd,70.0,B,20.0,106.0,2120.0,2022-07-20,2022-07-20,2022-07-21,2022-07-25,Switzerland,Whole Foods Market,EUR,0.358,758.96,AIR FREIGHT,88.4,1.1,0.0,nan,PAID,4.0,False,False,False,1.0,4.0,True,False
RB-001779,Rift Bloom - Moiben Farm,Peach Avalanche,60.0,PREMIUM,20.0,239.0,4780.0,2022-08-19,2022-08-19,2022-08-21,2022-08-27,uae,Bloomon BV,EUR,0.451,2155.78,ROAD THEN AIR,75.87,0.2,0.0,nan,PAID,5.0,False,False,False,2.0,6.0,True,False
RB-000763,Rift Bloom - Timboroa Farm,Freedom,60.0,STANDARD,20.0,164.0,3280.0,2026-06-17,2026-06-19,2026-06-23,2026-06-29,UAE,M-Farm Traders,UNKNOWN,0.452,1482.56,AIR FREIGHT,302.19,4.8,0.0,nan,UNKNOWN,5.0,False,False,False,4.0,6.0,True,False
RB-000370,Rift Bloom - Turbo Farm,Mondial,60.0,A,20.0,89.0,1780.0,2023-06-30,2023-06-30,2023-04-07,2023-07-07,Australia,Whole Foods Market,USD,0.315,560.7,AIR FREIGHT,86.44,1.9,0.0,nan,PENDING,5.0,False,False,False,-84.0,91.0,False,False
RB-000523,Rift Bloom - Ziwa Farm,Vendela,40.0,PREMIUM,20.0,133.0,2660.0,2024-03-08,2024-08-04,2024-08-06,2024-12-08,United Kingdom,Tokyo Flower Market,EUR,0.314,835.24,AIR FREIGHT,,,0.0,nan,PENDING,5.0,False,False,False,2.0,124.0,True,False
RB-002361,Rift Bloom - Moiben Farm,Tibet,80.0,B,10.0,132.0,1320.0,2026-04-03,2026-05-03,2026-03-07,2026-11-03,Poland,Local Wholesaler - Eldoret,NAN,0.572,755.04,AIR FREIGHT,198.93,4.8,0.0,nan,PENDING,4.0,False,False,False,-57.0,241.0,False,False
RB-000055,Rift Bloom - Turbo Farm,Athena,60.0,PREMIUM,40.0,70.0,2800.0,2026-04-29,2026-04-29,2026-05-03,2026-05-06,Poland,FloraHolland Auction,USD,0.332,929.6,AIR FREIGHT,289.74,2.1,0.0,nan,UNKNOWN,4.0,False,False,False,4.0,3.0,True,False
RB-000267,Rift Bloom - Kesses Farm,Mondial,50.0,B,10.0,73.0,730.0,2024-10-11,2024-11-12,2024-11-13,2024-11-18,Russia,Bloomon BV,KES,40.95,29893.5,NAN,367.11,0.7,0.0,nan,OVERDUE,5.0,False,False,False,1.0,5.0,True,False
RB-002635,Rift Bloom - Moiben Farm,High & Magic,60.0,A,20.0,17.0,340.0,2025-07-23,2025-07-23,2025-07-25,2025-07-28,Norway,Whole Foods Market,EUR,0.396,134.64,ROAD THEN AIR,297.35,4.4,11.0,-,NAN,4.0,False,False,False,2.0,3.0,True,True
RB-002796,Rift Bloom - Moiben Farm,AVALANCHE,80.0,PREMIUM,20.0,331.0,6620.0,2026-04-26,2026-04-27,2026-04-28,2026-05-03,Poland,Dubai Flower Centre,EUR,0.405,2681.1,AIR FREIGHT,311.68,4.4,0.0,nan,OVERDUE,5.0,False,False,False,1.0,5.0,True,False
RB-000383,Rift Bloom - Kapseret Farm,Athena,60.0,B,40.0,106.0,4240.0,2025-10-01,2025-12-01,2025-01-14,2025-01-19,Russia,Blume2000,NAN,0.372,1577.28,AIR FREIGHT,459.18,2.4,0.0,nan,OVERDUE,4.0,False,False,False,-321.0,5.0,False,False
RB-002385,Rift Bloom - Moiben Farm,Cool Water,40.0,B,10.0,114.0,1140.0,2024-07-20,2024-07-20,2024-07-22,2024-07-26,Switzerland,Carrefour Flowers,EUR,0.425,484.5,AIR FREIGHT,250.39,0.7,0.0,nan,NAN,4.0,False,False,False,2.0,4.0,True,False
RB-001988,Rift Bloom - Kesses Farm,Yellow Babe,50.0,STANDARD,20.0,97.0,1940.0,2025-04-23,2025-04-24,2025-04-28,2025-04-29,Australia,Whole Foods Market,EUR,0.387,750.78,ROAD THEN AIR,353.22,1.5,0.0,nan,PAID,4.0,False,False,False,4.0,1.0,True,False
RB-002335,rift bloom turbo farm,Tibet,90.0,A,40.0,145.0,5800.0,2022-06-29,2022-01-07,2022-07-03,2022-07-08,Norway,M-Farm Traders,EUR,0.437,2534.6,AIR FREIGHT,,2.1,0.0,nan,PAID,5.0,False,False,False,177.0,5.0,True,False
RB-000836,Rift Bloom - Timboroa Farm,FREEDOM,50.0,PREMIUM,40.0,163.0,6520.0,,2024-10-31,,2024-04-11,United kingdom,Marks & Spencer Flowers,EUR,0.311,2027.72,AIR FREIGHT,286.68,,0.0,nan,PAID,3.0,False,False,False,,,False,False
RB-002941,Rift Bloom - Timboroa Farm,Mondial,70.0,PREMIUM,20.0,46.0,920.0,2024-09-18,2024-09-18,2024-09-21,2024-09-24,Germany,Marks & Spencer Flowers,EUR,0.207,190.44,UNKNOWN,263.85,3.5,0.0,nan,NAN,4.0,False,False,False,3.0,3.0,True,False
RB-000464,Rift Bloom - Moiben Farm,Explorer,40.0,A,10.0,19.0,190.0,,2024-02-26,2024-01-03,2024-03-03,Japan,FloraHolland Auction,KES,41.6,7904.0,NAN,470.04,,0.0,nan,NAN,5.0,False,False,False,-54.0,60.0,False,False
RB-001542,Rift Bloom - Turbo Farm,Circus,60.0,B,25.0,123.0,3075.0,2022-08-12,2022-10-12,2022-12-14,2022-12-15,NL,Local Wholesaler - Eldoret,EUR,0.301,925.57,ROAD THEN AIR,,,0.0,nan,PAID,3.0,False,False,False,63.0,1.0,True,False
RB-002745,Rift Bloom - Ziwa Farm,Cool Water,50.0,PREMIUM,20.0,170.0,3400.0,2022-07-24,2022-07-25,2022-07-26,2022-07-28,The Netherlands,Dubai Flower Centre,KES,35.36,120224.0,AIR FREIGHT,361.32,2.9,24.0,Cold Chain Break,OVERDUE,4.0,False,False,False,1.0,2.0,True,False
RB-002875,Rift Bloom - Timboroa Farm,High & Magic,80.0,A,10.0,208.0,2080.0,2022-09-28,2022-09-28,2022-09-30,2022-02-10,United Kingdom,Interflora Russia,EUR,0.175,364.0,AIR FREIGHT,158.63,3.9,0.0,nan,OVERDUE,4.0,False,False,False,2.0,-232.0,False,False
RB-002987,Rift Bloom - Timboroa Farm,Yellow Babe,60.0,PREMIUM,20.0,88.0,1760.0,2025-05-01,2025-03-05,2025-05-05,2025-05-11,Poland,Interflora Russia,USD,0.503,885.28,AIR FREIGHT,408.48,,0.0,nan,NAN,5.0,False,False,False,61.0,6.0,True,False
RB-001145,Rift Bloom - Kapseret Farm,Avalanche,60.0,B,25.0,269.0,6725.0,2024-02-12,2024-02-13,2024-02-17,,Japan,Whole Foods Market,NAN,0.444,2985.9,AIR FREIGHT,1067.65,0.1,0.0,nan,OVERDUE,5.0,False,False,False,4.0,,False,False
RB-000596,Rift Bloom - Ziwa Farm,Explorer,50.0,A,40.0,138.0,5520.0,2026-02-22,2026-02-24,2026-02-25,2026-03-03,Poland,Marks & Spencer Flowers,NAN,0.304,1678.08,AIR FREIGHT,,,0.0,nan,PENDING,5.0,False,False,False,1.0,6.0,True,False
RB-001623,Rift Bloom - Moiben Farm,Athena,70.0,PREMIUM,10.0,126.0,1260.0,2022-08-12,2022-08-13,2022-08-15,2022-08-16,Russia,Dubai Flower Centre,NAN,0.091,114.66,ROAD THEN AIR,282.36,5.0,0.0,nan,NAN,3.0,False,False,False,2.0,1.0,True,False
RB-001514,Rift Bloom - Kesses Farm,Athena,50.0,STANDARD,40.0,51.0,2040.0,2022-08-30,2022-09-01,2022-09-02,2022-05-09,UAE,Aalsmeer Direct,USD,0.255,520.2,AIR FREIGHT,714.75,3.4,0.0,nan,PENDING,5.0,False,False,False,1.0,-116.0,False,False
RB-001771,Rift Bloom - Turbo Farm,Vendela,70.0,STANDARD,25.0,81.0,2025.0,2023-04-17,2023-04-18,2023-04-22,2023-04-24,USA,Tokyo Flower Market,EUR,0.155,313.88,AIR FREIGHT,214.05,1.0,0.0,None,PAID,2.0,False,False,False,4.0,2.0,True,False
RB-001775,Rift Bloom - Ziwa Farm,Avalanche,50.0,nan,20.0,46.0,920.0,2023-09-17,2023-09-17,2023-09-21,2023-09-25,France,Bloomon BV,EUR,0.369,339.48,AIR FREIGHT,355.15,3.7,9.0,Botrytis,PENDING,4.0,False,False,False,4.0,4.0,True,False
RB-002463,Rift Bloom - Turbo Farm,Red Naomi,70.0,PREMIUM,25.0,64.0,1600.0,2025-08-05,2025-08-05,2025-05-12,2025-05-15,United States,Interflora Russia,NAN,0.392,627.2,AIR FREIGHT,57.81,4.0,0.0,nan,PENDING,4.0,False,False,False,-85.0,3.0,False,False
RB-000368,Rift Bloom - Moiben Farm,Yellow Babe,60.0,B,20.0,85.0,1700.0,2026-01-30,2026-01-31,2026-03-02,2026-02-09,Japan,Blume2000,EUR,0.405,688.5,UNKNOWN,285.01,3.0,0.0,nan,PAID,5.0,False,False,False,30.0,-21.0,False,False
RB-001454,Rift Bloom - Timboroa Farm,Pink Floyd,40.0,PREMIUM,40.0,49.0,1960.0,2022-07-26,2022-07-26,2022-07-27,2022-07-28,Russia,Local Wholesaler - Eldoret,EUR,0.461,903.56,AIR FREIGHT,157.49,,0.0,nan,PENDING,4.0,False,False,False,1.0,1.0,True,False
RB-000098,Rift Bloom - Timboroa Farm,Pink Floyd,40.0,nan,20.0,64.0,1280.0,2022-08-17,2022-08-19,,2022-08-26,Germany,Tokyo Flower Market,EUR,0.435,556.8,AIR FREIGHT,149.96,-0.9,24.0,nan,PAID,4.0,False,False,True,,,False,False
RB-001755,Rift Bloom - Turbo Farm,Vendela,50.0,nan,10.0,73.0,730.0,2023-12-25,2023-12-26,2023-12-28,2023-12-31,Russia,Dubai Flower Centre,EUR,0.05,36.5,ROAD THEN AIR,218.03,4.6,0.0,nan,PAID,5.0,False,False,False,2.0,3.0,True,False
RB-001874,Rift Bloom - Kapseret Farm,RedNaomi,90.0,C,20.0,61.0,1220.0,2023-03-07,2023-04-07,2023-05-07,2023-07-10,Japan,Carrefour Flowers,USD,0.346,422.12,AIR FREIGHT,180.1,4.1,0.0,None,PAID,2.0,False,False,False,30.0,64.0,True,False
RB-000382,Rift Bloom - Timboroa Farm,Avalanche,60.0,PREMIUM,10.0,142.0,1420.0,,2024-09-27,2024-09-29,2024-03-10,United Kingdom,FloraHolland Auction,KES,18.98,26951.6,NAN,529.11,2.5,0.0,nan,OVERDUE,5.0,False,False,False,2.0,-203.0,False,False
RB-002945,Rift Bloom - Moiben Farm,Peach Avalanche,50.0,nan,10.0,37.0,370.0,2025-12-21,2025-12-22,2025-12-24,2025-12-27,U.K.,Bloomon BV,USD,0.281,103.97,ROAD THEN AIR,,1.6,0.0,nan,NAN,4.0,False,False,False,2.0,3.0,True,False
RB-001802,Rift Bloom - Timboroa Farm,Freedom,70.0,nan,25.0,95.0,2375.0,,2022-06-14,2022-06-16,2022-06-17,Norway,Marks & Spencer Flowers,USD,0.404,959.5,AIR FREIGHT,253.88,,0.0,nan,PAID,5.0,False,False,False,2.0,1.0,True,False
RB-000029,Rift Bloom - Kapseret Farm,Yellow Babe,60.0,A,10.0,306.0,3060.0,2022-04-14,2022-04-14,2022-04-16,2022-04-17,Japan,Aalsmeer Direct,EUR,0.121,370.26,AIR FREIGHT,394.6,2.6,0.0,nan,PAID,5.0,False,False,False,2.0,1.0,True,False
RB-000448,Rift Bloom - Kesses Farm,Sweetness,40.0,PREMIUM,25.0,37.0,925.0,2022-10-04,2022-04-12,2022-04-16,2022-04-18,France,Local Wholesaler - Eldoret,EUR,0.406,375.55,AIR FREIGHT,608.98,5.5,0.0,nan,PAID,4.0,False,False,False,4.0,2.0,True,False
RB-000821,Rift Bloom - Turbo Farm,Yellow Babe,80.0,C,20.0,133.0,2660.0,2023-08-22,2023-08-22,,2023-08-29,Russia,Carrefour Flowers,KES,66.3,176358.0,ROAD THEN AIR,181.46,2.6,0.0,nan,PAID,5.0,False,False,False,,,False,False
RB-002575,Rift Bloom - Timboroa Farm,Red Naomi,60.0,B,25.0,78.0,1950.0,2024-09-14,2024-09-16,2024-09-18,2024-09-20,U.A.E,Bloomon BV,USD,0.38,741.0,AIR FREIGHT,90.24,1.1,0.0,nan,NAN,4.0,False,False,False,2.0,2.0,True,False
RB-002153,Rift Bloom - Kapseret Farm,Freedom,60.0,B,40.0,63.0,2520.0,2024-11-27,,2024-11-30,2024-01-12,Netherlands,Marks & Spencer Flowers,EUR,0.314,791.28,ROAD THEN AIR,240.58,6.9,0.0,nan,NAN,4.0,False,False,False,,-323.0,False,False
RB-002749,Rift Bloom - Ziwa Farm,High & Magic,70.0,STANDARD,20.0,137.0,2740.0,2022-08-20,2022-08-20,2022-08-21,2022-08-24,Norway,Blume2000,KES,22.75,62335.0,AIR FREIGHT,202.4,2.2,0.0,nan,OVERDUE,4.0,False,False,False,1.0,3.0,True,False
RB-001794,Rift Bloom - Kesses Farm,Yellow Babe,0.0,A,20.0,138.0,2760.0,2024-05-24,2024-05-25,2024-05-26,2024-05-27,Australia,Local Wholesaler - Eldoret,USD,0.42,1159.2,AIR FREIGHT,393.3,2.9,0.0,nan,NAN,4.0,False,False,False,1.0,1.0,True,False
RB-002926,Rift Bloom - Turbo Farm,Circus,40.0,UNKNOWN,25.0,79.0,1975.0,2025-08-22,2025-08-22,2025-08-23,2025-08-27,United Arab Emirates,Bloomon BV,USD,0.513,1013.18,ROAD THEN AIR,445.91,1.3,0.0,None,PENDING,5.0,False,False,False,1.0,4.0,True,False
RB-002336,Rift Bloom - Kesses Farm,Freedom,90.0,A,40.0,147.0,5880.0,2022-08-28,2022-08-29,2022-01-09,2022-09-06,USA,Blume2000,USD,0.326,1916.88,AIR FREIGHT,124.6,0.3,0.0,nan,PAID,4.0,False,False,False,-232.0,240.0,False,False
RB-002468,Rift Bloom - Timboroa Farm,Yellow Babe,70.0,A,20.0,144.0,2880.0,2025-01-19,2025-01-19,2025-01-20,2025-01-25,USA,Marks & Spencer Flowers,USD,0.228,656.64,AIR FREIGHT,376.21,0.3,0.0,nan,PAID,2.0,False,False,False,1.0,5.0,True,False
RB-001943,Rift Bloom - Kesses Farm,Red Naomi,70.0,B,40.0,27.0,1080.0,2023-01-24,2023-01-26,2023-01-28,2023-01-29,United Kingdom,Dubai Flower Centre,EUR,0.37,399.6,UNKNOWN,193.31,0.8,0.0,nan,NAN,5.0,False,False,False,2.0,1.0,True,False
RB-001562,Rift Bloom - Kesses Farm,Red Naomi,60.0,STANDARD,10.0,157.0,1570.0,2023-10-07,2023-11-07,2023-12-07,2023-07-14,Switzerland,M-Farm Traders,EUR,0.407,638.99,NAN,379.98,3.2,0.0,nan,PENDING,4.0,False,False,False,30.0,-146.0,False,False
RB-001123,Rift Bloom - Timboroa Farm,Peach Avalanche,60.0,B,10.0,82.0,820.0,2022-08-05,2022-05-09,2022-05-12,2022-05-16,Japan,Bloomon BV,EUR,0.281,230.42,AIR FREIGHT,457.12,1.2,0.0,nan,PAID,5.0,False,False,False,3.0,4.0,True,False
RB-000780,Rift Bloom - Kapseret Farm,Red Naomi,70.0,nan,40.0,55.0,2200.0,2022-03-06,2022-03-06,2022-04-06,2022-06-05,Japan,Whole Foods Market,EUR,0.36,792.0,UNKNOWN,121.21,2.1,0.0,nan,NAN,4.0,False,False,False,31.0,60.0,True,False
RB-001024,Rift Bloom - Moiben Farm,Peach Avalanche,50.0,C,25.0,110.0,2750.0,2023-03-12,2023-12-03,2023-07-12,2023-09-12,Australia,Aalsmeer Direct,EUR,0.572,1573.0,AIR FREIGHT,365.93,0.2,0.0,nan,NAN,3.0,False,False,False,-144.0,62.0,False,False
RB-000005,Rift Bloom - Kapseret Farm,Tibet,70.0,B,20.0,37.0,740.0,2025-05-15,2025-05-15,2025-05-16,2025-05-17,Switzerland,Marks & Spencer Flowers,KES,61.88,45791.2,AIR FREIGHT,177.71,3.0,0.0,nan,PAID,4.0,False,False,False,1.0,1.0,True,False
RB-001328,Rift Bloom - Ziwa Farm,Explorer,60.0,B,25.0,87.0,2175.0,2025-07-03,2025-03-07,2025-07-05,2025-07-06,Poland,Local Wholesaler - Eldoret,USD,0.332,722.1,AIR FREIGHT,496.78,4.1,0.0,nan,PENDING,4.0,False,False,False,120.0,1.0,True,False
RB-003000,Rift Bloom - Timboroa Farm,Mondial,50.0,STANDARD,10.0,54.0,540.0,2022-09-24,2022-09-25,2022-09-28,2022-02-10,Switzerland,Whole Foods Market,KES,66.04,35661.6,ROAD THEN AIR,87.94,3.5,0.0,nan,UNKNOWN,5.0,False,False,False,3.0,-230.0,False,False
RB-001770,Rift Bloom - Kapseret Farm,Yellow Babe,60.0,A,10.0,216.0,2160.0,2024-12-29,2024-12-30,2025-01-02,2025-06-01,France,Blume2000,EUR,0.348,751.68,AIR FREIGHT,386.37,2.2,0.0,nan,PAID,4.0,False,False,False,3.0,150.0,True,False
RB-002768,Rift Bloom - Ziwa Farm,Freedom,70.0,A,10.0,310.0,3100.0,2023-03-17,2023-03-18,2023-03-19,2023-03-22,U.S.A,Marks & Spencer Flowers,USD,0.281,871.1,AIR FREIGHT,253.66,2.2,0.0,nan,NAN,5.0,False,False,False,1.0,3.0,True,False
RB-000351,Rift Bloom - Timboroa Farm,Tibet,90.0,PREMIUM,40.0,57.0,2280.0,2023-03-15,2023-03-15,2023-03-16,2023-03-22,Switzerland,M-Farm Traders,KES,70.98,161834.4,AIR FREIGHT,,,0.0,nan,PAID,4.0,False,False,False,1.0,6.0,True,False
RB-002592,Rift Bloom - Kesses Farm,Yellow Babe,70.0,A,10.0,145.0,1450.0,2025-09-05,2025-09-05,2025-08-09,2025-09-10,uae,Bloomon BV,EUR,0.245,355.25,AIR FREIGHT,549.72,1.4,0.0,None,PAID,4.0,False,False,False,-27.0,32.0,False,False
RB-000661,Rift Bloom - Moiben Farm,Freedom,60.0,nan,10.0,169.0,1690.0,2026-06-06,2026-06-07,2026-06-10,2026-06-15,France,Whole Foods Market,KES,28.21,47674.9,AIR FREIGHT,139.09,4.3,0.0,nan,PAID,4.0,False,False,False,3.0,5.0,True,False
RB-002780,Rift Bloom - Kapseret Farm,Red Naomi,50.0,PREMIUM,10.0,238.0,2380.0,2026-08-04,2026-04-08,2026-08-06,2026-08-07,Switzerland,Dubai Flower Centre,NAN,0.361,859.18,AIR FREIGHT,177.97,3.2,0.0,nan,NAN,5.0,False,False,False,120.0,1.0,True,False
RB-002311,Rift Bloom - Turbo Farm,FREEDOM,80.0,B,40.0,183.0,7320.0,2022-07-16,2022-07-17,2022-07-19,2022-07-25,Poland,Blume2000,EUR,0.412,3015.84,UNKNOWN,339.78,1.6,0.0,nan,PENDING,2.0,False,False,False,2.0,6.0,True,False
RB-000900,Rift Bloom - Moiben Farm,Peach Avalanche,50.0,A,10.0,333.0,3330.0,2024-09-28,2024-09-28,2024-02-10,2024-07-10,Poland,Blume2000,USD,0.43,1431.9,AIR FREIGHT,220.77,0.8,0.0,nan,NAN,4.0,False,False,False,-231.0,151.0,False,False
RB-000159,Rift Bloom - Kesses Farm,Sweetness,70.0,B,25.0,138.0,3450.0,2023-04-21,2023-04-22,2023-04-23,2023-04-29,Poland,Marks & Spencer Flowers,EUR,0.491,1693.95,NAN,12.82,1.6,0.0,nan,PAID,5.0,False,False,False,1.0,6.0,True,False
RB-002913,Rift Bloom - Moiben Farm,Explorer,90.0,PREMIUM,20.0,82.0,1640.0,2025-02-24,2025-02-25,2025-02-26,,USA,Dubai Flower Centre,KES,51.87,85066.8,NAN,,1.0,0.0,nan,PAID,4.0,False,False,False,1.0,,False,False
RB-000141,Rift Bloom - Moiben Farm,Red Naomi,60.0,B,20.0,192.0,3840.0,2026-12-02,2026-02-14,2026-02-17,2026-02-21,Norway,Whole Foods Market,USD,0.481,1847.04,AIR FREIGHT,151.23,4.0,0.0,nan,NAN,4.0,False,False,False,3.0,4.0,True,False
RB-001915,Rift Bloom - Moiben Farm,Pink Floyd,40.0,nan,20.0,131.0,2620.0,2022-04-04,2022-04-04,2022-06-04,2022-04-10,Japan,Marks & Spencer Flowers,UNKNOWN,0.312,817.44,AIR FREIGHT,,3.2,0.0,nan,NAN,1.0,False,False,False,61.0,-55.0,False,False
RB-002197,Rift Bloom - Moiben Farm,Mondial,70.0,C,10.0,55.0,550.0,2025-02-02,2025-02-02,2025-02-06,2025-11-02,usa,Aalsmeer Direct,EUR,0.606,333.3,AIR FREIGHT,72.28,3.9,30.0,Cold Chain Break,PAID,5.0,False,False,False,4.0,269.0,True,False
RB-000398,Rift Bloom - Kesses Farm,Circus,70.0,PREMIUM,20.0,116.0,2320.0,2024-07-28,2024-07-30,2024-08-02,2024-08-08,Netherlands,Interflora Russia,EUR,0.498,1155.36,AIR FREIGHT,171.43,1.4,0.0,nan,PENDING,5.0,False,False,False,3.0,6.0,True,False
RB-002143,Rift Bloom - Timboroa Farm,Circus,60.0,PREMIUM,20.0,44.0,880.0,2022-11-20,2022-11-21,2022-11-25,2022-11-30,USA,Marks & Spencer Flowers,USD,0.476,418.88,AIR FREIGHT,50.46,1.5,0.0,nan,OVERDUE,4.0,False,False,False,4.0,5.0,True,False
RB-002777,Rift Bloom - Turbo Farm,Pink Floyd,50.0,B,20.0,139.0,2780.0,2024-06-25,2024-06-26,2024-06-28,2024-07-03,Japan,Tokyo Flower Market,USD,0.379,1053.62,AIR FREIGHT,351.56,0.3,0.0,nan,OVERDUE,4.0,False,False,False,2.0,5.0,True,False
RB-001034,Rift Bloom - Moiben Farm,Peach Avalanche,60.0,B,20.0,120.0,2400.0,2023-07-16,2023-07-18,2023-07-20,2023-07-26,Switzerland,Interflora Russia,USD,0.354,849.6,AIR FREIGHT,82.75,,21.0,Bud Blast,PENDING,3.0,False,False,False,2.0,6.0,True,False
RB-001204,Rift Bloom - Kapseret Farm,Peach Avalanche,60.0,nan,25.0,33.0,825.0,2024-01-02,2024-01-03,2024-06-01,2024-09-01,Russia,Interflora Russia,NAN,0.217,179.03,AIR FREIGHT,512.69,2.9,0.0,nan,PAID,2.0,False,False,False,150.0,92.0,True,False
RB-002442,Rift Bloom - Kesses Farm,Athena,60.0,B,10.0,173.0,1730.0,2023-10-12,2023-10-13,2023-10-16,2023-10-22,United Kingdom,Blume2000,USD,0.257,444.61,AIR FREIGHT,333.21,-1.8,0.0,nan,NAN,2.0,False,False,True,3.0,6.0,True,False
RB-001969,rift bloom turbo farm,Pink Floyd,60.0,B,20.0,82.0,1640.0,2025-09-06,2025-06-09,2025-11-06,2025-06-16,USA,Interflora Russia,EUR,0.199,326.36,AIR FREIGHT,585.08,4.3,0.0,None,PENDING,4.0,False,False,False,150.0,-143.0,False,False
RB-000847,Rift Bloom - Kapseret Farm,Yellow Babe,60.0,STANDARD,20.0,236.0,4720.0,2023-10-20,2023-10-22,2023-10-23,2023-10-25,Russia,Interflora Russia,EUR,0.419,1977.68,AIR FREIGHT,222.25,3.2,4.0,nan,PENDING,5.0,False,False,False,1.0,2.0,True,False
RB-000252,Rift Bloom - Timboroa Farm,Avalanche,50.0,C,20.0,195.0,3900.0,2025-08-14,2025-08-14,2025-08-17,2025-08-21,UAE,Marks & Spencer Flowers,KES,50.83,1982370.0,AIR FREIGHT,200.82,1.2,0.0,nan,OVERDUE,4.0,False,False,False,3.0,4.0,True,False
RB-001388,Rift Bloom - Kapseret Farm,Sweetness,40.0,B,20.0,41.0,820.0,2026-04-19,2026-04-21,2026-04-23,2026-04-24,France,Bloomon BV,USD,0.415,340.3,AIR FREIGHT,432.8,2.6,0.0,nan,NAN,4.0,False,False,False,2.0,1.0,True,False
RB-002159,Rift Bloom - Kapseret Farm,Circus,50.0,nan,20.0,66.0,1320.0,2025-05-09,2025-09-07,2025-09-10,2025-09-13,Germany,Tokyo Flower Market,USD,0.462,609.84,AIR FREIGHT,,3.6,0.0,nan,NAN,4.0,False,False,False,3.0,3.0,True,False
RB-000807,Rift Bloom - Turbo Farm,High & Magic,60.0,B,10.0,70.0,700.0,2025-11-05,2025-05-12,2025-05-13,2025-05-15,Australia,Aalsmeer Direct,USD,0.436,305.2,AIR FREIGHT,120.78,-0.8,0.0,nan,OVERDUE,4.0,False,False,True,1.0,2.0,True,False
RB-002421,Rift Bloom - Kesses Farm,Mondial,50.0,PREMIUM,20.0,149.0,2980.0,2026-05-20,2026-05-21,2026-05-22,2026-05-24,Australia,FloraHolland Auction,USD,0.239,712.22,NAN,796.34,0.5,0.0,nan,OVERDUE,5.0,False,False,False,1.0,2.0,True,False
RB-000716,Rift Bloom - Kesses Farm,Yellow Babe,70.0,B,40.0,73.0,2920.0,2025-11-10,2025-10-13,2025-10-17,2025-10-19,Australia,Whole Foods Market,EUR,0.313,913.96,AIR FREIGHT,199.99,2.2,0.0,nan,PENDING,4.0,False,False,False,4.0,2.0,True,False
RB-002024,Rift Bloom - Moiben Farm,Explorer,40.0,nan,25.0,91.0,2275.0,2026-07-07,2026-07-07,2026-08-07,2026-10-07,Japan,Bloomon BV,USD,0.446,1014.65,AIR FREIGHT,191.72,3.0,0.0,nan,OVERDUE,3.0,False,False,False,31.0,61.0,True,False
RB-000988,Rift Bloom - Kapseret Farm,Vendela,50.0,B,25.0,137.0,3425.0,2025-04-26,2025-04-26,2025-04-27,2025-04-30,Russia,Blume2000,USD,0.123,421.27,ROAD THEN AIR,308.18,0.6,0.0,nan,OVERDUE,5.0,False,False,False,1.0,3.0,True,False
RB-001378,Rift Bloom - Moiben Farm,Mondial,40.0,STANDARD,20.0,134.0,2680.0,2023-03-03,2023-03-03,2023-07-03,2023-08-03,UK,Blume2000,EUR,0.278,745.04,AIR FREIGHT,256.91,3.5,17.0,Stem Bent,PENDING,5.0,False,False,False,122.0,31.0,True,False
RB-000196,Rift Bloom - Kesses Farm,Tibet,50.0,PREMIUM,40.0,31.0,1240.0,2023-11-12,2023-11-14,2023-11-18,2023-11-22,Netherlands,Marks & Spencer Flowers,USD,0.46,570.4,AIR FREIGHT,86.31,4.2,22.0,Bud Blast,PAID,4.0,False,False,False,4.0,4.0,True,False
RB-001263,Rift Bloom - Timboroa Farm,Athena,40.0,A,10.0,75.0,750.0,2025-02-17,2025-02-19,2025-02-21,2025-02-23,Poland,Whole Foods Market,KES,30.42,22815.0,AIR FREIGHT,382.13,0.1,0.0,nan,OVERDUE,4.0,False,False,False,2.0,2.0,True,False
RB-001045,Rift Bloom - Kapseret Farm,High & Magic,50.0,A,25.0,216.0,5400.0,2024-02-10,2024-02-10,2024-11-02,2024-02-17,Netherlands,Marks & Spencer Flowers,EUR,0.459,2478.6,AIR FREIGHT,,2.4,0.0,nan,PAID,5.0,False,False,False,266.0,-259.0,False,False
RB-000097,Rift Bloom - Turbo Farm,Avalanche,50.0,A,10.0,104.0,1040.0,2024-03-24,2024-03-24,2024-03-28,2024-03-31,Norway,Local Wholesaler - Eldoret,UNKNOWN,0.372,386.88,AIR FREIGHT,245.85,4.0,17.0,?,NAN,4.0,False,False,False,4.0,3.0,True,True
RB-000442,Rift Bloom - Ziwa Farm,Avalanche,60.0,A,40.0,79.0,3160.0,2025-12-14,2025-12-15,,2025-12-20,Germany,FloraHolland Auction,EUR,0.248,783.68,AIR FREIGHT,879.37,0.9,7.0,-,NAN,3.0,False,False,False,,,False,True
RB-002554,Rift Bloom - Ziwa Farm,FREEDOM,90.0,UNKNOWN,25.0,136.0,3400.0,2024-12-01,2024-01-13,2024-01-15,2024-01-16,France,FloraHolland Auction,USD,0.303,1030.2,AIR FREIGHT,136.41,3.4,0.0,nan,UNKNOWN,4.0,False,False,False,2.0,1.0,True,False
RB-002388,Rift Bloom - Turbo Farm,Vendela,90.0,PREMIUM,25.0,92.0,2300.0,2024-06-10,2024-11-06,2024-06-15,2024-06-20,Switzerland,Whole Foods Market,NAN,0.409,940.7,ROAD THEN AIR,343.47,,0.0,nan,PAID,5.0,False,False,False,-144.0,5.0,False,False
RB-001496,Rift Bloom - Kesses Farm,Mondial,60.0,UNKNOWN,10.0,41.0,410.0,2024-11-22,2024-11-24,2024-11-28,2024-02-12,UK,Dubai Flower Centre,NAN,0.438,179.58,AIR FREIGHT,521.18,4.3,0.0,nan,NAN,5.0,False,False,False,4.0,-290.0,False,False
RB-000331,Rift Bloom - Moiben Farm,Sweetness,40.0,PREMIUM,40.0,150.0,6000.0,2022-12-15,2022-12-15,2022-12-17,2022-12-22,United Arab Emirates,FloraHolland Auction,EUR,0.371,2226.0,AIR FREIGHT,138.1,1.7,0.0,nan,NAN,4.0,False,False,False,2.0,5.0,True,False
RB-000862,Rift Bloom - Ziwa Farm,Vendela,90.0,PREMIUM,10.0,134.0,1340.0,2024-01-27,2024-01-29,2024-01-31,2024-02-03,Netherlands,Blume2000,USD,0.288,385.92,AIR FREIGHT,223.91,2.3,0.0,nan,NAN,4.0,False,False,False,2.0,3.0,True,False
RB-002713,Rift Bloom - Ziwa Farm,Red-Naomi,50.0,C,40.0,136.0,5440.0,2025-01-29,2025-01-29,2025-02-01,2025-02-03,Japan,Local Wholesaler - Eldoret,EUR,0.176,957.44,ROAD THEN AIR,335.48,3.0,0.0,nan,OVERDUE,5.0,False,False,False,3.0,2.0,True,False
RB-001112,Rift Bloom - Turbo Farm,Red Naomi,90.0,PREMIUM,20.0,100.0,2000.0,2026-07-26,2026-07-28,,,United Kingdom,Dubai Flower Centre,EUR,0.067,134.0,NAN,92.54,18.4,0.0,nan,PAID,4.0,False,False,False,,,False,False
RB-002783,Rift Bloom - Kesses Farm,Yellow Babe,50.0,B,10.0,166.0,1660.0,2024-12-29,2024-12-31,2025-01-01,2025-05-01,United Arab Emirates,Local Wholesaler - Eldoret,EUR,0.374,620.84,AIR FREIGHT,546.68,5.0,0.0,nan,PAID,5.0,False,False,False,1.0,120.0,True,False
RB-002644,Rift Bloom - Kapseret Farm,Tibet,90.0,PREMIUM,20.0,47.0,940.0,2025-12-21,2025-12-23,2025-12-26,2025-12-31,France,Local Wholesaler - Eldoret,USD,0.419,393.86,ROAD THEN AIR,209.2,0.9,0.0,nan,PENDING,3.0,False,False,False,3.0,5.0,True,False
RB-001166,Rift Bloom - Timboroa Farm,Peach Avalanche,-50.0,PREMIUM,40.0,98.0,3920.0,2026-06-15,2026-06-15,2026-06-19,2026-06-22,Australia,Aalsmeer Direct,EUR,0.379,1485.68,NAN,332.7,0.5,0.0,nan,PENDING,5.0,False,False,False,4.0,3.0,True,False
RB-002535,Rift Bloom - Ziwa Farm,Peach Avalanche,50.0,PREMIUM,40.0,153.0,6120.0,2023-12-09,2023-12-11,2023-12-12,2023-12-16,United Arab Emirates,Tokyo Flower Market,EUR,0.366,2239.92,AIR FREIGHT,189.43,,0.0,nan,PENDING,3.0,False,False,False,1.0,4.0,True,False
RB-000595,Rift Bloom - Turbo Farm,Circus,90.0,C,40.0,-68.0,-2720.0,2022-04-21,2022-04-21,2022-04-23,2022-04-24,Holland,Marks & Spencer Flowers,EUR,0.198,-538.56,NAN,571.46,3.8,0.0,nan,OVERDUE,4.0,False,False,False,2.0,1.0,True,False
RB-001854,Rift Bloom - Ziwa Farm,Avalanche,70.0,STANDARD,10.0,160.0,1600.0,2025-03-09,2025-09-04,2025-09-06,2025-09-12,Norway,Tokyo Flower Market,NAN,0.472,755.2,AIR FREIGHT,,5.5,0.0,nan,PAID,3.0,False,False,False,2.0,6.0,True,False
RB-001551,Rift Bloom - Moiben Farm,Avalanche+,70.0,PREMIUM,25.0,72.0,1800.0,2026-05-11,2026-05-11,2026-05-12,2026-05-16,Australia,Bloomon BV,USD,0.492,885.6,ROAD THEN AIR,,3.7,0.0,nan,PAID,5.0,False,False,False,1.0,4.0,True,False
RB-000557,Rift Bloom - Moiben Farm,Sweetness,40.0,A,25.0,312.0,7800.0,2025-07-05,2025-07-05,2025-10-05,2025-05-13,Poland,Interflora Russia,NAN,0.452,3525.6,NAN,249.57,3.2,0.0,nan,OVERDUE,5.0,False,False,False,92.0,-145.0,False,False
RB-002844,Rift Bloom - Kapseret Farm,High & Magic,70.0,B,10.0,51.0,510.0,2025-05-27,2025-05-27,2025-05-29,2025-06-02,Norway,Bloomon BV,NAN,0.436,222.36,AIR FREIGHT,411.45,-0.3,0.0,nan,PAID,5.0,False,False,True,2.0,4.0,True,False
RB-000542,Rift Bloom - Ziwa Farm,Cool Water,90.0,STANDARD,10.0,149.0,1490.0,2024-01-22,2024-01-24,2024-01-26,2024-01-29,France,Interflora Russia,EUR,0.085,126.65,NAN,329.19,1.4,0.0,nan,PAID,5.0,False,False,False,2.0,3.0,True,False
RB-000265,Rift Bloom - Kapseret Farm,Yellow Babe,50.0,A,25.0,63.0,1575.0,2025-01-07,2025-01-09,2025-01-11,2025-01-14,Poland,Whole Foods Market,EUR,0.342,538.65,AIR FREIGHT,339.72,-0.2,0.0,nan,UNKNOWN,4.0,False,False,True,2.0,3.0,True,False
RB-001189,Rift Bloom - Moiben Farm,Pink Floyd,60.0,C,10.0,81.0,810.0,2023-11-10,2023-10-11,2023-10-15,2023-10-18,Russia,Dubai Flower Centre,USD,0.229,185.49,AIR FREIGHT,308.52,1.7,19.0,nan,PAID,4.0,False,False,False,4.0,3.0,True,False
RB-001648,Rift Bloom - Kesses Farm,Pink Floyd,80.0,nan,10.0,330.0,3300.0,2025-03-24,2025-03-25,2025-03-27,2025-04-02,United Kingdom,Carrefour Flowers,KES,37.18,122694.0,UNKNOWN,298.72,1.6,0.0,nan,PAID,4.0,False,False,False,2.0,6.0,True,False
RB-001364,Rift Bloom - Ziwa Farm,Athena,60.0,A,40.0,111.0,4440.0,2024-08-30,2024-08-30,2024-03-09,2024-04-09,UAE,Tokyo Flower Market,USD,0.315,1398.6,NAN,448.95,2.0,0.0,nan,NAN,4.0,False,False,False,-174.0,31.0,False,False
RB-002930,Rift Bloom - Ziwa Farm,Cool Water,50.0,PREMIUM,20.0,92.0,1840.0,2023-06-19,2023-06-19,2023-06-22,2023-06-24,Russia,Bloomon BV,USD,0.285,524.4,AIR FREIGHT,645.41,0.6,0.0,nan,PAID,4.0,False,False,False,3.0,2.0,True,False
RB-001418,Rift Bloom - Kapseret Farm,Vendela,60.0,B,25.0,192.0,4800.0,2022-06-20,2022-06-22,2022-06-25,2022-06-26,Switzerland,Bloomon BV,USD,0.454,2179.2,AIR FREIGHT,109.04,2.4,0.0,nan,PAID,3.0,False,False,False,3.0,1.0,True,False
RB-001065,Rift Bloom - Turbo Farm,Peach Avalanche,50.0,A,10.0,253.0,2530.0,2023-04-18,2023-04-19,2023-04-21,2023-04-22,Poland,FloraHolland Auction,EUR,0.422,1067.66,AIR FREIGHT,175.26,1.7,80.0,Stem Bent,PAID,4.0,False,False,False,2.0,1.0,True,False
RB-000554,Rift Bloom - Ziwa Farm,Athena,70.0,C,10.0,180.0,1800.0,2023-01-20,2023-01-20,2023-01-24,2023-01-26,France,Whole Foods Market,EUR,0.276,496.8,AIR FREIGHT,498.04,2.9,0.0,nan,PENDING,4.0,False,False,False,4.0,2.0,True,False
RB-000468,Rift Bloom - Turbo Farm,Explorer,50.0,C,25.0,182.0,4550.0,2023-09-17,2023-09-17,2023-09-20,2023-09-24,Switzerland,Carrefour Flowers,KES,34.32,156156.0,AIR FREIGHT,164.56,0.9,0.0,nan,PAID,5.0,False,False,False,3.0,4.0,True,False
RB-002058,Rift Bloom - Moiben Farm,Explorer,80.0,A,10.0,70.0,700.0,2023-03-14,2023-03-14,2023-03-17,2023-03-23,Germany,Dubai Flower Centre,KES,29.51,20657.0,AIR FREIGHT,262.0,3.3,0.0,nan,PAID,4.0,False,False,False,3.0,6.0,True,False
RB-001253,Rift Bloom - Turbo Farm,Athena,60.0,A,40.0,139.0,5560.0,2025-07-28,2025-07-29,2025-07-31,2025-06-08,United Kingdom,M-Farm Traders,KES,47.45,263822.0,AIR FREIGHT,95.29,1.1,23.0,Botrytis,PAID,5.0,False,False,False,2.0,-53.0,False,False
RB-002168,Rift Bloom - Kesses Farm,Yellow Babe,70.0,B,40.0,140.0,5600.0,2026-04-04,2026-05-04,2026-04-07,2026-04-08,Germany,Marks & Spencer Flowers,USD,0.267,1495.2,ROAD THEN AIR,43.97,2.6,0.0,nan,PENDING,4.0,False,False,False,-27.0,1.0,False,False
RB-001382,Rift Bloom - Moiben Farm,FREEDOM,50.0,PREMIUM,20.0,78.0,1560.0,2024-04-01,2024-01-04,2024-07-01,2024-10-01,Switzerland,Tokyo Flower Market,EUR,0.408,636.48,NAN,86.81,2.8,0.0,nan,NAN,2.0,False,False,False,179.0,92.0,True,False
RB-002738,Rift Bloom - Timboroa Farm,Freedom,90.0,B,40.0,233.0,9320.0,2024-12-16,2024-12-18,2024-12-21,2024-12-26,Russia,Bloomon BV,USD,0.399,3718.68,NAN,57.69,-1.5,0.0,nan,NAN,5.0,False,False,True,3.0,5.0,True,False
RB-001967,Rift Bloom - Moiben Farm,High & Magic,70.0,B,10.0,88.0,880.0,2022-01-02,2022-03-02,2022-06-02,2022-02-08,Japan,Dubai Flower Centre,EUR,0.384,337.92,AIR FREIGHT,10.83,1.2,0.0,nan,PENDING,4.0,False,False,False,92.0,-114.0,False,False
RB-001765,Rift Bloom - Kapseret Farm,Circus,50.0,A,20.0,78.0,1560.0,2026-03-21,2026-03-22,2026-03-23,2026-03-25,Australia,Blume2000,EUR,0.428,667.68,AIR FREIGHT,485.49,1.5,0.0,nan,PENDING,4.0,False,False,False,1.0,2.0,True,False
RB-002615,Rift Bloom - Moiben Farm,Mondial,40.0,UNKNOWN,20.0,46.0,920.0,2026-05-01,2026-07-01,2026-01-11,2026-01-13,Poland,Local Wholesaler - Eldoret,KES,66.69,61354.8,AIR FREIGHT,60.31,1.7,0.0,nan,NAN,5.0,False,False,False,-171.0,2.0,False,False
RB-000022,Rift Bloom - Moiben Farm,Pink Floyd,70.0,B,25.0,43.0,1075.0,2022-02-14,2022-02-14,,2022-02-19,Poland,Whole Foods Market,KES,21.97,23617.75,AIR FREIGHT,200.71,0.8,1.0,Stem Bent,PAID,5.0,False,False,False,,,False,False
RB-001911,Rift Bloom - Turbo Farm,Circus,60.0,B,10.0,102.0,1020.0,2022-01-25,2022-01-26,2022-01-30,2022-05-02,Norway,Blume2000,EUR,0.286,291.72,AIR FREIGHT,101.88,0.8,18.0,nan,PENDING,3.0,False,False,False,4.0,92.0,True,False
RB-002400,Rift Bloom - Turbo Farm,Freedom,60.0,PREMIUM,20.0,38.0,760.0,2024-06-29,2024-06-30,2024-07-01,2024-07-07,France,FloraHolland Auction,NAN,0.59,448.4,NAN,162.95,1.8,0.0,nan,PENDING,5.0,False,False,False,1.0,6.0,True,False
RB-001426,Rift Bloom - Turbo Farm,Circus,80.0,STANDARD,10.0,42.0,420.0,2024-12-11,2024-12-13,2024-12-17,2024-12-19,Japan,Dubai Flower Centre,EUR,0.438,183.96,NAN,318.06,0.7,0.0,nan,OVERDUE,4.0,False,False,False,4.0,2.0,True,False
RB-001524,Rift Bloom - Kesses Farm,Sweetness,50.0,PREMIUM,20.0,167.0,3340.0,2023-07-30,2023-07-30,2023-01-08,2023-08-02,USA,Aalsmeer Direct,USD,0.497,1659.98,AIR FREIGHT,200.72,5.3,11.0,-,PENDING,4.0,False,False,False,-203.0,206.0,False,True
RB-001464,Rift Bloom - Kapseret Farm,Tibet,50.0,C,25.0,12.0,300.0,2024-12-23,2024-12-24,2024-12-27,2024-12-28,France,Aalsmeer Direct,USD,0.397,119.1,AIR FREIGHT,493.13,0.7,0.0,nan,NAN,5.0,False,False,False,3.0,1.0,True,False
RB-000230,Rift Bloom - Turbo Farm,Explorer,40.0,A,20.0,79.0,1580.0,2024-07-28,2024-07-28,2024-07-31,2024-08-01,Australia,M-Farm Traders,USD,0.325,513.5,ROAD THEN AIR,213.46,1.5,0.0,nan,OVERDUE,5.0,False,False,False,3.0,1.0,True,False
RB-002113,Rift Bloom - Kesses Farm,Circus,90.0,PREMIUM,20.0,128.0,2560.0,2023-09-14,2023-09-16,2023-09-18,2023-09-23,Poland,FloraHolland Auction,USD,0.29,742.4,AIR FREIGHT,37.9,4.6,0.0,nan,PAID,4.0,False,False,False,2.0,5.0,True,False
RB-001353,Rift Bloom - Ziwa Farm,Tibet,70.0,A,10.0,159.0,1590.0,2025-04-01,2025-04-01,2025-04-04,2025-04-07,Netherlands,Marks & Spencer Flowers,EUR,0.432,686.88,AIR FREIGHT,74.49,-0.1,0.0,nan,OVERDUE,5.0,False,False,True,3.0,3.0,True,False
RB-000287,Rift Bloom - Timboroa Farm,Red Naomi,70.0,A,40.0,6.0,240.0,2023-11-26,2023-11-28,2023-11-30,2023-02-12,Japan,Whole Foods Market,USD,0.322,77.28,AIR FREIGHT,122.12,0.1,0.0,nan,NAN,4.0,False,False,False,2.0,-291.0,False,False
RB-001484,Rift Bloom - Kapseret Farm,Sweetness,50.0,B,40.0,194.0,7760.0,2026-04-15,2026-04-16,2026-04-20,2026-04-24,Netherlands,M-Farm Traders,EUR,0.238,1846.88,NAN,307.73,7.3,37.0,nan,OVERDUE,5.0,False,False,False,4.0,4.0,True,False
RB-001875,Rift Bloom - Kapseret Farm,Avalanche,50.0,A,10.0,-123.0,-1230.0,2023-02-04,,2023-07-04,2023-04-11,United Kingdom,FloraHolland Auction,USD,0.506,-622.38,UNKNOWN,73.55,1.1,15.0,nan,PENDING,3.0,False,False,False,,-84.0,False,False
RB-000811,Rift Bloom - Moiben Farm,Circus,70.0,PREMIUM,10.0,105.0,1050.0,2026-07-15,2026-07-15,2026-07-17,2026-07-23,Poland,Carrefour Flowers,USD,0.301,316.05,AIR FREIGHT,438.28,,0.0,nan,PENDING,5.0,False,False,False,2.0,6.0,True,False
RB-002285,Rift Bloom - Turbo Farm,Explorer,50.0,nan,10.0,59.0,590.0,2026-06-17,2026-06-18,2026-06-19,2026-06-22,Germany,Tokyo Flower Market,EUR,0.242,142.78,ROAD THEN AIR,96.69,1.4,0.0,nan,PAID,5.0,False,False,False,1.0,3.0,True,False
RB-000432,Rift Bloom - Turbo Farm,High & Magic,90.0,B,10.0,46.0,460.0,2026-03-08,2026-03-08,2026-11-03,2026-03-15,United Kingdom,Local Wholesaler - Eldoret,NAN,0.323,148.58,AIR FREIGHT,226.4,2.3,0.0,nan,NAN,5.0,False,False,False,240.0,-233.0,False,False
RB-001781,Rift Bloom - Kapseret Farm,High & Magic,80.0,A,25.0,125.0,3125.0,2022-02-16,2022-02-16,2022-02-19,2022-02-21,Switzerland,Blume2000,KES,41.6,130000.0,NAN,265.12,4.4,41.0,nan,PENDING,4.0,False,False,False,3.0,2.0,True,False
RB-000199,Rift Bloom - Timboroa Farm,Freedom,40.0,A,20.0,63.0,1260.0,2026-06-27,2026-06-28,2026-06-30,2026-06-07,United Arab Emirates,M-Farm Traders,UNKNOWN,0.262,330.12,AIR FREIGHT,190.63,3.7,0.0,nan,NAN,5.0,True,False,False,2.0,-23.0,False,False
RB-000621,Rift Bloom - Timboroa Farm,Freedom,90.0,A,40.0,100.0,4000.0,2025-02-07,2025-02-09,2025-10-02,2025-11-02,United Arab Emirates,FloraHolland Auction,NAN,0.37,1480.0,NAN,651.33,2.2,0.0,nan,OVERDUE,5.0,False,False,False,235.0,31.0,True,False
RB-000937,Rift Bloom - Kesses Farm,High & Magic,70.0,B,10.0,83.0,830.0,2022-09-23,2022-09-25,2022-09-27,2022-10-01,United Kingdom,Interflora Russia,KES,50.05,41541.5,ROAD THEN AIR,376.48,1.5,0.0,nan,NAN,5.0,False,False,False,2.0,4.0,True,False
RB-001203,Rift Bloom - Ziwa Farm,Pink Floyd,90.0,PREMIUM,20.0,162.0,3240.0,2025-08-19,2025-08-21,2025-08-24,2025-08-26,Russia,Dubai Flower Centre,UNKNOWN,0.254,822.96,AIR FREIGHT,408.05,0.5,9.0,Undersized Stems,PENDING,4.0,False,False,False,3.0,2.0,True,False
RB-002146,Rift Bloom - Ziwa Farm,Sweetness,60.0,PREMIUM,25.0,125.0,3125.0,2024-06-19,2024-06-19,2024-06-22,2024-06-28,USA,Tokyo Flower Market,EUR,0.134,418.75,AIR FREIGHT,,0.8,0.0,nan,PAID,4.0,False,False,False,3.0,6.0,True,False
RB-002753,Rift Bloom - Timboroa Farm,Tibet,70.0,PREMIUM,10.0,48.0,480.0,2023-10-08,2023-08-12,2023-08-16,2023-08-17,Netherlands,Interflora Russia,UNKNOWN,0.209,100.32,AIR FREIGHT,371.22,2.9,0.0,nan,OVERDUE,4.0,False,False,False,4.0,1.0,True,False
RB-001746,Rift Bloom - Moiben Farm,Avalanche,70.0,nan,40.0,139.0,5560.0,2025-06-13,2025-06-15,2025-06-19,2025-06-20,Germany,Whole Foods Market,NAN,0.415,2307.4,AIR FREIGHT,320.28,1.6,0.0,None,PAID,5.0,False,False,False,4.0,1.0,True,False
RB-001560,Rift Bloom - Ziwa Farm,Athena,70.0,PREMIUM,10.0,143.0,1430.0,2024-05-18,2024-05-20,2024-05-23,2024-05-26,United Kingdom,Whole Foods Market,UNKNOWN,0.368,526.24,AIR FREIGHT,508.51,1.4,9.0,Wilting,PAID,5.0,False,False,False,3.0,3.0,True,False
RB-000860,Rift Bloom - Kapseret Farm,High & Magic,60.0,nan,10.0,83.0,830.0,2022-08-08,2022-08-08,2022-11-08,2022-08-12,France,Marks & Spencer Flowers,EUR,0.221,183.43,AIR FREIGHT,141.09,1.8,0.0,nan,NAN,4.0,False,False,False,92.0,-88.0,False,False
RB-002795,Rift Bloom - Turbo Farm,Athena,60.0,A,20.0,136.0,2720.0,,2023-09-17,2023-09-18,2023-09-22,Germany,FloraHolland Auction,EUR,0.255,693.6,AIR FREIGHT,95.29,0.0,0.0,nan,PENDING,4.0,False,False,False,1.0,4.0,True,False
RB-001807,Rift Bloom - Timboroa Farm,Avalanche,60.0,B,25.0,163.0,4075.0,2024-06-30,2024-06-30,2024-02-07,2024-05-07,France,Dubai Flower Centre,EUR,0.507,2066.03,AIR FREIGHT,285.23,,0.0,nan,NAN,4.0,False,False,False,-144.0,90.0,False,False
RB-000128,Rift Bloom - Turbo Farm,Yellow Babe,50.0,nan,20.0,179.0,3580.0,2024-11-09,,2024-11-11,2024-11-12,Netherlands,Bloomon BV,KES,39.78,142412.4,AIR FREIGHT,,-0.9,0.0,nan,PAID,4.0,False,False,True,,1.0,False,False
RB-002164,Rift Bloom - Kesses Farm,Pink Floyd,40.0,C,10.0,252.0,2520.0,2026-07-28,2026-07-29,,2026-03-08,Switzerland,Carrefour Flowers,EUR,0.409,1030.68,AIR FREIGHT,340.17,1.4,0.0,nan,PENDING,5.0,False,False,False,,,False,False
RB-000979,Rift Bloom - Ziwa Farm,Explorer,80.0,PREMIUM,20.0,94.0,1880.0,2025-03-07,2025-05-07,2025-07-07,2025-11-07,France,Marks & Spencer Flowers,USD,0.356,669.28,AIR FREIGHT,48.91,,0.0,nan,PENDING,5.0,False,False,False,61.0,123.0,True,False
RB-000624,Rift Bloom - Turbo Farm,Pink Floyd,70.0,nan,40.0,66.0,2640.0,2025-06-24,2025-06-25,2025-06-27,2025-03-07,The Netherlands,Carrefour Flowers,NAN,0.367,968.88,AIR FREIGHT,517.8,,0.0,nan,PAID,4.0,False,False,False,2.0,-112.0,False,False
RB-000689,Rift Bloom - Moiben Farm,Red Naomi,60.0,STANDARD,40.0,216.0,8640.0,2023-11-02,2023-03-11,2023-11-07,2023-11-08,Germany,Aalsmeer Direct,NAN,0.197,1702.08,AIR FREIGHT,135.01,,0.0,nan,PENDING,5.0,False,False,False,241.0,1.0,True,False
RB-001853,Rift Bloom - Ziwa Farm,Sweetness,70.0,A,40.0,120.0,4800.0,2022-05-05,2022-07-05,2022-05-09,2022-05-11,Netherlands,Blume2000,NAN,0.353,1694.4,AIR FREIGHT,150.55,0.0,0.0,nan,NAN,5.0,False,False,False,-57.0,2.0,False,False
RB-000996,Rift Bloom - Kapseret Farm,Yellow Babe,60.0,nan,20.0,68.0,1360.0,2024-05-13,2024-05-15,2024-05-16,2024-05-20,United Kingdom,FloraHolland Auction,NAN,0.575,782.0,NAN,232.18,1.6,0.0,nan,PENDING,3.0,False,False,False,1.0,4.0,True,False
RB-001772,Rift Bloom - Timboroa Farm,Red Naomi,40.0,A,40.0,54.0,2160.0,2023-11-09,2023-11-11,2023-12-11,2023-11-13,Switzerland,Marks & Spencer Flowers,USD,0.374,807.84,NAN,495.15,2.0,0.0,nan,NAN,5.0,True,False,False,30.0,-28.0,False,False
RB-001784,Rift Bloom - Turbo Farm,Sweetness,80.0,B,10.0,26.0,260.0,2023-01-01,2023-02-01,2023-01-06,2023-10-01,Norway,Aalsmeer Direct,EUR,0.483,125.58,ROAD THEN AIR,501.1,3.1,0.0,None,PAID,5.0,False,False,False,-26.0,268.0,False,False
RB-000611,Rift Bloom - Ziwa Farm,Freedom,70.0,C,20.0,55.0,1100.0,2023-09-26,2023-09-27,2023-09-29,2023-10-05,Japan,Whole Foods Market,USD,0.328,360.8,ROAD THEN AIR,305.19,2.2,0.0,nan,PAID,3.0,True,False,False,2.0,6.0,True,False
RB-000459,Rift Bloom - Kapseret Farm,Red Naomi,60.0,PREMIUM,40.0,118.0,4720.0,2026-08-02,,2026-02-12,2026-02-18,Germany,M-Farm Traders,NAN,0.123,580.56,AIR FREIGHT,636.13,1.7,0.0,nan,PAID,3.0,False,False,False,,6.0,False,False
RB-002728,Rift Bloom - Turbo Farm,Cool Water,80.0,C,40.0,212.0,8480.0,2024-12-02,2024-12-02,2024-02-16,2024-02-19,Norway,Aalsmeer Direct,NAN,0.411,3485.28,NAN,257.36,4.1,0.0,nan,PENDING,5.0,False,False,False,-290.0,3.0,False,False
RB-000463,Rift Bloom - Kapseret Farm,High & Magic,50.0,A,10.0,69.0,690.0,2024-03-27,2024-03-29,2024-04-02,2024-03-04,Poland,Carrefour Flowers,EUR,0.156,107.64,AIR FREIGHT,189.22,-0.4,0.0,nan,PENDING,5.0,False,False,True,4.0,-29.0,False,False
RB-000793,Rift Bloom - Ziwa Farm,Mondial,60.0,C,10.0,74.0,740.0,2022-05-27,2022-05-28,2022-05-30,2022-05-06,Russia,Dubai Flower Centre,KES,40.56,30014.4,AIR FREIGHT,226.02,2.8,0.0,nan,PENDING,4.0,False,False,False,2.0,-24.0,False,False
RB-000505,Rift Bloom - Ziwa Farm,High & Magic,50.0,B,40.0,148.0,5920.0,2024-03-25,2024-03-26,2024-03-27,2024-03-31,Australia,Whole Foods Market,KES,56.81,336315.2,ROAD THEN AIR,60.85,1.8,0.0,nan,NAN,5.0,False,False,False,1.0,4.0,True,False
RB-000309,Rift Bloom - Ziwa Farm,Tibet,40.0,C,25.0,159.0,3975.0,2025-09-26,2025-09-26,2025-09-29,2025-01-10,Norway,Bloomon BV,USD,0.418,1661.55,AIR FREIGHT,394.31,0.7,0.0,nan,PENDING,5.0,False,False,False,3.0,-262.0,False,False
RB-001587,Rift Bloom - Moiben Farm,Vendela,60.0,PREMIUM,40.0,141.0,5640.0,2026-01-06,2026-07-01,2026-10-01,2026-11-01,USA,Bloomon BV,NAN,0.232,1308.48,NAN,250.01,2.6,0.0,nan,PAID,4.0,False,False,False,92.0,31.0,True,False
RB-000364,Rift Bloom - Timboroa Farm,Athena,70.0,PREMIUM,20.0,188.0,3760.0,2022-10-20,2022-10-21,2022-10-23,2022-10-29,Norway,Tokyo Flower Market,USD,0.53,1992.8,AIR FREIGHT,171.43,4.6,0.0,nan,OVERDUE,4.0,False,False,False,2.0,6.0,True,False
RB-000580,Rift Bloom - Kapseret Farm,Explorer,60.0,nan,10.0,42.0,420.0,2023-11-09,2023-09-12,2023-09-14,2023-09-16,USA,Bloomon BV,EUR,0.464,194.88,AIR FREIGHT,269.63,0.3,0.0,nan,PAID,4.0,False,False,False,2.0,2.0,True,False
RB-002338,Rift Bloom - Turbo Farm,Sweetness,50.0,STANDARD,40.0,114.0,4560.0,2024-09-10,2024-12-09,2024-09-14,2024-09-15,France,Tokyo Flower Market,KES,65.0,296400.0,UNKNOWN,102.84,1.7,65.0,Cold Chain Break,PAID,5.0,False,False,False,-86.0,1.0,False,False
RB-001012,Rift Bloom - Turbo Farm,Peach Avalanche,60.0,B,25.0,349.0,8725.0,2022-02-07,2022-07-04,2022-07-07,2022-10-07,Norway,Interflora Russia,USD,0.681,5941.73,AIR FREIGHT,356.85,1.9,0.0,nan,PAID,5.0,False,False,False,3.0,92.0,True,False
RB-002947,Rift Bloom - Turbo Farm,Sweetness,50.0,nan,10.0,78.0,780.0,2025-07-11,2025-08-11,2025-11-12,2025-11-18,Russia,Carrefour Flowers,EUR,0.28,218.4,ROAD THEN AIR,424.99,3.3,0.0,nan,NAN,3.0,False,False,False,93.0,6.0,True,False
RB-001243,Rift Bloom - Timboroa Farm,Athena,60.0,PREMIUM,25.0,120.0,3000.0,2025-10-14,2025-10-15,2025-10-18,2025-10-22,France,Carrefour Flowers,USD,0.144,432.0,AIR FREIGHT,165.03,1.3,10.0,Undersized Stems,PAID,5.0,False,False,False,3.0,4.0,True,False
RB-002709,Rift Bloom - Moiben Farm,Freedom,60.0,B,10.0,32.0,320.0,2025-12-16,2025-12-18,2025-12-22,2025-12-26,Switzerland,Carrefour Flowers,EUR,0.315,100.8,AIR FREIGHT,534.18,,0.0,nan,NAN,5.0,False,False,False,4.0,4.0,True,False
RB-002145,Rift Bloom - Kapseret Farm,Explorer,60.0,B,40.0,131.0,5240.0,2022-11-15,2022-11-16,2022-11-17,2022-11-20,Netherlands,Aalsmeer Direct,KES,52.26,273842.4,NAN,159.0,1.4,0.0,nan,NAN,4.0,False,False,False,1.0,3.0,True,False
RB-001303,Rift Bloom - Timboroa Farm,Cool Water,70.0,PREMIUM,10.0,116.0,1160.0,2022-04-21,,2022-04-26,2022-04-27,Germany,Aalsmeer Direct,UNKNOWN,0.165,191.4,AIR FREIGHT,310.71,3.8,21.0,Botrytis,NAN,5.0,False,False,False,,1.0,False,False
RB-001939,Rift Bloom - Timboroa Farm,Cool Water,60.0,B,40.0,144.0,5760.0,2023-10-20,2023-10-22,2023-10-23,2023-10-26,Switzerland,Bloomon BV,NAN,0.207,1192.32,AIR FREIGHT,269.87,2.8,0.0,nan,PENDING,3.0,False,False,False,1.0,3.0,True,False
RB-002788,Rift Bloom - Kesses Farm,Mondial,40.0,nan,10.0,48.0,480.0,2025-10-08,2025-10-08,2025-10-10,2025-10-16,Poland,FloraHolland Auction,NAN,0.33,158.4,AIR FREIGHT,,3.3,0.0,nan,PENDING,2.0,False,False,False,2.0,6.0,True,False
RB-000189,Rift Bloom - Moiben Farm,Circus,60.0,UNKNOWN,20.0,36.0,720.0,2023-03-05,2023-05-03,2023-04-05,2023-05-08,Germany,FloraHolland Auction,KES,18.07,13010.4,AIR FREIGHT,184.36,3.2,0.0,nan,PAID,4.0,False,False,False,-28.0,33.0,False,False
RB-001694,Rift Bloom - Moiben Farm,Red Naomi,50.0,PREMIUM,40.0,37.0,1480.0,2022-11-27,2022-11-29,2022-12-02,2022-05-12,France,Blume2000,NAN,0.103,152.44,AIR FREIGHT,463.52,3.9,0.0,nan,PENDING,1.0,False,False,False,3.0,-204.0,False,False
RB-002171,Rift Bloom - Kesses Farm,Freedom,50.0,B,25.0,108.0,2700.0,2023-09-19,2023-09-20,2023-09-24,2023-09-30,USA,FloraHolland Auction,USD,0.249,672.3,AIR FREIGHT,268.3,4.8,0.0,nan,PAID,4.0,False,False,False,4.0,6.0,True,False
RB-001848,Rift Bloom - Ziwa Farm,Yellow Babe,50.0,PREMIUM,40.0,65.0,2600.0,2022-06-13,2022-06-14,2022-06-15,2022-06-17,United Kingdom,Dubai Flower Centre,USD,0.092,239.2,AIR FREIGHT,103.44,1.2,0.0,nan,PENDING,5.0,False,False,False,1.0,2.0,True,False
RB-002899,Rift Bloom - Ziwa Farm,Vendela,70.0,B,10.0,89.0,890.0,2024-12-12,2024-12-12,2024-12-16,2024-12-18,Switzerland,Tokyo Flower Market,KES,42.9,38181.0,AIR FREIGHT,981.49,-0.4,0.0,nan,UNKNOWN,5.0,False,False,True,4.0,2.0,True,False
RB-001973,Rift Bloom - Turbo Farm,AVALANCHE,60.0,STANDARD,25.0,108.0,2700.0,2024-12-25,2024-12-26,2024-12-29,2025-01-01,United Arab Emirates,Carrefour Flowers,EUR,0.256,691.2,AIR FREIGHT,333.1,2.9,0.0,nan,NAN,3.0,True,False,False,3.0,3.0,True,False
RB-002204,Rift Bloom - Ziwa Farm,Cool Water,70.0,A,20.0,100.0,2000.0,2025-11-27,2025-11-27,2025-01-12,2025-07-12,Germany,Dubai Flower Centre,KES,47.58,95160.0,NAN,419.29,3.5,0.0,nan,PAID,4.0,False,False,False,-319.0,181.0,False,False
RB-002803,Rift Bloom - Kesses Farm,Mondial,70.0,PREMIUM,40.0,110.0,4400.0,2022-10-28,2022-10-28,2022-01-11,2022-04-11,Holland,Local Wholesaler - Eldoret,USD,0.284,1249.6,NAN,460.84,-0.3,0.0,nan,PAID,5.0,False,False,True,-290.0,90.0,False,False
RB-001679,Rift Bloom - Kesses Farm,Yellow Babe,60.0,nan,20.0,103.0,2060.0,2024-02-07,2024-07-02,2024-02-09,2024-12-02,France,M-Farm Traders,EUR,0.286,589.16,AIR FREIGHT,208.7,1.9,0.0,nan,PAID,4.0,False,False,False,-144.0,297.0,False,False
RB-000863,Rift Bloom - Turbo Farm,Cool Water,80.0,PREMIUM,25.0,254.0,6350.0,2022-09-06,2022-06-11,2022-06-13,2022-06-19,United Kingdom,Blume2000,KES,51.48,326898.0,AIR FREIGHT,,0.6,0.0,nan,NAN,4.0,False,False,False,2.0,6.0,True,False
RB-001600,Rift Bloom - Moiben Farm,Yellow Babe,50.0,A,40.0,324.0,12960.0,2024-07-16,2024-07-17,2024-07-19,2024-07-22,Australia,M-Farm Traders,USD,0.365,4730.4,AIR FREIGHT,494.73,4.1,0.0,nan,PENDING,4.0,False,False,False,2.0,3.0,True,False
RB-002104,Rift Bloom - Kapseret Farm,High & Magic,70.0,A,40.0,38.0,1520.0,,2023-11-06,2023-12-06,2023-06-17,Holland,Whole Foods Market,EUR,0.304,462.08,AIR FREIGHT,364.31,1.1,0.0,nan,PAID,5.0,False,False,False,30.0,-172.0,False,False
RB-001035,Rift Bloom - Timboroa Farm,Freedom,70.0,A,25.0,43.0,1075.0,2023-06-04,2023-06-04,2023-09-04,2023-12-04,United Arab Emirates,Interflora Russia,USD,0.245,263.38,NAN,212.24,1.6,24.0,Stem Bent,PAID,4.0,False,False,False,92.0,91.0,True,False
RB-002807,Rift Bloom - Timboroa Farm,Peach Avalanche,80.0,PREMIUM,25.0,109.0,2725.0,2024-10-13,2024-10-14,2024-10-16,2024-10-17,uk,Aalsmeer Direct,USD,0.281,765.73,ROAD THEN AIR,163.15,1.7,0.0,nan,PAID,1.0,False,False,False,2.0,1.0,True,False
RB-000732,Rift Bloom - Kapseret Farm,Freedom,90.0,PREMIUM,40.0,235.0,9400.0,2026-06-20,2026-06-21,2026-06-25,2026-06-26,U.S.A,Marks & Spencer Flowers,EUR,0.495,4653.0,AIR FREIGHT,104.22,3.4,13.0,Cold Chain Break,NAN,4.0,False,False,False,4.0,1.0,True,False
RB-000703,Rift Bloom - Kapseret Farm,Tibet,90.0,STANDARD,20.0,35.0,700.0,2024-08-20,2024-08-22,2024-08-26,,France,Whole Foods Market,EUR,0.433,303.1,NAN,312.46,1.4,0.0,nan,NAN,3.0,False,False,False,4.0,,False,False
RB-002423,Rift Bloom - Kesses Farm,High & Magic,0.0,B,20.0,73.0,1460.0,2022-10-27,2022-10-29,2022-10-31,2022-04-11,Germany,Carrefour Flowers,USD,0.516,753.36,ROAD THEN AIR,295.25,2.6,0.0,nan,OVERDUE,5.0,False,False,False,2.0,-203.0,False,False
RB-000161,Rift Bloom - Timboroa Farm,Explorer,70.0,nan,40.0,157.0,6280.0,2022-06-18,2022-06-19,2022-06-20,2022-06-22,United Arab Emirates,Carrefour Flowers,EUR,0.157,985.96,AIR FREIGHT,104.59,-0.7,0.0,nan,NAN,4.0,False,False,True,1.0,2.0,True,False
RB-002321,Rift Bloom - Moiben Farm,Peach Avalanche,70.0,A,20.0,153.0,3060.0,2025-01-01,2025-01-01,2025-03-01,,US,Tokyo Flower Market,USD,0.36,1101.6,AIR FREIGHT,176.79,3.8,0.0,nan,NAN,4.0,False,False,False,59.0,,False,False
RB-002060,Rift Bloom - Moiben Farm,Pink Floyd,80.0,nan,25.0,163.0,4075.0,2024-05-19,2024-05-20,2024-05-24,2024-05-26,Netherlands,FloraHolland Auction,USD,0.492,2004.9,AIR FREIGHT,229.51,3.4,11.0,Stem Bent,PENDING,4.0,False,False,False,4.0,2.0,True,False
RB-002353,Rift Bloom - Kapseret Farm,Sweetness,70.0,nan,25.0,133.0,3325.0,2024-06-05,2024-08-05,2024-11-05,2024-12-05,Poland,Blume2000,NAN,0.151,502.07,AIR FREIGHT,173.26,1.4,0.0,nan,PAID,3.0,False,False,False,92.0,30.0,True,False
RB-001138,Rift Bloom - Kapseret Farm,Circus,40.0,UNKNOWN,20.0,47.0,940.0,2025-10-06,2025-11-06,2025-06-12,2025-06-16,US,Marks & Spencer Flowers,KES,47.45,44603.0,AIR FREIGHT,223.14,2.7,0.0,nan,PENDING,4.0,False,False,False,-147.0,4.0,False,False
RB-001199,Rift Bloom - Moiben Farm,Freedom,90.0,PREMIUM,20.0,99.0,1980.0,2022-11-12,2022-11-14,2022-11-16,2022-11-20,U.A.E,Local Wholesaler - Eldoret,EUR,0.319,631.62,AIR FREIGHT,490.4,3.1,0.0,nan,PAID,4.0,False,False,False,2.0,4.0,True,False
RB-001579,Rift Bloom - Ziwa Farm,Pink Floyd,60.0,B,20.0,238.0,4760.0,2025-10-07,2025-12-07,2025-07-15,2025-07-16,USA,Local Wholesaler - Eldoret,USD,0.41,1951.6,AIR FREIGHT,365.51,2.0,0.0,nan,PAID,3.0,False,False,False,-145.0,1.0,False,False
RB-001529,Rift Bloom - Kesses Farm,Athena,70.0,nan,20.0,143.0,2860.0,2025-11-30,2025-02-12,2025-12-06,,Russia,Dubai Flower Centre,KES,61.1,174746.0,ROAD THEN AIR,393.78,4.5,0.0,nan,NAN,4.0,False,False,False,297.0,,False,False
RB-001532,Rift Bloom - Kapseret Farm,Pink Floyd,70.0,PREMIUM,40.0,298.0,11920.0,2026-02-02,2026-04-02,2026-05-02,2026-02-07,Germany,Whole Foods Market,NAN,0.382,4553.44,ROAD THEN AIR,153.38,3.2,0.0,nan,OVERDUE,4.0,False,False,False,30.0,-84.0,False,False
RB-000186,Rift Bloom - Ziwa Farm,freedom,60.0,B,10.0,44.0,440.0,2022-08-22,2022-08-23,2022-08-24,2022-08-28,Poland,Whole Foods Market,USD,0.105,46.2,ROAD THEN AIR,149.02,1.9,0.0,nan,NAN,4.0,False,False,False,1.0,4.0,True,False
RB-000460,Rift Bloom - Ziwa Farm,Athena,50.0,B,20.0,135.0,2700.0,2026-07-18,2026-07-20,2026-07-24,2026-07-28,Netherlands,Aalsmeer Direct,USD,0.215,580.5,AIR FREIGHT,111.71,1.2,0.0,nan,PAID,5.0,False,False,False,4.0,4.0,True,False
RB-001821,Rift Bloom - Turbo Farm,Athena,60.0,A,40.0,15.0,600.0,2023-12-13,2023-12-15,2023-12-17,2023-12-22,United Kingdom,Local Wholesaler - Eldoret,EUR,0.294,176.4,AIR FREIGHT,604.18,2.4,0.0,nan,PAID,2.0,False,False,False,2.0,5.0,True,False
RB-002866,Rift Bloom - Timboroa Farm,Athena,60.0,PREMIUM,25.0,178.0,4450.0,2022-01-28,2022-01-29,,2022-03-02,Japan,Marks & Spencer Flowers,USD,0.28,1246.0,AIR FREIGHT,35.19,0.7,0.0,nan,OVERDUE,4.0,False,False,False,,,False,False
RB-001008,Rift Bloom - Moiben Farm,Freedom,70.0,C,10.0,181.0,1810.0,2026-04-28,2026-04-28,2026-04-30,2026-04-05,Russia,Aalsmeer Direct,USD,0.239,432.59,NAN,589.39,1.7,0.0,nan,NAN,2.0,False,False,False,2.0,-25.0,False,False
RB-001970,Rift Bloom - Kesses Farm,Peach Avalanche,90.0,STANDARD,40.0,137.0,5480.0,2025-10-25,2025-10-27,2025-10-28,2025-10-29,Switzerland,Interflora Russia,USD,0.356,1950.88,AIR FREIGHT,466.05,2.5,0.0,nan,PAID,4.0,False,False,False,1.0,1.0,True,False
RB-002147,Rift Bloom - Kapseret Farm,High & Magic,40.0,A,10.0,120.0,1200.0,2024-06-08,2024-08-08,2024-08-10,2024-08-13,USA,Local Wholesaler - Eldoret,USD,0.386,463.2,AIR FREIGHT,82.27,0.7,0.0,nan,PAID,5.0,False,False,False,2.0,3.0,True,False
RB-001340,Rift Bloom - Ziwa Farm,Freedom,70.0,nan,25.0,87.0,2175.0,2024-12-23,2024-12-25,2024-12-28,2025-01-01,Russia,M-Farm Traders,UNKNOWN,0.386,839.55,AIR FREIGHT,412.24,2.6,0.0,nan,PENDING,4.0,True,False,False,3.0,4.0,True,False
RB-001169,Rift Bloom - Timboroa Farm,Avalanche,60.0,PREMIUM,20.0,91.0,1820.0,2022-08-03,2022-08-04,2022-07-08,2022-08-11,United Kingdom,Marks & Spencer Flowers,USD,0.386,702.52,NAN,164.23,1.6,0.0,nan,NAN,4.0,False,False,False,-27.0,34.0,False,False
RB-001314,Rift Bloom - Kesses Farm,Peach Avalanche,80.0,STANDARD,20.0,98.0,1960.0,2025-09-09,2025-11-09,2025-09-14,2025-09-16,Russia,FloraHolland Auction,USD,0.41,803.6,AIR FREIGHT,87.39,3.8,0.0,nan,OVERDUE,5.0,False,False,False,-56.0,2.0,False,False
RB-000232,Rift Bloom - Kesses Farm,Mondial,60.0,PREMIUM,10.0,33.0,330.0,2023-10-26,2023-10-27,2023-10-30,2023-11-03,United Kingdom,Whole Foods Market,NAN,0.234,77.22,AIR FREIGHT,67.8,5.2,0.0,nan,PENDING,5.0,False,False,False,3.0,4.0,True,False
RB-002144,Rift Bloom - Moiben Farm,Red Naomi,40.0,A,40.0,105.0,4200.0,2023-05-18,2023-05-18,2023-05-20,2023-05-21,Australia,Marks & Spencer Flowers,EUR,0.52,2184.0,AIR FREIGHT,110.21,0.5,0.0,nan,PENDING,4.0,False,False,False,2.0,1.0,True,False
RB-000334,Rift Bloom - Kapseret Farm,Circus,50.0,B,40.0,109.0,4360.0,2023-12-16,2023-12-17,2023-12-18,2023-12-23,United Arab Emirates,Dubai Flower Centre,EUR,0.42,1831.2,UNKNOWN,252.99,0.3,0.0,nan,PENDING,5.0,False,False,False,1.0,5.0,True,False
RB-002355,Rift Bloom - Timboroa Farm,Tibet,60.0,PREMIUM,20.0,170.0,3400.0,2023-03-27,2023-03-28,2023-04-01,2023-06-04,usa,Whole Foods Market,USD,0.128,435.2,AIR FREIGHT,326.66,,0.0,nan,UNKNOWN,5.0,False,False,False,4.0,64.0,True,False
RB-000789,Rift Bloom - Kesses Farm,Circus,40.0,A,40.0,-83.0,-3320.0,2024-03-29,2024-03-30,2024-04-01,2024-07-04,usa,Dubai Flower Centre,EUR,0.442,-1467.44,AIR FREIGHT,119.53,1.6,0.0,nan,OVERDUE,4.0,False,False,False,2.0,94.0,True,False
RB-002402,Rift Bloom - Kesses Farm,Circus,70.0,PREMIUM,20.0,81.0,1620.0,2023-02-28,2023-02-28,2023-04-03,2023-03-06,Japan,Whole Foods Market,EUR,0.58,939.6,AIR FREIGHT,109.41,1.1,0.0,nan,PENDING,4.0,False,False,False,34.0,-28.0,False,False
RB-001354,Rift Bloom - Timboroa Farm,Explorer,70.0,STANDARD,10.0,55.0,550.0,2025-11-27,2025-11-27,2025-11-30,,Russia,Aalsmeer Direct,KES,69.55,38252.5,AIR FREIGHT,250.16,3.9,0.0,nan,PENDING,4.0,False,False,False,3.0,,False,False
RB-000381,Rift Bloom - Kapseret Farm,Explorer,70.0,nan,20.0,43.0,860.0,2023-02-23,2023-02-24,2023-02-25,2023-02-28,Germany,Marks & Spencer Flowers,KES,20.02,17217.2,ROAD THEN AIR,76.13,2.6,0.0,nan,PENDING,4.0,False,False,False,1.0,3.0,True,False
RB-001922,Rift Bloom - Timboroa Farm,Tibet,50.0,PREMIUM,10.0,140.0,1400.0,,2026-07-16,2026-07-20,2026-07-22,Norway,M-Farm Traders,EUR,0.542,758.8,AIR FREIGHT,457.78,,0.0,nan,PENDING,3.0,False,False,False,4.0,2.0,True,False
RB-002271,Rift Bloom - Kesses Farm,Circus,40.0,B,20.0,297.0,5940.0,2025-08-07,2025-07-08,2025-07-11,2025-07-15,Holland,FloraHolland Auction,KES,60.45,359073.0,NAN,349.23,,0.0,nan,PAID,4.0,False,False,False,3.0,4.0,True,False
RB-002664,Rift Bloom - Kesses Farm,Avalanche,70.0,STANDARD,10.0,188.0,1880.0,2022-10-08,2022-10-08,2022-11-08,2022-08-16,Netherlands,Interflora Russia,KES,31.59,59389.2,UNKNOWN,320.48,2.7,0.0,nan,PAID,4.0,False,False,False,31.0,-84.0,False,False
RB-001878,Rift Bloom - Moiben Farm,Circus,60.0,STANDARD,25.0,208.0,5200.0,2022-05-13,2022-05-14,2022-05-17,2022-05-21,UAE,M-Farm Traders,EUR,0.291,1513.2,NAN,45.65,0.5,0.0,nan,PENDING,5.0,False,False,False,3.0,4.0,True,False
RB-002509,Rift Bloom - Kapseret Farm,Athena,60.0,A,10.0,49.0,490.0,2026-01-27,2026-01-28,2026-01-31,2026-04-02,Norway,M-Farm Traders,NAN,0.258,126.42,AIR FREIGHT,117.51,1.7,0.0,nan,PENDING,5.0,False,False,False,3.0,61.0,True,False
RB-002187,Rift Bloom - Kapseret Farm,Freedom,90.0,B,10.0,102.0,1020.0,2025-11-04,2025-11-04,2025-04-13,2025-04-16,USA,Dubai Flower Centre,KES,35.88,36597.6,AIR FREIGHT,184.42,-0.5,83.0,nan,PAID,4.0,False,False,True,-205.0,3.0,False,False
RB-002439,Rift Bloom - Moiben Farm,Cool Water,60.0,nan,25.0,86.0,2150.0,2024-06-25,2024-06-27,2024-06-28,2024-01-07,Germany,M-Farm Traders,USD,0.337,724.55,AIR FREIGHT,312.87,3.0,0.0,nan,OVERDUE,4.0,False,False,False,1.0,-173.0,False,False
RB-000208,Rift Bloom - Kapseret Farm,Circus,90.0,PREMIUM,40.0,95.0,3800.0,2023-03-22,2023-03-23,2023-03-27,2023-03-28,Poland,Interflora Russia,USD,0.265,1007.0,ROAD THEN AIR,201.73,1.2,0.0,nan,PAID,5.0,False,False,False,4.0,1.0,True,False
RB-001940,Rift Bloom - Ziwa Farm,freedom,50.0,B,20.0,31.0,620.0,2022-06-16,2022-06-16,2022-06-20,2022-06-26,Poland,Local Wholesaler - Eldoret,USD,0.488,302.56,AIR FREIGHT,175.52,0.3,0.0,nan,OVERDUE,5.0,False,False,False,4.0,6.0,True,False
RB-001337,Rift Bloom - Kapseret Farm,Mondial,50.0,B,25.0,82.0,2050.0,2023-02-11,2023-03-11,2023-07-11,2023-11-13,Norway,Local Wholesaler - Eldoret,NAN,0.379,776.95,ROAD THEN AIR,382.92,0.6,0.0,nan,PAID,4.0,False,False,False,122.0,125.0,True,False
RB-000144,Rift Bloom - Kapseret Farm,Pink Floyd,60.0,PREMIUM,25.0,195.0,4875.0,2022-12-07,2022-12-07,2022-07-14,2022-07-16,Poland,Whole Foods Market,EUR,0.425,2071.88,UNKNOWN,182.01,,0.0,nan,UNKNOWN,5.0,False,False,False,-146.0,2.0,False,False
RB-000250,Rift Bloom - Kapseret Farm,Yellow Babe,50.0,STANDARD,20.0,198.0,3960.0,2023-02-04,2023-03-04,2023-07-04,2023-09-04,Japan,Tokyo Flower Market,USD,0.283,1120.68,AIR FREIGHT,149.8,2.2,4.0,nan,NAN,4.0,False,False,False,122.0,62.0,True,False
RB-001889,Rift Bloom - Timboroa Farm,Pink Floyd,70.0,STANDARD,40.0,77.0,3080.0,2026-01-14,2026-01-15,2026-01-16,2026-01-19,United Kingdom,Carrefour Flowers,KES,47.84,147347.2,AIR FREIGHT,517.76,17.5,0.0,nan,PAID,4.0,False,False,False,1.0,3.0,True,False
RB-002580,Rift Bloom - Turbo Farm,FREEDOM,70.0,PREMIUM,20.0,25.0,500.0,2024-08-15,2024-08-16,2024-08-17,2024-08-22,Russia,Blume2000,USD,0.241,120.5,AIR FREIGHT,192.41,-1.2,0.0,nan,UNKNOWN,4.0,False,False,True,1.0,5.0,True,False
RB-002007,Rift Bloom - Ziwa Farm,Avalanche+,80.0,A,25.0,209.0,5225.0,2022-08-31,2022-09-02,2022-04-09,2022-09-07,Russia,M-Farm Traders,UNKNOWN,0.313,1635.42,AIR FREIGHT,281.73,1.9,0.0,nan,PAID,5.0,False,False,False,-146.0,151.0,False,False
RB-002892,Rift Bloom - Ziwa Farm,Vendela,40.0,PREMIUM,40.0,94.0,3760.0,2023-12-08,2023-08-12,2023-09-12,2023-12-10,Germany,Tokyo Flower Market,USD,0.42,1579.2,AIR FREIGHT,155.92,4.9,0.0,nan,PAID,5.0,False,False,False,31.0,89.0,True,False
RB-002784,Rift Bloom - Timboroa Farm,Pink Floyd,50.0,A,20.0,65.0,1300.0,2022-01-12,2022-01-14,2022-01-16,,Holland,Marks & Spencer Flowers,NAN,0.166,215.8,AIR FREIGHT,341.95,5.9,0.0,None,NAN,5.0,False,False,False,2.0,,False,False
RB-002846,Rift Bloom - Turbo Farm,Freedom,80.0,B,20.0,120.0,2400.0,2024-12-10,2024-12-12,2024-12-13,2024-12-16,Russia,Tokyo Flower Market,NAN,0.167,400.8,AIR FREIGHT,461.13,1.7,0.0,nan,PAID,5.0,False,False,False,1.0,3.0,True,False
RB-001494,Rift Bloom - Ziwa Farm,Cool Water,40.0,B,25.0,134.0,3350.0,2022-09-08,2022-11-08,2022-08-13,2022-08-16,United States,Interflora Russia,KES,52.26,1750710.0,AIR FREIGHT,114.4,0.3,0.0,nan,PAID,3.0,False,False,False,-87.0,3.0,False,False
RB-002567,Rift Bloom - Timboroa Farm,Pink Floyd,60.0,C,20.0,48.0,960.0,2025-04-07,2025-07-05,2025-08-07,2025-12-07,US,Carrefour Flowers,KES,58.11,55785.6,AIR FREIGHT,36.25,-0.9,36.0,Bud Blast,NAN,4.0,False,False,True,33.0,122.0,True,False
RB-002624,Rift Bloom - Timboroa Farm,Explorer,50.0,C,40.0,99.0,3960.0,2024-07-06,2024-09-06,2024-11-06,2024-06-13,Germany,Local Wholesaler - Eldoret,NAN,0.33,1306.8,NAN,252.27,5.4,0.0,None,OVERDUE,4.0,False,False,False,61.0,-146.0,False,False
RB-001129,Rift Bloom - Kapseret Farm,Vendela,60.0,A,20.0,79.0,1580.0,2025-05-23,2025-05-24,2025-05-27,2025-05-31,Switzerland,Whole Foods Market,EUR,0.339,535.62,AIR FREIGHT,157.12,1.3,23.0,Stem Bent,PAID,3.0,False,False,False,3.0,4.0,True,False
RB-002044,Rift Bloom - Kapseret Farm,Vendela,70.0,PREMIUM,25.0,53.0,1325.0,2025-03-03,2025-05-03,2025-08-03,2025-03-11,Switzerland,Bloomon BV,USD,0.339,449.18,NAN,622.17,2.7,0.0,nan,NAN,5.0,False,False,False,92.0,-145.0,False,False
RB-001486,Rift Bloom - Ziwa Farm,Mondial,50.0,A,40.0,144.0,5760.0,2022-08-03,2022-03-08,,2022-08-08,U.S.A,Aalsmeer Direct,EUR,0.131,754.56,NAN,31.69,1.2,0.0,nan,PAID,5.0,False,False,False,,,False,False
RB-002025,Rift Bloom - Ziwa Farm,Explorer,80.0,A,25.0,50.0,1250.0,2025-04-11,2025-11-04,2025-07-11,,Japan,Aalsmeer Direct,USD,0.281,351.25,ROAD THEN AIR,81.56,0.6,0.0,nan,PAID,5.0,False,False,False,-116.0,,False,False
RB-000766,Rift Bloom - Turbo Farm,Red-Naomi,50.0,nan,20.0,172.0,3440.0,2022-02-27,2022-03-01,2022-03-04,2022-05-03,Australia,Blume2000,USD,0.308,1059.52,NAN,869.19,3.8,0.0,nan,UNKNOWN,4.0,False,False,False,3.0,60.0,True,False
RB-000147,Rift Bloom - Kapseret Farm,Tibet,40.0,B,25.0,150.0,3750.0,2024-03-15,2024-03-17,2024-03-18,2024-03-24,Poland,FloraHolland Auction,USD,0.632,2370.0,AIR FREIGHT,297.63,3.2,0.0,nan,PENDING,4.0,False,False,False,1.0,6.0,True,False
RB-001134,Rift Bloom - Kesses Farm,Explorer,70.0,STANDARD,25.0,118.0,2950.0,2024-11-26,2024-11-28,2024-11-29,2024-12-04,Japan,Tokyo Flower Market,EUR,0.341,1005.95,NAN,523.21,2.9,0.0,nan,PAID,5.0,False,False,False,1.0,5.0,True,False
RB-002883,Rift Bloom - Moiben Farm,Mondial,60.0,B,10.0,38.0,380.0,2025-01-18,2025-01-19,2025-01-21,2025-01-22,Russia,Whole Foods Market,EUR,0.533,202.54,NAN,598.27,0.9,0.0,nan,PENDING,4.0,False,False,False,2.0,1.0,True,False
RB-001222,Rift Bloom - Kesses Farm,Sweetness,80.0,PREMIUM,10.0,57.0,570.0,2022-03-24,2022-03-26,2022-03-30,2022-03-31,Japan,Local Wholesaler - Eldoret,USD,0.465,265.05,AIR FREIGHT,364.86,1.1,13.0,Cold Chain Break,PAID,5.0,False,False,False,4.0,1.0,True,False
RB-001366,Rift Bloom - Kapseret Farm,Vendela,70.0,B,25.0,147.0,3675.0,2024-08-07,2024-07-08,,2024-08-14,Netherlands,Local Wholesaler - Eldoret,USD,0.492,1808.1,AIR FREIGHT,308.52,,0.0,nan,NAN,5.0,False,False,False,,,False,False
RB-001887,Rift Bloom - Turbo Farm,Circus,60.0,PREMIUM,10.0,99.0,990.0,2024-09-28,2024-09-30,2024-10-02,2024-06-10,Germany,Blume2000,USD,0.564,558.36,AIR FREIGHT,,3.9,0.0,nan,NAN,4.0,False,False,False,2.0,-114.0,False,False
RB-000322,Rift Bloom - Ziwa Farm,Freedom,40.0,A,40.0,19.0,760.0,2025-03-18,2025-03-20,2025-03-22,2025-03-28,Norway,Interflora Russia,UNKNOWN,0.219,166.44,NAN,672.05,2.6,5.0,Petal Bruising,NAN,5.0,False,False,False,2.0,6.0,True,False
RB-000112,Rift Bloom - Turbo Farm,Red Naomi,50.0,C,25.0,53.0,1325.0,2024-01-08,2024-08-03,2024-05-08,2024-06-08,Japan,Dubai Flower Centre,EUR,0.527,698.27,AIR FREIGHT,506.94,0.7,0.0,nan,PENDING,5.0,False,False,False,-87.0,31.0,False,False
RB-000589,Rift Bloom - Timboroa Farm,Vendela,60.0,PREMIUM,25.0,212.0,5300.0,2026-07-05,2026-07-06,2026-07-07,2026-07-13,Japan,Interflora Russia,EUR,0.216,1144.8,AIR FREIGHT,116.5,1.3,0.0,nan,OVERDUE,5.0,False,False,False,1.0,6.0,True,False
RB-002962,Rift Bloom - Turbo Farm,Vendela,70.0,nan,25.0,143.0,3575.0,2025-06-11,2025-07-11,2025-11-11,2025-11-15,Netherlands,Local Wholesaler - Eldoret,USD,0.177,632.77,NAN,246.42,2.5,0.0,nan,OVERDUE,3.0,False,False,False,123.0,4.0,True,False
RB-002139,Rift Bloom - Moiben Farm,Athena,50.0,A,20.0,266.0,5320.0,2024-05-27,2024-05-29,,2024-06-01,Norway,Carrefour Flowers,USD,0.417,2218.44,UNKNOWN,695.99,1.8,0.0,nan,PENDING,5.0,False,False,False,,,False,False
RB-000654,Rift Bloom - Timboroa Farm,Explorer,70.0,C,25.0,119.0,2975.0,2026-04-08,2026-05-08,2026-08-06,2026-08-08,Netherlands,Marks & Spencer Flowers,EUR,0.346,1029.35,AIR FREIGHT,449.88,,0.0,nan,OVERDUE,5.0,False,False,False,90.0,2.0,True,False
RB-002408,Rift Bloom - Moiben Farm,Red Naomi,60.0,A,20.0,55.0,1100.0,2024-02-09,2024-04-09,2024-08-09,2024-11-09,Holland,Whole Foods Market,NAN,0.359,394.9,ROAD THEN AIR,262.59,2.7,0.0,nan,PAID,3.0,False,False,False,122.0,92.0,True,False
RB-001954,rift bloom turbo farm,Tibet,50.0,B,20.0,86.0,1720.0,2023-08-25,2023-08-27,2023-08-30,2023-01-09,United Kingdom,Interflora Russia,KES,35.62,61266.4,AIR FREIGHT,64.95,1.0,0.0,nan,PENDING,5.0,False,False,False,3.0,-233.0,False,False
RB-002409,Rift Bloom - Ziwa Farm,Freedom,70.0,UNKNOWN,10.0,118.0,1180.0,2023-12-21,2023-12-21,2023-12-25,2023-12-29,UAE,Marks & Spencer Flowers,KES,58.89,69490.2,AIR FREIGHT,376.45,-1.0,15.0,nan,NAN,4.0,False,False,True,4.0,4.0,True,False
RB-002558,Rift Bloom - Ziwa Farm,Explorer,60.0,A,10.0,104.0,1040.0,2024-04-01,2024-01-04,2024-06-01,2024-01-10,United Kingdom,Interflora Russia,EUR,0.3,312.0,AIR FREIGHT,212.91,1.7,0.0,nan,PAID,5.0,False,False,False,149.0,-143.0,False,False
RB-001048,Rift Bloom - Kesses Farm,Sweetness,50.0,A,25.0,124.0,3100.0,2024-10-10,2024-12-10,2024-10-13,2024-10-18,Switzerland,Marks & Spencer Flowers,EUR,0.273,846.3,ROAD THEN AIR,107.28,1.8,0.0,nan,PENDING,5.0,False,False,False,-58.0,5.0,False,False
RB-000931,Rift Bloom - Ziwa Farm,Sweetness,70.0,C,10.0,41.0,410.0,2023-08-28,2023-08-30,,2023-09-03,Netherlands,M-Farm Traders,EUR,0.429,175.89,AIR FREIGHT,450.3,-0.4,0.0,nan,UNKNOWN,5.0,False,False,True,,,False,False
RB-001996,Rift Bloom - Moiben Farm,Sweetness,60.0,PREMIUM,40.0,136.0,5440.0,2024-11-11,2024-12-11,2024-11-15,2024-11-19,United Arab Emirates,Local Wholesaler - Eldoret,KES,63.57,345820.8,AIR FREIGHT,95.91,3.9,0.0,nan,PAID,5.0,False,False,False,-26.0,4.0,False,False
RB-001956,Rift Bloom - Kesses Farm,High & Magic,90.0,PREMIUM,25.0,270.0,6750.0,2026-11-04,2026-04-13,2026-04-14,2026-04-20,usa,FloraHolland Auction,EUR,0.122,823.5,UNKNOWN,164.16,2.6,0.0,nan,NAN,5.0,False,False,False,1.0,6.0,True,False
RB-002874,Rift Bloom - Ziwa Farm,Yellow Babe,90.0,C,40.0,117.0,4680.0,2026-03-04,2026-04-03,2026-05-03,2026-08-03,netherlands,Local Wholesaler - Eldoret,EUR,0.607,2840.76,AIR FREIGHT,85.99,3.7,0.0,nan,PENDING,2.0,False,False,False,30.0,92.0,True,False
RB-002847,Rift Bloom - Kesses Farm,Tibet,70.0,A,40.0,90.0,3600.0,2026-06-12,,2026-06-13,,Japan,Tokyo Flower Market,KES,51.09,183924.0,AIR FREIGHT,160.45,0.8,0.0,nan,PAID,5.0,False,False,False,,,False,False
RB-000534,Rift Bloom - Timboroa Farm,Avalanche,40.0,PREMIUM,40.0,117.0,4680.0,2024-09-01,2024-01-10,2024-01-12,2024-01-13,France,Aalsmeer Direct,EUR,0.21,982.8,AIR FREIGHT,181.58,3.5,0.0,nan,NAN,4.0,False,False,False,2.0,1.0,True,False
RB-000607,rift bloom turbo farm,Freedom,80.0,PREMIUM,20.0,83.0,1660.0,2023-11-25,2023-11-27,2023-11-28,2023-03-12,Germany,M-Farm Traders,EUR,0.299,496.34,UNKNOWN,762.6,0.9,0.0,nan,PENDING,4.0,False,False,False,1.0,-261.0,False,False
RB-000075,Rift Bloom - Ziwa Farm,High & Magic,60.0,PREMIUM,25.0,96.0,2400.0,2023-07-24,2023-07-26,2023-07-27,2023-07-30,UK,Bloomon BV,EUR,0.261,626.4,ROAD THEN AIR,354.44,1.5,0.0,nan,NAN,3.0,False,False,False,1.0,3.0,True,False
RB-001546,Rift Bloom - Ziwa Farm,Pink Floyd,90.0,STANDARD,40.0,295.0,11800.0,2026-11-07,2026-12-07,2026-07-15,2026-07-19,Japan,Local Wholesaler - Eldoret,EUR,0.281,3315.8,AIR FREIGHT,45.19,4.0,0.0,nan,PAID,4.0,False,False,False,-145.0,4.0,False,False
RB-002167,Rift Bloom - Ziwa Farm,Tibet,90.0,PREMIUM,10.0,138.0,1380.0,2025-12-31,2026-02-01,2026-04-01,2026-01-06,Germany,Carrefour Flowers,EUR,0.386,532.68,AIR FREIGHT,169.9,3.6,0.0,nan,PENDING,5.0,False,False,False,59.0,-85.0,False,False
RB-001323,Rift Bloom - Ziwa Farm,Yellow Babe,60.0,A,40.0,97.0,3880.0,2024-09-05,,2024-05-13,2024-05-17,Norway,M-Farm Traders,EUR,0.619,2401.72,AIR FREIGHT,500.22,3.3,0.0,nan,PENDING,4.0,False,False,False,,4.0,False,False
RB-001615,Rift Bloom - Turbo Farm,Mondial,40.0,STANDARD,10.0,186.0,1860.0,2026-05-02,2026-05-02,2026-02-09,2026-02-15,France,Interflora Russia,USD,0.604,1123.44,ROAD THEN AIR,626.66,2.2,0.0,nan,OVERDUE,3.0,False,False,False,-82.0,6.0,False,False
RB-000987,Rift Bloom - Turbo Farm,Freedom,60.0,C,20.0,152.0,3040.0,2022-12-25,2022-12-26,2022-12-28,2023-03-01,United Kingdom,Whole Foods Market,NAN,0.186,565.44,NAN,539.13,,0.0,nan,PENDING,5.0,False,False,False,2.0,63.0,True,False
RB-001980,Rift Bloom - Kesses Farm,Cool Water,40.0,C,25.0,83.0,2075.0,2022-06-01,2022-01-06,2022-09-01,2022-01-14,United Kingdom,Marks & Spencer Flowers,USD,0.331,686.83,AIR FREIGHT,233.27,2.6,0.0,nan,NAN,5.0,False,False,False,238.0,-230.0,False,False
RB-000223,Rift Bloom - Moiben Farm,Pink Floyd,50.0,STANDARD,25.0,73.0,1825.0,2024-06-30,2024-01-07,2024-07-03,,Russia,Dubai Flower Centre,EUR,0.452,824.9,AIR FREIGHT,100.71,0.2,0.0,nan,PAID,5.0,False,False,False,178.0,,False,False
RB-000519,Rift Bloom - Moiben Farm,Sweetness,70.0,A,20.0,70.0,1400.0,2024-02-03,2024-03-02,2024-02-04,,Australia,Tokyo Flower Market,KES,47.84,66976.0,ROAD THEN AIR,214.46,-0.2,0.0,nan,OVERDUE,4.0,False,False,True,-27.0,,False,False
RB-001349,Rift Bloom - Moiben Farm,Mondial,70.0,B,25.0,118.0,2950.0,2025-11-17,2025-11-19,2025-11-21,2025-11-26,United Arab Emirates,Tokyo Flower Market,USD,0.425,1253.75,AIR FREIGHT,32.39,1.8,0.0,nan,PAID,4.0,False,False,False,2.0,5.0,True,False
RB-001120,Rift Bloom - Kesses Farm,Freedom,40.0,PREMIUM,20.0,144.0,2880.0,2025-11-01,2025-11-01,2025-12-01,2025-01-18,United Arab Emirates,Blume2000,EUR,0.32,921.6,AIR FREIGHT,212.25,1.8,0.0,nan,NAN,3.0,False,False,False,30.0,-317.0,False,False
RB-000831,Rift Bloom - Turbo Farm,High & Magic,0.0,nan,10.0,72.0,720.0,2024-11-15,2024-11-15,2024-11-16,2024-11-22,United Kingdom,Interflora Russia,KES,44.85,32292.0,AIR FREIGHT,117.13,0.7,0.0,nan,NAN,1.0,False,False,False,1.0,6.0,True,False
RB-001899,Rift Bloom - Moiben Farm,Freedom,70.0,B,20.0,175.0,3500.0,2026-08-05,2026-05-09,2026-10-05,2026-11-05,NL,Whole Foods Market,NAN,0.136,476.0,AIR FREIGHT,189.75,1.1,0.0,nan,UNKNOWN,4.0,False,False,False,149.0,31.0,True,False
RB-002161,Rift Bloom - Ziwa Farm,Cool Water,40.0,STANDARD,25.0,103.0,2575.0,2023-06-12,2023-06-12,2023-07-12,2023-10-12,France,Bloomon BV,KES,33.8,87035.0,ROAD THEN AIR,52.59,1.0,0.0,nan,PAID,4.0,False,False,False,30.0,92.0,True,False
RB-000348,Rift Bloom - Moiben Farm,Explorer,90.0,B,20.0,75.0,1500.0,2024-02-23,2024-02-25,2024-02-28,2024-02-29,Japan,Dubai Flower Centre,USD,0.397,595.5,AIR FREIGHT,518.83,3.3,0.0,nan,PENDING,3.0,False,False,False,3.0,1.0,True,False
RB-000168,Rift Bloom - Kapseret Farm,Vendela,90.0,A,20.0,210.0,4200.0,2026-03-30,2026-03-30,2026-01-04,2026-04-04,France,Bloomon BV,EUR,0.455,1911.0,AIR FREIGHT,99.1,0.2,0.0,nan,PAID,1.0,False,False,False,-85.0,90.0,False,False
RB-002645,Rift Bloom - Timboroa Farm,Freedom,70.0,nan,25.0,270.0,6750.0,2023-11-27,2023-11-28,2023-11-30,2023-12-04,Norway,Carrefour Flowers,KES,52.0,351000.0,AIR FREIGHT,157.37,3.0,0.0,nan,PENDING,4.0,False,False,False,2.0,4.0,True,False
RB-001596,Rift Bloom - Kapseret Farm,Red Naomi,50.0,STANDARD,40.0,127.0,5080.0,2026-11-03,2026-03-12,2026-03-16,2026-03-21,Norway,FloraHolland Auction,USD,0.409,2077.72,AIR FREIGHT,145.71,1.4,0.0,nan,PENDING,5.0,False,False,False,4.0,5.0,True,False
RB-002549,Rift Bloom - Timboroa Farm,Sweetness,40.0,PREMIUM,10.0,108.0,1080.0,2024-01-05,2024-01-05,2024-05-05,2024-10-05,Japan,Blume2000,USD,0.456,492.48,AIR FREIGHT,85.87,1.7,0.0,nan,PAID,2.0,False,False,False,121.0,153.0,True,False
RB-000321,Rift Bloom - Ziwa Farm,Cool Water,90.0,B,10.0,68.0,680.0,2024-04-10,2024-12-04,2024-04-16,2024-04-21,Australia,Interflora Russia,USD,0.419,284.92,NAN,90.48,,0.0,nan,OVERDUE,5.0,False,False,False,-232.0,5.0,False,False
RB-001029,Rift Bloom - Moiben Farm,red naomi,80.0,PREMIUM,10.0,80.0,800.0,2025-12-17,2025-12-19,2025-12-23,2025-12-25,United Arab Emirates,Interflora Russia,KES,6.5,5200.0,AIR FREIGHT,706.68,0.4,0.0,nan,NAN,4.0,False,False,False,4.0,2.0,True,False
RB-001972,Rift Bloom - Kesses Farm,Yellow Babe,70.0,C,25.0,94.0,2350.0,2024-03-26,2024-03-28,2024-03-30,2024-04-04,Russia,Aalsmeer Direct,KES,44.2,103870.0,AIR FREIGHT,159.22,4.7,0.0,nan,PAID,5.0,False,False,False,2.0,5.0,True,False
RB-001789,Rift Bloom - Turbo Farm,Pink Floyd,60.0,B,40.0,78.0,3120.0,,,2023-06-05,2023-05-11,France,Whole Foods Market,USD,0.599,1868.88,AIR FREIGHT,669.09,1.2,0.0,nan,PENDING,5.0,False,False,False,,-25.0,False,False
RB-001610,Rift Bloom - Ziwa Farm,Avalanche+,70.0,PREMIUM,10.0,113.0,1130.0,2024-02-20,2024-02-22,2024-02-23,2024-02-24,Australia,Local Wholesaler - Eldoret,KES,45.5,51415.0,AIR FREIGHT,195.13,23.9,0.0,nan,OVERDUE,4.0,False,False,False,1.0,1.0,True,False
RB-002531,Rift Bloom - Kapseret Farm,Yellow Babe,90.0,A,20.0,58.0,1160.0,2024-07-08,2024-08-08,2024-09-08,2024-08-13,Switzerland,Interflora Russia,EUR,0.279,323.64,AIR FREIGHT,346.89,0.5,0.0,nan,PENDING,5.0,False,False,False,31.0,-26.0,False,False
RB-001652,Rift Bloom - Turbo Farm,Red Naomi,50.0,nan,40.0,94.0,3760.0,2022-08-30,2022-08-30,2022-03-09,2022-09-04,USA,Aalsmeer Direct,KES,35.62,133931.2,AIR FREIGHT,529.54,3.2,0.0,nan,PAID,4.0,False,False,False,-174.0,179.0,False,False
RB-001026,Rift Bloom - Moiben Farm,Athena,40.0,B,10.0,52.0,520.0,2023-10-29,2023-10-31,2023-11-03,2023-06-11,Australia,Tokyo Flower Market,EUR,0.233,121.16,AIR FREIGHT,216.32,3.5,0.0,nan,PENDING,4.0,False,False,False,3.0,-145.0,False,False
RB-002687,Rift Bloom - Kesses Farm,Freedom,50.0,C,20.0,128.0,2560.0,2024-08-19,2024-08-21,2024-08-24,2024-08-26,Switzerland,Blume2000,UNKNOWN,0.52,1331.2,ROAD THEN AIR,224.18,3.6,0.0,nan,PAID,5.0,False,False,False,3.0,2.0,True,False
RB-001780,Rift Bloom - Kesses Farm,Yellow Babe,70.0,STANDARD,40.0,202.0,8080.0,2024-11-14,2024-11-14,2024-11-16,2024-11-17,France,Tokyo Flower Market,EUR,0.203,16402.4,NAN,35.78,4.7,0.0,nan,NAN,5.0,False,False,False,2.0,1.0,True,False
RB-002003,Rift Bloom - Ziwa Farm,Athena,60.0,STANDARD,25.0,64.0,1600.0,2026-02-04,2026-04-03,2026-04-04,2026-05-04,USA,Carrefour Flowers,USD,0.183,292.8,AIR FREIGHT,277.0,1.1,0.0,nan,UNKNOWN,5.0,False,False,False,1.0,30.0,True,False
RB-000669,Rift Bloom - Ziwa Farm,Peach Avalanche,70.0,nan,10.0,87.0,870.0,2023-07-30,2023-07-30,2023-03-08,2023-04-08,The Netherlands,Dubai Flower Centre,USD,0.393,341.91,AIR FREIGHT,292.79,2.1,0.0,nan,UNKNOWN,4.0,False,False,False,-144.0,31.0,False,False
RB-000850,Rift Bloom - Kapseret Farm,Avalanche,40.0,UNKNOWN,25.0,86.0,2150.0,2022-06-02,2022-06-04,2022-07-06,2022-06-12,Switzerland,FloraHolland Auction,KES,47.84,102856.0,NAN,514.13,1.6,0.0,nan,PAID,5.0,False,False,False,32.0,-24.0,False,False
RB-002656,Rift Bloom - Kesses Farm,Vendela,50.0,B,25.0,129.0,3225.0,2024-03-12,2024-03-13,2024-03-14,2024-03-18,Australia,Bloomon BV,KES,66.17,213398.25,AIR FREIGHT,581.11,3.6,0.0,nan,NAN,5.0,False,False,False,1.0,4.0,True,False
RB-000533,Rift Bloom - Turbo Farm,Mondial,40.0,PREMIUM,10.0,160.0,1600.0,2024-12-09,2024-11-12,2024-12-13,2024-12-19,Norway,Marks & Spencer Flowers,USD,0.235,376.0,ROAD THEN AIR,77.28,3.3,0.0,nan,OVERDUE,4.0,False,False,False,31.0,6.0,True,False
RB-002368,Rift Bloom - Timboroa Farm,Circus,70.0,C,25.0,47.0,1175.0,2024-09-03,2024-03-11,2024-03-13,2024-03-19,Holland,Interflora Russia,USD,0.308,361.9,AIR FREIGHT,258.23,0.8,0.0,nan,PAID,5.0,False,False,False,2.0,6.0,True,False
RB-000516,Rift Bloom - Moiben Farm,Circus,70.0,PREMIUM,10.0,136.0,1360.0,2024-06-15,2024-06-16,2024-06-17,2024-06-23,Poland,Local Wholesaler - Eldoret,USD,0.303,412.08,AIR FREIGHT,82.07,1.1,0.0,nan,NAN,3.0,False,False,False,1.0,6.0,True,False
RB-001355,Rift Bloom - Kapseret Farm,Peach Avalanche,50.0,A,20.0,272.0,5440.0,2024-02-01,2024-02-02,2024-03-02,2024-02-04,Switzerland,Local Wholesaler - Eldoret,NAN,0.311,1691.84,ROAD THEN AIR,306.92,1.6,0.0,nan,PAID,4.0,False,False,False,29.0,-27.0,False,False
RB-000041,Rift Bloom - Timboroa Farm,High & Magic,80.0,A,40.0,168.0,6720.0,2022-07-20,2022-07-21,2022-07-25,2022-07-31,Netherlands,Blume2000,NAN,0.424,2849.28,AIR FREIGHT,155.29,1.4,0.0,nan,OVERDUE,4.0,False,False,False,4.0,6.0,True,False
RB-002761,Rift Bloom - Timboroa Farm,Pink Floyd,50.0,B,25.0,158.0,3950.0,2025-07-12,2025-12-09,2025-11-12,2025-12-14,USA,Aalsmeer Direct,NAN,0.226,892.7,AIR FREIGHT,91.41,-0.5,0.0,nan,OVERDUE,4.0,False,False,True,-27.0,32.0,False,False
RB-001735,Rift Bloom - Kapseret Farm,Red Naomi,70.0,nan,20.0,114.0,2280.0,2024-03-28,2024-03-28,2024-03-31,2024-02-04,Russia,Marks & Spencer Flowers,EUR,0.419,955.32,ROAD THEN AIR,93.56,0.0,0.0,nan,PAID,5.0,False,False,False,3.0,-56.0,False,False
RB-001089,Rift Bloom - Turbo Farm,Yellow Babe,50.0,STANDARD,20.0,62.0,1240.0,2025-04-29,2025-04-30,2025-05-01,2025-05-05,France,Dubai Flower Centre,EUR,0.477,591.48,ROAD THEN AIR,523.28,1.6,0.0,nan,PAID,4.0,False,False,False,1.0,4.0,True,False
RB-000312,Rift Bloom - Turbo Farm,Circus,80.0,B,40.0,147.0,5880.0,2024-03-23,2024-03-24,2024-03-26,2024-03-29,U.K.,Tokyo Flower Market,KES,33.02,194157.6,AIR FREIGHT,171.17,,0.0,nan,PAID,4.0,False,False,False,2.0,3.0,True,False
RB-001427,Rift Bloom - Ziwa Farm,Vendela,60.0,A,40.0,116.0,4640.0,2026-08-08,2026-08-08,2026-12-08,2026-08-17,Russia,Interflora Russia,KES,50.96,236454.4,AIR FREIGHT,879.62,,0.0,nan,PENDING,5.0,False,False,False,122.0,-113.0,False,False
RB-000358,Rift Bloom - Timboroa Farm,High & Magic,60.0,STANDARD,25.0,100.0,2500.0,2026-04-19,2026-04-19,2026-04-20,2026-04-26,netherlands,Carrefour Flowers,EUR,0.227,567.5,AIR FREIGHT,309.19,1.1,17.0,Botrytis,PAID,3.0,False,False,False,1.0,6.0,True,False
RB-000361,Rift Bloom - Kesses Farm,Red Naomi,60.0,C,40.0,50.0,2000.0,2022-04-08,2022-08-05,2022-08-06,2022-08-07,Poland,Local Wholesaler - Eldoret,EUR,0.395,790.0,AIR FREIGHT,468.43,2.3,18.0,Undersized Stems,PENDING,4.0,False,False,False,1.0,1.0,True,False
RB-002816,Rift Bloom - Moiben Farm,Yellow Babe,40.0,STANDARD,25.0,147.0,3675.0,2025-09-01,2025-09-01,2025-11-01,2025-01-16,Norway,Dubai Flower Centre,EUR,0.337,1238.48,UNKNOWN,282.0,2.4,0.0,nan,PENDING,5.0,False,False,False,61.0,-289.0,False,False
RB-000290,Rift Bloom - Timboroa Farm,Athena,60.0,A,20.0,264.0,5280.0,2023-08-16,2023-08-17,2023-08-21,2023-08-22,Netherlands,Interflora Russia,EUR,0.471,2486.88,NAN,118.3,1.3,0.0,nan,OVERDUE,5.0,False,False,False,4.0,1.0,True,False
RB-000393,Rift Bloom - Moiben Farm,Vendela,70.0,A,40.0,178.0,7120.0,2022-05-10,2022-06-10,2022-10-08,2022-10-10,USA,FloraHolland Auction,KES,52.65,374868.0,AIR FREIGHT,298.84,3.2,0.0,nan,NAN,3.0,False,False,False,120.0,2.0,True,False
RB-002819,rift bloom turbo farm,Red Naomi,40.0,PREMIUM,10.0,63.0,630.0,2026-03-07,2026-03-07,2026-11-03,2026-03-13,usa,Dubai Flower Centre,USD,0.283,178.29,AIR FREIGHT,205.44,2.6,0.0,nan,PAID,4.0,False,False,False,241.0,-235.0,False,False
RB-000658,Rift Bloom - Moiben Farm,Cool Water,70.0,PREMIUM,40.0,221.0,8840.0,2025-08-27,2025-08-28,2025-08-29,2025-09-04,Germany,Bloomon BV,KES,53.56,473470.4,AIR FREIGHT,157.66,1.6,0.0,nan,OVERDUE,5.0,False,False,False,1.0,6.0,True,False
RB-001247,Rift Bloom - Kapseret Farm,Vendela,500.0,PREMIUM,40.0,90.0,3600.0,2022-05-09,2022-05-10,2022-11-05,2022-05-16,United Kingdom,Tokyo Flower Market,EUR,0.455,1638.0,AIR FREIGHT,230.95,2.2,0.0,nan,PENDING,4.0,False,False,False,179.0,-173.0,False,False
RB-002815,Rift Bloom - Timboroa Farm,Red Naomi,70.0,nan,20.0,93.0,1860.0,2024-09-12,2024-09-14,2024-09-16,2024-09-21,Norway,Whole Foods Market,KES,73.45,136617.0,AIR FREIGHT,136.95,2.1,0.0,nan,PAID,4.0,False,False,False,2.0,5.0,True,False
RB-002704,Rift Bloom - Ziwa Farm,High & Magic,-50.0,B,40.0,190.0,7600.0,2026-05-03,2026-05-05,2026-05-06,2026-05-07,Russia,Marks & Spencer Flowers,EUR,0.288,2188.8,NAN,419.27,3.4,0.0,nan,PAID,5.0,False,False,False,1.0,1.0,True,False
RB-002120,Rift Bloom - Kesses Farm,FREEDOM,60.0,A,20.0,157.0,3140.0,2023-04-13,2023-04-14,2023-04-16,2023-04-21,Germany,Marks & Spencer Flowers,USD,0.272,854.08,AIR FREIGHT,,1.5,0.0,nan,NAN,5.0,False,False,False,2.0,5.0,True,False
RB-001422,Rift Bloom - Moiben Farm,Tibet,50.0,PREMIUM,40.0,201.0,8040.0,2025-08-12,2025-09-12,2025-10-12,2025-11-12,Germany,Interflora Russia,EUR,0.494,3971.76,AIR FREIGHT,,1.2,0.0,nan,OVERDUE,4.0,False,False,False,30.0,31.0,True,False
RB-002135,Rift Bloom - Ziwa Farm,Peach Avalanche,50.0,PREMIUM,40.0,111.0,4440.0,2026-02-11,2026-02-12,2026-02-16,2026-02-18,France,M-Farm Traders,NAN,0.437,1940.28,UNKNOWN,593.46,1.5,0.0,nan,NAN,4.0,False,False,False,4.0,2.0,True,False
RB-002920,Rift Bloom - Turbo Farm,Sweetness,80.0,STANDARD,40.0,60.0,2400.0,2025-03-14,2025-03-15,2025-03-16,2025-03-20,UAE,Marks & Spencer Flowers,KES,50.57,121368.0,AIR FREIGHT,307.09,,3.0,?,PAID,3.0,False,False,False,1.0,4.0,True,True
RB-000371,Rift Bloom - Timboroa Farm,Sweetness,90.0,C,40.0,109.0,4360.0,2022-07-14,2022-07-16,2022-07-20,2022-07-25,Russia,Dubai Flower Centre,EUR,0.154,671.44,AIR FREIGHT,608.43,1.1,0.0,nan,NAN,4.0,False,False,False,4.0,5.0,True,False
RB-001719,Rift Bloom - Ziwa Farm,Sweetness,60.0,PREMIUM,40.0,198.0,7920.0,2025-08-16,2025-08-18,2025-08-20,,Japan,Interflora Russia,KES,60.32,477734.4,AIR FREIGHT,925.81,1.7,0.0,nan,OVERDUE,4.0,False,False,False,2.0,,False,False
RB-002572,Rift Bloom - Kapseret Farm,Avalanche,40.0,A,25.0,73.0,1825.0,2026-02-02,2026-02-03,2026-02-07,2026-12-02,Poland,Interflora Russia,KES,36.4,66430.0,AIR FREIGHT,351.83,2.9,0.0,nan,PENDING,4.0,False,False,False,4.0,298.0,True,False
RB-000594,Rift Bloom - Kesses Farm,Tibet,50.0,A,40.0,205.0,8200.0,2024-12-30,2024-12-30,2025-01-02,2025-03-01,Germany,Dubai Flower Centre,USD,0.316,2591.2,AIR FREIGHT,220.79,-0.3,0.0,nan,NAN,4.0,False,False,True,3.0,58.0,True,False
RB-000203,Rift Bloom - Moiben Farm,Tibet,80.0,B,10.0,32.0,320.0,2024-05-24,2024-05-25,2024-05-29,2024-01-06,UAE,Aalsmeer Direct,EUR,0.207,662.4,AIR FREIGHT,590.83,0.9,0.0,nan,PAID,5.0,False,False,False,4.0,-144.0,False,False
RB-002021,Rift Bloom - Kesses Farm,Avalanche,70.0,B,25.0,200.0,5000.0,2023-10-09,2023-11-10,2023-10-13,2023-10-18,Russia,Dubai Flower Centre,EUR,0.503,2515.0,NAN,71.32,0.7,0.0,nan,NAN,5.0,False,False,False,-28.0,5.0,False,False
RB-002308,Rift Bloom - Kapseret Farm,Yellow Babe,40.0,nan,10.0,121.0,1210.0,2025-12-28,2025-12-30,2026-01-01,,France,Aalsmeer Direct,USD,0.462,559.02,ROAD THEN AIR,26.2,0.2,0.0,nan,NAN,4.0,False,False,False,2.0,,False,False
RB-000327,Rift Bloom - Turbo Farm,Freedom,70.0,A,40.0,89.0,3560.0,2024-02-18,2024-02-20,2024-02-24,2024-02-26,uk,Tokyo Flower Market,NAN,0.392,1395.52,ROAD THEN AIR,61.04,0.3,0.0,nan,UNKNOWN,4.0,False,False,False,4.0,2.0,True,False
RB-001159,Rift Bloom - Kesses Farm,Vendela,60.0,B,25.0,140.0,3500.0,2025-03-25,2025-03-27,2025-03-28,2025-04-01,France,Tokyo Flower Market,UNKNOWN,0.273,955.5,NAN,202.21,,0.0,nan,PAID,4.0,False,False,False,1.0,4.0,True,False
RB-000388,Rift Bloom - Kapseret Farm,Tibet,80.0,PREMIUM,20.0,202.0,4040.0,2025-09-02,2025-09-03,2025-09-04,2025-09-05,Japan,Bloomon BV,USD,0.23,929.2,AIR FREIGHT,380.17,,0.0,nan,NAN,4.0,False,False,False,1.0,1.0,True,False
RB-001796,Rift Bloom - Ziwa Farm,Cool Water,50.0,A,20.0,92.0,1840.0,2022-12-09,2022-12-09,2022-09-15,2022-09-18,Australia,Carrefour Flowers,EUR,0.293,539.12,AIR FREIGHT,38.91,-0.4,0.0,nan,PAID,3.0,False,False,True,-85.0,3.0,False,False
RB-001188,Rift Bloom - Kapseret Farm,High & Magic,70.0,C,40.0,251.0,10040.0,2022-01-11,2022-01-12,2022-01-14,2022-01-17,United Arab Emirates,Blume2000,USD,0.345,3463.8,ROAD THEN AIR,8.55,1.4,0.0,nan,PENDING,4.0,False,False,False,2.0,3.0,True,False
RB-002830,Rift Bloom - Kesses Farm,Mondial,80.0,C,25.0,59.0,1475.0,2024-02-06,2024-02-07,2024-02-10,2024-02-14,Norway,FloraHolland Auction,EUR,0.252,371.7,AIR FREIGHT,139.84,1.5,0.0,nan,PAID,4.0,False,False,False,3.0,4.0,True,False
RB-000352,Rift Bloom - Turbo Farm,High & Magic,50.0,STANDARD,10.0,168.0,1680.0,2023-09-12,2023-09-14,2023-09-16,2023-09-20,Poland,Carrefour Flowers,EUR,0.425,714.0,AIR FREIGHT,193.27,3.4,0.0,None,PENDING,3.0,False,False,False,2.0,4.0,True,False
RB-001356,Rift Bloom - Turbo Farm,Sweetness,90.0,PREMIUM,40.0,82.0,3280.0,2023-04-21,2023-04-22,2023-04-26,2023-01-05,Poland,Carrefour Flowers,USD,0.478,1567.84,AIR FREIGHT,398.0,4.1,0.0,nan,PENDING,5.0,False,False,False,4.0,-111.0,False,False
RB-000043,Rift Bloom - Timboroa Farm,Avalanche,80.0,A,20.0,225.0,4500.0,2023-09-06,2023-11-06,2023-06-13,2023-06-15,Japan,Whole Foods Market,NAN,0.509,2290.5,AIR FREIGHT,357.93,2.0,0.0,nan,OVERDUE,5.0,False,False,False,-146.0,2.0,False,False
RB-002471,Rift Bloom - Moiben Farm,Cool Water,40.0,nan,25.0,137.0,3425.0,2024-09-18,,2024-09-24,2024-09-28,United Arab Emirates,FloraHolland Auction,KES,53.04,181662.0,AIR FREIGHT,50.81,16.2,0.0,nan,UNKNOWN,3.0,False,False,False,,4.0,False,False
RB-000102,Rift Bloom - Moiben Farm,Athena,70.0,B,25.0,103.0,2575.0,2025-03-13,2025-03-14,2025-03-15,2025-03-20,United kingdom,Interflora Russia,USD,0.425,1094.38,AIR FREIGHT,134.58,3.2,0.0,nan,OVERDUE,4.0,False,False,False,1.0,5.0,True,False
RB-002730,Rift Bloom - Turbo Farm,Peach Avalanche,60.0,B,20.0,219.0,4380.0,2022-09-13,2022-09-14,2022-09-16,2022-09-20,United Kingdom,Marks & Spencer Flowers,UNKNOWN,0.308,1349.04,AIR FREIGHT,,16.0,0.0,nan,PAID,5.0,False,False,False,2.0,4.0,True,False
RB-002997,Rift Bloom - Turbo Farm,Sweetness,70.0,PREMIUM,40.0,167.0,6680.0,2025-01-18,2025-01-19,2025-01-21,2025-01-24,Norway,Interflora Russia,USD,0.457,30527.6,NAN,122.32,2.1,0.0,nan,NAN,5.0,False,False,False,2.0,3.0,True,False
RB-000447,Rift Bloom - Moiben Farm,Red Naomi,40.0,B,10.0,115.0,1150.0,2024-08-05,2024-05-08,2024-05-11,2024-05-14,USA,Interflora Russia,NAN,0.266,305.9,ROAD THEN AIR,168.1,3.8,0.0,nan,PENDING,5.0,False,False,False,3.0,3.0,True,False
RB-001654,Rift Bloom - Ziwa Farm,Mondial,50.0,PREMIUM,25.0,163.0,4075.0,2022-06-30,2022-02-07,2022-03-07,2022-07-04,Poland,Interflora Russia,EUR,0.359,14629.2,ROAD THEN AIR,40.92,-0.1,0.0,nan,NAN,3.0,False,False,True,28.0,119.0,True,False
RB-001274,Rift Bloom - Turbo Farm,Mondial,40.0,C,20.0,65.0,1300.0,2025-04-28,2025-04-28,2025-04-30,2025-05-05,United Arab Emirates,Bloomon BV,EUR,0.401,521.3,ROAD THEN AIR,155.38,0.9,0.0,nan,NAN,4.0,False,False,False,2.0,5.0,True,False
RB-000135,Rift Bloom - Kesses Farm,Pink Floyd,70.0,A,40.0,77.0,3080.0,2024-07-28,2024-07-30,2024-08-03,2024-08-04,uae,Marks & Spencer Flowers,EUR,0.167,514.36,AIR FREIGHT,434.28,3.1,0.0,nan,PENDING,5.0,False,False,False,4.0,1.0,True,False
RB-000877,Rift Bloom - Ziwa Farm,High & Magic,70.0,A,10.0,79.0,790.0,2026-04-19,2026-04-20,2026-04-24,2026-04-29,United Arab Emirates,M-Farm Traders,EUR,0.271,214.09,AIR FREIGHT,167.24,,0.0,nan,PAID,4.0,False,False,False,4.0,5.0,True,False
RB-000857,Rift Bloom - Kapseret Farm,Mondial,60.0,STANDARD,10.0,45.0,450.0,2022-04-19,2022-04-21,2022-04-24,2022-04-27,uk,Aalsmeer Direct,NAN,0.436,196.2,NAN,550.78,,0.0,nan,PAID,5.0,False,False,False,3.0,3.0,True,False
RB-000129,Rift Bloom - Turbo Farm,Red Naomi,70.0,B,20.0,191.0,3820.0,2022-07-27,2022-07-27,2022-07-30,2022-02-08,Russia,Interflora Russia,USD,0.358,1367.56,AIR FREIGHT,,2.0,0.0,nan,NAN,4.0,False,False,False,3.0,-172.0,False,False
RB-000748,Rift Bloom - Kapseret Farm,Athena,40.0,C,20.0,39.0,780.0,2024-05-23,2024-05-24,2024-05-27,2024-02-06,Germany,FloraHolland Auction,KES,31.59,24640.2,AIR FREIGHT,80.21,1.7,22.0,Bud Blast,PENDING,5.0,False,False,False,3.0,-111.0,False,False
RB-002541,Rift Bloom - Kapseret Farm,Peach Avalanche,50.0,A,40.0,73.0,2920.0,2024-04-03,2024-06-03,2024-03-08,2024-03-13,Australia,Dubai Flower Centre,EUR,0.406,1185.52,NAN,381.66,2.0,0.0,nan,PAID,4.0,False,False,False,-87.0,5.0,False,False
RB-002742,Rift Bloom - Kapseret Farm,Mondial,70.0,B,25.0,102.0,2550.0,2025-05-20,2025-05-20,2025-05-24,,Russia,M-Farm Traders,EUR,0.261,665.55,AIR FREIGHT,63.89,2.2,0.0,nan,PAID,5.0,False,False,False,4.0,,False,False
RB-000876,Rift Bloom - Ziwa Farm,Mondial,70.0,A,10.0,43.0,430.0,2022-07-02,2022-02-08,2022-09-02,2022-02-11,Russia,M-Farm Traders,USD,0.138,59.34,AIR FREIGHT,110.92,2.3,0.0,nan,PAID,5.0,False,False,False,206.0,-203.0,False,False
RB-000104,Rift Bloom - Turbo Farm,Vendela,50.0,A,20.0,92.0,1840.0,2022-03-23,2022-03-25,2022-03-28,2022-04-02,Japan,Dubai Flower Centre,EUR,0.413,759.92,AIR FREIGHT,669.02,2.9,0.0,nan,PENDING,5.0,False,False,False,3.0,5.0,True,False
RB-001698,Rift Bloom - Moiben Farm,Athena,50.0,B,10.0,198.0,1980.0,2022-02-14,2022-02-16,2022-02-20,2022-02-22,Japan,Whole Foods Market,KES,49.27,97554.6,NAN,232.47,-1.6,0.0,nan,PENDING,3.0,False,False,True,4.0,2.0,True,False
RB-000411,Rift Bloom - Kesses Farm,Red Naomi,40.0,nan,20.0,152.0,3040.0,2024-09-25,2024-09-27,2024-09-30,2024-06-10,UAE,Tokyo Flower Market,KES,60.84,184953.6,AIR FREIGHT,112.4,-1.0,0.0,nan,PAID,4.0,False,False,True,3.0,-112.0,False,False
RB-000605,Rift Bloom - Kesses Farm,Circus,40.0,B,40.0,198.0,7920.0,2026-04-16,,2026-04-19,2026-04-24,Japan,Local Wholesaler - Eldoret,EUR,0.466,3690.72,AIR FREIGHT,501.85,0.2,0.0,nan,OVERDUE,5.0,False,False,False,,5.0,False,False
RB-002919,Rift Bloom - Turbo Farm,Vendela,70.0,PREMIUM,25.0,123.0,3075.0,2025-03-27,2025-03-29,2025-02-04,2025-04-04,United Arab Emirates,FloraHolland Auction,EUR,0.409,1257.67,AIR FREIGHT,337.18,0.0,0.0,nan,PAID,5.0,False,False,False,-53.0,59.0,False,False
RB-002857,Rift Bloom - Moiben Farm,Cool Water,70.0,B,10.0,231.0,2310.0,2024-06-13,2024-06-15,,2024-06-21,Australia,Blume2000,EUR,0.372,859.32,AIR FREIGHT,197.61,3.9,0.0,nan,UNKNOWN,4.0,False,False,False,,,False,False
RB-002417,Rift Bloom - Kapseret Farm,Cool Water,60.0,PREMIUM,25.0,174.0,4350.0,2026-12-04,2026-04-14,2026-04-16,2026-04-22,United Kingdom,FloraHolland Auction,NAN,0.122,530.7,NAN,532.69,2.2,0.0,nan,NAN,2.0,False,False,False,2.0,6.0,True,False
RB-000385,Rift Bloom - Moiben Farm,High & Magic,50.0,C,40.0,131.0,5240.0,2025-05-04,2025-04-05,2025-08-04,2025-04-11,Germany,Whole Foods Market,KES,30.55,160082.0,UNKNOWN,739.33,1.9,0.0,nan,PAID,4.0,False,False,False,121.0,-115.0,False,False
RB-001927,Rift Bloom - Kapseret Farm,Peach Avalanche,70.0,A,25.0,182.0,4550.0,2024-03-13,2024-03-14,2024-03-15,2024-03-19,United Kingdom,Blume2000,USD,0.223,1014.65,AIR FREIGHT,378.68,1.7,0.0,nan,PAID,4.0,False,False,False,1.0,4.0,True,False
RB-000057,Rift Bloom - Moiben Farm,Cool Water,60.0,A,10.0,110.0,1100.0,2025-03-03,2025-03-04,2025-06-03,2025-03-09,Russia,Dubai Flower Centre,USD,0.628,690.8,AIR FREIGHT,233.27,2.0,0.0,nan,PAID,4.0,False,False,False,91.0,-86.0,False,False
RB-000325,Rift Bloom - Kesses Farm,Circus,90.0,A,40.0,234.0,9360.0,2026-07-04,2026-09-04,2026-04-12,2026-04-17,United Arab Emirates,Local Wholesaler - Eldoret,EUR,0.317,2967.12,AIR FREIGHT,374.12,1.8,0.0,nan,PENDING,5.0,False,False,False,-145.0,5.0,False,False
RB-000079,Rift Bloom - Kesses Farm,Pink Floyd,60.0,B,25.0,108.0,2700.0,2023-11-26,2023-11-28,2023-12-02,2023-12-07,Netherlands,Blume2000,EUR,0.433,1169.1,ROAD THEN AIR,439.92,2.8,0.0,nan,PAID,4.0,False,False,False,4.0,5.0,True,False
RB-000541,Rift Bloom - Ziwa Farm,Pink Floyd,60.0,PREMIUM,25.0,60.0,1500.0,2022-10-03,2022-11-03,2022-03-15,2022-03-20,France,Carrefour Flowers,NAN,0.399,598.5,ROAD THEN AIR,989.89,1.0,0.0,nan,PENDING,4.0,False,False,False,-233.0,5.0,False,False
RB-000356,Rift Bloom - Kapseret Farm,Athena,50.0,nan,25.0,54.0,1350.0,2025-10-23,2025-10-25,2025-10-27,2025-10-29,United Arab Emirates,FloraHolland Auction,USD,0.522,704.7,AIR FREIGHT,251.4,-0.2,0.0,nan,PENDING,5.0,False,False,True,2.0,2.0,True,False
RB-000360,Rift Bloom - Turbo Farm,Athena,50.0,PREMIUM,25.0,89.0,2225.0,2023-11-08,2023-11-08,2023-12-11,2023-11-16,United Kingdom,Local Wholesaler - Eldoret,KES,61.23,136236.75,AIR FREIGHT,190.26,,0.0,nan,PAID,4.0,False,False,False,33.0,-25.0,False,False
RB-002668,Rift Bloom - Ziwa Farm,Athena,70.0,PREMIUM,20.0,33.0,660.0,2023-05-19,2023-05-19,2023-05-23,2023-05-27,Poland,FloraHolland Auction,USD,0.34,224.4,ROAD THEN AIR,213.06,,0.0,nan,PENDING,4.0,False,False,False,4.0,4.0,True,False
RB-000014,Rift Bloom - Kapseret Farm,High & Magic,60.0,PREMIUM,25.0,156.0,3900.0,2026-01-30,2026-02-01,2026-02-03,,Japan,FloraHolland Auction,EUR,0.217,846.3,ROAD THEN AIR,13.92,5.4,0.0,nan,PENDING,5.0,False,False,False,2.0,,False,False
RB-000916,Rift Bloom - Ziwa Farm,Sweetness,50.0,B,40.0,81.0,3240.0,2022-03-18,2022-03-19,2022-03-23,2022-03-27,Australia,Interflora Russia,USD,0.28,907.2,AIR FREIGHT,364.87,1.7,0.0,nan,PAID,5.0,False,False,False,4.0,4.0,True,False
RB-001414,Rift Bloom - Kapseret Farm,FREEDOM,70.0,UNKNOWN,40.0,205.0,8200.0,2023-05-13,2023-05-13,2023-05-14,2023-05-15,Norway,Tokyo Flower Market,KES,18.85,154570.0,AIR FREIGHT,207.41,2.5,0.0,nan,OVERDUE,4.0,False,False,False,1.0,1.0,True,False
RB-000814,Rift Bloom - Kapseret Farm,Avalanche+,70.0,PREMIUM,20.0,55.0,1100.0,2025-08-03,2025-03-09,2025-03-13,2025-03-14,US,M-Farm Traders,EUR,0.279,306.9,AIR FREIGHT,79.24,4.0,0.0,nan,PENDING,4.0,False,False,False,4.0,1.0,True,False
RB-000042,Rift Bloom - Moiben Farm,Mondial,60.0,B,10.0,72.0,720.0,2025-02-23,2025-02-23,2025-02-26,2025-01-03,Germany,Dubai Flower Centre,EUR,0.095,68.4,NAN,,1.8,0.0,nan,NAN,4.0,False,False,False,3.0,-54.0,False,False
RB-001594,rift bloom turbo farm,RedNaomi,50.0,B,25.0,39.0,975.0,2022-09-18,2022-09-19,2022-09-22,2022-09-28,Russia,Dubai Flower Centre,KES,67.08,65403.0,NAN,285.29,1.7,14.0,Bud Blast,PAID,4.0,False,False,False,3.0,6.0,True,False
RB-001406,Rift Bloom - Kesses Farm,Yellow Babe,60.0,A,40.0,113.0,4520.0,2025-12-25,2025-12-26,2025-12-27,2026-02-01,France,Whole Foods Market,USD,0.409,1848.68,AIR FREIGHT,363.51,3.7,0.0,nan,PAID,5.0,False,False,False,1.0,36.0,True,False
RB-001611,Rift Bloom - Kesses Farm,Vendela,60.0,A,10.0,100.0,1000.0,2025-11-21,2025-11-23,2025-11-27,2025-12-03,Germany,Local Wholesaler - Eldoret,KES,61.62,61620.0,AIR FREIGHT,205.06,3.4,0.0,Cold Chain Break,OVERDUE,3.0,False,False,False,4.0,6.0,True,False
RB-000883,Rift Bloom - Moiben Farm,Avalanche,80.0,UNKNOWN,40.0,310.0,12400.0,2023-03-14,2023-03-16,2023-03-18,2023-03-20,Norway,Tokyo Flower Market,EUR,0.363,4501.2,ROAD THEN AIR,144.09,3.3,0.0,nan,PAID,4.0,False,False,False,2.0,2.0,True,False
RB-000699,Rift Bloom - Timboroa Farm,Circus,50.0,STANDARD,25.0,57.0,1425.0,2025-12-07,2025-07-14,2025-07-18,2025-07-22,Japan,Whole Foods Market,EUR,0.258,367.65,NAN,276.31,2.2,0.0,nan,PENDING,5.0,False,False,False,4.0,4.0,True,False
RB-001846,Rift Bloom - Kapseret Farm,Athena,90.0,PREMIUM,20.0,94.0,1880.0,2025-09-25,2025-09-26,2025-09-30,2025-06-10,Australia,Aalsmeer Direct,USD,0.478,898.64,AIR FREIGHT,570.64,1.8,0.0,nan,PENDING,4.0,False,False,False,4.0,-112.0,False,False
RB-000004,Rift Bloom - Moiben Farm,Red-Naomi,90.0,C,40.0,113.0,4520.0,2024-04-29,2024-04-30,2024-04-05,2024-05-06,UK,Blume2000,NAN,0.445,2011.4,AIR FREIGHT,554.1,1.9,0.0,nan,PAID,4.0,False,False,False,-25.0,31.0,False,False
RB-000977,Rift Bloom - Moiben Farm,Pink Floyd,50.0,B,20.0,161.0,3220.0,2023-09-25,,2023-09-27,2023-09-28,Germany,Local Wholesaler - Eldoret,USD,0.513,1651.86,AIR FREIGHT,222.67,2.3,0.0,nan,OVERDUE,5.0,False,False,False,,1.0,False,False
RB-000099,Rift Bloom - Timboroa Farm,Cool Water,70.0,STANDARD,40.0,65.0,2600.0,2024-02-24,2024-02-24,2024-02-28,2024-03-03,United Arab Emirates,Local Wholesaler - Eldoret,USD,0.418,1086.8,NAN,327.35,2.2,0.0,nan,PAID,4.0,False,False,False,4.0,4.0,True,False
RB-002881,Rift Bloom - Timboroa Farm,Cool Water,50.0,A,40.0,250.0,10000.0,2025-07-02,2025-02-09,2025-10-02,2025-12-02,Australia,Carrefour Flowers,EUR,0.207,2070.0,AIR FREIGHT,114.63,4.6,0.0,nan,PENDING,4.0,False,False,False,235.0,61.0,True,False
RB-001609,Rift Bloom - Ziwa Farm,Cool Water,500.0,PREMIUM,10.0,25.0,250.0,2024-01-29,2024-01-29,2024-01-02,2024-02-06,Australia,Dubai Flower Centre,USD,0.451,112.75,ROAD THEN AIR,353.44,2.5,0.0,nan,OVERDUE,5.0,False,False,False,-27.0,35.0,False,False
RB-002729,Rift Bloom - Kesses Farm,High & Magic,50.0,A,20.0,61.0,1220.0,2025-09-20,2025-09-21,2025-09-22,2025-09-23,Switzerland,Tokyo Flower Market,KES,32.24,39332.8,ROAD THEN AIR,183.75,0.0,28.0,Wilting,PENDING,4.0,False,False,False,1.0,1.0,True,False
RB-001371,Rift Bloom - Moiben Farm,Circus,90.0,PREMIUM,20.0,103.0,2060.0,2025-12-11,2025-11-13,2025-11-14,2025-11-17,France,Aalsmeer Direct,EUR,0.272,560.32,AIR FREIGHT,,3.2,12.0,Wilting,PENDING,4.0,False,False,False,1.0,3.0,True,False
RB-002618,Rift Bloom - Ziwa Farm,High & Magic,60.0,A,40.0,36.0,1440.0,2024-07-03,2024-07-03,2024-08-03,2024-03-13,The Netherlands,Dubai Flower Centre,EUR,0.435,626.4,AIR FREIGHT,852.2,1.2,32.0,Petal Bruising,PENDING,4.0,False,False,False,31.0,-143.0,False,False
RB-002389,Rift Bloom - Kapseret Farm,Cool Water,70.0,A,10.0,79.0,790.0,2025-08-14,2025-08-15,2025-08-17,2025-08-19,United kingdom,Dubai Flower Centre,USD,0.42,331.8,ROAD THEN AIR,512.72,1.1,0.0,nan,PAID,5.0,False,False,False,2.0,2.0,True,False
RB-002528,Rift Bloom - Moiben Farm,Pink Floyd,70.0,STANDARD,20.0,85.0,1700.0,2026-06-26,2026-06-28,2026-02-07,2026-03-07,Netherlands,Marks & Spencer Flowers,USD,0.472,802.4,AIR FREIGHT,263.88,1.8,0.0,nan,PENDING,4.0,False,False,False,-141.0,28.0,False,False
RB-001192,Rift Bloom - Timboroa Farm,Avalanche,80.0,PREMIUM,20.0,84.0,1680.0,2023-06-08,2023-08-07,2023-08-11,2023-08-14,France,Tokyo Flower Market,EUR,0.279,468.72,NAN,,3.7,0.0,nan,NAN,3.0,False,False,False,4.0,3.0,True,False
RB-002103,Rift Bloom - Ziwa Farm,Sweetness,70.0,UNKNOWN,10.0,204.0,2040.0,2025-02-17,2025-02-17,2025-02-19,2025-02-24,Germany,Local Wholesaler - Eldoret,EUR,0.636,1297.44,ROAD THEN AIR,413.89,1.9,0.0,nan,PENDING,2.0,False,False,False,2.0,5.0,True,False
RB-001517,Rift Bloom - Kesses Farm,High & Magic,70.0,STANDARD,10.0,110.0,1100.0,2025-02-09,2025-10-02,2025-02-11,2025-12-02,Switzerland,Marks & Spencer Flowers,USD,0.48,528.0,AIR FREIGHT,42.19,24.8,0.0,nan,PAID,4.0,False,False,False,-233.0,294.0,False,False
RB-000701,Rift Bloom - Ziwa Farm,Freedom,40.0,B,40.0,127.0,5080.0,2025-12-30,2025-12-31,2026-04-01,2026-05-01,Australia,Marks & Spencer Flowers,KES,52.91,268782.8,AIR FREIGHT,191.34,4.2,0.0,nan,PAID,5.0,False,False,False,91.0,30.0,True,False
RB-000456,Rift Bloom - Ziwa Farm,Athena,40.0,STANDARD,40.0,101.0,4040.0,2026-07-08,2026-08-08,2026-10-08,2026-08-13,United Kingdom,Whole Foods Market,USD,0.322,1300.88,ROAD THEN AIR,327.65,4.5,0.0,nan,PENDING,5.0,False,False,False,61.0,-56.0,False,False
RB-002268,Rift Bloom - Kesses Farm,Vendela,70.0,A,40.0,104.0,4160.0,2022-01-13,2022-01-15,2022-01-19,2022-01-24,France,Interflora Russia,USD,0.361,1501.76,NAN,237.07,0.8,0.0,nan,PAID,4.0,False,False,False,4.0,5.0,True,False
RB-001261,Rift Bloom - Turbo Farm,Yellow Babe,40.0,STANDARD,10.0,171.0,1710.0,2024-05-08,2024-05-08,2024-09-08,2024-08-13,Japan,FloraHolland Auction,USD,0.254,434.34,ROAD THEN AIR,151.6,19.6,0.0,nan,PAID,4.0,False,False,False,123.0,-26.0,False,False
RB-001981,Rift Bloom - Moiben Farm,Explorer,90.0,PREMIUM,20.0,47.0,940.0,2025-04-26,2025-04-26,2025-04-30,2025-02-05,US,Blume2000,USD,0.097,91.18,AIR FREIGHT,300.5,3.4,0.0,nan,PAID,5.0,False,False,False,4.0,-84.0,False,False
RB-001038,Rift Bloom - Ziwa Farm,Pink Floyd,80.0,A,25.0,215.0,5375.0,2023-10-31,2023-02-11,2023-11-05,2023-10-11,uae,Blume2000,EUR,0.252,1354.5,AIR FREIGHT,263.56,0.4,0.0,nan,PENDING,3.0,False,False,False,267.0,-25.0,False,False
RB-000952,Rift Bloom - Timboroa Farm,Red Naomi,90.0,PREMIUM,10.0,138.0,1380.0,2023-01-28,2023-01-30,2023-01-02,2023-02-02,uae,Tokyo Flower Market,NAN,0.174,240.12,NAN,62.07,1.8,14.0,nan,PAID,4.0,False,False,False,-28.0,31.0,False,False
RB-002591,Rift Bloom - Timboroa Farm,Freedom,60.0,PREMIUM,20.0,84.0,1680.0,,2025-09-10,2025-10-13,2025-10-19,Poland,Carrefour Flowers,EUR,0.278,467.04,AIR FREIGHT,424.83,3.0,0.0,nan,PAID,5.0,False,False,False,33.0,6.0,True,False
RB-000412,Rift Bloom - Kapseret Farm,Tibet,60.0,B,20.0,87.0,1740.0,2025-03-01,2025-01-04,,2025-11-01,France,Marks & Spencer Flowers,EUR,0.435,756.9,AIR FREIGHT,125.95,,0.0,nan,PAID,4.0,False,False,False,,,False,False
RB-001813,Rift Bloom - Ziwa Farm,Red Naomi,70.0,B,10.0,83.0,830.0,2022-08-07,2022-08-08,2022-09-08,2022-08-13,United Arab Emirates,Interflora Russia,KES,50.96,422968.0,AIR FREIGHT,284.15,0.6,0.0,nan,PAID,4.0,False,False,False,31.0,-26.0,False,False
RB-002467,Rift Bloom - Kesses Farm,Pink Floyd,90.0,nan,25.0,62.0,1550.0,2025-10-06,2025-06-12,2025-06-16,2025-06-20,Japan,Local Wholesaler - Eldoret,USD,0.262,406.1,AIR FREIGHT,,3.9,0.0,nan,PAID,4.0,False,False,False,4.0,4.0,True,False
RB-001302,Rift Bloom - Moiben Farm,Explorer,50.0,PREMIUM,25.0,120.0,3000.0,2022-07-14,2022-07-15,2022-07-17,2022-07-19,Germany,Tokyo Flower Market,KES,53.56,160680.0,AIR FREIGHT,563.06,0.4,0.0,nan,PAID,2.0,False,False,False,2.0,2.0,True,False
RB-002604,Rift Bloom - Timboroa Farm,Tibet,50.0,PREMIUM,40.0,-18.0,-720.0,2025-05-06,2025-06-07,,2025-06-11,Poland,Marks & Spencer Flowers,KES,18.33,-13197.6,AIR FREIGHT,151.73,,0.0,nan,PENDING,5.0,False,False,False,,,False,False
RB-001297,Rift Bloom - Turbo Farm,Cool Water,60.0,A,10.0,79.0,790.0,2022-08-01,2022-01-08,2022-09-01,2022-01-14,Russia,FloraHolland Auction,EUR,0.359,283.61,AIR FREIGHT,451.82,1.1,0.0,nan,PENDING,4.0,False,False,False,236.0,-230.0,False,False
RB-001585,Rift Bloom - Kapseret Farm,Avalanche+,70.0,B,25.0,47.0,1175.0,2023-01-21,2023-01-23,2023-01-24,2023-01-29,Poland,FloraHolland Auction,KES,30.94,36354.5,NAN,757.09,3.4,0.0,nan,PAID,5.0,False,False,False,1.0,5.0,True,False
RB-001269,Rift Bloom - Moiben Farm,Vendela,50.0,A,10.0,97.0,970.0,2022-01-30,2022-01-31,2022-01-02,2022-02-05,U.A.E,FloraHolland Auction,EUR,0.334,323.98,AIR FREIGHT,592.55,2.1,0.0,nan,PAID,4.0,False,False,False,-29.0,34.0,False,False
RB-002379,Rift Bloom - Kapseret Farm,Pink Floyd,50.0,A,20.0,249.0,4980.0,2025-07-15,2025-07-15,2025-07-19,2025-07-24,Germany,Local Wholesaler - Eldoret,EUR,0.509,2534.82,AIR FREIGHT,182.38,1.6,0.0,nan,PAID,3.0,False,False,False,4.0,5.0,True,False
RB-002842,Rift Bloom - Turbo Farm,Explorer,60.0,STANDARD,20.0,169.0,3380.0,2023-05-13,2023-05-13,2023-05-17,2023-05-18,France,FloraHolland Auction,USD,0.255,861.9,AIR FREIGHT,450.12,2.6,0.0,nan,PAID,4.0,False,False,False,4.0,1.0,True,False
RB-001022,Rift Bloom - Moiben Farm,Sweetness,80.0,PREMIUM,40.0,139.0,5560.0,2023-12-29,2023-12-30,2023-12-31,2024-01-05,Germany,Carrefour Flowers,EUR,0.46,2557.6,AIR FREIGHT,210.05,1.2,0.0,nan,PAID,4.0,False,False,False,1.0,5.0,True,False
RB-000502,Rift Bloom - Kapseret Farm,High & Magic,50.0,C,25.0,92.0,2300.0,2026-09-04,2026-10-04,2026-11-04,2026-04-17,United Arab Emirates,Blume2000,USD,0.42,966.0,AIR FREIGHT,176.04,0.9,0.0,nan,OVERDUE,5.0,False,False,False,31.0,-201.0,False,False
RB-000759,Rift Bloom - Timboroa Farm,Cool Water,50.0,PREMIUM,40.0,99.0,3960.0,2022-04-07,2022-09-04,2022-04-11,2022-04-14,United Arab Emirates,Carrefour Flowers,EUR,0.434,1718.64,AIR FREIGHT,87.06,0.1,0.0,nan,PAID,5.0,False,False,False,-146.0,3.0,False,False
RB-002260,Rift Bloom - Timboroa Farm,High & Magic,40.0,PREMIUM,40.0,122.0,4880.0,2024-03-05,2024-05-05,2024-05-09,2024-05-11,Germany,Interflora Russia,EUR,0.373,1820.24,AIR FREIGHT,454.96,2.2,0.0,nan,PENDING,2.0,False,False,False,4.0,2.0,True,False
RB-000429,Rift Bloom - Timboroa Farm,Mondial,90.0,PREMIUM,40.0,100.0,4000.0,2024-07-27,2024-07-28,,2024-08-03,Poland,Aalsmeer Direct,USD,0.171,6840.0,AIR FREIGHT,409.88,1.2,0.0,nan,PAID,4.0,False,False,False,,,False,False
RB-001618,Rift Bloom - Timboroa Farm,Peach Avalanche,60.0,PREMIUM,20.0,121.0,2420.0,2025-01-15,2025-01-16,2025-01-20,2025-01-23,Japan,Interflora Russia,USD,0.31,750.2,AIR FREIGHT,726.51,,0.0,nan,PENDING,4.0,False,False,False,4.0,3.0,True,False
RB-001318,Rift Bloom - Timboroa Farm,Mondial,50.0,A,25.0,99.0,2475.0,2025-02-18,2025-02-19,2025-02-21,2025-02-23,Russia,FloraHolland Auction,USD,0.406,1004.85,AIR FREIGHT,364.34,3.1,0.0,nan,PAID,5.0,False,False,False,2.0,2.0,True,False
RB-000074,Rift Bloom - Kapseret Farm,Explorer,70.0,PREMIUM,10.0,37.0,370.0,2026-01-09,2026-11-01,2026-01-13,2026-01-17,Russia,Dubai Flower Centre,NAN,0.437,161.69,AIR FREIGHT,254.15,,0.0,nan,OVERDUE,5.0,False,False,False,-292.0,4.0,False,False
RB-001345,Rift Bloom - Ziwa Farm,Athena,90.0,nan,10.0,178.0,1780.0,2025-09-18,2025-09-18,2025-09-19,2025-09-21,Russia,Whole Foods Market,EUR,0.215,382.7,ROAD THEN AIR,518.06,,0.0,nan,NAN,4.0,False,False,False,1.0,2.0,True,False
RB-002272,Rift Bloom - Kesses Farm,Yellow Babe,80.0,STANDARD,20.0,17.0,340.0,2025-02-12,2025-12-02,2025-02-14,2025-02-17,Norway,Carrefour Flowers,EUR,0.332,112.88,AIR FREIGHT,,3.5,0.0,nan,PAID,4.0,False,False,False,-291.0,3.0,False,False
RB-001127,Rift Bloom - Timboroa Farm,Mondial,70.0,A,20.0,137.0,2740.0,2023-02-02,2023-04-02,2023-02-06,2023-09-02,USA,FloraHolland Auction,NAN,0.379,1038.46,ROAD THEN AIR,267.05,4.4,0.0,nan,PAID,5.0,False,False,False,-55.0,208.0,False,False
RB-002332,Rift Bloom - Kapseret Farm,High & Magic,50.0,A,25.0,92.0,2300.0,2023-03-14,2023-03-16,2023-03-18,2023-03-22,Norway,Local Wholesaler - Eldoret,EUR,0.442,1016.6,ROAD THEN AIR,260.16,,0.0,nan,OVERDUE,4.0,False,False,False,2.0,4.0,True,False
RB-001140,Rift Bloom - Kesses Farm,Peach Avalanche,60.0,B,40.0,44.0,1760.0,2022-05-20,2022-05-20,2022-05-21,2022-05-24,France,Tokyo Flower Market,USD,0.354,623.04,AIR FREIGHT,,3.3,0.0,None,PAID,4.0,False,False,False,1.0,3.0,True,False
RB-001752,Rift Bloom - Kesses Farm,Peach Avalanche,90.0,B,20.0,221.0,4420.0,2024-12-03,2024-03-14,2024-03-17,2024-03-19,France,Dubai Flower Centre,USD,0.495,2187.9,NAN,397.01,1.1,0.0,nan,PENDING,5.0,False,False,False,3.0,2.0,True,False
RB-001395,Rift Bloom - Turbo Farm,Circus,80.0,PREMIUM,10.0,51.0,510.0,2022-11-22,2022-11-24,2022-11-28,2022-04-12,France,Aalsmeer Direct,KES,70.59,36000.9,AIR FREIGHT,374.77,1.8,0.0,nan,PAID,4.0,False,False,False,4.0,-230.0,False,False
RB-002383,Rift Bloom - Kesses Farm,Vendela,50.0,A,10.0,167.0,1670.0,2024-10-10,2024-12-10,2024-10-14,2024-10-16,Poland,Carrefour Flowers,KES,28.73,47979.1,ROAD THEN AIR,152.82,-0.3,0.0,nan,NAN,5.0,False,False,True,-57.0,2.0,False,False
RB-002679,Rift Bloom - Ziwa Farm,Cool Water,50.0,STANDARD,40.0,85.0,3400.0,2025-07-13,2025-07-14,2025-07-16,2025-07-17,US,Bloomon BV,USD,0.317,10778.0,AIR FREIGHT,317.42,2.1,0.0,nan,OVERDUE,4.0,False,False,False,2.0,1.0,True,False
RB-002792,Rift Bloom - Turbo Farm,Yellow Babe,80.0,B,10.0,315.0,3150.0,2023-01-14,2023-01-15,2023-01-18,2023-01-19,Switzerland,Dubai Flower Centre,EUR,0.283,891.45,AIR FREIGHT,211.81,,0.0,nan,NAN,2.0,False,False,False,3.0,1.0,True,False
RB-001797,Rift Bloom - Timboroa Farm,Yellow Babe,60.0,UNKNOWN,20.0,93.0,1860.0,2023-10-08,2023-10-08,2023-08-14,2023-08-15,Poland,Blume2000,NAN,0.233,433.38,UNKNOWN,522.08,5.3,11.0,Petal Bruising,NAN,3.0,False,False,False,-55.0,1.0,False,False
RB-002921,Rift Bloom - Moiben Farm,Yellow Babe,60.0,STANDARD,25.0,124.0,3100.0,2024-11-10,2024-12-11,2024-11-14,,Switzerland,Aalsmeer Direct,NAN,0.396,1227.6,AIR FREIGHT,161.47,1.3,0.0,nan,PENDING,5.0,False,False,False,-27.0,,False,False
RB-001121,Rift Bloom - Kesses Farm,Tibet,70.0,STANDARD,20.0,161.0,3220.0,2022-03-05,2022-03-05,2022-08-03,2022-03-14,netherlands,Dubai Flower Centre,EUR,0.156,502.32,AIR FREIGHT,172.41,,0.0,nan,NAN,1.0,False,False,False,151.0,-142.0,False,False
RB-002770,Rift Bloom - Ziwa Farm,Circus,70.0,B,40.0,117.0,4680.0,2023-11-03,,2023-03-13,2023-03-17,Australia,Carrefour Flowers,NAN,0.133,6224.4,AIR FREIGHT,111.0,21.4,0.0,nan,PENDING,5.0,False,False,False,,4.0,False,False
RB-000612,Rift Bloom - Ziwa Farm,Circus,60.0,STANDARD,25.0,75.0,1875.0,2025-02-20,2025-02-22,2025-02-24,2025-01-03,United States,Bloomon BV,EUR,0.335,628.12,NAN,542.27,,0.0,nan,PAID,3.0,False,False,False,2.0,-52.0,False,False
RB-001139,Rift Bloom - Timboroa Farm,Yellow Babe,40.0,PREMIUM,20.0,101.0,2020.0,2025-05-09,2025-06-09,2025-09-08,2025-12-09,Australia,Interflora Russia,NAN,0.403,814.06,AIR FREIGHT,219.98,4.3,0.0,nan,NAN,4.0,False,False,False,91.0,92.0,True,False
RB-000426,Rift Bloom - Turbo Farm,Vendela,40.0,C,10.0,176.0,1760.0,2023-10-16,2023-10-16,2023-10-19,2023-10-23,France,Local Wholesaler - Eldoret,KES,58.63,103188.8,NAN,528.24,1.4,0.0,nan,NAN,4.0,False,False,False,3.0,4.0,True,False
RB-000649,Rift Bloom - Ziwa Farm,Explorer,60.0,PREMIUM,10.0,219.0,2190.0,2023-08-25,2023-08-27,2023-08-29,2023-02-09,Poland,Carrefour Flowers,NAN,0.599,1311.81,AIR FREIGHT,124.57,4.7,0.0,nan,PENDING,5.0,False,False,False,2.0,-201.0,False,False
RB-002502,Rift Bloom - Kapseret Farm,Sweetness,50.0,C,20.0,359.0,7180.0,2025-01-25,2025-01-27,2025-01-31,2025-03-02,Russia,Dubai Flower Centre,USD,0.317,2276.06,ROAD THEN AIR,228.97,3.6,14.0,nan,PENDING,2.0,False,False,False,4.0,30.0,True,False
RB-002826,Rift Bloom - Kapseret Farm,Vendela,40.0,B,10.0,99.0,990.0,2023-04-21,2023-04-22,2023-04-23,2023-04-25,Norway,FloraHolland Auction,USD,0.373,369.27,AIR FREIGHT,475.77,2.4,0.0,nan,PAID,4.0,False,False,False,1.0,2.0,True,False
RB-001409,Rift Bloom - Timboroa Farm,High & Magic,90.0,A,40.0,74.0,2960.0,2025-11-23,2025-11-25,2025-11-28,2025-11-30,France,Aalsmeer Direct,USD,0.62,1835.2,NAN,129.72,2.9,0.0,nan,PAID,2.0,False,False,False,3.0,2.0,True,False
RB-000566,Rift Bloom - Kesses Farm,Explorer,70.0,STANDARD,20.0,42.0,840.0,2023-11-02,2023-02-11,2023-06-11,2023-11-10,Switzerland,FloraHolland Auction,USD,0.377,316.68,AIR FREIGHT,,2.3,0.0,nan,PAID,1.0,True,False,False,120.0,152.0,True,False
RB-002458,Rift Bloom - Ziwa Farm,Circus,40.0,B,10.0,16.0,160.0,2026-08-05,2026-06-08,2026-07-08,2026-11-08,United Arab Emirates,Blume2000,USD,0.219,35.04,AIR FREIGHT,43.73,2.2,0.0,nan,NAN,4.0,False,False,False,30.0,123.0,True,False
RB-000886,Rift Bloom - Turbo Farm,Athena,50.0,STANDARD,25.0,42.0,1050.0,2026-01-27,2026-01-27,2026-01-30,2026-03-02,Japan,Interflora Russia,USD,0.236,247.8,AIR FREIGHT,304.19,2.2,0.0,nan,UNKNOWN,4.0,False,False,False,3.0,31.0,True,False
RB-002859,rift bloom turbo farm,High & Magic,60.0,STANDARD,10.0,144.0,1440.0,2025-11-15,2025-11-17,2025-11-19,2025-11-21,Switzerland,Bloomon BV,EUR,0.418,601.92,ROAD THEN AIR,597.36,2.9,0.0,nan,PENDING,4.0,False,False,False,2.0,2.0,True,False
RB-000783,Rift Bloom - Ziwa Farm,Cool Water,40.0,B,25.0,180.0,4500.0,2022-08-29,2022-08-29,2022-01-09,2022-05-09,Poland,Dubai Flower Centre,KES,42.12,189540.0,AIR FREIGHT,411.85,-1.6,0.0,nan,NAN,5.0,False,False,True,-232.0,120.0,False,False
RB-002639,Rift Bloom - Ziwa Farm,Circus,40.0,B,40.0,52.0,2080.0,2022-03-19,2022-03-19,2022-03-23,2022-03-26,Netherlands,Interflora Russia,KES,55.9,116272.0,AIR FREIGHT,,1.9,0.0,nan,PENDING,5.0,False,False,False,4.0,3.0,True,False
RB-000630,Rift Bloom - Kesses Farm,High & Magic,70.0,C,10.0,140.0,1400.0,2024-11-08,2024-09-11,,2024-11-15,France,Interflora Russia,EUR,0.341,477.4,AIR FREIGHT,378.35,0.8,50.0,Bud Blast,NAN,4.0,False,False,False,,,False,False
RB-002907,Rift Bloom - Timboroa Farm,Sweetness,90.0,A,20.0,68.0,1360.0,2023-10-19,2023-10-20,2023-10-22,2023-10-23,Australia,Blume2000,EUR,0.401,545.36,ROAD THEN AIR,693.46,0.4,0.0,nan,PENDING,4.0,False,False,False,2.0,1.0,True,False
RB-002273,Rift Bloom - Kapseret Farm,Red Naomi,90.0,B,10.0,29.0,290.0,2024-09-23,2024-09-25,2024-09-26,2024-09-27,Poland,Local Wholesaler - Eldoret,KES,51.74,15004.6,AIR FREIGHT,422.02,-1.6,0.0,nan,NAN,5.0,False,False,True,1.0,1.0,True,False
RB-000501,Rift Bloom - Timboroa Farm,High & Magic,70.0,A,40.0,107.0,4280.0,2024-10-28,2024-10-30,2024-11-03,2024-11-05,Russia,Local Wholesaler - Eldoret,EUR,0.285,1219.8,AIR FREIGHT,292.88,3.1,0.0,nan,PAID,5.0,False,False,False,4.0,2.0,True,False
RB-001731,Rift Bloom - Timboroa Farm,Circus,40.0,A,25.0,158.0,3950.0,2022-08-04,2022-06-08,2022-08-08,2022-10-08,Switzerland,Dubai Flower Centre,NAN,0.246,971.7,AIR FREIGHT,113.5,0.0,0.0,nan,NAN,4.0,False,False,False,61.0,61.0,True,False
RB-001916,Rift Bloom - Turbo Farm,Peach Avalanche,60.0,PREMIUM,40.0,79.0,3160.0,2022-09-15,2022-09-15,2022-09-18,2022-09-20,Netherlands,Tokyo Flower Market,EUR,0.406,1282.96,UNKNOWN,420.09,4.1,0.0,nan,PENDING,4.0,False,False,False,3.0,2.0,True,False
RB-000409,Rift Bloom - Timboroa Farm,Explorer,80.0,B,40.0,156.0,6240.0,2024-09-28,2024-09-30,2024-03-10,2024-10-06,United Kingdom,M-Farm Traders,EUR,0.356,2221.44,AIR FREIGHT,,3.1,0.0,nan,NAN,4.0,False,False,False,-204.0,210.0,False,False
RB-001344,Rift Bloom - Kapseret Farm,Circus,500.0,B,20.0,108.0,2160.0,2025-07-04,2025-05-07,2025-07-09,2025-07-15,U.A.E,FloraHolland Auction,KES,40.43,87328.8,NAN,216.99,3.8,0.0,nan,PAID,5.0,False,False,False,63.0,6.0,True,False
RB-000165,Rift Bloom - Kapseret Farm,Athena,90.0,A,25.0,276.0,6900.0,2023-05-08,2023-06-08,2023-09-08,2023-08-14,Norway,M-Farm Traders,USD,0.393,2711.7,NAN,350.71,4.3,0.0,nan,PENDING,5.0,False,False,False,92.0,-25.0,False,False
RB-002517,Rift Bloom - Ziwa Farm,Circus,90.0,A,40.0,113.0,4520.0,2022-01-27,2022-01-29,2022-01-30,2022-02-01,Japan,Blume2000,EUR,0.341,1541.32,ROAD THEN AIR,240.69,5.3,0.0,nan,NAN,4.0,False,False,False,1.0,2.0,True,False
RB-000244,Rift Bloom - Timboroa Farm,High & Magic,40.0,PREMIUM,25.0,28.0,700.0,2022-10-18,2022-10-20,2022-10-21,2022-10-27,Russia,Tokyo Flower Market,EUR,0.45,315.0,AIR FREIGHT,119.66,0.9,0.0,nan,PAID,3.0,False,False,False,1.0,6.0,True,False
RB-002887,Rift Bloom - Ziwa Farm,red naomi,60.0,PREMIUM,20.0,31.0,620.0,2022-07-30,2022-07-30,2022-08-03,2022-08-08,Poland,Blume2000,USD,0.264,163.68,AIR FREIGHT,389.62,24.6,0.0,None,PAID,4.0,False,False,False,4.0,5.0,True,False
RB-002856,Rift Bloom - Turbo Farm,Sweetness,50.0,UNKNOWN,10.0,48.0,480.0,2024-05-15,2024-05-17,2024-05-19,2024-05-20,Japan,Aalsmeer Direct,NAN,0.224,107.52,AIR FREIGHT,215.31,2.5,0.0,nan,PAID,4.0,False,False,False,2.0,1.0,True,False
RB-000379,Rift Bloom - Kesses Farm,Cool Water,70.0,STANDARD,10.0,179.0,1790.0,2023-05-28,,2023-05-31,2023-06-01,usa,Marks & Spencer Flowers,EUR,0.408,730.32,AIR FREIGHT,166.23,2.4,0.0,nan,PENDING,5.0,False,False,False,,1.0,False,False
RB-001088,Rift Bloom - Moiben Farm,Sweetness,70.0,C,40.0,150.0,6000.0,2026-06-24,2026-06-26,2026-06-27,2026-06-29,Australia,Dubai Flower Centre,EUR,0.089,534.0,ROAD THEN AIR,373.87,5.0,0.0,nan,NAN,5.0,False,False,False,1.0,2.0,True,False
RB-001845,Rift Bloom - Kesses Farm,Vendela,60.0,B,40.0,344.0,13760.0,2026-05-20,2026-05-20,2026-05-22,2026-05-26,Japan,FloraHolland Auction,EUR,0.217,2985.92,ROAD THEN AIR,614.78,3.8,0.0,nan,PENDING,4.0,False,False,False,2.0,4.0,True,False
RB-001963,Rift Bloom - Ziwa Farm,Tibet,70.0,A,20.0,161.0,3220.0,2026-01-02,2026-03-01,2026-06-01,2026-12-01,UAE,Whole Foods Market,USD,0.234,753.48,NAN,,2.2,0.0,nan,UNKNOWN,3.0,False,False,False,92.0,183.0,True,False
RB-000316,Rift Bloom - Moiben Farm,Athena,40.0,STANDARD,20.0,135.0,2700.0,2023-06-09,2023-10-06,2023-06-14,2023-06-16,United Arab Emirates,Marks & Spencer Flowers,USD,0.348,939.6,ROAD THEN AIR,135.24,-1.2,0.0,nan,PAID,2.0,False,False,True,-114.0,2.0,False,False
RB-000529,Rift Bloom - Moiben Farm,Circus,70.0,PREMIUM,40.0,43.0,1720.0,2025-10-15,2025-10-17,2025-10-20,2025-10-21,Russia,Blume2000,EUR,0.482,829.04,AIR FREIGHT,30.24,1.9,30.0,Wilting,PAID,1.0,False,False,False,3.0,1.0,True,False
RB-002990,Rift Bloom - Timboroa Farm,Sweetness,80.0,STANDARD,20.0,145.0,2900.0,2022-02-02,2022-03-02,2022-04-02,2022-10-02,United States,Whole Foods Market,EUR,0.501,1452.9,AIR FREIGHT,537.03,2.1,0.0,nan,NAN,5.0,False,False,False,31.0,183.0,True,False
RB-001178,Rift Bloom - Moiben Farm,Pink Floyd,60.0,B,40.0,60.0,2400.0,2026-01-29,2026-01-30,2026-03-02,2026-06-02,France,Local Wholesaler - Eldoret,USD,0.37,888.0,NAN,621.35,3.7,0.0,nan,PAID,5.0,False,False,False,31.0,92.0,True,False
RB-000190,Rift Bloom - Turbo Farm,Athena,90.0,STANDARD,40.0,116.0,4640.0,2023-10-03,,2023-04-10,2023-09-10,Norway,Dubai Flower Centre,USD,0.421,1953.44,AIR FREIGHT,294.55,3.7,0.0,nan,PENDING,5.0,False,False,False,,153.0,False,False
RB-000028,Rift Bloom - Kesses Farm,Vendela,50.0,B,40.0,161.0,6440.0,2026-10-03,2026-12-03,2026-03-13,2026-03-16,Russia,Interflora Russia,KES,24.31,156556.4,ROAD THEN AIR,513.03,-1.1,0.0,nan,OVERDUE,5.0,False,False,True,-265.0,3.0,False,False
RB-002018,Rift Bloom - Kapseret Farm,Mondial,50.0,nan,25.0,95.0,2375.0,2026-06-02,,2026-12-02,2026-02-15,Japan,Dubai Flower Centre,KES,24.31,57736.25,AIR FREIGHT,353.61,4.7,0.0,nan,NAN,5.0,False,False,False,,-290.0,False,False
RB-000275,Rift Bloom - Kapseret Farm,Peach Avalanche,60.0,STANDARD,10.0,157.0,1570.0,2022-06-04,2022-06-04,2022-09-04,2022-11-04,United Kingdom,M-Farm Traders,USD,0.375,588.75,NAN,228.13,1.6,0.0,nan,PAID,4.0,False,False,False,92.0,61.0,True,False
RB-002993,Rift Bloom - Kesses Farm,Sweetness,70.0,STANDARD,20.0,139.0,2780.0,2026-07-21,2026-07-21,2026-07-24,2026-07-30,France,Blume2000,USD,0.249,692.22,AIR FREIGHT,270.74,1.1,0.0,nan,PAID,4.0,False,False,False,3.0,6.0,True,False
RB-002248,Rift Bloom - Kesses Farm,Athena,70.0,STANDARD,20.0,100.0,2000.0,2022-07-06,2022-06-09,2022-12-06,2022-06-18,France,Dubai Flower Centre,EUR,0.05,100.0,ROAD THEN AIR,93.23,0.5,0.0,nan,PAID,5.0,False,False,False,180.0,-171.0,False,False
RB-001992,Rift Bloom - Kesses Farm,Pink Floyd,70.0,A,10.0,140.0,1400.0,2025-10-16,2025-10-18,2025-10-22,2025-10-27,US,Interflora Russia,EUR,0.339,474.6,AIR FREIGHT,63.53,1.0,0.0,nan,PENDING,4.0,False,False,False,4.0,5.0,True,False
RB-002698,Rift Bloom - Kesses Farm,Freedom,50.0,nan,40.0,168.0,6720.0,2026-06-13,2026-06-14,2026-06-17,2026-06-18,Germany,Carrefour Flowers,KES,53.69,360796.8,AIR FREIGHT,260.87,2.0,0.0,nan,NAN,4.0,False,False,False,3.0,1.0,True,False
RB-002265,Rift Bloom - Ziwa Farm,Tibet,90.0,C,20.0,51.0,1020.0,2024-07-16,2024-07-16,2024-07-19,2024-07-22,Norway,Bloomon BV,NAN,0.231,235.62,AIR FREIGHT,188.19,2.4,0.0,nan,OVERDUE,4.0,False,False,False,3.0,3.0,True,False
RB-002085,Rift Bloom - Kapseret Farm,High & Magic,50.0,C,25.0,77.0,1925.0,2022-06-09,2022-09-07,2022-11-09,2022-09-14,Poland,Dubai Flower Centre,EUR,0.52,1001.0,AIR FREIGHT,111.72,2.4,0.0,nan,PAID,5.0,False,False,False,63.0,-56.0,False,False
RB-000586,Rift Bloom - Ziwa Farm,Peach Avalanche,90.0,C,25.0,120.0,3000.0,2022-11-10,2022-11-10,2022-10-15,2022-10-21,Japan,Marks & Spencer Flowers,EUR,0.397,1191.0,AIR FREIGHT,306.91,2.6,0.0,nan,OVERDUE,4.0,False,False,False,-26.0,6.0,False,False
RB-000711,Rift Bloom - Timboroa Farm,Sweetness,40.0,STANDARD,20.0,87.0,1740.0,2025-06-01,2025-02-06,2025-06-06,,Germany,Aalsmeer Direct,USD,0.553,962.22,NAN,115.23,1.7,0.0,nan,NAN,3.0,False,False,False,120.0,,False,False
RB-001681,Rift Bloom - Turbo Farm,Cool Water,50.0,PREMIUM,25.0,136.0,3400.0,2025-05-12,2025-05-12,,2025-05-15,France,FloraHolland Auction,USD,0.491,1669.4,AIR FREIGHT,1092.84,1.7,0.0,nan,NAN,4.0,False,False,False,,,False,False
RB-002605,Rift Bloom - Ziwa Farm,Athena,60.0,PREMIUM,25.0,285.0,7125.0,2022-12-20,2022-12-21,2022-12-22,2022-12-27,NL,Tokyo Flower Market,KES,36.14,257497.5,AIR FREIGHT,945.36,4.3,21.0,Cold Chain Break,PAID,5.0,False,False,False,1.0,5.0,True,False
RB-001810,Rift Bloom - Ziwa Farm,Tibet,40.0,STANDARD,25.0,-160.0,-4000.0,2025-12-25,2025-12-25,2025-12-29,2026-02-01,The Netherlands,Tokyo Flower Market,NAN,0.225,-900.0,AIR FREIGHT,69.23,3.4,9.0,nan,NAN,4.0,False,False,False,4.0,34.0,True,False
RB-000817,Rift Bloom - Timboroa Farm,High & Magic,50.0,C,10.0,136.0,1360.0,2025-03-14,2025-03-15,2025-03-19,,Switzerland,Local Wholesaler - Eldoret,KES,39.0,53040.0,AIR FREIGHT,50.44,3.4,0.0,nan,OVERDUE,5.0,False,False,False,4.0,,False,False
RB-001948,Rift Bloom - Ziwa Farm,Pink Floyd,50.0,A,40.0,127.0,5080.0,2024-10-26,2024-10-27,2024-10-30,2024-01-11,Poland,FloraHolland Auction,USD,0.261,1325.88,AIR FREIGHT,409.18,-0.9,0.0,nan,PAID,1.0,False,False,True,3.0,-293.0,False,False
RB-000303,Rift Bloom - Timboroa Farm,Tibet,90.0,A,25.0,123.0,3075.0,2023-07-03,2023-07-03,2023-10-03,2023-03-16,France,Local Wholesaler - Eldoret,EUR,0.357,1097.77,AIR FREIGHT,381.7,3.3,0.0,nan,PENDING,3.0,False,False,False,92.0,-201.0,False,False
RB-002670,Rift Bloom - Ziwa Farm,High & Magic,50.0,PREMIUM,20.0,285.0,5700.0,,2025-06-10,2025-07-10,2025-10-13,Germany,Carrefour Flowers,USD,0.547,3117.9,AIR FREIGHT,239.81,0.1,0.0,nan,NAN,5.0,False,False,False,30.0,95.0,True,False
RB-000631,Rift Bloom - Ziwa Farm,Vendela,80.0,A,25.0,92.0,2300.0,2024-10-11,2024-10-11,2024-11-11,2024-11-13,Netherlands,Whole Foods Market,KES,33.02,75946.0,AIR FREIGHT,908.26,5.0,0.0,nan,NAN,5.0,False,False,False,31.0,2.0,True,False
RB-001512,Rift Bloom - Kesses Farm,Explorer,60.0,B,10.0,78.0,780.0,2026-06-22,2026-06-23,2026-06-27,,Switzerland,FloraHolland Auction,EUR,0.439,342.42,NAN,556.56,2.3,0.0,nan,PENDING,5.0,False,False,False,4.0,,False,False
RB-002481,Rift Bloom - Turbo Farm,Pink Floyd,50.0,PREMIUM,20.0,84.0,1680.0,,2024-07-06,2024-09-06,2024-06-13,Russia,Whole Foods Market,EUR,0.414,695.52,UNKNOWN,430.63,3.3,0.0,nan,NAN,5.0,False,False,False,62.0,-85.0,False,False
RB-002953,Rift Bloom - Kesses Farm,Mondial,70.0,B,40.0,105.0,4200.0,2025-03-29,2025-03-31,2025-01-04,2025-04-04,Australia,Carrefour Flowers,KES,54.73,229866.0,AIR FREIGHT,156.98,2.9,0.0,nan,NAN,4.0,False,False,False,-86.0,90.0,False,False
RB-001725,Rift Bloom - Moiben Farm,Tibet,60.0,STANDARD,25.0,318.0,7950.0,2022-03-16,2022-03-16,2022-03-19,2022-03-25,Poland,Dubai Flower Centre,USD,0.277,2202.15,AIR FREIGHT,238.76,0.5,14.0,nan,PAID,4.0,False,False,False,3.0,6.0,True,False
RB-002225,Rift Bloom - Ziwa Farm,Sweetness,70.0,A,10.0,73.0,730.0,2022-11-18,2022-11-19,2022-11-20,,Norway,Bloomon BV,KES,49.79,36346.7,ROAD THEN AIR,415.45,1.8,0.0,nan,OVERDUE,5.0,False,False,False,1.0,,False,False
RB-001876,Rift Bloom - Ziwa Farm,Athena,50.0,B,25.0,145.0,3625.0,2024-05-10,2024-05-12,2024-05-14,2024-05-19,France,FloraHolland Auction,USD,0.363,1315.88,NAN,399.97,1.5,0.0,nan,OVERDUE,4.0,False,False,False,2.0,5.0,True,False
RB-001865,Rift Bloom - Kesses Farm,High & Magic,50.0,B,20.0,130.0,2600.0,2022-03-15,2022-03-15,2022-03-17,2022-03-23,France,Marks & Spencer Flowers,EUR,0.35,910.0,AIR FREIGHT,282.33,,0.0,nan,PAID,4.0,False,False,False,2.0,6.0,True,False
RB-000924,Rift Bloom - Turbo Farm,Sweetness,70.0,A,10.0,307.0,3070.0,2024-04-11,2024-05-11,2024-06-11,2024-11-07,Norway,Tokyo Flower Market,KES,37.7,115739.0,NAN,301.19,1.4,0.0,nan,NAN,5.0,False,False,False,31.0,149.0,True,False
RB-000723,Rift Bloom - Turbo Farm,Mondial,40.0,C,40.0,94.0,3760.0,2026-06-08,2026-08-08,2026-09-08,2026-08-14,Switzerland,Interflora Russia,EUR,0.436,1639.36,AIR FREIGHT,,2.3,0.0,nan,NAN,3.0,False,False,False,31.0,-25.0,False,False
RB-000060,Rift Bloom - Moiben Farm,Avalanche,90.0,PREMIUM,20.0,88.0,1760.0,2022-11-15,2022-11-15,2022-11-18,2022-11-23,Russia,Tokyo Flower Market,EUR,0.355,624.8,ROAD THEN AIR,357.36,,0.0,None,PENDING,4.0,False,False,False,3.0,5.0,True,False
RB-002253,Rift Bloom - Ziwa Farm,Circus,70.0,B,10.0,127.0,1270.0,2023-03-21,2023-03-23,2023-03-25,2023-03-31,USA,FloraHolland Auction,EUR,0.312,396.24,AIR FREIGHT,102.3,5.3,0.0,nan,PENDING,5.0,False,False,False,2.0,6.0,True,False
RB-002627,Rift Bloom - Moiben Farm,Athena,50.0,PREMIUM,20.0,18.0,360.0,2022-10-19,2022-10-19,2022-10-20,2022-10-25,Germany,Interflora Russia,EUR,0.446,160.56,ROAD THEN AIR,431.32,,0.0,nan,PENDING,5.0,False,False,False,1.0,5.0,True,False
RB-001873,Rift Bloom - Kapseret Farm,Cool Water,70.0,PREMIUM,25.0,187.0,4675.0,2024-06-20,,2024-06-23,2024-06-28,Norway,Interflora Russia,USD,0.214,1000.45,AIR FREIGHT,88.49,3.5,0.0,None,PENDING,3.0,False,False,False,,5.0,False,False
RB-000024,Rift Bloom - Kesses Farm,Tibet,70.0,PREMIUM,40.0,148.0,5920.0,2022-09-03,2022-11-03,2022-03-14,2022-03-20,uae,Blume2000,USD,0.464,2746.88,AIR FREIGHT,591.56,4.8,0.0,nan,PENDING,2.0,False,False,False,-234.0,6.0,False,False
RB-000578,Rift Bloom - Ziwa Farm,Cool Water,60.0,PREMIUM,25.0,59.0,1475.0,2024-03-21,2024-03-22,2024-03-24,2024-03-25,Russia,Carrefour Flowers,NAN,0.104,153.4,AIR FREIGHT,58.54,1.4,0.0,nan,NAN,2.0,False,False,False,2.0,1.0,True,False
RB-000684,Rift Bloom - Timboroa Farm,Avalanche,70.0,PREMIUM,10.0,65.0,650.0,2025-11-08,2025-09-11,2025-10-11,2025-11-15,Australia,Aalsmeer Direct,USD,0.507,329.55,NAN,447.09,4.1,0.0,nan,PAID,5.0,False,False,False,30.0,35.0,True,False
RB-002329,Rift Bloom - Kesses Farm,Avalanche,80.0,A,25.0,135.0,3375.0,2023-12-23,2023-12-25,2023-12-28,2023-12-31,Norway,Carrefour Flowers,KES,34.06,114952.5,ROAD THEN AIR,421.04,3.5,62.0,Bud Blast,PENDING,5.0,False,False,False,3.0,3.0,True,False
RB-001016,Rift Bloom - Ziwa Farm,Pink Floyd,50.0,B,40.0,101.0,4040.0,2023-07-30,2023-01-08,2023-08-04,2023-10-08,Switzerland,M-Farm Traders,EUR,0.554,2238.16,AIR FREIGHT,355.66,1.6,0.0,nan,NAN,3.0,False,False,False,208.0,65.0,True,False
RB-000347,Rift Bloom - Moiben Farm,Mondial,70.0,A,20.0,122.0,2440.0,2026-10-05,2026-05-12,2026-05-13,2026-05-18,Germany,M-Farm Traders,UNKNOWN,0.328,800.32,UNKNOWN,470.3,0.9,0.0,nan,PAID,5.0,False,False,False,1.0,5.0,True,False
RB-002291,Rift Bloom - Turbo Farm,Circus,60.0,PREMIUM,25.0,109.0,2725.0,2022-08-03,2022-03-10,2022-11-03,2022-03-12,Japan,Bloomon BV,EUR,0.427,1163.58,AIR FREIGHT,182.38,0.8,0.0,nan,PENDING,4.0,False,False,False,238.0,-236.0,False,False
RB-001668,Rift Bloom - Kapseret Farm,Tibet,90.0,C,20.0,148.0,2960.0,2024-01-13,2024-01-13,2024-01-16,2024-01-17,Norway,Blume2000,EUR,0.145,429.2,NAN,232.07,1.8,3.0,Undersized Stems,PENDING,5.0,False,False,False,3.0,1.0,True,False
RB-001556,Rift Bloom - Turbo Farm,Pink Floyd,50.0,nan,25.0,69.0,1725.0,2025-03-21,2025-03-21,2025-03-23,2025-03-25,Switzerland,M-Farm Traders,EUR,0.57,983.25,AIR FREIGHT,273.47,1.4,0.0,nan,PAID,4.0,False,False,False,2.0,2.0,True,False
RB-000009,Rift Bloom - Moiben Farm,Yellow Babe,80.0,UNKNOWN,40.0,124.0,4960.0,2022-09-23,2022-09-25,2022-09-27,2022-02-10,Australia,FloraHolland Auction,EUR,0.178,882.88,AIR FREIGHT,360.26,3.8,0.0,nan,NAN,3.0,False,False,False,2.0,-229.0,False,False
RB-000490,Rift Bloom - Turbo Farm,Sweetness,70.0,PREMIUM,20.0,70.0,1400.0,2024-03-11,2024-11-03,2024-03-14,2024-03-16,Switzerland,Marks & Spencer Flowers,NAN,0.294,411.6,NAN,152.27,1.4,0.0,nan,NAN,4.0,False,False,False,-234.0,2.0,False,False
RB-000566,Rift Bloom - Kesses Farm,Explorer,70.0,STANDARD,20.0,42.0,840.0,2023-11-02,2023-02-11,2023-06-11,2023-11-10,Switzerland,FloraHolland Auction,USD,0.377,316.68,AIR FREIGHT,,2.3,0.0,None,PAID,1.0,True,False,False,120.0,152.0,True,False
RB-000830,Rift Bloom - Timboroa Farm,Vendela,50.0,STANDARD,25.0,36.0,900.0,2023-02-22,2023-02-23,2023-02-25,2023-02-28,Australia,Bloomon BV,KES,63.83,57447.0,AIR FREIGHT,97.04,3.2,0.0,nan,OVERDUE,2.0,False,False,False,2.0,3.0,True,False
RB-001743,Rift Bloom - Turbo Farm,Explorer,60.0,STANDARD,25.0,107.0,2675.0,2023-12-14,2023-12-14,2023-12-16,2023-12-17,Norway,Tokyo Flower Market,KES,53.17,142229.75,NAN,159.8,0.1,0.0,nan,PAID,3.0,False,False,False,2.0,1.0,True,False
RB-000450,Rift Bloom - Ziwa Farm,Explorer,60.0,nan,20.0,231.0,4620.0,2022-08-05,2022-05-09,2022-05-12,2022-05-15,France,FloraHolland Auction,NAN,0.196,905.52,ROAD THEN AIR,586.22,0.7,0.0,nan,OVERDUE,5.0,False,False,False,3.0,3.0,True,False
RB-000016,Rift Bloom - Kapseret Farm,avalanche,40.0,UNKNOWN,40.0,141.0,5640.0,2022-10-11,2022-10-13,2022-10-14,2022-10-20,Switzerland,M-Farm Traders,NAN,0.396,2233.44,AIR FREIGHT,640.56,2.2,0.0,nan,PAID,4.0,False,False,False,1.0,6.0,True,False
RB-001115,Rift Bloom - Moiben Farm,Pink Floyd,80.0,PREMIUM,20.0,234.0,4680.0,2022-03-17,2022-03-17,2022-03-18,2022-03-24,Australia,Interflora Russia,NAN,0.311,1455.48,ROAD THEN AIR,136.16,,0.0,nan,PENDING,5.0,False,False,False,1.0,6.0,True,False
RB-002870,Rift Bloom - Kesses Farm,Freedom,50.0,C,40.0,132.0,5280.0,2023-12-27,2023-12-27,2023-12-30,2023-12-31,United Arab Emirates,Blume2000,USD,0.356,1879.68,AIR FREIGHT,370.52,,0.0,nan,PAID,5.0,False,False,False,3.0,1.0,True,False
RB-001389,Rift Bloom - Ziwa Farm,Tibet,40.0,B,20.0,51.0,1020.0,2024-07-16,2024-07-16,2024-07-19,2024-07-20,France,Bloomon BV,NAN,0.343,349.86,AIR FREIGHT,,1.2,0.0,nan,NAN,5.0,False,False,False,3.0,1.0,True,False
RB-002475,Rift Bloom - Kapseret Farm,Tibet,70.0,A,20.0,33.0,660.0,2022-02-25,2022-02-25,2022-01-03,2022-02-03,Norway,Whole Foods Market,USD,0.528,348.48,AIR FREIGHT,533.79,,0.0,nan,PAID,5.0,False,False,False,-53.0,31.0,False,False
RB-000824,Rift Bloom - Turbo Farm,Pink Floyd,70.0,A,20.0,169.0,3380.0,2025-04-14,2025-04-14,2025-04-17,2025-04-21,Poland,Blume2000,EUR,0.273,922.74,AIR FREIGHT,874.39,1.6,0.0,nan,PAID,5.0,False,False,False,3.0,4.0,True,False
RB-002403,Rift Bloom - Kesses Farm,Yellow Babe,60.0,STANDARD,25.0,70.0,1750.0,2025-05-24,2025-05-24,2025-05-28,2025-05-31,Switzerland,Aalsmeer Direct,NAN,0.402,703.5,ROAD THEN AIR,184.72,3.0,0.0,nan,PAID,4.0,False,False,False,4.0,3.0,True,False
RB-001227,Rift Bloom - Kesses Farm,Circus,90.0,A,40.0,196.0,7840.0,2023-11-02,2023-11-02,2023-02-14,2023-02-15,Norway,Carrefour Flowers,USD,0.596,4672.64,NAN,121.26,1.2,0.0,nan,NAN,5.0,False,False,False,-261.0,1.0,False,False
RB-001962,Rift Bloom - Turbo Farm,Cool Water,70.0,PREMIUM,40.0,202.0,8080.0,2022-03-04,2022-03-04,2022-04-04,2022-06-04,Switzerland,Local Wholesaler - Eldoret,EUR,0.373,3013.84,AIR FREIGHT,625.39,-1.7,0.0,nan,PAID,5.0,False,False,True,31.0,61.0,True,False
RB-002686,Rift Bloom - Timboroa Farm,Avalanche,50.0,PREMIUM,25.0,167.0,4175.0,2023-07-20,2023-07-21,2023-07-22,2023-07-24,Netherlands,Blume2000,EUR,0.327,1365.23,ROAD THEN AIR,310.6,1.6,0.0,nan,PAID,4.0,False,False,False,1.0,2.0,True,False
RB-002004,Rift Bloom - Ziwa Farm,High & Magic,60.0,STANDARD,10.0,137.0,1370.0,2025-10-31,2025-11-01,2025-05-11,2025-07-11,Norway,Bloomon BV,EUR,0.506,693.22,AIR FREIGHT,287.71,,0.0,nan,OVERDUE,3.0,False,False,False,-174.0,61.0,False,False
RB-001232,Rift Bloom - Ziwa Farm,Peach Avalanche,80.0,PREMIUM,10.0,204.0,2040.0,2024-09-02,2024-09-03,2024-06-09,2024-09-09,Russia,Local Wholesaler - Eldoret,EUR,0.428,873.12,AIR FREIGHT,262.35,2.9,0.0,nan,OVERDUE,5.0,False,False,False,-86.0,92.0,False,False
RB-002563,Rift Bloom - Timboroa Farm,Circus,90.0,C,10.0,97.0,970.0,2024-06-27,2024-06-28,2024-06-30,2024-05-07,U.K.,Whole Foods Market,EUR,0.335,324.95,AIR FREIGHT,,4.1,0.0,None,PENDING,4.0,False,False,False,2.0,-54.0,False,False
RB-001010,Rift Bloom - Kesses Farm,High & Magic,60.0,C,10.0,79.0,790.0,2023-09-08,2023-11-08,2023-08-14,2023-08-15,Japan,Marks & Spencer Flowers,USD,0.413,326.27,UNKNOWN,690.41,1.9,0.0,nan,PAID,5.0,False,False,False,-86.0,1.0,False,False
RB-001993,Rift Bloom - Ziwa Farm,Avalanche+,90.0,UNKNOWN,20.0,56.0,1120.0,2024-04-08,2024-08-06,2024-08-09,2024-08-10,France,Aalsmeer Direct,KES,56.03,62753.6,AIR FREIGHT,62.88,1.7,0.0,nan,PAID,3.0,False,False,False,3.0,1.0,True,False
RB-002812,Rift Bloom - Kapseret Farm,Sweetness,50.0,PREMIUM,25.0,154.0,3850.0,2024-08-12,2024-10-12,2024-12-14,2024-12-18,Norway,FloraHolland Auction,USD,0.177,681.45,AIR FREIGHT,597.8,1.6,0.0,nan,PENDING,5.0,False,False,False,63.0,4.0,True,False
RB-002450,Rift Bloom - Turbo Farm,Circus,60.0,STANDARD,40.0,49.0,1960.0,2024-12-30,2025-01-01,2025-02-01,2025-01-08,Australia,Marks & Spencer Flowers,USD,0.156,305.76,AIR FREIGHT,,3.0,0.0,nan,NAN,4.0,False,False,False,31.0,-24.0,False,False
RB-001107,Rift Bloom - Moiben Farm,Vendela,70.0,A,25.0,57.0,1425.0,2023-01-07,2023-01-07,2023-04-07,2023-07-07,United States,Carrefour Flowers,KES,30.03,42792.75,AIR FREIGHT,49.48,2.0,0.0,nan,PAID,3.0,False,False,False,90.0,91.0,True,False
RB-000498,Rift Bloom - Moiben Farm,Freedom,60.0,B,40.0,208.0,8320.0,2025-03-05,2025-05-05,2025-09-05,2025-05-12,Netherlands,Carrefour Flowers,KES,23.14,192524.8,ROAD THEN AIR,246.79,3.3,0.0,nan,PENDING,4.0,False,False,False,123.0,-116.0,False,False
RB-000353,Rift Bloom - Moiben Farm,FREEDOM,50.0,A,10.0,106.0,1060.0,2025-04-24,2025-04-24,2025-04-26,2025-04-27,Germany,Whole Foods Market,EUR,0.466,493.96,ROAD THEN AIR,242.37,4.4,0.0,nan,PENDING,4.0,False,False,False,2.0,1.0,True,False
RB-001938,Rift Bloom - Turbo Farm,Yellow Babe,70.0,nan,20.0,180.0,3600.0,2022-01-26,2022-01-27,2022-01-30,2022-02-02,Japan,Aalsmeer Direct,EUR,0.501,1803.6,AIR FREIGHT,553.24,1.8,0.0,nan,PENDING,4.0,False,False,False,3.0,3.0,True,False
RB-000002,Rift Bloom - Timboroa Farm,Tibet,60.0,nan,10.0,106.0,1060.0,2024-10-11,2024-10-13,2024-10-17,2024-10-20,USA,Whole Foods Market,USD,0.33,349.8,AIR FREIGHT,190.7,1.6,0.0,nan,PAID,5.0,False,False,False,4.0,3.0,True,False
RB-000286,Rift Bloom - Kesses Farm,High & Magic,50.0,UNKNOWN,25.0,81.0,2025.0,2022-10-25,2022-10-27,2022-10-30,2022-01-11,United States,Carrefour Flowers,USD,0.376,761.4,ROAD THEN AIR,440.07,3.4,0.0,nan,NAN,1.0,False,False,False,3.0,-292.0,False,False
RB-001561,Rift Bloom - Ziwa Farm,Athena,60.0,B,10.0,183.0,1830.0,2022-03-20,2022-03-21,2022-03-24,2022-03-29,France,Interflora Russia,USD,0.264,483.12,NAN,96.57,16.2,0.0,nan,PAID,4.0,False,False,False,3.0,5.0,True,False
RB-000784,Rift Bloom - Turbo Farm,Tibet,70.0,A,25.0,235.0,5875.0,2025-01-08,2025-08-02,2025-04-08,2025-06-08,Norway,Marks & Spencer Flowers,KES,44.2,259675.0,AIR FREIGHT,365.42,0.2,0.0,nan,PAID,5.0,False,False,False,-116.0,61.0,False,False
RB-000861,Rift Bloom - Kesses Farm,AVALANCHE,70.0,PREMIUM,25.0,199.0,4975.0,2024-07-27,2024-07-27,2024-07-31,2024-03-08,Poland,Interflora Russia,EUR,0.479,2383.03,AIR FREIGHT,177.6,1.0,0.0,nan,NAN,4.0,False,False,False,4.0,-145.0,False,False
RB-002725,Rift Bloom - Ziwa Farm,High & Magic,50.0,PREMIUM,25.0,168.0,4200.0,2024-05-07,2024-07-05,2024-05-09,2024-05-12,usa,Aalsmeer Direct,USD,0.72,3024.0,AIR FREIGHT,298.77,2.8,0.0,nan,PAID,4.0,False,False,False,-57.0,3.0,False,False
RB-000349,Rift Bloom - Turbo Farm,Avalanche+,60.0,PREMIUM,40.0,80.0,3200.0,2024-02-25,2024-02-27,2024-02-29,2024-04-03,France,Interflora Russia,NAN,0.296,947.2,NAN,28.93,1.0,0.0,nan,OVERDUE,4.0,False,False,False,2.0,34.0,True,False
RB-000404,Rift Bloom - Ziwa Farm,Cool Water,60.0,A,10.0,137.0,1370.0,2022-07-21,2022-07-21,2022-07-23,2022-07-25,Japan,Marks & Spencer Flowers,EUR,0.215,294.55,AIR FREIGHT,151.67,0.5,0.0,nan,PAID,3.0,False,False,False,2.0,2.0,True,False
RB-002381,Rift Bloom - Timboroa Farm,freedom,70.0,nan,10.0,50.0,500.0,2023-04-14,2023-04-15,2023-04-19,2023-04-21,Switzerland,Local Wholesaler - Eldoret,USD,0.457,228.5,AIR FREIGHT,,3.7,0.0,nan,PAID,5.0,False,False,False,4.0,2.0,True,False
RB-000755,Rift Bloom - Ziwa Farm,Athena,50.0,B,40.0,325.0,13000.0,2022-09-22,2022-09-24,2022-09-26,2022-09-28,Germany,Tokyo Flower Market,USD,0.379,4927.0,AIR FREIGHT,245.01,2.9,13.0,Undersized Stems,NAN,1.0,False,False,False,2.0,2.0,True,False
RB-000798,Rift Bloom - Kapseret Farm,FREEDOM,50.0,B,25.0,88.0,2200.0,2025-06-10,2025-06-10,2025-10-08,2025-12-10,Australia,Whole Foods Market,EUR,0.318,699.6,AIR FREIGHT,186.65,,12.0,Wilting,PAID,2.0,False,False,False,120.0,63.0,True,False
RB-001051,Rift Bloom - Moiben Farm,Vendela,70.0,B,20.0,169.0,3380.0,2026-07-06,2026-07-08,2026-09-07,2026-07-11,Japan,Whole Foods Market,USD,0.126,425.88,AIR FREIGHT,1018.31,0.7,0.0,nan,OVERDUE,1.0,False,False,False,61.0,-58.0,False,False
RB-002459,Rift Bloom - Timboroa Farm,Yellow Babe,50.0,B,25.0,173.0,4325.0,2022-11-28,2022-11-30,2022-03-12,2022-12-05,Netherlands,Carrefour Flowers,USD,0.424,18338.0,AIR FREIGHT,,1.2,0.0,nan,PENDING,2.0,False,False,False,-263.0,268.0,False,False
RB-000954,Rift Bloom - Kesses Farm,Tibet,90.0,C,40.0,123.0,4920.0,2022-06-04,2022-04-06,2022-04-07,2022-04-13,USA,Carrefour Flowers,USD,0.404,1987.68,AIR FREIGHT,427.32,2.2,0.0,nan,PAID,5.0,False,False,False,1.0,6.0,True,False
RB-001381,Rift Bloom - Turbo Farm,Cool Water,40.0,STANDARD,20.0,30.0,600.0,2024-08-15,2024-08-15,2024-08-19,2024-08-20,U.S.A,Carrefour Flowers,USD,0.11,66.0,AIR FREIGHT,483.46,2.2,7.0,nan,PENDING,4.0,False,False,False,4.0,1.0,True,False
RB-002212,Rift Bloom - Turbo Farm,Cool Water,40.0,PREMIUM,20.0,155.0,3100.0,2023-06-29,2023-06-30,2023-02-07,2023-08-07,Netherlands,Tokyo Flower Market,EUR,0.282,874.2,AIR FREIGHT,193.86,3.2,0.0,nan,NAN,4.0,False,False,False,-143.0,181.0,False,False
RB-001823,Rift Bloom - Turbo Farm,Cool Water,90.0,PREMIUM,25.0,346.0,8650.0,2023-06-20,2023-06-20,2023-06-21,2023-06-22,United kingdom,Carrefour Flowers,EUR,0.285,2465.25,AIR FREIGHT,404.8,0.7,0.0,nan,PENDING,4.0,False,False,False,1.0,1.0,True,False
RB-002126,Rift Bloom - Ziwa Farm,Tibet,60.0,STANDARD,10.0,63.0,630.0,2026-05-31,2026-06-01,2026-06-02,,Netherlands,Interflora Russia,KES,21.97,13841.1,NAN,394.09,2.8,0.0,nan,PENDING,4.0,False,False,False,1.0,,False,False
RB-001902,Rift Bloom - Timboroa Farm,High & Magic,60.0,nan,10.0,183.0,1830.0,2025-06-28,2025-06-28,2025-06-30,2025-04-07,Germany,M-Farm Traders,NAN,0.236,431.88,AIR FREIGHT,726.59,2.1,29.0,Botrytis,NAN,5.0,False,False,False,2.0,-84.0,False,False
RB-000253,Rift Bloom - Timboroa Farm,High & Magic,70.0,PREMIUM,10.0,128.0,1280.0,2026-05-31,2026-06-02,2026-04-06,2026-08-06,Australia,Tokyo Flower Market,USD,0.124,158.72,AIR FREIGHT,275.59,0.1,0.0,nan,OVERDUE,4.0,False,False,False,-57.0,122.0,False,False
RB-001757,Rift Bloom - Kapseret Farm,Vendela,60.0,C,10.0,141.0,1410.0,2024-09-19,2024-09-20,2024-09-23,2024-09-29,Germany,Aalsmeer Direct,USD,0.226,318.66,NAN,687.8,2.4,0.0,nan,NAN,4.0,False,False,False,3.0,6.0,True,False
RB-001439,Rift Bloom - Kapseret Farm,High & Magic,50.0,nan,20.0,73.0,1460.0,2022-08-11,2022-08-13,2022-08-16,2022-08-20,Japan,Whole Foods Market,NAN,0.197,287.62,NAN,,,0.0,nan,PAID,3.0,False,False,False,3.0,4.0,True,False
RB-000559,Rift Bloom - Moiben Farm,Tibet,70.0,PREMIUM,10.0,125.0,1250.0,2025-04-16,2025-04-16,2025-04-17,2025-04-22,Poland,Blume2000,USD,0.573,716.25,AIR FREIGHT,81.77,2.1,0.0,nan,UNKNOWN,3.0,False,False,False,1.0,5.0,True,False
RB-001578,Rift Bloom - Turbo Farm,Avalanche,70.0,nan,20.0,122.0,2440.0,2023-05-19,2023-05-20,2023-05-21,2023-05-25,Poland,Local Wholesaler - Eldoret,USD,0.517,1261.48,AIR FREIGHT,287.37,2.0,0.0,nan,PAID,3.0,False,False,False,1.0,4.0,True,False
RB-002813,Rift Bloom - Moiben Farm,Yellow Babe,60.0,A,10.0,225.0,2250.0,2022-10-11,,2022-10-17,2022-10-22,United Kingdom,Bloomon BV,EUR,0.35,787.5,AIR FREIGHT,768.31,0.4,0.0,nan,OVERDUE,3.0,False,False,False,,5.0,False,False
RB-001508,Rift Bloom - Kesses Farm,Peach Avalanche,80.0,A,25.0,78.0,1950.0,2024-04-10,2024-12-04,2024-04-16,2024-04-18,France,M-Farm Traders,NAN,0.322,627.9,UNKNOWN,121.39,0.0,0.0,nan,PAID,4.0,False,False,False,-232.0,2.0,False,False
RB-001941,Rift Bloom - Ziwa Farm,Pink Floyd,40.0,B,10.0,207.0,2070.0,2026-01-25,2026-01-26,2026-01-30,2026-01-31,Japan,Marks & Spencer Flowers,USD,0.419,867.33,NAN,81.01,0.0,0.0,nan,PAID,3.0,False,False,False,4.0,1.0,True,False
RB-000245,Rift Bloom - Turbo Farm,red naomi,80.0,PREMIUM,25.0,181.0,4525.0,2024-10-13,2024-10-13,2024-10-14,2024-10-16,Poland,Blume2000,KES,59.8,270595.0,AIR FREIGHT,121.71,3.4,0.0,nan,PENDING,3.0,False,False,False,1.0,2.0,True,False
RB-000446,Rift Bloom - Ziwa Farm,Red Naomi,50.0,A,40.0,91.0,3640.0,2025-01-28,2025-01-30,2025-01-02,2025-05-02,Australia,Marks & Spencer Flowers,EUR,0.343,1248.52,AIR FREIGHT,84.13,3.5,0.0,nan,OVERDUE,3.0,False,False,False,-28.0,120.0,False,False
RB-000539,Rift Bloom - Ziwa Farm,Freedom,70.0,UNKNOWN,40.0,94.0,3760.0,2024-05-09,2024-09-06,2024-10-09,2024-09-15,Netherlands,Bloomon BV,USD,0.191,718.16,NAN,517.09,0.6,0.0,nan,PAID,3.0,False,False,False,33.0,-24.0,False,False
RB-001331,Rift Bloom - Kesses Farm,Peach Avalanche,50.0,C,40.0,95.0,3800.0,2024-08-10,2024-10-08,2024-08-13,2024-08-16,Poland,Dubai Flower Centre,KES,72.28,274664.0,ROAD THEN AIR,,2.9,0.0,nan,PAID,4.0,False,False,False,-56.0,3.0,False,False
RB-000256,Rift Bloom - Turbo Farm,High & Magic,90.0,PREMIUM,20.0,157.0,3140.0,2022-04-16,2022-04-18,2022-04-20,2022-04-21,Norway,M-Farm Traders,NAN,0.392,1230.88,AIR FREIGHT,101.31,2.5,0.0,nan,PAID,2.0,False,False,False,2.0,1.0,True,False
RB-000452,Rift Bloom - Kapseret Farm,Cool Water,80.0,UNKNOWN,20.0,28.0,560.0,2023-08-27,2023-08-29,2023-08-31,2023-09-04,Germany,Dubai Flower Centre,NAN,0.271,151.76,AIR FREIGHT,264.47,3.9,34.0,Undersized Stems,PAID,4.0,False,False,False,2.0,4.0,True,False
RB-001489,Rift Bloom - Timboroa Farm,Vendela,60.0,B,20.0,98.0,1960.0,2022-06-02,,2022-08-02,2022-02-13,Switzerland,Carrefour Flowers,EUR,0.236,462.56,UNKNOWN,316.03,-0.6,0.0,nan,PENDING,5.0,False,False,True,,-170.0,False,False
RB-001745,Rift Bloom - Turbo Farm,Explorer,60.0,PREMIUM,20.0,189.0,3780.0,2026-01-28,2026-01-28,2026-02-01,2026-02-03,UAE,Marks & Spencer Flowers,EUR,0.134,506.52,AIR FREIGHT,110.06,2.2,0.0,nan,PAID,4.0,False,False,False,4.0,2.0,True,False
RB-002386,Rift Bloom - Turbo Farm,Yellow Babe,60.0,B,20.0,187.0,3740.0,2025-11-27,2025-11-29,2025-03-12,,Norway,Marks & Spencer Flowers,EUR,0.439,1641.86,AIR FREIGHT,752.46,4.5,0.0,nan,NAN,4.0,False,False,False,-262.0,,False,False
RB-002992,Rift Bloom - Turbo Farm,Yellow Babe,70.0,B,25.0,142.0,3550.0,2022-12-10,2022-10-14,,2022-10-16,Russia,Aalsmeer Direct,USD,0.502,1782.1,NAN,65.09,1.5,0.0,nan,PENDING,5.0,False,False,False,,,False,False
RB-002454,Rift Bloom - Timboroa Farm,Explorer,50.0,PREMIUM,10.0,94.0,940.0,2023-01-10,2023-10-01,2023-01-13,2023-01-19,Poland,FloraHolland Auction,USD,0.414,389.16,NAN,420.63,0.7,0.0,nan,PAID,5.0,False,False,False,-261.0,6.0,False,False
RB-002375,Rift Bloom - Kesses Farm,Vendela,40.0,nan,10.0,72.0,720.0,2025-01-19,2025-01-19,2025-01-23,2025-01-29,France,Whole Foods Market,EUR,0.304,218.88,ROAD THEN AIR,503.87,0.1,0.0,nan,PAID,5.0,False,False,False,4.0,6.0,True,False
RB-000949,Rift Bloom - Kapseret Farm,Yellow Babe,60.0,C,10.0,48.0,480.0,2022-08-27,2022-08-27,2022-08-30,2022-03-09,France,Bloomon BV,USD,0.503,241.44,AIR FREIGHT,106.2,,0.0,nan,PAID,1.0,False,False,False,3.0,-174.0,False,False
RB-000511,Rift Bloom - Ziwa Farm,Vendela,50.0,nan,40.0,84.0,3360.0,2022-11-11,2022-12-11,,2022-11-20,United kingdom,Bloomon BV,EUR,0.247,829.92,ROAD THEN AIR,641.45,4.1,0.0,nan,PAID,5.0,False,False,False,,,False,False
RB-001509,Rift Bloom - Timboroa Farm,Yellow Babe,50.0,A,10.0,164.0,1640.0,2025-04-23,2025-04-23,2025-04-27,2025-05-03,Norway,Marks & Spencer Flowers,EUR,0.217,355.88,AIR FREIGHT,452.9,2.8,0.0,nan,PENDING,4.0,False,False,False,4.0,6.0,True,False
RB-001903,Rift Bloom - Ziwa Farm,Sweetness,90.0,A,40.0,50.0,2000.0,2022-10-29,2022-10-29,2022-10-30,2022-11-01,The Netherlands,Whole Foods Market,KES,50.83,101660.0,AIR FREIGHT,44.77,-1.8,0.0,nan,NAN,4.0,False,False,True,1.0,2.0,True,False
RB-001332,Rift Bloom - Timboroa Farm,Mondial,70.0,nan,25.0,103.0,2575.0,2024-05-16,2024-05-17,2024-05-20,2024-05-24,Norway,Local Wholesaler - Eldoret,NAN,0.197,507.28,UNKNOWN,149.2,3.5,0.0,nan,NAN,2.0,False,False,False,3.0,4.0,True,False
RB-001310,Rift Bloom - Timboroa Farm,Explorer,70.0,B,10.0,53.0,530.0,2025-11-16,2025-11-17,2025-11-21,2025-11-23,Switzerland,Bloomon BV,NAN,0.469,248.57,AIR FREIGHT,133.68,1.3,0.0,nan,NAN,5.0,False,False,False,4.0,2.0,True,False
RB-001919,Rift Bloom - Moiben Farm,Circus,90.0,UNKNOWN,25.0,62.0,1550.0,2024-12-18,2024-12-20,2024-12-23,2024-12-29,Germany,Tokyo Flower Market,KES,63.83,98936.5,AIR FREIGHT,226.0,4.4,0.0,nan,NAN,5.0,False,False,False,3.0,6.0,True,False
RB-002671,Rift Bloom - Ziwa Farm,Avalanche,40.0,B,40.0,125.0,5000.0,2026-06-21,,2026-06-26,2026-06-27,usa,Blume2000,USD,0.159,795.0,AIR FREIGHT,,0.7,10.0,Petal Bruising,PAID,4.0,False,False,False,,1.0,False,False
RB-002472,Rift Bloom - Moiben Farm,Sweetness,-50.0,PREMIUM,10.0,101.0,1010.0,2023-04-05,2023-07-04,,2023-04-12,Australia,Tokyo Flower Market,USD,0.589,594.89,AIR FREIGHT,210.34,0.9,0.0,nan,PAID,3.0,False,False,False,,,False,False
RB-001937,Rift Bloom - Kapseret Farm,Sweetness,60.0,STANDARD,20.0,172.0,3440.0,2023-01-28,2023-01-29,2023-02-02,2023-07-02,Norway,Interflora Russia,KES,42.12,1448928.0,AIR FREIGHT,99.08,0.3,0.0,nan,PAID,4.0,False,False,False,4.0,150.0,True,False
RB-002469,Rift Bloom - Moiben Farm,Sweetness,50.0,PREMIUM,20.0,124.0,2480.0,2026-05-13,,2026-05-18,2026-05-24,France,Blume2000,EUR,0.431,1068.88,AIR FREIGHT,392.39,2.6,0.0,nan,PENDING,4.0,False,False,False,,6.0,False,False
RB-002427,Rift Bloom - Kesses Farm,Tibet,80.0,A,25.0,173.0,4325.0,2025-12-26,2025-12-26,2025-12-27,2025-12-28,Australia,Carrefour Flowers,USD,0.338,1461.85,AIR FREIGHT,,1.9,44.0,nan,PAID,5.0,False,False,False,1.0,1.0,True,False
RB-001672,Rift Bloom - Kapseret Farm,Pink Floyd,60.0,A,40.0,169.0,6760.0,2024-04-08,2024-08-06,2024-10-08,2024-08-15,Russia,Carrefour Flowers,NAN,0.184,1243.84,AIR FREIGHT,,2.4,0.0,nan,NAN,4.0,False,False,False,63.0,-54.0,False,False
RB-001701,Rift Bloom - Moiben Farm,Cool Water,40.0,PREMIUM,40.0,226.0,9040.0,2022-06-17,2022-06-17,2022-06-18,2022-06-21,Russia,Bloomon BV,EUR,0.365,3299.6,AIR FREIGHT,957.44,0.4,17.0,Wilting,NAN,5.0,False,False,False,1.0,3.0,True,False
RB-001894,Rift Bloom - Timboroa Farm,High & Magic,60.0,C,25.0,125.0,3125.0,2026-01-08,2026-08-02,2026-08-04,2026-07-08,Germany,Carrefour Flowers,USD,0.309,965.62,NAN,150.5,0.4,0.0,nan,PAID,4.0,False,False,False,2.0,-27.0,False,False
RB-001201,Rift Bloom - Turbo Farm,High & Magic,60.0,nan,40.0,126.0,5040.0,2023-10-14,2023-10-16,,2023-10-21,Australia,Dubai Flower Centre,USD,0.201,1013.04,ROAD THEN AIR,70.35,0.7,0.0,nan,PENDING,5.0,False,False,False,,,False,False
RB-002726,Rift Bloom - Kesses Farm,Tibet,50.0,C,40.0,27.0,1080.0,2025-05-16,2025-05-18,2025-05-20,2025-05-26,Poland,Tokyo Flower Market,EUR,0.283,305.64,AIR FREIGHT,671.02,0.9,33.0,Petal Bruising,PAID,2.0,False,False,False,2.0,6.0,True,False
RB-000664,Rift Bloom - Timboroa Farm,Sweetness,50.0,C,25.0,144.0,3600.0,2024-07-16,2024-07-17,2024-07-18,2024-07-20,United Kingdom,Tokyo Flower Market,USD,0.229,824.4,AIR FREIGHT,242.93,0.7,0.0,nan,PAID,3.0,False,False,False,1.0,2.0,True,False
RB-000775,Rift Bloom - Moiben Farm,Explorer,40.0,B,40.0,93.0,3720.0,2025-05-22,2025-05-24,2025-05-28,2025-05-29,Japan,Blume2000,KES,43.81,162973.2,AIR FREIGHT,68.5,,0.0,nan,PAID,5.0,False,False,False,4.0,1.0,True,False
RB-001122,Rift Bloom - Kesses Farm,Avalanche,50.0,PREMIUM,40.0,118.0,4720.0,2023-03-23,2023-03-25,2023-03-29,2023-04-04,Poland,M-Farm Traders,KES,39.65,187148.0,AIR FREIGHT,243.42,2.0,39.0,Undersized Stems,PAID,5.0,False,False,False,4.0,6.0,True,False
RB-000551,Rift Bloom - Kesses Farm,Avalanche,50.0,STANDARD,10.0,73.0,730.0,2024-08-12,2024-12-08,2024-12-11,2024-12-15,France,Carrefour Flowers,USD,0.34,248.2,AIR FREIGHT,89.27,-3.3,0.0,nan,OVERDUE,5.0,False,False,True,3.0,4.0,True,False
RB-002579,Rift Bloom - Kesses Farm,Circus,70.0,B,10.0,226.0,2260.0,2023-07-26,2023-07-26,2023-07-28,2023-07-31,USA,Blume2000,USD,0.092,2079.2,NAN,154.58,4.3,0.0,nan,OVERDUE,4.0,False,False,False,2.0,3.0,True,False
RB-000259,Rift Bloom - Timboroa Farm,Red-Naomi,70.0,A,25.0,158.0,3950.0,2023-12-25,2023-12-27,2023-12-31,2024-04-01,Germany,Interflora Russia,USD,0.354,1398.3,NAN,263.59,0.5,0.0,nan,NAN,4.0,False,False,False,4.0,92.0,True,False
RB-000617,Rift Bloom - Kesses Farm,Vendela,50.0,A,10.0,61.0,610.0,2025-10-10,2025-10-11,2025-10-15,2025-10-16,USA,FloraHolland Auction,KES,59.67,36398.7,ROAD THEN AIR,,0.9,11.0,Stem Bent,PENDING,4.0,False,False,False,4.0,1.0,True,False
RB-001812,Rift Bloom - Timboroa Farm,Cool Water,70.0,B,40.0,75.0,3000.0,2022-10-30,2022-10-31,2022-04-11,2022-11-07,USA,Aalsmeer Direct,USD,0.418,1254.0,AIR FREIGHT,333.23,0.5,0.0,None,PAID,4.0,False,False,False,-203.0,210.0,False,False
RB-002226,Rift Bloom - Ziwa Farm,Cool Water,60.0,A,40.0,170.0,6800.0,2023-08-18,2023-08-20,2023-08-22,2023-08-27,Norway,Whole Foods Market,EUR,0.465,3162.0,AIR FREIGHT,156.85,3.3,0.0,nan,OVERDUE,5.0,False,False,False,2.0,5.0,True,False
RB-000726,Rift Bloom - Timboroa Farm,freedom,80.0,PREMIUM,10.0,138.0,1380.0,2025-03-01,2025-04-01,2025-05-01,2025-01-08,Germany,Local Wholesaler - Eldoret,USD,0.372,513.36,AIR FREIGHT,,2.3,14.0,-,NAN,4.0,False,False,False,30.0,-113.0,False,True
RB-001637,Rift Bloom - Turbo Farm,Freedom,60.0,B,10.0,137.0,1370.0,2023-02-16,2023-02-17,2023-02-21,2023-02-26,France,Whole Foods Market,NAN,0.212,290.44,AIR FREIGHT,226.39,0.4,0.0,nan,OVERDUE,4.0,False,False,False,4.0,5.0,True,False
RB-002133,Rift Bloom - Kesses Farm,Cool Water,60.0,PREMIUM,20.0,125.0,2500.0,2026-01-20,2026-01-20,2026-01-22,2026-01-25,Germany,Whole Foods Market,NAN,0.264,660.0,AIR FREIGHT,,1.6,0.0,nan,PAID,4.0,False,False,False,2.0,3.0,True,False
RB-002036,Rift Bloom - Timboroa Farm,Peach Avalanche,70.0,B,20.0,60.0,1200.0,2023-10-08,2023-11-08,2023-08-13,2023-08-16,Germany,Blume2000,EUR,0.207,248.4,NAN,422.22,4.4,0.0,nan,PENDING,1.0,False,False,False,-87.0,3.0,False,False
RB-001153,Rift Bloom - Turbo Farm,High & Magic,80.0,B,25.0,82.0,2050.0,2025-03-09,2025-11-03,2025-12-03,2025-03-13,UAE,Aalsmeer Direct,EUR,0.35,717.5,AIR FREIGHT,,2.1,0.0,nan,OVERDUE,2.0,False,False,False,30.0,-265.0,False,False
RB-000056,Rift Bloom - Turbo Farm,Vendela,60.0,A,40.0,144.0,5760.0,2026-07-09,2026-07-10,2026-11-07,2026-07-13,United Arab Emirates,Interflora Russia,KES,54.6,314496.0,AIR FREIGHT,50.76,4.0,0.0,nan,NAN,3.0,False,False,False,120.0,-117.0,False,False
RB-002037,Rift Bloom - Timboroa Farm,Red Naomi,80.0,nan,40.0,47.0,1880.0,2026-05-03,2026-06-03,2026-03-08,2026-03-09,United kingdom,FloraHolland Auction,EUR,0.448,842.24,AIR FREIGHT,369.39,-0.3,0.0,nan,PAID,5.0,False,False,True,-87.0,1.0,False,False
RB-002264,Rift Bloom - Ziwa Farm,Freedom,70.0,PREMIUM,20.0,151.0,3020.0,2025-04-16,2025-04-18,2025-04-19,2025-04-20,Australia,M-Farm Traders,KES,63.96,193159.2,UNKNOWN,75.15,1.1,0.0,nan,PENDING,4.0,False,False,False,1.0,1.0,True,False
RB-001897,Rift Bloom - Kapseret Farm,Yellow Babe,50.0,UNKNOWN,10.0,123.0,1230.0,2022-10-16,2022-10-18,2022-10-20,2022-10-23,Australia,Bloomon BV,EUR,0.404,496.92,AIR FREIGHT,64.95,,0.0,nan,NAN,5.0,True,False,False,2.0,3.0,True,False
RB-000888,Rift Bloom - Timboroa Farm,Yellow Babe,80.0,A,25.0,137.0,3425.0,2022-05-01,2022-05-01,2022-08-01,2022-12-01,United Kingdom,Interflora Russia,EUR,0.386,1322.05,AIR FREIGHT,330.27,2.3,0.0,nan,PENDING,4.0,False,False,False,92.0,122.0,True,False
RB-000889,Rift Bloom - Ziwa Farm,Peach Avalanche,50.0,B,20.0,331.0,6620.0,2023-01-10,2023-02-10,2023-05-10,2023-09-10,Netherlands,Interflora Russia,USD,0.468,3098.16,ROAD THEN AIR,104.6,0.1,51.0,Botrytis,PAID,5.0,False,False,False,89.0,123.0,True,False
RB-002398,Rift Bloom - Timboroa Farm,Peach Avalanche,70.0,B,25.0,108.0,2700.0,2024-08-26,2024-08-26,2024-08-29,2024-02-09,United Kingdom,Bloomon BV,KES,10.4,28080.0,AIR FREIGHT,147.5,2.9,0.0,nan,PAID,3.0,False,False,False,3.0,-202.0,False,False
RB-001820,Rift Bloom - Ziwa Farm,Cool Water,80.0,PREMIUM,40.0,223.0,8920.0,2023-08-28,2023-08-30,2023-09-02,2023-09-07,Norway,Aalsmeer Direct,EUR,0.501,4468.92,AIR FREIGHT,312.57,0.5,0.0,nan,PAID,5.0,False,False,False,3.0,5.0,True,False
RB-001234,Rift Bloom - Ziwa Farm,Tibet,60.0,B,10.0,86.0,860.0,2023-07-09,2023-11-07,2023-07-14,2023-07-20,U.A.E,Aalsmeer Direct,KES,59.41,51092.6,AIR FREIGHT,,1.2,42.0,Wilting,NAN,5.0,True,False,False,-116.0,6.0,False,False
RB-000499,Rift Bloom - Moiben Farm,High & Magic,90.0,nan,25.0,71.0,1775.0,2026-07-26,2026-07-28,2026-08-01,2026-06-08,Japan,Interflora Russia,USD,0.379,672.73,AIR FREIGHT,182.54,1.5,0.0,nan,NAN,4.0,False,False,False,4.0,-54.0,False,False
RB-000715,Rift Bloom - Turbo Farm,Vendela,80.0,UNKNOWN,20.0,118.0,2360.0,2026-03-13,2026-03-14,2026-03-15,2026-03-17,Australia,Interflora Russia,USD,0.434,1024.24,AIR FREIGHT,273.39,0.6,0.0,nan,PAID,5.0,False,False,False,1.0,2.0,True,False
RB-001057,Rift Bloom - Timboroa Farm,Pink Floyd,70.0,A,25.0,91.0,2275.0,2025-06-05,2025-07-06,2025-06-10,2025-06-14,Norway,Interflora Russia,EUR,0.277,630.18,AIR FREIGHT,401.41,3.5,0.0,nan,NAN,4.0,False,False,False,-26.0,4.0,False,False
RB-002772,Rift Bloom - Moiben Farm,Explorer,70.0,STANDARD,20.0,61.0,1220.0,2022-09-09,2022-11-09,2022-09-13,2022-09-15,Japan,Interflora Russia,EUR,0.353,430.66,AIR FREIGHT,400.87,2.4,0.0,nan,OVERDUE,5.0,False,False,False,-57.0,2.0,False,False
RB-000365,Rift Bloom - Ziwa Farm,Avalanche,60.0,B,10.0,123.0,1230.0,2023-11-03,2023-11-05,2023-11-06,2023-08-11,Switzerland,Local Wholesaler - Eldoret,USD,0.214,263.22,NAN,67.82,,0.0,nan,PAID,5.0,True,False,False,1.0,-87.0,False,False
RB-002337,Rift Bloom - Kesses Farm,Yellow Babe,40.0,A,25.0,85.0,2125.0,2024-10-06,2024-10-08,2024-09-10,2024-10-14,Netherlands,M-Farm Traders,EUR,0.251,533.38,AIR FREIGHT,730.13,0.5,0.0,nan,PENDING,3.0,False,False,False,-28.0,34.0,False,False
RB-001728,Rift Bloom - Ziwa Farm,Mondial,50.0,A,20.0,143.0,2860.0,2022-01-09,2022-01-09,2022-09-02,2022-04-09,Poland,Local Wholesaler - Eldoret,NAN,0.364,1041.04,AIR FREIGHT,162.95,2.4,0.0,nan,PAID,3.0,False,False,False,236.0,-146.0,False,False
RB-001173,Rift Bloom - Ziwa Farm,Freedom,90.0,UNKNOWN,10.0,95.0,950.0,2024-08-06,2024-08-06,2024-10-08,2024-08-15,Australia,Marks & Spencer Flowers,USD,0.45,427.5,AIR FREIGHT,262.9,2.0,0.0,None,OVERDUE,1.0,False,False,False,63.0,-54.0,False,False
RB-000801,Rift Bloom - Ziwa Farm,Mondial,70.0,STANDARD,40.0,148.0,5920.0,2025-06-07,2025-07-07,2025-07-11,2025-07-17,U.K.,Local Wholesaler - Eldoret,EUR,0.356,2107.52,ROAD THEN AIR,297.88,0.6,0.0,nan,OVERDUE,4.0,False,False,False,4.0,6.0,True,False
RB-000618,Rift Bloom - Timboroa Farm,Sweetness,60.0,A,20.0,93.0,1860.0,2022-05-29,2022-05-30,2022-02-06,2022-07-06,United Arab Emirates,Local Wholesaler - Eldoret,UNKNOWN,0.597,1110.42,AIR FREIGHT,470.96,1.3,0.0,nan,OVERDUE,5.0,False,False,False,-113.0,150.0,False,False
RB-002042,Rift Bloom - Kapseret Farm,freedom,70.0,A,25.0,420.0,10500.0,2023-03-21,2023-03-21,2023-03-25,,Netherlands,M-Farm Traders,USD,0.392,4116.0,AIR FREIGHT,377.91,3.4,0.0,nan,OVERDUE,4.0,False,False,False,4.0,,False,False
RB-000601,Rift Bloom - Ziwa Farm,Sweetness,90.0,PREMIUM,20.0,216.0,4320.0,2025-09-22,2025-09-23,2025-09-25,2025-09-29,The Netherlands,Marks & Spencer Flowers,USD,0.362,1563.84,AIR FREIGHT,288.27,0.7,0.0,nan,PENDING,4.0,False,False,False,2.0,4.0,True,False
RB-000335,Rift Bloom - Ziwa Farm,High & Magic,70.0,B,25.0,131.0,3275.0,2025-07-03,2025-08-03,2025-03-11,2025-03-15,Russia,Whole Foods Market,USD,0.538,1761.95,AIR FREIGHT,472.39,3.5,0.0,nan,PAID,4.0,False,False,False,-145.0,4.0,False,False
RB-001858,Rift Bloom - Turbo Farm,Pink Floyd,70.0,C,25.0,8.0,200.0,2022-08-04,2022-04-10,2022-04-12,2022-04-18,NL,Marks & Spencer Flowers,NAN,0.219,43.8,AIR FREIGHT,213.42,3.3,0.0,nan,PAID,3.0,False,False,False,2.0,6.0,True,False
RB-002301,Rift Bloom - Turbo Farm,Peach Avalanche,50.0,UNKNOWN,10.0,188.0,1880.0,2025-07-03,,,2025-07-07,USA,Dubai Flower Centre,EUR,0.492,924.96,NAN,102.53,1.6,0.0,nan,OVERDUE,4.0,True,False,False,,,False,False
RB-000305,Rift Bloom - Kapseret Farm,Pink Floyd,50.0,A,20.0,65.0,1300.0,2024-09-07,2024-11-07,2024-12-07,2024-07-18,Russia,Whole Foods Market,KES,60.71,78923.0,AIR FREIGHT,426.99,0.1,0.0,nan,PAID,2.0,False,False,False,30.0,-142.0,False,False
RB-000981,Rift Bloom - Kesses Farm,Yellow Babe,90.0,PREMIUM,40.0,119.0,4760.0,2026-07-10,2026-10-07,,2026-07-14,Netherlands,Blume2000,KES,27.43,130566.8,ROAD THEN AIR,468.98,-2.1,0.0,nan,PAID,5.0,False,False,True,,,False,False
RB-002132,Rift Bloom - Ziwa Farm,Explorer,90.0,nan,25.0,137.0,3425.0,2025-05-31,2025-06-01,2025-05-06,2025-06-06,France,Aalsmeer Direct,USD,0.283,969.27,ROAD THEN AIR,144.94,2.5,0.0,nan,PENDING,2.0,False,False,False,-26.0,31.0,False,False
RB-000919,rift bloom turbo farm,Yellow Babe,40.0,PREMIUM,10.0,39.0,390.0,2026-05-04,2026-06-04,2026-09-04,2026-12-04,United Arab Emirates,M-Farm Traders,KES,48.75,19012.5,AIR FREIGHT,191.19,1.5,22.0,Petal Bruising,PAID,2.0,False,False,False,92.0,91.0,True,False
RB-001080,Rift Bloom - Kapseret Farm,Sweetness,70.0,nan,10.0,45.0,450.0,2023-08-19,2023-08-19,2023-08-20,2023-08-21,Netherlands,Marks & Spencer Flowers,EUR,0.212,95.4,ROAD THEN AIR,413.66,2.1,0.0,nan,PENDING,2.0,False,False,False,1.0,1.0,True,False
RB-000582,Rift Bloom - Kapseret Farm,Explorer,50.0,STANDARD,40.0,260.0,10400.0,2023-04-09,2023-06-09,2023-08-09,2023-09-12,USA,Interflora Russia,EUR,0.254,2641.6,AIR FREIGHT,221.2,2.0,35.0,Undersized Stems,PENDING,3.0,False,False,False,61.0,34.0,True,False
RB-002969,Rift Bloom - Moiben Farm,Sweetness,80.0,nan,40.0,187.0,7480.0,2026-09-04,2026-09-04,,2026-04-18,Norway,Carrefour Flowers,USD,0.258,1929.84,AIR FREIGHT,240.87,2.4,0.0,nan,PAID,4.0,False,False,False,,,False,False
RB-001617,Rift Bloom - Ziwa Farm,Athena,90.0,B,20.0,36.0,720.0,2022-09-22,2022-09-22,2022-09-23,2022-09-25,Russia,Marks & Spencer Flowers,UNKNOWN,0.206,148.32,AIR FREIGHT,307.38,1.8,0.0,nan,PAID,3.0,False,False,False,1.0,2.0,True,False
RB-001275,Rift Bloom - Timboroa Farm,Cool Water,70.0,B,40.0,274.0,10960.0,2024-01-12,2024-01-12,2024-02-12,2024-07-12,France,Whole Foods Market,KES,36.27,397519.2,AIR FREIGHT,194.94,1.7,0.0,nan,PAID,4.0,False,False,False,31.0,151.0,True,False
RB-001285,Rift Bloom - Kapseret Farm,Avalanche+,50.0,A,10.0,92.0,920.0,2023-11-06,2023-11-06,2023-06-13,2023-06-16,USA,Interflora Russia,USD,0.272,250.24,ROAD THEN AIR,107.79,3.2,0.0,nan,PAID,5.0,False,False,False,-146.0,3.0,False,False
RB-001195,Rift Bloom - Kesses Farm,Tibet,40.0,STANDARD,20.0,88.0,1760.0,2024-09-17,2024-09-17,2024-09-19,2024-09-25,Russia,Aalsmeer Direct,USD,0.529,931.04,AIR FREIGHT,312.52,4.2,0.0,nan,PAID,4.0,False,False,False,2.0,6.0,True,False
RB-000829,Rift Bloom - Kesses Farm,Tibet,60.0,STANDARD,25.0,203.0,5075.0,2022-06-10,2022-06-10,2022-07-10,2022-11-10,France,Local Wholesaler - Eldoret,EUR,0.314,1593.55,AIR FREIGHT,,3.1,0.0,nan,PENDING,5.0,False,False,False,30.0,123.0,True,False
RB-000992,Rift Bloom - Kesses Farm,Freedom,40.0,C,25.0,266.0,6650.0,2025-06-24,2025-06-25,2025-06-27,2025-06-30,USA,Local Wholesaler - Eldoret,USD,0.278,1848.7,NAN,390.8,1.0,0.0,nan,PAID,4.0,False,False,False,2.0,3.0,True,False
RB-001198,Rift Bloom - Kesses Farm,High & Magic,70.0,B,20.0,72.0,1440.0,2023-08-24,2023-08-25,2023-08-27,2023-08-31,United Arab Emirates,Marks & Spencer Flowers,USD,0.305,439.2,AIR FREIGHT,153.44,2.4,0.0,nan,PAID,5.0,False,False,False,2.0,4.0,True,False
RB-001196,Rift Bloom - Timboroa Farm,Pink Floyd,80.0,PREMIUM,10.0,67.0,670.0,2022-09-17,2022-09-19,2022-09-23,2022-09-27,Australia,M-Farm Traders,KES,54.21,36320.7,AIR FREIGHT,219.6,1.9,0.0,nan,NAN,4.0,False,False,False,4.0,4.0,True,False
RB-001825,Rift Bloom - Ziwa Farm,Yellow Babe,80.0,A,20.0,48.0,960.0,2024-08-21,2024-08-23,2024-08-27,2024-08-31,Russia,Blume2000,EUR,0.506,485.76,AIR FREIGHT,138.97,1.8,9.0,nan,PAID,3.0,False,False,False,4.0,4.0,True,False
RB-001862,Rift Bloom - Kapseret Farm,Peach Avalanche,60.0,B,25.0,97.0,2425.0,2026-03-02,2026-03-04,2026-03-06,2026-08-03,USA,Tokyo Flower Market,KES,8.19,19860.75,NAN,241.79,0.5,5.0,-,PAID,5.0,False,False,False,2.0,150.0,True,True
RB-001351,Rift Bloom - Moiben Farm,Tibet,90.0,PREMIUM,40.0,196.0,7840.0,2025-08-29,2025-08-30,2025-09-01,2025-05-09,USA,Local Wholesaler - Eldoret,USD,0.209,1638.56,AIR FREIGHT,125.91,2.9,0.0,nan,PAID,4.0,False,False,False,2.0,-115.0,False,False
RB-001528,Rift Bloom - Turbo Farm,Athena,80.0,STANDARD,20.0,111.0,2220.0,2022-07-04,2022-07-04,2022-09-04,2022-04-15,Netherlands,Local Wholesaler - Eldoret,EUR,0.35,777.0,AIR FREIGHT,197.85,2.7,0.0,nan,PAID,4.0,False,False,False,62.0,-142.0,False,False
RB-002425,Rift Bloom - Turbo Farm,Yellow Babe,80.0,PREMIUM,25.0,139.0,3475.0,2026-03-20,2026-03-20,2026-03-23,2026-03-28,Poland,M-Farm Traders,NAN,0.151,524.73,NAN,299.23,0.6,0.0,nan,NAN,5.0,False,False,False,3.0,5.0,True,False
RB-000410,Rift Bloom - Kesses Farm,High & Magic,70.0,A,25.0,57.0,1425.0,2022-11-12,2022-11-12,2022-12-14,2022-12-15,France,M-Farm Traders,EUR,0.57,812.25,ROAD THEN AIR,407.66,1.6,0.0,nan,PENDING,5.0,False,False,False,32.0,1.0,True,False
RB-000676,Rift Bloom - Timboroa Farm,Mondial,70.0,A,25.0,93.0,2325.0,2024-12-30,2025-01-01,2025-01-04,2025-06-01,Germany,Whole Foods Market,EUR,0.472,1097.4,AIR FREIGHT,293.96,1.8,0.0,nan,NAN,4.0,False,False,False,3.0,148.0,True,False
RB-000298,Rift Bloom - Kesses Farm,Circus,50.0,A,40.0,86.0,3440.0,2026-03-26,2026-03-28,2026-03-31,2026-04-05,Germany,Carrefour Flowers,EUR,0.552,1898.88,ROAD THEN AIR,160.56,1.5,0.0,nan,PENDING,5.0,False,False,False,3.0,5.0,True,False
RB-002079,Rift Bloom - Ziwa Farm,avalanche,60.0,PREMIUM,10.0,76.0,760.0,2024-06-13,2024-06-15,2024-06-17,2024-06-18,Switzerland,Whole Foods Market,KES,51.22,38927.2,AIR FREIGHT,212.65,1.9,0.0,None,PENDING,5.0,False,False,False,2.0,1.0,True,False
RB-002020,Rift Bloom - Ziwa Farm,Tibet,90.0,PREMIUM,10.0,96.0,960.0,2023-04-18,2023-04-18,2023-04-19,2023-04-20,France,Blume2000,KES,51.61,49545.6,AIR FREIGHT,410.9,1.2,0.0,nan,NAN,3.0,False,False,False,1.0,1.0,True,False
RB-000729,Rift Bloom - Turbo Farm,Avalanche,70.0,A,40.0,71.0,2840.0,2024-12-06,2024-06-14,2024-06-16,2024-06-19,Japan,Blume2000,USD,0.188,533.92,AIR FREIGHT,480.86,1.7,0.0,nan,PENDING,4.0,False,False,False,2.0,3.0,True,False
RB-001622,Rift Bloom - Moiben Farm,Avalanche,40.0,PREMIUM,25.0,53.0,1325.0,2024-09-15,2024-09-15,2024-09-16,2024-09-21,USA,Dubai Flower Centre,EUR,0.243,321.97,NAN,409.19,4.1,59.0,Cold Chain Break,PAID,4.0,False,False,False,1.0,5.0,True,False
RB-001347,Rift Bloom - Kapseret Farm,Avalanche,40.0,PREMIUM,25.0,55.0,1375.0,2026-07-25,2026-07-25,2026-07-29,2026-08-03,Switzerland,Interflora Russia,NAN,0.279,383.63,ROAD THEN AIR,296.02,2.7,0.0,nan,UNKNOWN,4.0,False,False,False,4.0,5.0,True,False
RB-001308,Rift Bloom - Kesses Farm,Cool Water,50.0,C,20.0,63.0,1260.0,2022-10-31,2022-02-11,2022-04-11,2022-08-11,France,Whole Foods Market,KES,46.8,58968.0,AIR FREIGHT,232.88,4.0,0.0,nan,NAN,5.0,False,False,False,59.0,122.0,True,False
RB-000894,Rift Bloom - Timboroa Farm,Avalanche,40.0,PREMIUM,40.0,28.0,1120.0,2023-05-02,2023-02-06,2023-08-02,2023-09-02,Norway,Bloomon BV,EUR,0.495,554.4,ROAD THEN AIR,,2.9,0.0,nan,PAID,4.0,False,False,False,177.0,31.0,True,False
RB-001673,Rift Bloom - Moiben Farm,Cool Water,50.0,nan,10.0,182.0,1820.0,,2025-11-20,,2025-11-30,Australia,Aalsmeer Direct,KES,63.57,115697.4,AIR FREIGHT,,4.4,0.0,nan,PAID,2.0,False,False,False,,,False,False
RB-000182,Rift Bloom - Turbo Farm,Vendela,60.0,A,10.0,181.0,1810.0,2022-05-07,2022-07-07,2022-07-11,2022-07-16,Switzerland,Marks & Spencer Flowers,EUR,0.372,673.32,ROAD THEN AIR,354.16,3.1,0.0,nan,PENDING,4.0,False,False,False,4.0,5.0,True,False
RB-002964,Rift Bloom - Turbo Farm,Sweetness,60.0,PREMIUM,25.0,178.0,4450.0,2023-10-20,2023-10-21,2023-10-22,2023-10-23,Russia,Marks & Spencer Flowers,EUR,0.316,1406.2,AIR FREIGHT,224.95,2.5,12.0,nan,PAID,5.0,False,False,False,1.0,1.0,True,False
RB-000294,Rift Bloom - Turbo Farm,Mondial,80.0,STANDARD,40.0,221.0,8840.0,2023-04-15,2023-04-16,2023-04-17,2023-04-21,uk,M-Farm Traders,EUR,0.434,3836.56,AIR FREIGHT,1041.08,2.2,0.0,nan,PENDING,4.0,False,False,False,1.0,4.0,True,False
RB-000202,Rift Bloom - Timboroa Farm,Avalanche,50.0,C,20.0,162.0,3240.0,2022-01-14,2022-01-14,2022-01-18,2022-01-19,United Kingdom,Dubai Flower Centre,NAN,0.41,1328.4,AIR FREIGHT,231.78,2.1,0.0,nan,PAID,3.0,False,False,False,4.0,1.0,True,False
RB-002148,Rift Bloom - Timboroa Farm,Explorer,60.0,A,40.0,167.0,6680.0,2023-01-14,,2023-01-18,2023-01-19,Australia,FloraHolland Auction,USD,0.315,2104.2,ROAD THEN AIR,259.57,0.4,0.0,nan,PENDING,3.0,False,False,False,,1.0,False,False
RB-000532,Rift Bloom - Ziwa Farm,Athena,70.0,nan,10.0,184.0,1840.0,2023-07-17,2023-07-17,2023-07-20,2023-07-26,Australia,Whole Foods Market,EUR,0.483,888.72,AIR FREIGHT,163.61,1.0,0.0,nan,OVERDUE,5.0,False,False,False,3.0,6.0,True,False
RB-001432,Rift Bloom - Ziwa Farm,Circus,50.0,C,25.0,195.0,4875.0,2025-07-04,2025-09-04,2025-04-13,2025-04-19,Switzerland,FloraHolland Auction,USD,0.196,955.5,AIR FREIGHT,172.69,0.4,0.0,nan,PAID,4.0,False,False,False,-144.0,6.0,False,False
RB-000200,Rift Bloom - Kapseret Farm,Freedom,50.0,A,40.0,40.0,1600.0,2026-03-10,2026-03-10,2026-03-13,2026-03-16,Germany,Marks & Spencer Flowers,EUR,0.439,702.4,AIR FREIGHT,528.18,2.0,0.0,nan,PAID,5.0,False,False,False,3.0,3.0,True,False
RB-002526,Rift Bloom - Ziwa Farm,Sweetness,60.0,A,20.0,203.0,4060.0,2026-04-18,2026-04-19,2026-04-20,2026-04-23,Russia,Local Wholesaler - Eldoret,USD,0.538,2184.28,AIR FREIGHT,855.53,1.6,0.0,nan,NAN,4.0,False,False,False,1.0,3.0,True,False
RB-002189,Rift Bloom - Kesses Farm,Red Naomi,90.0,PREMIUM,20.0,134.0,2680.0,2025-05-13,2025-05-14,2025-05-16,2025-05-17,U.K.,Aalsmeer Direct,EUR,0.202,541.36,AIR FREIGHT,784.9,2.8,58.0,Wilting,NAN,3.0,False,False,False,2.0,1.0,True,False
RB-000693,Rift Bloom - Kapseret Farm,Red Naomi,60.0,A,25.0,105.0,2625.0,2026-05-16,2026-05-18,2026-05-19,2026-05-22,uk,Whole Foods Market,KES,30.81,80876.25,AIR FREIGHT,173.25,3.2,0.0,nan,PAID,5.0,False,False,False,1.0,3.0,True,False
RB-000935,Rift Bloom - Timboroa Farm,Circus,90.0,C,25.0,102.0,2550.0,2024-09-18,2024-09-19,2024-09-23,2024-09-25,Japan,FloraHolland Auction,USD,0.3,765.0,ROAD THEN AIR,296.75,1.7,0.0,nan,OVERDUE,2.0,False,False,False,4.0,2.0,True,False
RB-000217,Rift Bloom - Kesses Farm,Explorer,80.0,A,20.0,133.0,2660.0,2023-06-04,2023-06-06,2023-10-06,,UAE,Tokyo Flower Market,USD,0.327,869.82,ROAD THEN AIR,329.19,2.1,0.0,nan,NAN,3.0,False,False,False,122.0,,False,False
RB-002851,Rift Bloom - Moiben Farm,High & Magic,90.0,A,10.0,136.0,1360.0,2023-06-18,2023-06-19,2023-06-23,2023-06-29,Japan,Whole Foods Market,KES,45.89,62410.4,AIR FREIGHT,377.73,4.3,10.0,-,PAID,4.0,False,False,False,4.0,6.0,True,True
RB-001278,Rift Bloom - Kesses Farm,Circus,50.0,A,40.0,83.0,3320.0,2025-03-08,2025-08-03,2025-05-08,2025-08-07,Norway,M-Farm Traders,KES,59.93,198967.6,AIR FREIGHT,413.65,1.7,0.0,nan,PAID,2.0,False,False,False,-87.0,91.0,False,False
RB-000153,Rift Bloom - Kesses Farm,High & Magic,50.0,A,10.0,136.0,1360.0,2022-02-15,2022-02-17,2022-02-19,2022-02-24,USA,Aalsmeer Direct,EUR,0.3,408.0,ROAD THEN AIR,786.41,2.9,0.0,nan,NAN,5.0,False,False,False,2.0,5.0,True,False
RB-002444,Rift Bloom - Timboroa Farm,Cool Water,50.0,STANDARD,40.0,52.0,2080.0,2023-12-01,2023-03-12,2023-12-07,2023-09-12,Germany,Whole Foods Market,NAN,0.268,557.44,NAN,130.15,2.7,3.0,Petal Bruising,PAID,4.0,False,False,False,270.0,-86.0,False,False
RB-001842,Rift Bloom - Moiben Farm,Peach Avalanche,90.0,B,20.0,122.0,2440.0,2023-10-27,2023-10-27,2023-10-31,,Japan,Marks & Spencer Flowers,KES,39.65,96746.0,AIR FREIGHT,654.5,2.3,0.0,None,PAID,3.0,False,False,False,4.0,,False,False
RB-000479,Rift Bloom - Ziwa Farm,Peach Avalanche,60.0,PREMIUM,25.0,71.0,1775.0,2024-10-17,2024-10-17,2024-10-20,2024-10-25,United Kingdom,Marks & Spencer Flowers,KES,50.31,89300.25,AIR FREIGHT,229.94,0.0,0.0,nan,PENDING,4.0,False,False,False,3.0,5.0,True,False
RB-001283,Rift Bloom - Moiben Farm,Pink Floyd,80.0,A,40.0,59.0,2360.0,2026-02-09,2026-10-02,2026-02-14,2026-02-18,Switzerland,Carrefour Flowers,KES,53.43,126094.8,AIR FREIGHT,84.44,1.0,0.0,nan,PAID,4.0,False,False,False,-230.0,4.0,False,False
RB-001605,Rift Bloom - Timboroa Farm,Explorer,-50.0,PREMIUM,10.0,188.0,1880.0,2023-10-25,2023-10-25,2023-10-28,2023-11-01,Norway,Aalsmeer Direct,EUR,0.688,1293.44,AIR FREIGHT,139.25,0.1,0.0,nan,NAN,5.0,False,False,False,3.0,4.0,True,False
RB-002284,Rift Bloom - Kapseret Farm,Pink Floyd,60.0,UNKNOWN,20.0,155.0,3100.0,2024-09-17,2024-09-18,,2024-09-25,Japan,Carrefour Flowers,USD,0.395,1224.5,NAN,240.67,17.9,0.0,nan,PAID,4.0,False,False,False,,,False,False
RB-001667,Rift Bloom - Turbo Farm,AVALANCHE,80.0,PREMIUM,10.0,249.0,2490.0,2025-09-07,2025-07-09,2025-12-07,2025-07-16,United Arab Emirates,FloraHolland Auction,KES,40.17,100023.3,AIR FREIGHT,75.56,2.9,0.0,nan,NAN,5.0,False,False,False,151.0,-144.0,False,False
RB-002775,Rift Bloom - Timboroa Farm,Peach Avalanche,60.0,PREMIUM,10.0,161.0,1610.0,2025-08-17,2025-08-17,2025-08-20,2025-08-23,Switzerland,Interflora Russia,EUR,0.282,454.02,ROAD THEN AIR,401.0,2.7,0.0,nan,PENDING,2.0,True,False,False,3.0,3.0,True,False
RB-000813,Rift Bloom - Turbo Farm,freedom,40.0,A,40.0,131.0,5240.0,2023-11-13,2023-11-14,2023-11-15,2023-11-20,Switzerland,Bloomon BV,EUR,0.172,901.28,AIR FREIGHT,303.13,,0.0,nan,NAN,4.0,False,False,False,1.0,5.0,True,False
RB-002747,Rift Bloom - Turbo Farm,Yellow Babe,40.0,B,10.0,268.0,2680.0,2024-03-21,2024-03-21,2024-03-22,2024-03-25,Japan,FloraHolland Auction,EUR,0.444,1189.92,AIR FREIGHT,495.34,1.4,0.0,nan,PAID,4.0,False,False,False,1.0,3.0,True,False
RB-001555,Rift Bloom - Kesses Farm,Freedom,90.0,C,25.0,119.0,2975.0,2026-04-30,2026-04-30,2026-01-05,2026-02-05,Poland,Aalsmeer Direct,KES,41.6,123760.0,AIR FREIGHT,536.28,,0.0,nan,OVERDUE,4.0,False,False,False,-115.0,31.0,False,False
RB-000844,Rift Bloom - Kesses Farm,Circus,-50.0,C,40.0,115.0,4600.0,2023-02-24,2023-02-25,2023-02-28,2023-06-03,UAE,M-Farm Traders,USD,0.336,1545.6,NAN,129.24,2.1,26.0,nan,PAID,4.0,False,False,False,3.0,95.0,True,False
RB-002426,Rift Bloom - Kesses Farm,Yellow Babe,40.0,A,40.0,74.0,2960.0,2023-07-04,2023-04-09,2023-04-13,2023-04-16,Holland,Marks & Spencer Flowers,KES,54.47,161231.2,ROAD THEN AIR,192.17,5.1,0.0,nan,UNKNOWN,4.0,False,False,False,4.0,3.0,True,False
RB-001265,Rift Bloom - Turbo Farm,Tibet,60.0,A,20.0,27.0,540.0,2026-01-23,2026-01-25,2026-01-28,2026-01-30,Germany,M-Farm Traders,KES,67.21,36293.4,AIR FREIGHT,217.22,,0.0,nan,PENDING,3.0,False,False,False,3.0,2.0,True,False
RB-001009,Rift Bloom - Timboroa Farm,Cool Water,70.0,A,10.0,62.0,620.0,2025-09-28,2025-09-30,,2025-04-10,uk,Bloomon BV,KES,73.97,45861.4,AIR FREIGHT,276.3,2.6,6.0,Petal Bruising,PAID,4.0,False,False,False,,,False,False
RB-000328,Rift Bloom - Kesses Farm,High & Magic,40.0,UNKNOWN,25.0,115.0,2875.0,,2025-04-04,2025-08-04,2025-04-12,Switzerland,Local Wholesaler - Eldoret,KES,25.35,72881.25,AIR FREIGHT,127.52,2.0,0.0,nan,PAID,5.0,False,False,False,122.0,-114.0,False,False
RB-000968,Rift Bloom - Moiben Farm,Mondial,70.0,nan,40.0,220.0,8800.0,2025-02-12,2025-12-04,2025-12-06,,Australia,Marks & Spencer Flowers,KES,44.33,390104.0,NAN,247.3,1.3,40.0,Botrytis,PAID,3.0,False,False,False,2.0,,False,False
RB-000950,Rift Bloom - Timboroa Farm,Mondial,80.0,B,40.0,74.0,2960.0,2022-03-10,2022-03-12,2022-03-16,2022-03-17,Netherlands,Local Wholesaler - Eldoret,USD,0.469,1388.24,ROAD THEN AIR,17.86,3.5,0.0,nan,NAN,4.0,False,False,False,4.0,1.0,True,False
RB-002358,Rift Bloom - Turbo Farm,Pink Floyd,70.0,A,25.0,43.0,1075.0,2025-04-16,,2025-04-19,2025-04-22,Japan,Carrefour Flowers,KES,52.0,55900.0,AIR FREIGHT,410.76,3.2,0.0,nan,PAID,5.0,False,False,False,,3.0,False,False
RB-001897,Rift Bloom - Kapseret Farm,Yellow Babe,50.0,nan,10.0,123.0,1230.0,2022-10-16,2022-10-18,2022-10-20,2022-10-23,Australia,Bloomon BV,EUR,0.404,496.92,AIR FREIGHT,64.95,,0.0,nan,NAN,5.0,True,False,False,2.0,3.0,True,False
RB-000188,Rift Bloom - Turbo Farm,Explorer,90.0,C,10.0,151.0,1510.0,2023-09-05,2023-05-09,2023-08-09,2023-09-14,United Kingdom,Local Wholesaler - Eldoret,KES,68.9,104039.0,ROAD THEN AIR,455.65,3.2,0.0,nan,PENDING,5.0,False,False,False,92.0,36.0,True,False
RB-000247,Rift Bloom - Timboroa Farm,Vendela,50.0,B,40.0,122.0,4880.0,2026-02-25,2026-02-25,2026-02-27,2026-01-03,Netherlands,Dubai Flower Centre,KES,31.72,154793.6,AIR FREIGHT,392.83,0.6,0.0,nan,OVERDUE,4.0,False,False,False,2.0,-55.0,False,False
RB-002119,Rift Bloom - Kesses Farm,Circus,90.0,STANDARD,20.0,71.0,1420.0,2023-01-27,2023-01-28,2023-01-30,2023-05-02,Russia,Interflora Russia,USD,0.437,620.54,AIR FREIGHT,842.57,0.5,0.0,nan,PAID,5.0,False,False,False,2.0,92.0,True,False
RB-002542,Rift Bloom - Kapseret Farm,Explorer,80.0,C,40.0,229.0,9160.0,2025-07-08,2025-08-08,2025-11-08,2025-08-13,UK,Interflora Russia,EUR,0.264,2418.24,AIR FREIGHT,272.58,3.5,74.0,Petal Bruising,OVERDUE,5.0,False,False,False,92.0,-87.0,False,False
RB-002957,Rift Bloom - Kapseret Farm,Yellow Babe,50.0,PREMIUM,25.0,353.0,8825.0,2024-09-15,2024-09-16,2024-09-17,2024-09-23,Switzerland,FloraHolland Auction,USD,0.486,4288.95,NAN,202.78,2.4,11.0,nan,PAID,4.0,False,False,False,1.0,6.0,True,False
RB-002116,Rift Bloom - Ziwa Farm,Mondial,70.0,A,40.0,70.0,2800.0,2025-09-18,2025-09-18,2025-09-20,2025-09-23,Poland,Tokyo Flower Market,EUR,0.203,568.4,AIR FREIGHT,328.53,1.5,0.0,nan,NAN,4.0,False,False,False,2.0,3.0,True,False
RB-002356,Rift Bloom - Moiben Farm,Explorer,80.0,PREMIUM,25.0,75.0,1875.0,2022-11-23,2022-11-25,2022-11-27,2022-12-01,France,FloraHolland Auction,EUR,0.22,412.5,AIR FREIGHT,873.56,2.5,0.0,nan,PAID,5.0,False,False,False,2.0,4.0,True,False
RB-001327,Rift Bloom - Moiben Farm,Sweetness,70.0,A,40.0,92.0,3680.0,2025-02-06,2025-07-02,2025-02-09,2025-02-14,Norway,Dubai Flower Centre,USD,0.3,1104.0,AIR FREIGHT,422.88,,0.0,nan,NAN,4.0,False,False,False,-143.0,5.0,False,False
RB-002493,Rift Bloom - Kapseret Farm,Cool Water,50.0,A,20.0,129.0,2580.0,2024-11-29,2024-11-29,2024-12-03,2024-06-12,USA,Carrefour Flowers,NAN,0.306,789.48,ROAD THEN AIR,842.38,2.5,69.0,Botrytis,NAN,3.0,False,False,False,4.0,-174.0,False,False
RB-000284,Rift Bloom - Ziwa Farm,Circus,70.0,B,10.0,71.0,710.0,2025-06-17,2025-06-17,2025-06-18,,France,Marks & Spencer Flowers,USD,0.473,335.83,AIR FREIGHT,187.44,1.4,0.0,nan,UNKNOWN,4.0,False,False,False,1.0,,False,False
RB-002346,Rift Bloom - Ziwa Farm,Cool Water,50.0,A,20.0,209.0,4180.0,2022-09-20,2022-09-20,2022-09-22,2022-09-26,United Arab Emirates,Dubai Flower Centre,EUR,0.327,1366.86,AIR FREIGHT,276.75,1.7,0.0,nan,PENDING,3.0,False,False,False,2.0,4.0,True,False
RB-001506,Rift Bloom - Timboroa Farm,Peach Avalanche,50.0,A,25.0,34.0,850.0,2025-02-13,2025-02-15,2025-02-16,,Australia,Aalsmeer Direct,USD,0.22,187.0,AIR FREIGHT,155.16,1.7,0.0,nan,OVERDUE,5.0,False,False,False,1.0,,False,False
RB-001346,Rift Bloom - Kapseret Farm,Vendela,50.0,A,25.0,168.0,4200.0,2025-01-08,2025-08-01,2025-02-08,2025-04-08,United Arab Emirates,Marks & Spencer Flowers,NAN,0.361,1516.2,AIR FREIGHT,578.99,2.2,0.0,nan,OVERDUE,4.0,False,False,False,-174.0,59.0,False,False
RB-001270,Rift Bloom - Ziwa Farm,Freedom,90.0,A,40.0,118.0,4720.0,2023-05-08,2023-06-08,2023-09-08,2023-10-08,Germany,Local Wholesaler - Eldoret,EUR,0.275,1298.0,AIR FREIGHT,74.78,2.9,0.0,nan,PAID,5.0,False,False,False,92.0,30.0,True,False
RB-002432,Rift Bloom - Timboroa Farm,Red Naomi,60.0,A,20.0,147.0,2940.0,2024-06-12,2024-06-13,2024-06-14,2024-06-18,Japan,Carrefour Flowers,KES,68.12,200272.8,ROAD THEN AIR,355.18,2.1,35.0,Petal Bruising,PAID,4.0,False,False,False,1.0,4.0,True,False
RB-000976,Rift Bloom - Turbo Farm,Red Naomi,40.0,A,20.0,110.0,2200.0,2023-09-05,2023-05-10,2023-05-12,2023-05-13,Germany,Bloomon BV,USD,0.718,1579.6,AIR FREIGHT,318.84,,0.0,nan,PAID,5.0,False,False,False,2.0,1.0,True,False
RB-002194,Rift Bloom - Kesses Farm,Mondial,70.0,A,20.0,60.0,1200.0,2023-11-04,2023-12-04,2023-04-15,2023-04-18,United kingdom,Dubai Flower Centre,EUR,0.373,447.6,AIR FREIGHT,35.24,3.9,0.0,nan,PAID,3.0,False,False,False,-233.0,3.0,False,False
RB-001680,Rift Bloom - Turbo Farm,Yellow Babe,50.0,PREMIUM,10.0,51.0,510.0,2022-12-16,2022-12-18,2022-12-19,2022-12-23,Germany,Interflora Russia,USD,0.511,260.61,AIR FREIGHT,,-0.3,0.0,nan,PAID,4.0,False,False,True,1.0,4.0,True,False
RB-000123,Rift Bloom - Timboroa Farm,Explorer,70.0,STANDARD,10.0,23.0,230.0,2024-12-11,2024-11-14,2024-11-18,2024-11-20,Norway,FloraHolland Auction,USD,0.463,106.49,AIR FREIGHT,28.42,2.1,0.0,nan,NAN,4.0,False,False,False,4.0,2.0,True,False
RB-002984,Rift Bloom - Moiben Farm,Pink Floyd,70.0,C,40.0,73.0,2920.0,2024-02-06,2024-02-08,2024-10-02,2024-02-16,USA,Dubai Flower Centre,EUR,0.385,1124.2,AIR FREIGHT,109.49,3.3,0.0,nan,NAN,4.0,False,False,False,237.0,-229.0,False,False
RB-001535,Rift Bloom - Ziwa Farm,Mondial,70.0,B,25.0,267.0,6675.0,2025-01-30,2025-01-02,2025-04-02,2025-02-06,Poland,Interflora Russia,USD,0.464,3097.2,AIR FREIGHT,157.49,1.5,0.0,nan,NAN,3.0,False,False,False,90.0,-55.0,False,False
RB-001305,Rift Bloom - Timboroa Farm,Vendela,50.0,STANDARD,10.0,57.0,570.0,2024-12-13,2024-12-13,2024-12-14,2024-12-17,Norway,FloraHolland Auction,NAN,0.181,103.17,ROAD THEN AIR,36.02,23.6,30.0,Wilting,NAN,4.0,False,False,False,1.0,3.0,True,False
RB-002692,Rift Bloom - Turbo Farm,Sweetness,70.0,UNKNOWN,25.0,50.0,1250.0,2025-05-03,2025-07-03,2025-08-03,2025-03-12,Australia,Interflora Russia,USD,0.336,420.0,AIR FREIGHT,577.08,1.6,0.0,nan,PENDING,4.0,False,False,False,31.0,-144.0,False,False
RB-002574,Rift Bloom - Moiben Farm,Vendela,50.0,nan,10.0,156.0,1560.0,2022-01-16,2022-01-16,2022-01-18,2022-01-23,Australia,M-Farm Traders,KES,60.45,94302.0,UNKNOWN,348.9,1.6,0.0,nan,PAID,5.0,False,False,False,2.0,5.0,True,False
RB-000418,rift bloom turbo farm,Sweetness,70.0,C,25.0,137.0,3425.0,2024-01-24,2024-01-26,2024-01-29,2024-02-03,Germany,Whole Foods Market,KES,22.88,78364.0,AIR FREIGHT,916.85,3.3,0.0,nan,PAID,2.0,False,False,False,3.0,5.0,True,False
RB-000870,Rift Bloom - Moiben Farm,Sweetness,80.0,C,25.0,-132.0,-3300.0,2026-08-03,2026-10-03,2026-03-13,2026-03-14,Norway,M-Farm Traders,USD,0.332,-1095.6,AIR FREIGHT,175.54,4.3,0.0,nan,UNKNOWN,4.0,False,False,False,-204.0,1.0,False,False
RB-002487,Rift Bloom - Timboroa Farm,Pink Floyd,60.0,C,40.0,51.0,2040.0,,2025-05-31,2025-02-06,2025-06-06,Australia,Aalsmeer Direct,UNKNOWN,0.115,234.6,AIR FREIGHT,167.45,4.3,0.0,nan,PAID,3.0,False,False,False,-114.0,120.0,False,False
RB-001031,Rift Bloom - Kapseret Farm,Mondial,40.0,C,25.0,81.0,2025.0,2025-04-23,2025-04-24,2025-04-26,2025-04-28,USA,Dubai Flower Centre,EUR,0.346,700.65,NAN,271.53,1.2,0.0,nan,PENDING,5.0,False,False,False,2.0,2.0,True,False
RB-001161,Rift Bloom - Kapseret Farm,Explorer,50.0,B,10.0,246.0,2460.0,2025-11-04,2025-04-13,2025-04-16,2025-04-18,Germany,Carrefour Flowers,USD,0.243,597.78,NAN,431.22,-1.0,0.0,nan,PAID,4.0,True,False,True,3.0,2.0,True,False
RB-002219,Rift Bloom - Turbo Farm,Freedom,70.0,A,20.0,164.0,3280.0,2026-02-21,2026-02-21,2026-02-25,2026-03-02,Germany,Interflora Russia,UNKNOWN,0.417,1367.76,AIR FREIGHT,266.05,2.3,0.0,nan,PAID,5.0,False,False,False,4.0,5.0,True,False
RB-000757,Rift Bloom - Timboroa Farm,Red-Naomi,60.0,A,40.0,198.0,7920.0,2024-01-24,2024-01-26,2024-01-30,2024-01-31,Netherlands,Dubai Flower Centre,UNKNOWN,0.393,3112.56,NAN,368.92,2.6,0.0,nan,PENDING,4.0,False,False,False,4.0,1.0,True,False
RB-001999,Rift Bloom - Kapseret Farm,Circus,60.0,B,10.0,83.0,830.0,2023-06-29,,2023-02-07,2023-07-06,Australia,Interflora Russia,EUR,0.455,377.65,NAN,572.39,2.3,0.0,nan,PAID,1.0,False,False,False,,149.0,False,False
RB-001702,Rift Bloom - Kesses Farm,AVALANCHE,50.0,STANDARD,40.0,121.0,4840.0,2022-09-04,2022-09-04,2022-04-11,2022-04-13,Netherlands,Aalsmeer Direct,USD,0.196,948.64,AIR FREIGHT,377.71,3.8,0.0,nan,PAID,4.0,False,False,False,-146.0,2.0,False,False
RB-001543,Rift Bloom - Timboroa Farm,Mondial,40.0,A,25.0,196.0,4900.0,2023-01-02,2023-01-02,2023-03-02,2023-07-02,USA,Dubai Flower Centre,USD,0.302,1479.8,AIR FREIGHT,,1.8,7.0,Stem Bent,PAID,3.0,False,False,False,59.0,122.0,True,False
RB-001157,Rift Bloom - Turbo Farm,High & Magic,60.0,STANDARD,10.0,84.0,840.0,2023-08-06,2023-07-08,2023-08-08,2023-08-11,United Arab Emirates,Aalsmeer Direct,NAN,0.462,388.08,AIR FREIGHT,289.23,2.3,13.0,-,NAN,5.0,False,False,False,31.0,3.0,True,True
RB-001109,Rift Bloom - Moiben Farm,Pink Floyd,70.0,A,10.0,211.0,2110.0,2023-09-24,2023-09-24,2023-09-28,2023-09-29,United Arab Emirates,Local Wholesaler - Eldoret,UNKNOWN,0.49,1033.9,AIR FREIGHT,237.28,,0.0,nan,PENDING,4.0,False,False,False,4.0,1.0,True,False
RB-002302,Rift Bloom - Moiben Farm,Explorer,90.0,PREMIUM,20.0,81.0,1620.0,2025-12-12,2025-12-13,,2025-12-18,Poland,Carrefour Flowers,USD,0.49,793.8,AIR FREIGHT,114.73,3.0,0.0,nan,UNKNOWN,4.0,False,False,False,,,False,False
RB-000333,Rift Bloom - Timboroa Farm,Pink Floyd,60.0,B,10.0,20.0,200.0,2023-03-28,2023-03-29,2023-03-30,2023-02-04,Norway,Carrefour Flowers,USD,0.363,72.6,ROAD THEN AIR,655.73,4.5,0.0,nan,OVERDUE,2.0,False,False,False,1.0,-54.0,False,False
RB-001593,Rift Bloom - Moiben Farm,FREEDOM,50.0,STANDARD,25.0,120.0,3000.0,2025-03-27,2025-03-29,2025-03-30,2025-04-05,Japan,FloraHolland Auction,EUR,0.32,960.0,AIR FREIGHT,428.88,-0.6,0.0,nan,UNKNOWN,5.0,False,False,True,1.0,6.0,True,False
RB-000337,Rift Bloom - Ziwa Farm,Cool Water,40.0,PREMIUM,25.0,80.0,2000.0,2024-06-18,2024-06-20,2024-06-23,,Russia,Local Wholesaler - Eldoret,USD,0.378,756.0,AIR FREIGHT,456.89,1.8,0.0,nan,OVERDUE,4.0,False,False,False,3.0,,False,False
RB-000913,Rift Bloom - Moiben Farm,Sweetness,50.0,nan,20.0,54.0,1080.0,2025-11-29,2025-11-29,2025-12-01,2025-05-12,United States,Local Wholesaler - Eldoret,USD,0.226,244.08,AIR FREIGHT,154.69,1.6,0.0,nan,PAID,5.0,False,False,False,2.0,-203.0,False,False
RB-001576,Rift Bloom - Timboroa Farm,Circus,50.0,B,20.0,154.0,3080.0,2025-03-07,2025-03-07,2025-04-07,2025-06-07,Russia,Bloomon BV,USD,0.433,1333.64,AIR FREIGHT,475.85,2.8,0.0,None,OVERDUE,5.0,False,False,False,31.0,61.0,True,False
RB-001537,Rift Bloom - Timboroa Farm,Avalanche,60.0,A,10.0,93.0,930.0,2024-07-16,2024-07-18,2024-07-21,2024-07-26,The Netherlands,Blume2000,USD,0.278,258.54,NAN,429.13,0.0,0.0,nan,PAID,3.0,False,False,False,3.0,5.0,True,False
RB-000902,Rift Bloom - Kapseret Farm,Mondial,70.0,B,25.0,26.0,650.0,2022-10-18,2022-10-19,2022-10-23,2022-10-25,Australia,Carrefour Flowers,USD,0.236,1534.0,AIR FREIGHT,83.11,1.2,0.0,nan,PENDING,4.0,False,False,False,4.0,2.0,True,False
RB-001407,Rift Bloom - Moiben Farm,Freedom,70.0,nan,25.0,29.0,725.0,2022-11-08,2022-11-08,2022-08-14,2022-08-20,Japan,Carrefour Flowers,USD,0.269,195.03,ROAD THEN AIR,183.22,5.4,0.0,nan,PENDING,5.0,False,False,False,-86.0,6.0,False,False
RB-000866,Rift Bloom - Moiben Farm,Avalanche,50.0,PREMIUM,40.0,102.0,4080.0,2023-05-17,2023-05-17,2023-05-21,2023-05-25,Japan,Interflora Russia,EUR,0.458,1868.64,AIR FREIGHT,281.17,2.1,0.0,nan,NAN,5.0,False,False,False,4.0,4.0,True,False
RB-000885,Rift Bloom - Kapseret Farm,Mondial,70.0,A,10.0,125.0,1250.0,2022-05-08,2022-05-10,2022-05-13,2022-05-19,Russia,Blume2000,USD,0.416,520.0,NAN,232.05,,0.0,nan,PENDING,4.0,False,False,False,3.0,6.0,True,False
RB-000478,Rift Bloom - Kesses Farm,Athena,50.0,C,40.0,209.0,8360.0,2022-09-20,2022-09-22,2022-09-24,2022-09-25,netherlands,FloraHolland Auction,EUR,0.277,2315.72,AIR FREIGHT,208.87,2.4,9.0,nan,UNKNOWN,4.0,False,False,False,2.0,1.0,True,False
RB-001343,Rift Bloom - Kesses Farm,Circus,50.0,A,10.0,143.0,1430.0,2024-06-13,2024-06-14,2024-06-17,,Australia,Local Wholesaler - Eldoret,USD,0.499,713.57,AIR FREIGHT,28.38,4.1,0.0,nan,PENDING,4.0,False,False,False,3.0,,False,False
RB-000742,Rift Bloom - Kesses Farm,Yellow Babe,70.0,A,20.0,102.0,2040.0,2023-08-14,2023-08-14,2023-08-15,2023-08-20,Norway,Marks & Spencer Flowers,KES,59.8,121992.0,ROAD THEN AIR,354.46,3.5,0.0,nan,PENDING,5.0,False,False,False,1.0,5.0,True,False
RB-002820,Rift Bloom - Moiben Farm,Vendela,60.0,PREMIUM,25.0,225.0,5625.0,2022-04-24,2022-04-25,2022-04-29,2022-05-05,Switzerland,Local Wholesaler - Eldoret,KES,33.41,187931.25,AIR FREIGHT,179.96,3.7,0.0,nan,PENDING,3.0,False,False,False,4.0,6.0,True,False
RB-002672,Rift Bloom - Moiben Farm,Yellow Babe,70.0,A,10.0,231.0,2310.0,2024-12-15,,2024-12-19,2024-12-21,France,M-Farm Traders,EUR,0.224,517.44,AIR FREIGHT,210.23,,0.0,nan,PENDING,4.0,False,False,False,,2.0,False,False
RB-000133,Rift Bloom - Kapseret Farm,Avalanche,60.0,B,20.0,190.0,3800.0,2022-07-13,2022-07-14,2022-07-17,2022-07-20,France,FloraHolland Auction,EUR,0.379,1440.2,AIR FREIGHT,592.29,,0.0,nan,PAID,5.0,False,False,False,3.0,3.0,True,False
RB-002825,Rift Bloom - Kapseret Farm,FREEDOM,40.0,PREMIUM,10.0,128.0,1280.0,2025-02-01,2025-03-02,2025-07-02,2025-02-13,uae,Whole Foods Market,USD,0.121,154.88,AIR FREIGHT,108.02,-0.5,0.0,nan,NAN,5.0,False,False,True,122.0,-139.0,False,False
RB-000982,Rift Bloom - Kesses Farm,Sweetness,50.0,A,25.0,186.0,4650.0,2025-08-29,2025-08-31,2025-09-03,2025-09-09,Australia,FloraHolland Auction,EUR,0.319,1483.35,AIR FREIGHT,133.21,2.2,0.0,nan,PENDING,4.0,False,False,False,3.0,6.0,True,False
RB-001234,Rift Bloom - Ziwa Farm,Tibet,60.0,B,10.0,86.0,860.0,2023-07-09,2023-11-07,2023-07-14,2023-07-20,U.A.E,Aalsmeer Direct,KES,59.41,51092.6,AIR FREIGHT,,1.2,42.0,Wilting,NAN,5.0,True,False,False,-116.0,6.0,False,False
RB-001629,Rift Bloom - Turbo Farm,Cool Water,60.0,C,20.0,153.0,3060.0,2022-12-05,2022-05-14,2022-05-18,2022-05-23,Russia,Aalsmeer Direct,USD,0.538,1646.28,AIR FREIGHT,339.38,,13.0,nan,PAID,4.0,False,False,False,4.0,5.0,True,False
RB-002294,Rift Bloom - Ziwa Farm,Pink Floyd,60.0,B,25.0,159.0,3975.0,2025-12-14,2025-12-14,2025-12-17,2025-12-19,Poland,FloraHolland Auction,USD,0.204,810.9,NAN,178.56,1.4,0.0,nan,OVERDUE,3.0,False,False,False,3.0,2.0,True,False
RB-001150,Rift Bloom - Ziwa Farm,Mondial,60.0,STANDARD,25.0,184.0,4600.0,2023-02-15,2023-02-15,2023-02-19,2023-02-24,uk,Aalsmeer Direct,EUR,0.07,322.0,AIR FREIGHT,335.46,0.2,0.0,nan,UNKNOWN,5.0,False,False,False,4.0,5.0,True,False
RB-000257,Rift Bloom - Timboroa Farm,High & Magic,90.0,A,20.0,72.0,1440.0,2025-01-25,2025-01-26,2025-01-28,2025-01-31,Germany,Tokyo Flower Market,EUR,0.341,491.04,AIR FREIGHT,,5.3,1.0,Stem Bent,NAN,5.0,False,False,False,2.0,3.0,True,False
RB-000634,Rift Bloom - Moiben Farm,Circus,50.0,PREMIUM,20.0,86.0,1720.0,2024-12-06,2024-12-06,2024-06-16,2024-06-22,USA,Aalsmeer Direct,EUR,0.625,1075.0,AIR FREIGHT,193.34,5.0,0.0,nan,PAID,1.0,False,False,False,-173.0,6.0,False,False
RB-002451,Rift Bloom - Kesses Farm,Tibet,60.0,B,40.0,118.0,4720.0,2025-01-06,2025-01-06,2025-08-01,2025-01-14,UK,FloraHolland Auction,KES,25.22,119038.4,AIR FREIGHT,472.6,1.9,0.0,nan,PAID,4.0,False,False,False,207.0,-199.0,False,False
RB-002411,Rift Bloom - Turbo Farm,FREEDOM,60.0,PREMIUM,25.0,79.0,1975.0,2026-07-03,2026-09-03,2026-03-13,2026-03-18,Switzerland,Dubai Flower Centre,USD,0.273,539.18,NAN,,2.7,0.0,nan,PENDING,5.0,False,False,False,-174.0,5.0,False,False
RB-000558,Rift Bloom - Timboroa Farm,Red-Naomi,50.0,nan,10.0,122.0,1220.0,2023-12-25,2023-12-26,2023-12-27,2023-12-31,France,M-Farm Traders,NAN,0.415,506.3,AIR FREIGHT,685.86,1.3,0.0,nan,NAN,3.0,False,False,False,1.0,4.0,True,False
RB-002822,Rift Bloom - Timboroa Farm,Sweetness,50.0,A,25.0,187.0,4675.0,,2023-05-10,2023-06-10,2023-12-10,Russia,Blume2000,EUR,0.516,2412.3,NAN,605.55,1.4,0.0,nan,NAN,5.0,False,False,False,31.0,183.0,True,False
RB-000262,Rift Bloom - Timboroa Farm,Vendela,70.0,PREMIUM,25.0,149.0,3725.0,2025-02-14,2025-02-14,2025-02-18,2025-02-24,Australia,Aalsmeer Direct,USD,0.269,1002.03,AIR FREIGHT,596.97,2.5,0.0,nan,PAID,1.0,False,False,False,4.0,6.0,True,False
RB-002912,Rift Bloom - Moiben Farm,Vendela,90.0,STANDARD,10.0,161.0,1610.0,2023-11-01,2023-02-11,2023-05-11,2023-10-11,Russia,Marks & Spencer Flowers,EUR,0.187,301.07,AIR FREIGHT,801.79,2.6,0.0,nan,UNKNOWN,4.0,False,False,False,89.0,153.0,True,False
RB-002076,Rift Bloom - Kapseret Farm,Yellow Babe,60.0,B,10.0,48.0,480.0,2023-09-02,2023-09-02,2023-12-02,2023-02-15,USA,FloraHolland Auction,EUR,0.27,129.6,AIR FREIGHT,1044.48,1.3,0.0,nan,PAID,3.0,False,False,False,91.0,-290.0,False,False
RB-002916,Rift Bloom - Kesses Farm,Yellow Babe,80.0,A,10.0,61.0,610.0,2022-02-22,,2022-02-24,2022-02-26,Norway,Tokyo Flower Market,NAN,0.223,136.03,ROAD THEN AIR,70.01,2.0,0.0,nan,PAID,2.0,False,False,False,,2.0,False,False
RB-000209,Rift Bloom - Moiben Farm,Explorer,50.0,C,10.0,159.0,1590.0,,2024-04-26,2024-04-30,2024-03-05,Poland,Local Wholesaler - Eldoret,UNKNOWN,0.128,203.52,NAN,,4.0,0.0,nan,OVERDUE,5.0,False,False,False,4.0,-56.0,False,False
RB-002715,Rift Bloom - Turbo Farm,Avalanche,50.0,B,20.0,67.0,1340.0,2022-10-24,2022-10-24,2022-10-28,2022-03-11,United Arab Emirates,FloraHolland Auction,USD,0.399,534.66,AIR FREIGHT,623.76,2.3,0.0,nan,PAID,4.0,False,False,False,4.0,-231.0,False,False
RB-001021,Rift Bloom - Timboroa Farm,High & Magic,70.0,B,25.0,51.0,1275.0,2025-01-12,2025-01-12,2025-12-05,2025-06-12,Russia,Whole Foods Market,EUR,0.397,506.18,AIR FREIGHT,228.73,1.2,0.0,nan,PAID,3.0,False,False,False,327.0,-176.0,False,False
RB-001404,Rift Bloom - Turbo Farm,Mondial,70.0,C,25.0,133.0,3325.0,2022-04-15,2022-04-17,2022-04-20,2022-04-26,Poland,Whole Foods Market,USD,0.467,1552.78,NAN,450.37,3.7,0.0,nan,OVERDUE,4.0,False,False,False,3.0,6.0,True,False
RB-002092,Rift Bloom - Moiben Farm,Tibet,60.0,A,40.0,111.0,4440.0,2024-11-14,2024-11-14,2024-11-16,2024-11-19,Norway,Local Wholesaler - Eldoret,USD,0.107,475.08,NAN,155.95,2.3,0.0,nan,UNKNOWN,5.0,False,False,False,2.0,3.0,True,False
RB-000210,Rift Bloom - Ziwa Farm,Red Naomi,70.0,C,40.0,23.0,920.0,2024-07-01,2024-07-02,2024-05-07,2024-08-07,Australia,Aalsmeer Direct,UNKNOWN,0.362,333.04,AIR FREIGHT,925.27,3.5,0.0,nan,PAID,3.0,False,False,False,-56.0,92.0,False,False
RB-000154,Rift Bloom - Moiben Farm,Yellow Babe,60.0,B,40.0,163.0,6520.0,2023-07-12,2023-07-13,2023-07-14,2023-07-18,Netherlands,Bloomon BV,KES,73.06,476351.2,NAN,299.46,1.6,0.0,nan,PENDING,5.0,False,False,False,1.0,4.0,True,False
RB-001591,Rift Bloom - Turbo Farm,Athena,40.0,A,10.0,164.0,1640.0,2022-09-30,2022-09-30,2022-10-03,2022-09-10,U.A.E,Interflora Russia,KES,57.07,93594.8,AIR FREIGHT,,0.6,0.0,nan,PENDING,4.0,False,False,False,3.0,-23.0,False,False
RB-001148,Rift Bloom - Kesses Farm,Sweetness,60.0,nan,10.0,18.0,180.0,2023-09-01,2023-01-10,2023-01-11,2023-01-16,usa,Carrefour Flowers,EUR,0.383,68.94,NAN,98.12,2.4,0.0,nan,PAID,5.0,False,False,False,1.0,5.0,True,False
RB-001968,Rift Bloom - Timboroa Farm,Red Naomi,60.0,STANDARD,25.0,211.0,5275.0,2023-07-09,2023-09-09,2023-09-13,2023-09-17,Australia,Whole Foods Market,NAN,0.441,2326.28,AIR FREIGHT,230.75,,0.0,nan,OVERDUE,5.0,False,False,False,4.0,4.0,True,False
RB-001634,Rift Bloom - Timboroa Farm,freedom,60.0,A,40.0,57.0,2280.0,2023-04-16,2023-04-18,2023-04-20,2023-04-22,United Kingdom,FloraHolland Auction,KES,48.88,111446.4,AIR FREIGHT,209.12,1.3,0.0,nan,PAID,5.0,False,False,False,2.0,2.0,True,False
RB-000598,Rift Bloom - Kesses Farm,Yellow Babe,60.0,PREMIUM,10.0,75.0,750.0,2024-10-29,2024-10-30,2024-10-31,,Norway,Local Wholesaler - Eldoret,EUR,0.437,327.75,AIR FREIGHT,106.37,,0.0,nan,PAID,1.0,False,False,False,1.0,,False,False
RB-001932,Rift Bloom - Ziwa Farm,High & Magic,40.0,PREMIUM,10.0,55.0,550.0,2024-05-26,2024-05-26,2024-05-27,2024-05-31,Japan,Carrefour Flowers,EUR,0.371,204.05,AIR FREIGHT,217.75,1.3,5.0,Bud Blast,PAID,5.0,False,False,False,1.0,4.0,True,False
RB-001657,Rift Bloom - Kapseret Farm,Vendela,90.0,STANDARD,20.0,33.0,660.0,2022-10-27,2022-10-27,2022-10-31,2022-11-05,France,Local Wholesaler - Eldoret,USD,0.422,278.52,AIR FREIGHT,359.46,1.4,0.0,nan,NAN,4.0,False,False,False,4.0,5.0,True,False
RB-000681,Rift Bloom - Turbo Farm,Circus,50.0,A,10.0,62.0,620.0,2024-08-31,2024-09-02,2024-09-05,2024-09-09,Australia,Bloomon BV,NAN,0.186,115.32,ROAD THEN AIR,150.89,2.1,0.0,nan,PAID,5.0,True,False,False,3.0,4.0,True,False
RB-001566,Rift Bloom - Timboroa Farm,Sweetness,70.0,STANDARD,10.0,81.0,810.0,2026-06-16,2026-06-16,2026-06-18,2026-06-20,Poland,Whole Foods Market,USD,0.615,498.15,AIR FREIGHT,319.69,4.2,44.0,nan,PAID,3.0,False,False,False,2.0,2.0,True,False
RB-001329,Rift Bloom - Turbo Farm,Vendela,60.0,nan,25.0,115.0,2875.0,2026-03-20,2026-03-20,2026-03-24,2026-03-27,United Kingdom,Carrefour Flowers,USD,0.371,1066.62,AIR FREIGHT,14.11,3.4,0.0,nan,NAN,4.0,False,False,False,4.0,3.0,True,False
RB-002088,Rift Bloom - Turbo Farm,Athena,80.0,nan,40.0,68.0,2720.0,2025-09-08,2025-11-08,2025-08-15,2025-08-17,Poland,Blume2000,USD,0.327,889.44,AIR FREIGHT,260.05,1.1,10.0,Botrytis,PENDING,4.0,False,False,False,-85.0,2.0,False,False
RB-001519,Rift Bloom - Turbo Farm,Athena,50.0,B,25.0,66.0,1650.0,2022-03-22,2022-03-24,2022-03-26,,Switzerland,FloraHolland Auction,EUR,0.473,780.45,AIR FREIGHT,393.93,2.9,0.0,nan,UNKNOWN,2.0,False,False,False,2.0,,False,False
RB-000226,Rift Bloom - Kapseret Farm,Circus,-50.0,A,25.0,84.0,2100.0,,2026-06-23,2026-06-26,2026-06-30,United Kingdom,Whole Foods Market,EUR,0.253,531.3,NAN,,4.1,0.0,nan,PAID,5.0,False,False,False,3.0,4.0,True,False
RB-002410,Rift Bloom - Moiben Farm,Yellow Babe,70.0,B,20.0,241.0,4820.0,2023-03-27,2023-03-29,2023-04-01,2023-04-04,Switzerland,Aalsmeer Direct,EUR,0.388,1870.16,NAN,264.76,1.7,0.0,nan,PENDING,5.0,False,False,False,3.0,3.0,True,False
RB-001761,Rift Bloom - Kapseret Farm,Avalanche,50.0,PREMIUM,20.0,207.0,4140.0,2022-09-23,2022-09-24,2022-09-27,2022-09-28,Switzerland,Tokyo Flower Market,USD,0.518,2144.52,AIR FREIGHT,572.13,4.0,0.0,nan,OVERDUE,4.0,False,False,False,3.0,1.0,True,False
RB-001361,Rift Bloom - Moiben Farm,Vendela,50.0,PREMIUM,20.0,83.0,1660.0,2023-03-14,2023-03-14,2023-03-15,2023-03-18,France,Tokyo Flower Market,EUR,0.265,439.9,ROAD THEN AIR,256.27,,0.0,nan,PENDING,4.0,False,False,False,1.0,3.0,True,False
RB-002631,Rift Bloom - Moiben Farm,Vendela,80.0,C,10.0,265.0,2650.0,,2023-08-28,2023-08-29,2023-01-09,Netherlands,Local Wholesaler - Eldoret,UNKNOWN,0.409,1083.85,AIR FREIGHT,46.24,2.3,0.0,nan,PAID,2.0,False,False,False,1.0,-232.0,False,False
RB-001493,Rift Bloom - Turbo Farm,Athena,50.0,PREMIUM,10.0,153.0,1530.0,2025-02-02,2025-02-02,2025-03-02,2025-05-02,Australia,Dubai Flower Centre,EUR,0.302,462.06,AIR FREIGHT,147.43,3.5,0.0,nan,OVERDUE,5.0,False,False,False,28.0,61.0,True,False
RB-002010,Rift Bloom - Turbo Farm,Sweetness,50.0,nan,10.0,30.0,300.0,2025-11-01,2025-12-01,2025-01-15,2025-01-19,Germany,M-Farm Traders,USD,0.369,110.7,AIR FREIGHT,262.38,2.7,0.0,nan,OVERDUE,4.0,False,False,False,-320.0,4.0,False,False
RB-000206,Rift Bloom - Moiben Farm,Pink Floyd,50.0,STANDARD,25.0,89.0,2225.0,2025-09-01,2025-09-02,2025-04-09,2025-05-09,NL,FloraHolland Auction,NAN,0.329,732.02,AIR FREIGHT,359.45,3.2,0.0,nan,OVERDUE,5.0,False,False,False,-146.0,30.0,False,False
RB-001028,Rift Bloom - Turbo Farm,Explorer,60.0,B,10.0,186.0,1860.0,2024-12-28,2024-12-30,2025-01-01,2025-03-01,United Arab Emirates,Dubai Flower Centre,EUR,0.509,946.74,AIR FREIGHT,148.07,2.2,0.0,nan,PAID,5.0,False,False,False,2.0,59.0,True,False
RB-002766,Rift Bloom - Moiben Farm,FREEDOM,70.0,C,40.0,50.0,2000.0,2025-02-24,2025-02-24,,2025-02-28,NL,Bloomon BV,USD,0.235,470.0,AIR FREIGHT,258.92,0.6,0.0,nan,PAID,3.0,False,False,False,,,False,False
RB-002125,Rift Bloom - Timboroa Farm,Sweetness,60.0,B,20.0,197.0,3940.0,2022-08-29,2022-08-29,2022-09-01,2022-07-09,The Netherlands,Carrefour Flowers,KES,45.63,1797822.0,ROAD THEN AIR,299.56,-0.2,0.0,nan,PAID,2.0,False,False,True,3.0,-54.0,False,False
RB-001047,Rift Bloom - Ziwa Farm,Red-Naomi,70.0,B,40.0,96.0,3840.0,2023-08-21,2023-08-23,2023-08-27,2023-08-29,United Arab Emirates,Blume2000,USD,0.398,15283.2,AIR FREIGHT,145.81,4.7,0.0,nan,PAID,4.0,False,False,False,4.0,2.0,True,False
RB-000694,Rift Bloom - Ziwa Farm,Peach Avalanche,90.0,B,10.0,77.0,770.0,2022-08-12,2022-12-09,2022-10-12,2022-12-14,Japan,M-Farm Traders,EUR,0.445,342.65,AIR FREIGHT,214.29,2.1,0.0,nan,PENDING,3.0,False,False,False,-58.0,63.0,False,False
RB-002414,Rift Bloom - Moiben Farm,Sweetness,70.0,C,20.0,240.0,4800.0,2022-06-24,2022-06-24,2022-06-27,2022-01-07,France,Whole Foods Market,EUR,0.243,1166.4,AIR FREIGHT,175.58,5.7,0.0,nan,PENDING,5.0,False,False,False,3.0,-171.0,False,False
RB-002827,rift bloom turbo farm,Circus,70.0,A,40.0,105.0,4200.0,2025-11-06,2025-06-13,2025-06-14,2025-06-20,United Arab Emirates,M-Farm Traders,EUR,0.079,331.8,AIR FREIGHT,588.67,3.0,0.0,nan,PAID,3.0,False,False,False,1.0,6.0,True,False
RB-001187,Rift Bloom - Moiben Farm,High & Magic,80.0,B,10.0,42.0,420.0,2024-03-14,2024-03-15,2024-03-19,2024-03-23,Russia,Aalsmeer Direct,USD,0.34,142.8,AIR FREIGHT,343.66,1.6,22.0,Wilting,PENDING,2.0,False,False,False,4.0,4.0,True,False
RB-001370,Rift Bloom - Turbo Farm,Tibet,40.0,A,20.0,130.0,2600.0,2023-09-04,2023-09-04,2023-09-07,2023-10-09,Australia,Carrefour Flowers,EUR,0.328,852.8,AIR FREIGHT,437.63,1.1,0.0,nan,OVERDUE,3.0,False,False,False,3.0,32.0,True,False
RB-001908,Rift Bloom - Kapseret Farm,Mondial,80.0,PREMIUM,20.0,41.0,820.0,2025-10-16,2025-10-17,2025-10-20,2025-10-22,Switzerland,M-Farm Traders,KES,66.3,54366.0,NAN,85.8,1.3,0.0,nan,UNKNOWN,5.0,False,False,False,3.0,2.0,True,False
RB-000017,Rift Bloom - Turbo Farm,Red Naomi,80.0,B,25.0,262.0,6550.0,2023-04-16,2023-04-18,2023-04-22,2023-04-26,U.A.E,FloraHolland Auction,KES,38.35,251192.5,AIR FREIGHT,356.82,0.5,0.0,nan,PAID,4.0,False,False,False,4.0,4.0,True,False
RB-000173,Rift Bloom - Kesses Farm,High & Magic,50.0,B,40.0,67.0,2680.0,2024-12-24,2024-12-25,2024-12-28,2024-12-29,Norway,M-Farm Traders,EUR,0.141,377.88,AIR FREIGHT,459.47,1.5,0.0,nan,PENDING,3.0,False,False,False,3.0,1.0,True,False
RB-001677,Rift Bloom - Timboroa Farm,Yellow Babe,50.0,A,10.0,151.0,1510.0,2023-03-29,2023-03-31,2023-02-04,2023-04-08,Japan,Aalsmeer Direct,EUR,0.372,561.72,UNKNOWN,502.11,2.3,0.0,nan,OVERDUE,3.0,False,False,False,-55.0,63.0,False,False
RB-001185,Rift Bloom - Turbo Farm,Pink Floyd,40.0,PREMIUM,20.0,82.0,1640.0,2025-11-13,2025-11-13,2025-11-14,2025-11-19,Germany,Carrefour Flowers,KES,33.41,54792.4,AIR FREIGHT,109.31,2.2,17.0,Stem Bent,PAID,5.0,False,False,False,1.0,5.0,True,False
RB-000657,Rift Bloom - Moiben Farm,Circus,50.0,B,25.0,143.0,3575.0,2022-02-04,2022-02-06,2022-02-07,2022-09-02,United kingdom,Tokyo Flower Market,KES,49.01,175210.75,AIR FREIGHT,668.25,,0.0,nan,OVERDUE,3.0,False,False,False,1.0,207.0,True,False
RB-001572,Rift Bloom - Kesses Farm,Red Naomi,70.0,nan,25.0,33.0,825.0,2024-06-22,2024-06-22,,2024-06-29,Switzerland,FloraHolland Auction,EUR,0.547,451.28,AIR FREIGHT,258.81,2.1,0.0,nan,NAN,3.0,False,False,False,,,False,False
RB-001420,Rift Bloom - Kesses Farm,High & Magic,60.0,STANDARD,20.0,184.0,3680.0,2025-06-09,2025-09-06,2025-06-13,2025-06-18,Netherlands,Whole Foods Market,USD,0.379,1394.72,AIR FREIGHT,220.51,1.0,0.0,nan,NAN,4.0,False,False,False,-85.0,5.0,False,False
RB-000400,Rift Bloom - Kapseret Farm,Yellow Babe,50.0,nan,40.0,255.0,10200.0,2025-12-16,2025-12-18,2025-12-21,2025-12-23,Australia,M-Farm Traders,NAN,0.05,510.0,AIR FREIGHT,239.78,1.8,0.0,nan,PENDING,5.0,False,False,False,3.0,2.0,True,False
RB-000619,Rift Bloom - Timboroa Farm,High & Magic,60.0,nan,10.0,45.0,450.0,,2022-04-16,2022-04-17,2022-04-21,UK,Bloomon BV,EUR,0.224,100.8,AIR FREIGHT,391.48,3.8,0.0,nan,PENDING,4.0,False,False,False,1.0,4.0,True,False
RB-000868,Rift Bloom - Ziwa Farm,RedNaomi,70.0,A,20.0,77.0,1540.0,2024-09-15,2024-09-15,2024-09-18,,United Kingdom,Carrefour Flowers,KES,10.01,15415.4,AIR FREIGHT,412.41,19.7,0.0,nan,PENDING,3.0,False,False,False,3.0,,False,False
RB-000887,Rift Bloom - Moiben Farm,High & Magic,90.0,B,40.0,184.0,7360.0,2022-02-25,2022-02-26,2022-03-01,2022-03-03,Norway,Whole Foods Market,USD,0.167,1229.12,AIR FREIGHT,180.26,2.3,0.0,nan,PENDING,4.0,False,False,False,3.0,2.0,True,False
RB-002111,Rift Bloom - Kesses Farm,RedNaomi,70.0,STANDARD,10.0,64.0,640.0,2024-04-28,2024-04-28,2024-02-05,2024-04-05,United Arab Emirates,Dubai Flower Centre,USD,0.204,130.56,NAN,698.7,1.6,0.0,nan,OVERDUE,4.0,False,False,False,-83.0,60.0,False,False
RB-002172,Rift Bloom - Timboroa Farm,Avalanche,50.0,PREMIUM,40.0,57.0,2280.0,2026-04-15,2026-04-16,2026-04-19,2026-04-23,Russia,Bloomon BV,EUR,0.351,800.28,AIR FREIGHT,319.19,2.4,12.0,Cold Chain Break,PENDING,4.0,False,False,False,3.0,4.0,True,False
RB-000458,Rift Bloom - Timboroa Farm,Sweetness,60.0,PREMIUM,20.0,66.0,1320.0,2024-05-02,2024-02-06,2024-07-02,2024-02-12,France,Local Wholesaler - Eldoret,EUR,0.472,623.04,AIR FREIGHT,383.87,3.7,0.0,nan,PENDING,4.0,False,False,False,147.0,-141.0,False,False
RB-000791,Rift Bloom - Moiben Farm,Mondial,50.0,A,40.0,113.0,4520.0,2024-07-07,2024-07-07,2024-08-07,2024-07-14,USA,Blume2000,EUR,0.405,1830.6,AIR FREIGHT,206.25,2.9,25.0,Undersized Stems,NAN,4.0,False,False,False,31.0,-24.0,False,False
RB-000651,Rift Bloom - Kesses Farm,Circus,90.0,PREMIUM,10.0,119.0,1190.0,2024-01-31,2024-01-31,2024-03-02,2024-06-02,United Arab Emirates,Local Wholesaler - Eldoret,NAN,0.315,374.85,ROAD THEN AIR,1227.13,,0.0,nan,PAID,5.0,False,False,False,31.0,92.0,True,False
RB-000734,Rift Bloom - Kapseret Farm,Tibet,80.0,nan,40.0,182.0,7280.0,2023-11-24,2023-11-25,2023-11-29,2023-12-02,Norway,Marks & Spencer Flowers,NAN,0.328,2387.84,AIR FREIGHT,493.81,2.8,0.0,nan,OVERDUE,4.0,False,False,False,4.0,3.0,True,False
RB-002863,Rift Bloom - Kesses Farm,red naomi,50.0,nan,10.0,176.0,1760.0,2023-08-05,,2023-09-08,2023-11-08,Norway,Interflora Russia,EUR,0.366,644.16,AIR FREIGHT,127.32,1.7,0.0,nan,PENDING,4.0,False,False,False,,61.0,False,False
RB-000380,Rift Bloom - Moiben Farm,Pink Floyd,60.0,STANDARD,20.0,42.0,840.0,2023-12-22,2023-12-23,2023-12-27,2023-12-29,USA,Tokyo Flower Market,EUR,0.361,303.24,ROAD THEN AIR,209.44,0.3,0.0,nan,OVERDUE,4.0,False,False,False,4.0,2.0,True,False
RB-002452,Rift Bloom - Turbo Farm,Sweetness,60.0,C,10.0,123.0,1230.0,,2024-01-07,2024-07-02,2024-07-05,Norway,Local Wholesaler - Eldoret,EUR,0.385,473.55,AIR FREIGHT,619.58,5.5,0.0,nan,NAN,4.0,False,False,False,177.0,3.0,True,False
RB-000957,Rift Bloom - Moiben Farm,Tibet,80.0,nan,25.0,172.0,4300.0,2022-08-14,2022-08-15,2022-08-17,2022-08-22,UAE,Carrefour Flowers,EUR,0.393,1689.9,UNKNOWN,753.87,1.5,0.0,nan,PAID,1.0,False,False,False,2.0,5.0,True,False
RB-000172,Rift Bloom - Moiben Farm,Avalanche,60.0,B,40.0,90.0,3600.0,2022-11-10,2022-11-10,2022-11-13,2022-11-14,Russia,Carrefour Flowers,USD,0.227,817.2,AIR FREIGHT,67.33,-0.3,0.0,nan,PENDING,1.0,False,False,True,3.0,1.0,True,False
RB-001945,Rift Bloom - Kapseret Farm,Athena,60.0,STANDARD,20.0,41.0,820.0,2025-06-13,2025-06-15,2025-06-17,2025-06-22,Japan,Bloomon BV,KES,42.64,34964.8,NAN,209.11,0.1,0.0,None,PAID,5.0,False,False,False,2.0,5.0,True,False
RB-000660,Rift Bloom - Kapseret Farm,avalanche,40.0,PREMIUM,20.0,62.0,1240.0,2024-04-05,2024-05-04,2024-07-04,2024-04-08,Norway,M-Farm Traders,EUR,0.46,570.4,NAN,155.69,,0.0,nan,PENDING,4.0,False,False,False,61.0,-87.0,False,False
RB-002121,Rift Bloom - Timboroa Farm,Circus,50.0,nan,25.0,189.0,4725.0,2024-11-23,2024-11-25,2024-11-28,2024-01-12,Germany,Dubai Flower Centre,EUR,0.396,1871.1,AIR FREIGHT,,,0.0,nan,PENDING,2.0,False,False,False,3.0,-321.0,False,False
RB-001095,Rift Bloom - Timboroa Farm,Athena,80.0,nan,25.0,178.0,4450.0,2024-04-09,2024-04-10,2024-04-13,,USA,Marks & Spencer Flowers,KES,39.39,175285.5,ROAD THEN AIR,419.31,-1.0,43.0,Cold Chain Break,PAID,4.0,False,False,True,3.0,,False,False
RB-000169,Rift Bloom - Kapseret Farm,Circus,60.0,PREMIUM,20.0,141.0,2820.0,2024-06-02,2024-06-03,2024-06-04,2024-06-10,Australia,Dubai Flower Centre,EUR,0.488,1376.16,NAN,566.43,1.9,0.0,nan,PAID,4.0,False,False,False,1.0,6.0,True,False
RB-001518,Rift Bloom - Moiben Farm,Circus,80.0,B,25.0,70.0,1750.0,2023-12-14,2023-12-15,2023-12-19,2023-12-23,Norway,Dubai Flower Centre,EUR,0.332,581.0,AIR FREIGHT,264.7,2.5,0.0,nan,PENDING,5.0,False,False,False,4.0,4.0,True,False
RB-001801,Rift Bloom - Timboroa Farm,Athena,50.0,PREMIUM,40.0,97.0,3880.0,2025-11-16,2025-11-16,2025-11-18,2025-11-21,France,Local Wholesaler - Eldoret,EUR,0.312,1210.56,AIR FREIGHT,640.62,0.9,0.0,nan,NAN,5.0,False,False,False,2.0,3.0,True,False
RB-002190,Rift Bloom - Timboroa Farm,Sweetness,50.0,STANDARD,20.0,326.0,6520.0,2024-10-22,2024-10-23,2024-10-24,2024-10-30,Netherlands,Blume2000,USD,0.34,2216.8,NAN,344.34,0.6,0.0,nan,NAN,4.0,False,False,False,1.0,6.0,True,False
RB-001918,Rift Bloom - Moiben Farm,Sweetness,70.0,B,25.0,34.0,850.0,2023-08-09,2023-10-09,2023-09-14,2023-09-16,Germany,Bloomon BV,USD,0.273,232.05,ROAD THEN AIR,,2.2,10.0,-,NAN,4.0,False,False,False,-25.0,2.0,False,True
RB-001216,Rift Bloom - Timboroa Farm,Circus,60.0,C,10.0,52.0,520.0,2026-03-14,2026-03-15,2026-03-16,2026-03-17,Russia,Blume2000,EUR,0.316,164.32,NAN,331.75,1.7,0.0,nan,PAID,5.0,False,False,False,1.0,1.0,True,False
RB-001119,Rift Bloom - Timboroa Farm,Athena,50.0,nan,20.0,181.0,3620.0,2026-04-22,2026-04-24,,,NL,Bloomon BV,USD,0.362,1310.44,ROAD THEN AIR,137.13,2.7,0.0,nan,OVERDUE,5.0,False,False,False,,,False,False
RB-002519,rift bloom turbo farm,RedNaomi,60.0,B,25.0,319.0,7975.0,2025-05-23,2025-05-24,2025-05-25,2025-05-26,France,FloraHolland Auction,EUR,0.243,1937.92,AIR FREIGHT,,0.9,0.0,nan,PAID,4.0,False,False,False,1.0,1.0,True,False
RB-001067,Rift Bloom - Kapseret Farm,Peach Avalanche,60.0,STANDARD,20.0,43.0,860.0,2023-07-16,2023-07-17,2023-07-19,2023-07-23,The Netherlands,Dubai Flower Centre,KES,45.76,39353.6,AIR FREIGHT,103.68,2.5,0.0,nan,PAID,2.0,False,False,False,2.0,4.0,True,False
RB-002282,Rift Bloom - Kesses Farm,Freedom,50.0,B,20.0,75.0,1500.0,2026-12-02,2026-02-13,2026-02-17,2026-02-18,Poland,Whole Foods Market,KES,54.86,82290.0,NAN,,2.4,0.0,nan,PAID,3.0,False,False,False,4.0,1.0,True,False
RB-001913,Rift Bloom - Turbo Farm,Yellow Babe,60.0,B,40.0,150.0,6000.0,2022-10-05,2022-05-10,2022-10-06,2022-09-10,Russia,Carrefour Flowers,EUR,0.6,3600.0,ROAD THEN AIR,362.55,2.6,13.0,-,OVERDUE,2.0,False,False,False,149.0,-26.0,False,True
RB-000039,Rift Bloom - Kesses Farm,Yellow Babe,70.0,B,25.0,316.0,7900.0,2025-07-13,2025-07-15,2025-07-19,2025-07-23,Australia,M-Farm Traders,USD,0.328,2591.2,AIR FREIGHT,40.28,2.6,0.0,nan,PAID,1.0,False,False,False,4.0,4.0,True,False
RB-000307,Rift Bloom - Kapseret Farm,Peach Avalanche,50.0,STANDARD,10.0,96.0,960.0,2022-10-15,2022-10-15,2022-10-18,2022-10-20,Japan,Local Wholesaler - Eldoret,EUR,0.357,342.72,AIR FREIGHT,150.77,5.3,0.0,nan,PAID,3.0,False,False,False,3.0,2.0,True,False
RB-000007,Rift Bloom - Ziwa Farm,Vendela,60.0,A,40.0,86.0,3440.0,2023-12-16,2023-12-17,2023-12-18,2023-12-20,Germany,Blume2000,EUR,0.418,1437.92,AIR FREIGHT,130.72,4.9,0.0,nan,PAID,4.0,False,False,False,1.0,2.0,True,False
RB-001191,Rift Bloom - Kesses Farm,Avalanche,40.0,nan,10.0,398.0,3980.0,2022-08-03,,,2022-11-08,Australia,Aalsmeer Direct,EUR,0.498,1982.04,AIR FREIGHT,157.92,1.4,0.0,nan,PENDING,5.0,False,False,False,,,False,False
RB-000584,Rift Bloom - Kesses Farm,Peach Avalanche,60.0,B,10.0,72.0,720.0,2023-02-21,2023-02-21,2023-02-23,2023-02-25,United Kingdom,Tokyo Flower Market,USD,0.19,136.8,AIR FREIGHT,234.93,2.5,0.0,nan,PAID,5.0,False,False,False,2.0,2.0,True,False
RB-002556,Rift Bloom - Turbo Farm,Pink Floyd,90.0,PREMIUM,40.0,246.0,9840.0,2026-04-17,2026-04-17,2026-04-20,2026-04-22,United Arab Emirates,Tokyo Flower Market,EUR,0.308,3030.72,AIR FREIGHT,211.98,3.7,2.0,Petal Bruising,NAN,1.0,False,False,False,3.0,2.0,True,False
RB-002983,Rift Bloom - Timboroa Farm,Mondial,60.0,STANDARD,20.0,73.0,1460.0,2025-12-14,2025-12-16,2025-12-18,2025-12-19,Australia,M-Farm Traders,USD,0.216,315.36,AIR FREIGHT,86.77,0.9,21.0,Wilting,UNKNOWN,5.0,False,False,False,2.0,1.0,True,False
RB-002981,Rift Bloom - Turbo Farm,Peach Avalanche,60.0,A,40.0,49.0,1960.0,2025-05-26,2025-05-27,2025-05-31,2025-04-06,United Kingdom,M-Farm Traders,USD,0.469,919.24,NAN,,3.8,0.0,nan,NAN,5.0,False,False,False,4.0,-55.0,False,False
RB-002247,Rift Bloom - Turbo Farm,red naomi,70.0,B,40.0,49.0,1960.0,2022-02-18,2022-02-19,2022-02-21,2022-02-22,USA,Carrefour Flowers,EUR,0.386,756.56,AIR FREIGHT,228.6,2.9,0.0,nan,PENDING,4.0,False,False,False,2.0,1.0,True,False
RB-000317,Rift Bloom - Moiben Farm,Pink Floyd,60.0,A,10.0,147.0,1470.0,2025-05-09,2025-11-05,2025-05-14,2025-05-18,US,Blume2000,USD,0.357,524.79,UNKNOWN,278.38,4.8,0.0,nan,PAID,3.0,False,False,False,-175.0,4.0,False,False
RB-001795,Rift Bloom - Kesses Farm,Vendela,70.0,B,40.0,115.0,4600.0,2026-03-27,2026-03-29,2026-01-04,2026-07-04,Germany,Blume2000,KES,58.76,270296.0,AIR FREIGHT,340.5,1.7,0.0,nan,PENDING,2.0,False,False,False,-84.0,181.0,False,False
RB-000549,Rift Bloom - Kesses Farm,Circus,80.0,A,40.0,55.0,2200.0,2023-12-15,2023-12-16,2023-12-20,2023-12-22,United Arab Emirates,Blume2000,EUR,0.31,682.0,NAN,294.28,2.8,0.0,nan,NAN,4.0,False,False,False,4.0,2.0,True,False
RB-001720,Rift Bloom - Kesses Farm,Vendela,40.0,nan,40.0,118.0,4720.0,2026-01-17,2026-01-18,2026-01-22,2026-01-26,France,Carrefour Flowers,NAN,0.386,1821.92,AIR FREIGHT,441.87,0.0,0.0,nan,PAID,3.0,False,False,False,4.0,4.0,True,False
RB-002799,rift bloom turbo farm,Pink Floyd,70.0,STANDARD,40.0,107.0,4280.0,2022-02-23,2022-02-25,2022-03-01,2022-07-03,netherlands,M-Farm Traders,USD,0.361,1545.08,AIR FREIGHT,292.32,1.4,0.0,nan,OVERDUE,3.0,False,False,False,4.0,124.0,True,False
RB-002809,Rift Bloom - Ziwa Farm,Vendela,40.0,nan,40.0,72.0,2880.0,2022-05-15,2022-05-16,2022-05-19,2022-05-23,Poland,Tokyo Flower Market,KES,60.84,175219.2,AIR FREIGHT,48.69,3.0,0.0,nan,PENDING,4.0,False,False,False,3.0,4.0,True,False
RB-000599,Rift Bloom - Kapseret Farm,Cool Water,60.0,nan,25.0,105.0,2625.0,2022-02-26,2022-02-26,2022-02-27,,United Kingdom,Whole Foods Market,EUR,0.528,1386.0,AIR FREIGHT,173.42,22.3,0.0,nan,PAID,5.0,False,False,False,1.0,,False,False
RB-000895,Rift Bloom - Kesses Farm,Avalanche,60.0,C,40.0,83.0,3320.0,2022-12-09,2022-12-09,2022-09-15,2022-09-20,Japan,M-Farm Traders,EUR,0.176,584.32,AIR FREIGHT,66.92,2.2,14.0,Undersized Stems,PAID,3.0,False,False,False,-85.0,5.0,False,False
RB-002651,Rift Bloom - Turbo Farm,Red Naomi,90.0,A,10.0,89.0,890.0,2026-06-20,2026-06-21,2026-06-24,2026-06-29,Japan,Bloomon BV,USD,0.409,364.01,AIR FREIGHT,866.81,1.0,0.0,nan,NAN,4.0,False,False,False,3.0,5.0,True,False
RB-001776,Rift Bloom - Timboroa Farm,Red-Naomi,70.0,A,25.0,160.0,4000.0,2022-02-16,2022-02-16,2022-02-19,2022-02-25,Australia,Carrefour Flowers,NAN,0.578,2312.0,ROAD THEN AIR,409.88,4.7,0.0,nan,NAN,5.0,False,False,False,3.0,6.0,True,False
RB-002000,Rift Bloom - Ziwa Farm,Vendela,60.0,STANDARD,25.0,50.0,1250.0,,2025-08-20,2025-08-24,2025-08-30,UK,Carrefour Flowers,KES,47.84,59800.0,AIR FREIGHT,,2.8,0.0,nan,OVERDUE,3.0,False,False,False,4.0,6.0,True,False
RB-000062,Rift Bloom - Kesses Farm,Tibet,60.0,PREMIUM,10.0,66.0,660.0,2024-04-13,2024-04-15,2024-04-16,2024-04-21,Japan,Tokyo Flower Market,USD,0.469,309.54,AIR FREIGHT,599.94,1.5,0.0,nan,OVERDUE,4.0,False,False,False,1.0,5.0,True,False
RB-001248,Rift Bloom - Kesses Farm,Sweetness,60.0,C,40.0,112.0,4480.0,2023-08-03,2023-08-03,2023-07-08,2023-12-08,Poland,Dubai Flower Centre,KES,50.83,227718.4,AIR FREIGHT,210.38,0.9,0.0,nan,PAID,1.0,False,False,False,-26.0,153.0,False,False
RB-000810,Rift Bloom - Kesses Farm,Peach Avalanche,50.0,A,10.0,261.0,2610.0,2025-11-23,2025-11-23,2025-11-25,2025-11-27,Germany,FloraHolland Auction,USD,0.329,858.69,AIR FREIGHT,165.18,3.1,0.0,nan,PENDING,5.0,False,False,False,2.0,2.0,True,False
RB-001050,Rift Bloom - Turbo Farm,Cool Water,50.0,STANDARD,10.0,109.0,1090.0,2022-02-08,2022-08-04,2022-06-08,2022-07-08,France,Interflora Russia,USD,0.394,429.46,AIR FREIGHT,489.74,1.8,0.0,nan,PENDING,5.0,False,False,False,-57.0,30.0,False,False
RB-002154,Rift Bloom - Moiben Farm,Athena,50.0,PREMIUM,10.0,138.0,1380.0,2023-06-11,2023-11-07,2023-10-11,2023-12-11,United Arab Emirates,Blume2000,USD,0.175,241.5,AIR FREIGHT,368.14,,0.0,nan,OVERDUE,4.0,False,False,False,-27.0,61.0,False,False
RB-000674,Rift Bloom - Moiben Farm,Yellow Babe,80.0,B,20.0,93.0,1860.0,2025-06-03,2025-06-03,2025-06-07,,Switzerland,Blume2000,EUR,0.395,734.7,AIR FREIGHT,,19.9,0.0,nan,NAN,3.0,False,False,False,4.0,,False,False
RB-000666,Rift Bloom - Timboroa Farm,Pink Floyd,50.0,A,20.0,195.0,3900.0,2025-04-26,2025-04-27,2025-04-28,2025-04-05,Poland,M-Farm Traders,NAN,0.447,1743.3,AIR FREIGHT,314.18,3.4,0.0,nan,PENDING,4.0,False,False,False,1.0,-23.0,False,False
RB-000510,Rift Bloom - Turbo Farm,High & Magic,80.0,PREMIUM,20.0,64.0,1280.0,2023-04-02,2023-05-02,2023-06-02,2023-02-07,France,Carrefour Flowers,EUR,0.236,302.08,AIR FREIGHT,647.87,-1.4,0.0,nan,NAN,5.0,False,False,True,31.0,-115.0,False,False
RB-002180,Rift Bloom - Timboroa Farm,Circus,80.0,PREMIUM,40.0,266.0,10640.0,2025-02-24,2025-02-25,2025-02-27,2025-02-03,United Arab Emirates,Dubai Flower Centre,EUR,0.435,4628.4,AIR FREIGHT,278.76,-0.9,0.0,nan,PENDING,3.0,False,False,True,2.0,-24.0,False,False
RB-001641,Rift Bloom - Moiben Farm,Peach Avalanche,50.0,PREMIUM,25.0,99.0,2475.0,2025-12-20,2025-12-20,2025-12-22,2025-12-28,Australia,Interflora Russia,KES,44.33,109716.75,AIR FREIGHT,76.14,3.1,0.0,nan,PAID,4.0,False,False,False,2.0,6.0,True,False
RB-002682,Rift Bloom - Ziwa Farm,Tibet,40.0,STANDARD,25.0,65.0,1625.0,2023-04-13,,2023-04-15,2023-04-16,Japan,Local Wholesaler - Eldoret,USD,0.24,390.0,AIR FREIGHT,517.28,4.4,0.0,nan,PAID,5.0,False,False,False,,1.0,False,False
RB-001533,Rift Bloom - Kapseret Farm,Cool Water,60.0,B,25.0,125.0,3125.0,2025-09-03,2025-10-03,2025-11-03,2025-03-17,The Netherlands,FloraHolland Auction,EUR,0.306,956.25,AIR FREIGHT,540.51,3.9,0.0,nan,PAID,3.0,False,False,False,31.0,-231.0,False,False
RB-000867,Rift Bloom - Moiben Farm,Vendela,40.0,PREMIUM,40.0,74.0,2960.0,2023-11-28,2023-11-28,2023-01-12,2023-07-12,Australia,FloraHolland Auction,EUR,0.444,1314.24,NAN,321.72,-0.8,0.0,nan,PAID,4.0,False,False,True,-320.0,181.0,False,False
RB-001737,Rift Bloom - Kapseret Farm,Vendela,60.0,PREMIUM,10.0,149.0,1490.0,2023-03-26,2023-03-27,2023-03-28,2023-03-04,Japan,Blume2000,USD,0.324,482.76,ROAD THEN AIR,569.63,-0.8,0.0,nan,PAID,4.0,False,False,True,1.0,-24.0,False,False
RB-001061,Rift Bloom - Timboroa Farm,Vendela,40.0,B,25.0,238.0,5950.0,2022-11-11,2022-11-12,2022-11-13,2022-11-17,Netherlands,FloraHolland Auction,USD,0.274,1630.3,AIR FREIGHT,,1.2,0.0,None,OVERDUE,4.0,False,False,False,1.0,4.0,True,False
RB-002106,Rift Bloom - Turbo Farm,Freedom,50.0,B,25.0,153.0,3825.0,2025-10-03,2025-04-10,2025-10-06,2025-10-11,Poland,Marks & Spencer Flowers,KES,40.69,155639.25,ROAD THEN AIR,1086.86,3.3,0.0,nan,PENDING,4.0,False,False,False,179.0,5.0,True,False
RB-002771,Rift Bloom - Ziwa Farm,Yellow Babe,60.0,B,20.0,102.0,2040.0,2025-01-26,2025-01-28,2025-01-29,,Switzerland,FloraHolland Auction,USD,0.398,811.92,ROAD THEN AIR,104.26,-1.1,0.0,nan,PAID,4.0,False,False,True,1.0,,False,False
RB-002441,Rift Bloom - Kapseret Farm,Sweetness,70.0,C,10.0,71.0,710.0,2026-07-28,2026-07-29,2026-02-08,2026-08-03,United Arab Emirates,Aalsmeer Direct,EUR,0.352,249.92,AIR FREIGHT,999.11,1.1,0.0,nan,PAID,4.0,False,False,False,-171.0,176.0,False,False
RB-002652,Rift Bloom - Moiben Farm,Athena,40.0,C,40.0,270.0,10800.0,2023-05-25,,2023-05-26,2023-05-27,France,FloraHolland Auction,KES,41.73,450684.0,ROAD THEN AIR,508.43,2.8,0.0,nan,PAID,3.0,False,False,False,,1.0,False,False
RB-000087,Rift Bloom - Kesses Farm,Peach Avalanche,70.0,A,25.0,213.0,5325.0,2026-02-16,2026-02-18,2026-02-21,2026-02-27,US,Tokyo Flower Market,USD,0.117,623.03,AIR FREIGHT,583.5,2.5,0.0,nan,NAN,4.0,False,False,False,3.0,6.0,True,False
RB-002935,Rift Bloom - Kapseret Farm,Avalanche,60.0,A,25.0,171.0,4275.0,2024-09-02,2024-04-09,2024-07-09,2024-09-10,Netherlands,M-Farm Traders,EUR,0.423,1808.33,AIR FREIGHT,869.06,-1.4,0.0,nan,NAN,5.0,False,False,True,91.0,63.0,True,False
RB-000772,Rift Bloom - Moiben Farm,Sweetness,60.0,B,10.0,261.0,2610.0,2025-06-27,2025-06-28,2025-06-29,2025-07-02,Poland,Bloomon BV,UNKNOWN,0.237,618.57,AIR FREIGHT,426.89,3.3,0.0,nan,NAN,4.0,False,False,False,1.0,3.0,True,False
RB-000709,Rift Bloom - Turbo Farm,Circus,70.0,C,25.0,67.0,1675.0,2026-02-25,2026-02-26,2026-02-03,2026-03-06,United Arab Emirates,Interflora Russia,EUR,0.311,520.92,ROAD THEN AIR,277.41,2.2,0.0,nan,PENDING,3.0,False,False,False,-23.0,31.0,False,False
RB-001861,Rift Bloom - Ziwa Farm,Red Naomi,70.0,B,10.0,243.0,2430.0,2026-07-04,2026-07-04,2026-04-08,2026-04-11,United Arab Emirates,Aalsmeer Direct,USD,0.164,398.52,UNKNOWN,126.37,1.7,0.0,nan,OVERDUE,4.0,False,False,False,-87.0,3.0,False,False
RB-002129,Rift Bloom - Timboroa Farm,Peach Avalanche,500.0,PREMIUM,25.0,92.0,2300.0,2024-04-23,2024-04-24,2024-04-26,2024-04-28,Russia,Dubai Flower Centre,USD,0.364,837.2,NAN,238.65,2.9,0.0,nan,PAID,3.0,False,False,False,2.0,2.0,True,False
RB-000419,Rift Bloom - Kapseret Farm,Cool Water,70.0,A,40.0,175.0,7000.0,2024-08-10,2024-08-11,2024-08-15,2024-08-21,Russia,Marks & Spencer Flowers,EUR,0.345,2415.0,AIR FREIGHT,321.01,4.3,0.0,nan,PENDING,2.0,False,False,False,4.0,6.0,True,False
RB-001462,Rift Bloom - Kapseret Farm,Peach Avalanche,60.0,A,10.0,79.0,790.0,2023-05-30,2023-05-30,2023-03-06,2023-05-06,US,Dubai Flower Centre,KES,37.05,29269.5,NAN,356.68,0.5,0.0,nan,PAID,4.0,False,False,False,-85.0,61.0,False,False
RB-002810,Rift Bloom - Moiben Farm,Tibet,60.0,A,25.0,154.0,3850.0,2024-08-08,2024-08-08,2024-11-08,2024-08-16,Japan,Dubai Flower Centre,USD,0.277,1066.45,NAN,205.75,0.3,0.0,nan,PENDING,4.0,False,False,False,92.0,-84.0,False,False
RB-002922,Rift Bloom - Ziwa Farm,Sweetness,70.0,C,10.0,35.0,350.0,2026-02-28,2026-02-28,2026-01-03,2026-03-04,Australia,M-Farm Traders,EUR,0.373,130.55,AIR FREIGHT,60.12,4.6,7.0,nan,NAN,4.0,False,False,False,-56.0,60.0,False,False
RB-000852,rift bloom turbo farm,Cool Water,50.0,nan,10.0,64.0,640.0,2024-01-19,2024-01-21,2024-01-24,,Japan,Bloomon BV,USD,0.174,111.36,NAN,105.41,1.9,0.0,nan,PAID,5.0,False,False,False,3.0,,False,False
RB-001005,Rift Bloom - Kapseret Farm,Peach Avalanche,90.0,C,40.0,53.0,2120.0,2022-01-14,2022-01-16,2022-01-19,2022-01-23,UK,Dubai Flower Centre,EUR,0.24,508.8,AIR FREIGHT,176.88,4.9,0.0,nan,PENDING,5.0,False,False,False,3.0,4.0,True,False
RB-001997,Rift Bloom - Moiben Farm,Vendela,50.0,A,40.0,141.0,5640.0,2023-11-03,2023-11-03,2023-03-15,2023-03-21,UK,Tokyo Flower Market,UNKNOWN,0.391,2205.24,NAN,48.97,2.9,0.0,nan,PENDING,4.0,False,False,False,-233.0,6.0,False,False
RB-002406,Rift Bloom - Moiben Farm,High & Magic,50.0,A,20.0,116.0,2320.0,2024-02-06,2024-06-03,2024-04-06,2024-05-06,netherlands,Tokyo Flower Market,KES,22.23,51573.6,AIR FREIGHT,76.25,3.0,28.0,Stem Bent,PENDING,5.0,False,False,False,-58.0,30.0,False,False
RB-000437,Rift Bloom - Kesses Farm,Yellow Babe,50.0,A,20.0,71.0,1420.0,2023-10-18,2023-10-19,2023-10-20,2023-10-26,France,Dubai Flower Centre,NAN,0.363,515.46,NAN,83.49,5.8,11.0,nan,NAN,4.0,False,False,False,1.0,6.0,True,False
RB-001317,Rift Bloom - Kesses Farm,Tibet,70.0,nan,20.0,14.0,280.0,2025-11-06,2025-11-06,2025-12-06,2025-06-13,Russia,Local Wholesaler - Eldoret,EUR,0.352,98.56,AIR FREIGHT,255.75,1.4,0.0,None,OVERDUE,2.0,False,False,False,30.0,-176.0,False,False
RB-001624,Rift Bloom - Kapseret Farm,avalanche,60.0,PREMIUM,20.0,14.0,280.0,,2025-03-06,2025-06-06,2025-10-06,Russia,Carrefour Flowers,EUR,0.342,95.76,NAN,121.6,1.5,0.0,nan,PAID,5.0,False,False,False,92.0,122.0,True,False
RB-001481,Rift Bloom - Ziwa Farm,Explorer,50.0,A,20.0,244.0,4880.0,2025-09-11,2025-09-12,2025-09-13,2025-09-15,Germany,Bloomon BV,USD,0.309,1507.92,NAN,267.99,2.0,0.0,nan,PENDING,5.0,False,False,False,1.0,2.0,True,False
RB-001649,Rift Bloom - Timboroa Farm,Circus,80.0,PREMIUM,20.0,87.0,1740.0,2023-11-18,2023-11-19,2023-11-20,2023-11-21,Norway,Whole Foods Market,USD,0.39,678.6,AIR FREIGHT,182.83,4.6,0.0,None,NAN,3.0,False,False,False,1.0,1.0,True,False
RB-001004,Rift Bloom - Turbo Farm,Athena,50.0,A,20.0,24.0,480.0,2024-07-03,2024-07-04,2024-07-07,2024-07-12,Germany,Aalsmeer Direct,USD,0.414,198.72,AIR FREIGHT,22.32,0.8,0.0,nan,PAID,4.0,False,False,False,3.0,5.0,True,False
RB-001279,Rift Bloom - Kesses Farm,Circus,40.0,C,10.0,72.0,720.0,2022-03-22,2022-03-22,2022-03-23,2022-03-25,Norway,Whole Foods Market,USD,0.368,264.96,AIR FREIGHT,191.78,1.8,0.0,nan,PENDING,5.0,False,False,False,1.0,2.0,True,False
RB-001824,Rift Bloom - Moiben Farm,Explorer,80.0,B,25.0,126.0,3150.0,2023-11-14,,2023-11-16,2023-11-21,France,Whole Foods Market,EUR,0.353,1111.95,AIR FREIGHT,11.31,4.6,0.0,nan,NAN,2.0,False,False,False,,5.0,False,False
RB-002466,Rift Bloom - Kesses Farm,Athena,80.0,nan,40.0,75.0,3000.0,2022-01-21,2022-01-23,2022-01-27,2022-02-02,Russia,Aalsmeer Direct,EUR,0.21,630.0,AIR FREIGHT,118.72,0.1,23.0,Bud Blast,PAID,3.0,False,False,False,4.0,6.0,True,False
RB-002924,rift bloom turbo farm,red naomi,50.0,UNKNOWN,20.0,195.0,3900.0,2025-05-16,2025-05-18,2025-05-21,2025-05-22,Norway,Local Wholesaler - Eldoret,USD,0.327,1275.3,AIR FREIGHT,,4.0,26.0,nan,PENDING,2.0,False,False,False,3.0,1.0,True,False
RB-001837,Rift Bloom - Moiben Farm,Mondial,90.0,B,40.0,13.0,520.0,2023-11-15,2023-11-16,2023-11-19,2023-11-23,Switzerland,Local Wholesaler - Eldoret,USD,0.2,104.0,AIR FREIGHT,177.74,4.9,0.0,nan,PAID,3.0,False,False,False,3.0,4.0,True,False
RB-002880,Rift Bloom - Timboroa Farm,RedNaomi,50.0,UNKNOWN,10.0,63.0,630.0,2023-01-08,2023-01-08,2023-04-08,2023-08-09,France,Marks & Spencer Flowers,USD,0.245,154.35,AIR FREIGHT,401.33,3.4,0.0,nan,PAID,4.0,False,False,False,90.0,123.0,True,False
RB-001547,Rift Bloom - Ziwa Farm,Peach Avalanche,80.0,PREMIUM,10.0,56.0,560.0,2023-07-25,2023-07-26,2023-07-28,2023-07-29,Norway,Tokyo Flower Market,EUR,0.372,2083.2,ROAD THEN AIR,396.52,0.4,0.0,nan,OVERDUE,3.0,False,False,False,2.0,1.0,True,False
RB-000336,Rift Bloom - Ziwa Farm,Peach Avalanche,80.0,A,10.0,224.0,2240.0,2024-07-03,2024-05-07,2024-08-07,2024-11-07,France,Carrefour Flowers,USD,0.45,1008.0,AIR FREIGHT,369.74,1.6,0.0,nan,OVERDUE,5.0,False,False,False,92.0,92.0,True,False
RB-000544,Rift Bloom - Kapseret Farm,Vendela,50.0,PREMIUM,10.0,64.0,640.0,2024-01-01,2024-01-02,2024-04-01,2024-01-05,Norway,Interflora Russia,UNKNOWN,0.458,293.12,AIR FREIGHT,656.14,3.6,0.0,nan,PAID,5.0,False,False,False,90.0,-87.0,False,False
RB-001242,Rift Bloom - Kapseret Farm,Avalanche,50.0,STANDARD,40.0,50.0,2000.0,2022-03-04,2022-04-03,2022-05-04,2022-04-11,France,Interflora Russia,NAN,0.231,462.0,AIR FREIGHT,157.8,3.8,0.0,nan,PAID,5.0,False,False,False,31.0,-23.0,False,False
RB-001881,Rift Bloom - Kapseret Farm,Vendela,50.0,A,25.0,110.0,2750.0,2022-06-27,2022-06-29,2022-07-02,2022-07-08,Netherlands,Whole Foods Market,EUR,0.348,957.0,AIR FREIGHT,113.65,1.3,0.0,nan,PAID,5.0,False,False,False,3.0,6.0,True,False
RB-002529,Rift Bloom - Timboroa Farm,Pink Floyd,70.0,C,20.0,59.0,1180.0,2025-02-20,2025-02-22,2025-02-23,2025-02-27,Netherlands,Aalsmeer Direct,USD,0.096,113.28,AIR FREIGHT,237.11,0.4,0.0,nan,PAID,2.0,False,False,False,1.0,4.0,True,False
RB-000520,Rift Bloom - Moiben Farm,Circus,70.0,A,10.0,21.0,210.0,2024-08-28,2024-08-28,2024-08-29,2024-02-09,Australia,Tokyo Flower Market,USD,0.462,97.02,AIR FREIGHT,244.15,3.9,0.0,nan,OVERDUE,4.0,False,False,False,1.0,-202.0,False,False
RB-002370,Rift Bloom - Ziwa Farm,High & Magic,80.0,A,40.0,264.0,10560.0,2023-12-19,2023-12-19,2023-12-21,2023-12-23,NL,Blume2000,EUR,0.279,2946.24,ROAD THEN AIR,375.53,0.0,0.0,nan,OVERDUE,5.0,False,False,False,2.0,2.0,True,False
RB-000879,Rift Bloom - Timboroa Farm,Freedom,40.0,C,20.0,106.0,2120.0,2022-11-07,2022-07-11,2022-07-15,2022-07-18,Japan,Dubai Flower Centre,EUR,0.348,737.76,AIR FREIGHT,,2.8,0.0,nan,PAID,5.0,False,False,False,4.0,3.0,True,False
RB-000826,Rift Bloom - Kesses Farm,Mondial,50.0,B,25.0,84.0,2100.0,2024-07-19,2024-07-19,2024-07-20,2024-07-24,Japan,Whole Foods Market,EUR,0.537,1127.7,AIR FREIGHT,459.33,1.4,0.0,nan,PAID,3.0,False,False,False,1.0,4.0,True,False
RB-001291,Rift Bloom - Turbo Farm,Peach Avalanche,90.0,A,10.0,58.0,580.0,2024-08-18,2024-08-20,2024-08-24,2024-08-30,France,FloraHolland Auction,KES,59.28,34382.4,ROAD THEN AIR,1850.6,2.0,0.0,nan,OVERDUE,4.0,False,False,False,4.0,6.0,True,False
RB-002585,Rift Bloom - Timboroa Farm,Vendela,60.0,PREMIUM,40.0,112.0,4480.0,2026-05-03,2026-05-05,2026-05-07,2026-05-11,Japan,Tokyo Flower Market,USD,0.398,1783.04,AIR FREIGHT,200.77,1.2,0.0,nan,NAN,4.0,False,False,False,2.0,4.0,True,False
RB-000139,Rift Bloom - Ziwa Farm,Yellow Babe,40.0,B,20.0,98.0,1960.0,2026-06-05,2026-06-06,2026-06-09,2026-06-14,Norway,Blume2000,EUR,0.261,511.56,ROAD THEN AIR,315.27,3.7,0.0,nan,PAID,4.0,False,False,False,3.0,5.0,True,False
RB-000164,Rift Bloom - Ziwa Farm,Tibet,40.0,PREMIUM,40.0,93.0,3720.0,2023-05-02,2023-06-02,2023-02-08,2023-02-13,Norway,Bloomon BV,KES,64.35,239382.0,ROAD THEN AIR,209.82,-2.9,8.0,Undersized Stems,OVERDUE,5.0,False,False,True,-114.0,5.0,False,False
RB-001619,Rift Bloom - Moiben Farm,High & Magic,60.0,B,40.0,197.0,7880.0,2024-09-18,2024-09-19,2024-09-20,2024-09-21,Netherlands,Bloomon BV,USD,0.361,2844.68,ROAD THEN AIR,628.04,2.0,0.0,nan,PENDING,4.0,False,False,False,1.0,1.0,True,False
RB-001792,Rift Bloom - Turbo Farm,Mondial,70.0,PREMIUM,20.0,-46.0,-920.0,2024-05-17,2024-05-18,2024-05-19,2024-05-23,United Arab Emirates,M-Farm Traders,NAN,0.54,-496.8,AIR FREIGHT,37.46,2.4,0.0,nan,PENDING,3.0,False,False,False,1.0,4.0,True,False
RB-000961,Rift Bloom - Timboroa Farm,Freedom,50.0,B,10.0,40.0,400.0,2025-10-24,2025-10-25,2025-10-28,2025-03-11,Poland,Tokyo Flower Market,KES,46.54,18616.0,AIR FREIGHT,5.15,1.7,0.0,nan,NAN,4.0,False,False,False,3.0,-231.0,False,False
RB-001751,rift bloom turbo farm,Peach Avalanche,80.0,B,20.0,108.0,2160.0,2025-05-04,2025-06-05,2025-05-10,2025-05-16,usa,Blume2000,KES,36.4,78624.0,AIR FREIGHT,215.83,3.9,19.0,Petal Bruising,PENDING,4.0,False,False,False,-26.0,6.0,False,False
RB-002608,Rift Bloom - Moiben Farm,Cool Water,70.0,B,10.0,192.0,1920.0,2026-02-19,2026-02-20,2026-02-24,2026-03-01,Germany,M-Farm Traders,USD,0.253,485.76,AIR FREIGHT,187.46,1.0,0.0,nan,PAID,2.0,False,False,False,4.0,5.0,True,False
RB-001505,Rift Bloom - Kesses Farm,Peach Avalanche,90.0,STANDARD,10.0,148.0,1480.0,2023-04-25,2023-04-27,2023-04-28,2023-05-01,U.S.A,Tokyo Flower Market,USD,0.244,361.12,AIR FREIGHT,339.85,2.0,0.0,nan,PAID,4.0,False,False,False,1.0,3.0,True,False
RB-002301,Rift Bloom - Turbo Farm,Peach Avalanche,50.0,nan,10.0,188.0,1880.0,2025-07-03,,,2025-07-07,USA,Dubai Flower Centre,EUR,0.492,924.96,NAN,102.53,1.6,0.0,nan,OVERDUE,4.0,True,False,False,,,False,False
RB-002763,Rift Bloom - Timboroa Farm,Explorer,60.0,A,10.0,110.0,1100.0,2023-01-27,2023-01-28,2023-01-02,2023-07-02,Poland,Interflora Russia,USD,0.254,279.4,AIR FREIGHT,,5.4,0.0,nan,PAID,4.0,False,False,False,-26.0,181.0,False,False
RB-002065,Rift Bloom - Moiben Farm,red naomi,60.0,A,20.0,189.0,3780.0,2026-02-28,2026-01-03,2026-03-03,2026-04-03,USA,M-Farm Traders,USD,0.365,1379.7,AIR FREIGHT,74.16,2.6,0.0,nan,PENDING,4.0,False,False,False,59.0,31.0,True,False
RB-002364,Rift Bloom - Moiben Farm,Tibet,50.0,A,40.0,64.0,2560.0,2023-12-20,2023-12-21,2023-12-24,2023-12-30,Netherlands,FloraHolland Auction,USD,0.275,704.0,ROAD THEN AIR,302.01,2.2,0.0,nan,NAN,5.0,False,False,False,3.0,6.0,True,False
RB-000138,Rift Bloom - Moiben Farm,Sweetness,60.0,PREMIUM,25.0,65.0,1625.0,2023-10-22,2023-10-22,2023-10-26,2023-10-28,Japan,Dubai Flower Centre,NAN,0.272,442.0,AIR FREIGHT,317.12,23.1,0.0,nan,NAN,5.0,False,False,False,4.0,2.0,True,False
RB-000365,Rift Bloom - Ziwa Farm,Avalanche,60.0,B,10.0,123.0,1230.0,2023-11-03,2023-11-05,2023-11-06,2023-08-11,Switzerland,Local Wholesaler - Eldoret,USD,0.214,263.22,NAN,67.82,,0.0,nan,PAID,5.0,True,False,False,1.0,-87.0,False,False
RB-001977,Rift Bloom - Kesses Farm,Avalanche,80.0,B,10.0,131.0,1310.0,2024-03-07,2024-03-09,2024-03-12,2024-03-14,Germany,Interflora Russia,NAN,0.266,348.46,NAN,112.81,0.0,1.0,Bud Blast,NAN,4.0,False,False,False,3.0,2.0,True,False
RB-001582,Rift Bloom - Turbo Farm,Red Naomi,90.0,nan,20.0,69.0,1380.0,2026-01-06,2026-01-06,2026-05-06,2026-07-06,Japan,Local Wholesaler - Eldoret,NAN,0.19,262.2,NAN,223.82,2.2,0.0,nan,PAID,3.0,False,False,False,120.0,61.0,True,False
RB-000698,Rift Bloom - Kapseret Farm,Red Naomi,0.0,C,40.0,130.0,5200.0,2025-01-27,2025-01-28,2025-01-02,2025-02-02,Norway,Tokyo Flower Market,KES,34.58,179816.0,AIR FREIGHT,313.05,0.4,0.0,nan,PENDING,5.0,False,False,False,-26.0,31.0,False,False
RB-001098,Rift Bloom - Timboroa Farm,Yellow Babe,80.0,A,25.0,82.0,2050.0,2023-12-29,2023-12-29,2024-01-02,2024-01-07,Poland,Whole Foods Market,USD,0.18,369.0,NAN,299.31,0.7,0.0,nan,OVERDUE,1.0,False,False,False,4.0,5.0,True,False
RB-002319,rift bloom turbo farm,Tibet,90.0,A,25.0,107.0,2675.0,2023-09-19,2023-09-19,2023-09-23,2023-09-26,Norway,Interflora Russia,USD,0.193,516.27,AIR FREIGHT,98.17,0.2,0.0,nan,PENDING,4.0,False,False,False,4.0,3.0,True,False
RB-002657,Rift Bloom - Timboroa Farm,Explorer,70.0,STANDARD,25.0,152.0,3800.0,2026-01-28,2026-01-30,2026-02-03,2026-02-09,U.S.A,Local Wholesaler - Eldoret,NAN,0.508,1930.4,AIR FREIGHT,526.82,4.3,0.0,nan,PAID,5.0,False,False,False,4.0,6.0,True,False
RB-002967,Rift Bloom - Kapseret Farm,Circus,50.0,A,40.0,79.0,3160.0,2023-08-11,2023-12-08,2023-08-15,2023-08-19,USA,Tokyo Flower Market,KES,37.57,118721.2,AIR FREIGHT,233.8,1.0,0.0,nan,PAID,4.0,False,False,False,-115.0,4.0,False,False
RB-000136,Rift Bloom - Timboroa Farm,Peach Avalanche,70.0,B,40.0,35.0,1400.0,2024-07-30,2024-08-01,2024-03-08,2024-04-08,USA,Bloomon BV,EUR,0.384,537.6,UNKNOWN,562.36,3.4,14.0,nan,PAID,1.0,False,False,False,-146.0,31.0,False,False
RB-001170,Rift Bloom - Turbo Farm,High & Magic,50.0,UNKNOWN,25.0,40.0,1000.0,2024-11-02,2024-03-11,2024-07-11,2024-11-10,Germany,Aalsmeer Direct,EUR,0.406,406.0,AIR FREIGHT,,1.3,0.0,nan,UNKNOWN,1.0,False,False,False,122.0,122.0,True,False
RB-001363,rift bloom turbo farm,Explorer,50.0,A,10.0,93.0,930.0,2024-06-12,2024-08-12,2024-12-11,2024-12-17,Switzerland,Tokyo Flower Market,EUR,0.343,318.99,UNKNOWN,590.63,1.5,0.0,nan,PAID,1.0,False,False,False,121.0,6.0,True,False
RB-002443,Rift Bloom - Kapseret Farm,Freedom,40.0,STANDARD,20.0,99.0,1980.0,2022-10-07,2022-12-07,2022-07-14,2022-07-16,Germany,Dubai Flower Centre,EUR,0.397,786.06,UNKNOWN,122.03,0.5,0.0,nan,PENDING,3.0,False,False,False,-146.0,2.0,False,False
RB-000149,Rift Bloom - Ziwa Farm,Athena,40.0,A,20.0,147.0,2940.0,2023-06-28,2023-06-29,2023-02-07,2023-05-07,Switzerland,Tokyo Flower Market,EUR,0.291,855.54,UNKNOWN,132.45,0.7,0.0,nan,PAID,4.0,False,False,False,-142.0,89.0,False,False
RB-001018,Rift Bloom - Timboroa Farm,Cool Water,70.0,C,10.0,93.0,930.0,2022-09-18,2022-09-18,2022-09-21,2022-09-24,United Arab Emirates,Bloomon BV,USD,0.201,186.93,NAN,334.12,1.3,28.0,Bud Blast,NAN,5.0,False,False,False,3.0,3.0,True,False
RB-001925,Rift Bloom - Turbo Farm,High & Magic,70.0,C,10.0,94.0,940.0,2026-04-15,2026-04-17,2026-04-20,2026-04-26,Japan,Bloomon BV,EUR,0.628,590.32,AIR FREIGHT,501.4,4.1,0.0,nan,PENDING,5.0,False,False,False,3.0,6.0,True,False
RB-001053,Rift Bloom - Timboroa Farm,Tibet,80.0,UNKNOWN,40.0,83.0,3320.0,2023-08-03,2023-04-08,2023-08-08,2023-09-08,United Kingdom,Marks & Spencer Flowers,NAN,0.279,926.28,AIR FREIGHT,,0.5,0.0,nan,PAID,4.0,False,False,False,122.0,31.0,True,False
RB-002774,Rift Bloom - Turbo Farm,Circus,70.0,STANDARD,10.0,190.0,1900.0,2024-04-11,2024-04-13,2024-04-17,2024-04-18,Netherlands,Tokyo Flower Market,EUR,0.552,1048.8,NAN,464.54,0.5,0.0,nan,PENDING,1.0,False,False,False,4.0,1.0,True,False
RB-002399,Rift Bloom - Timboroa Farm,Pink Floyd,50.0,PREMIUM,25.0,191.0,4775.0,2025-03-08,2025-08-04,2025-08-05,2025-10-08,France,Interflora Russia,EUR,0.267,1274.93,AIR FREIGHT,,1.9,0.0,nan,OVERDUE,5.0,False,False,False,1.0,64.0,True,False
RB-001905,Rift Bloom - Turbo Farm,Cool Water,60.0,STANDARD,40.0,161.0,6440.0,2025-11-01,2025-01-12,2025-01-13,2025-01-16,France,Carrefour Flowers,USD,0.489,3149.16,AIR FREIGHT,140.05,3.5,0.0,nan,PENDING,4.0,False,False,False,1.0,3.0,True,False
RB-002646,Rift Bloom - Turbo Farm,Freedom,70.0,B,20.0,174.0,3480.0,2023-10-03,2023-03-12,2023-03-16,2023-03-19,United kingdom,Local Wholesaler - Eldoret,EUR,0.382,1329.36,AIR FREIGHT,266.1,-1.1,0.0,nan,PENDING,5.0,False,False,True,4.0,3.0,True,False
RB-000199,Rift Bloom - Timboroa Farm,Freedom,40.0,A,20.0,63.0,1260.0,2026-06-27,2026-06-28,2026-06-30,2026-06-07,United Arab Emirates,M-Farm Traders,NAN,0.262,330.12,AIR FREIGHT,190.63,3.7,0.0,nan,NAN,5.0,True,False,False,2.0,-23.0,False,False
RB-001769,Rift Bloom - Moiben Farm,freedom,90.0,B,20.0,121.0,2420.0,2025-09-21,2025-09-22,2025-09-24,2025-09-25,Switzerland,Bloomon BV,NAN,0.312,755.04,AIR FREIGHT,164.82,2.1,0.0,nan,NAN,1.0,False,False,False,2.0,1.0,True,False
RB-002241,Rift Bloom - Kesses Farm,Explorer,60.0,C,20.0,298.0,5960.0,2022-12-27,2022-12-29,2023-02-01,2023-08-01,Netherlands,Bloomon BV,EUR,0.391,2330.36,ROAD THEN AIR,,0.6,11.0,nan,OVERDUE,4.0,False,False,False,34.0,181.0,True,False
RB-002700,Rift Bloom - Kapseret Farm,Circus,40.0,A,40.0,62.0,2480.0,2023-05-09,2023-05-10,2023-05-14,2023-05-20,USA,Interflora Russia,USD,0.355,880.4,AIR FREIGHT,361.31,4.1,0.0,nan,PAID,4.0,False,False,False,4.0,6.0,True,False
RB-000681,Rift Bloom - Turbo Farm,Circus,50.0,A,10.0,62.0,620.0,2024-08-31,2024-09-02,2024-09-05,2024-09-09,Australia,Bloomon BV,NAN,0.186,115.32,ROAD THEN AIR,150.89,2.1,0.0,nan,PAID,5.0,True,False,False,3.0,4.0,True,False
RB-000484,Rift Bloom - Kapseret Farm,Mondial,70.0,A,40.0,62.0,2480.0,2025-07-25,2025-07-27,2025-07-29,2025-04-08,Poland,Blume2000,EUR,0.571,1416.08,ROAD THEN AIR,164.32,1.2,0.0,nan,PENDING,4.0,False,False,False,2.0,-112.0,False,False
RB-001183,Rift Bloom - Kapseret Farm,Sweetness,50.0,nan,25.0,140.0,3500.0,2023-08-11,,2023-08-14,2023-08-17,United Arab Emirates,Dubai Flower Centre,USD,0.438,1533.0,AIR FREIGHT,311.38,,0.0,nan,PAID,3.0,False,False,False,,3.0,False,False
RB-001340,Rift Bloom - Ziwa Farm,Freedom,70.0,UNKNOWN,25.0,87.0,2175.0,2024-12-23,2024-12-25,2024-12-28,2025-01-01,Russia,M-Farm Traders,UNKNOWN,0.386,839.55,AIR FREIGHT,412.24,2.6,0.0,nan,PENDING,4.0,True,False,False,3.0,4.0,True,False
RB-001281,Rift Bloom - Ziwa Farm,Avalanche,70.0,A,20.0,289.0,5780.0,2023-04-21,2023-04-23,2023-04-24,2023-04-25,Japan,M-Farm Traders,EUR,0.141,814.98,AIR FREIGHT,174.73,4.0,0.0,nan,OVERDUE,4.0,False,False,False,1.0,1.0,True,False
RB-001032,Rift Bloom - Timboroa Farm,Yellow Babe,80.0,nan,20.0,63.0,1260.0,2025-04-13,2025-04-13,2025-04-17,2025-04-20,Switzerland,Bloomon BV,NAN,0.385,485.1,NAN,379.1,2.7,0.0,nan,PAID,5.0,False,False,False,4.0,3.0,True,False
RB-000792,Rift Bloom - Kapseret Farm,Athena,70.0,C,40.0,66.0,2640.0,2024-11-02,2024-12-02,2024-02-16,2024-02-18,Norway,Carrefour Flowers,NAN,0.247,652.08,AIR FREIGHT,142.78,4.2,0.0,nan,PENDING,3.0,False,False,False,-290.0,2.0,False,False
RB-001202,Rift Bloom - Ziwa Farm,Sweetness,80.0,nan,20.0,90.0,1800.0,2024-02-26,2024-02-28,2024-02-03,2024-03-04,Norway,Blume2000,KES,40.43,72774.0,NAN,169.97,-0.1,0.0,None,PAID,3.0,False,False,True,-25.0,30.0,False,False
RB-000423,Rift Bloom - Kapseret Farm,Yellow Babe,60.0,A,25.0,74.0,1850.0,2022-06-23,2022-06-25,2022-06-29,2022-07-05,United Arab Emirates,Aalsmeer Direct,USD,0.323,597.55,AIR FREIGHT,246.75,1.8,0.0,nan,PAID,4.0,False,False,False,4.0,6.0,True,False
RB-001884,Rift Bloom - Kapseret Farm,Athena,40.0,B,25.0,87.0,2175.0,2024-03-03,2024-04-03,2024-05-03,2024-03-09,Poland,Marks & Spencer Flowers,USD,0.524,1139.7,ROAD THEN AIR,192.3,,0.0,nan,NAN,1.0,False,False,False,30.0,-55.0,False,False
RB-001480,Rift Bloom - Timboroa Farm,Avalanche,70.0,A,25.0,69.0,1725.0,2025-11-26,2025-11-26,2025-11-27,2025-12-03,France,Whole Foods Market,USD,0.375,646.88,AIR FREIGHT,,0.3,0.0,nan,PAID,4.0,False,False,False,1.0,6.0,True,False
RB-001929,Rift Bloom - Moiben Farm,Yellow Babe,50.0,A,10.0,222.0,2220.0,2024-08-10,2024-08-10,2024-08-13,2024-08-16,Poland,Aalsmeer Direct,EUR,0.467,1036.74,NAN,247.99,,0.0,nan,PAID,5.0,False,False,False,3.0,3.0,True,False
RB-002559,Rift Bloom - Ziwa Farm,Pink Floyd,50.0,A,25.0,112.0,2800.0,2026-01-05,2026-01-06,2026-01-09,2026-01-15,Poland,Dubai Flower Centre,NAN,0.366,1024.8,AIR FREIGHT,285.44,2.5,0.0,nan,PAID,1.0,False,False,False,3.0,6.0,True,False
RB-001530,rift bloom turbo farm,High & Magic,60.0,B,40.0,49.0,1960.0,2023-08-18,2023-08-19,2023-08-21,2023-08-25,Australia,FloraHolland Auction,EUR,0.483,946.68,AIR FREIGHT,260.58,1.4,0.0,nan,PENDING,1.0,False,False,False,2.0,4.0,True,False
RB-000903,Rift Bloom - Ziwa Farm,Explorer,50.0,nan,10.0,82.0,820.0,2022-06-09,2022-11-06,2022-06-13,2022-06-14,Russia,Tokyo Flower Market,KES,55.51,45518.2,AIR FREIGHT,325.53,3.0,0.0,nan,OVERDUE,4.0,False,False,False,-146.0,1.0,False,False
RB-000686,Rift Bloom - Turbo Farm,Red Naomi,70.0,B,40.0,111.0,4440.0,2026-03-08,2026-08-03,2026-11-03,2026-03-13,Poland,Marks & Spencer Flowers,EUR,0.505,2242.2,NAN,,2.0,0.0,nan,PAID,5.0,False,False,False,92.0,-235.0,False,False
RB-001552,Rift Bloom - Kesses Farm,High & Magic,40.0,C,25.0,24.0,600.0,2023-12-17,2023-12-19,2023-12-21,2023-12-24,Poland,Bloomon BV,EUR,0.505,303.0,ROAD THEN AIR,,3.0,0.0,nan,PENDING,3.0,False,False,False,2.0,3.0,True,False
RB-001000,Rift Bloom - Ziwa Farm,Explorer,90.0,STANDARD,20.0,69.0,1380.0,2024-04-23,,2024-04-26,2024-04-30,U.S.A,Carrefour Flowers,USD,0.23,317.4,ROAD THEN AIR,161.31,-1.3,0.0,nan,PENDING,5.0,False,False,True,,4.0,False,False
RB-002764,Rift Bloom - Kesses Farm,Tibet,50.0,STANDARD,25.0,152.0,3800.0,2025-06-29,2025-06-30,2025-01-07,2025-07-02,Poland,Bloomon BV,EUR,0.267,1014.6,AIR FREIGHT,412.17,1.0,0.0,nan,PENDING,2.0,False,False,False,-174.0,176.0,False,False
RB-002865,Rift Bloom - Turbo Farm,Explorer,50.0,STANDARD,25.0,69.0,1725.0,2024-05-25,2024-05-25,2024-05-26,2024-05-28,Norway,Aalsmeer Direct,NAN,0.086,148.35,AIR FREIGHT,219.97,1.3,0.0,nan,UNKNOWN,2.0,False,False,False,1.0,2.0,True,False
RB-000113,Rift Bloom - Kesses Farm,Red Naomi,70.0,B,25.0,149.0,3725.0,2024-03-10,2024-05-10,2024-09-10,2024-10-11,Russia,M-Farm Traders,USD,0.289,1076.52,NAN,115.69,3.0,0.0,nan,PENDING,2.0,False,False,False,123.0,31.0,True,False
RB-002891,Rift Bloom - Kesses Farm,Cool Water,90.0,A,40.0,165.0,6600.0,,2026-07-06,2026-11-06,2026-06-17,Norway,FloraHolland Auction,NAN,0.3,1980.0,AIR FREIGHT,274.05,2.8,16.0,Wilting,NAN,2.0,False,False,False,123.0,-142.0,False,False
RB-001447,Rift Bloom - Turbo Farm,Peach Avalanche,40.0,C,40.0,102.0,4080.0,2022-03-24,2022-03-26,2022-03-28,2022-02-04,Russia,FloraHolland Auction,NAN,0.417,1701.36,ROAD THEN AIR,,,0.0,nan,PENDING,4.0,False,False,False,2.0,-52.0,False,False
RB-001953,Rift Bloom - Kesses Farm,avalanche,70.0,STANDARD,10.0,116.0,1160.0,2026-07-03,2026-08-03,2026-03-11,2026-03-17,Japan,FloraHolland Auction,UNKNOWN,0.241,279.56,AIR FREIGHT,193.2,1.0,0.0,nan,PENDING,5.0,False,False,False,-145.0,6.0,False,False
RB-000923,Rift Bloom - Turbo Farm,High & Magic,70.0,A,20.0,241.0,4820.0,2022-05-20,2022-05-20,2022-05-23,2022-05-25,Japan,Bloomon BV,USD,0.539,2597.98,ROAD THEN AIR,462.88,2.3,8.0,Stem Bent,PENDING,5.0,False,False,False,3.0,2.0,True,False
RB-001625,Rift Bloom - Moiben Farm,RedNaomi,70.0,PREMIUM,20.0,130.0,2600.0,2025-06-02,2025-02-06,2025-08-02,2025-02-14,U.A.E,Bloomon BV,EUR,0.356,925.6,AIR FREIGHT,278.37,-0.7,0.0,nan,PAID,4.0,False,False,True,177.0,-169.0,False,False
RB-002622,Rift Bloom - Kesses Farm,Red Naomi,70.0,B,25.0,62.0,1550.0,2025-05-12,2025-05-12,2025-05-13,2025-05-16,Germany,M-Farm Traders,USD,0.256,396.8,AIR FREIGHT,,1.5,0.0,nan,PAID,4.0,False,False,False,1.0,3.0,True,False
RB-001320,Rift Bloom - Kesses Farm,Athena,50.0,A,25.0,104.0,2600.0,2026-02-05,2026-02-05,2026-06-02,2026-02-12,uae,Interflora Russia,EUR,0.196,509.6,AIR FREIGHT,245.12,2.0,0.0,nan,PAID,5.0,False,False,False,117.0,-110.0,False,False
RB-001664,Rift Bloom - Ziwa Farm,Mondial,50.0,PREMIUM,25.0,83.0,2075.0,2022-03-16,2022-03-17,2022-03-18,2022-03-21,Poland,FloraHolland Auction,KES,45.5,94412.5,ROAD THEN AIR,248.03,0.1,0.0,nan,PAID,4.0,False,False,False,1.0,3.0,True,False
RB-000816,Rift Bloom - Moiben Farm,Mondial,90.0,nan,40.0,137.0,5480.0,2025-08-27,2025-08-28,2025-08-30,2025-09-02,United Kingdom,M-Farm Traders,USD,0.05,274.0,AIR FREIGHT,523.61,1.2,27.0,Stem Bent,PAID,4.0,False,False,False,2.0,3.0,True,False
RB-002267,Rift Bloom - Kesses Farm,Mondial,50.0,PREMIUM,10.0,163.0,1630.0,,2022-04-26,2022-04-29,2022-05-05,Germany,Local Wholesaler - Eldoret,USD,0.638,1039.94,NAN,,1.8,0.0,nan,NAN,4.0,False,False,False,3.0,6.0,True,False
RB-002751,Rift Bloom - Kapseret Farm,Pink Floyd,70.0,A,10.0,80.0,800.0,2022-01-03,2022-01-04,2022-01-06,2022-01-12,Germany,Interflora Russia,KES,34.19,27352.0,AIR FREIGHT,,-1.0,0.0,nan,NAN,5.0,False,False,True,2.0,6.0,True,False
RB-001094,Rift Bloom - Turbo Farm,Peach Avalanche,70.0,PREMIUM,10.0,22.0,220.0,2022-07-30,2022-01-08,2022-08-03,2022-08-09,Russia,Marks & Spencer Flowers,USD,0.448,98.56,NAN,131.06,1.3,0.0,nan,PENDING,4.0,False,False,False,207.0,6.0,True,False
RB-000081,Rift Bloom - Moiben Farm,Explorer,60.0,STANDARD,40.0,205.0,8200.0,2024-06-29,2024-06-30,2024-03-07,2024-06-07,United Kingdom,FloraHolland Auction,USD,0.339,2779.8,NAN,211.97,-0.8,23.0,Undersized Stems,NAN,3.0,False,False,True,-115.0,92.0,False,False
RB-002500,Rift Bloom - Moiben Farm,Circus,60.0,PREMIUM,20.0,96.0,1920.0,2022-03-02,2022-05-02,2022-09-02,2022-02-14,Germany,Interflora Russia,USD,0.419,804.48,NAN,143.07,2.8,0.0,nan,PENDING,5.0,False,False,False,123.0,-200.0,False,False
RB-000330,Rift Bloom - Ziwa Farm,Vendela,60.0,C,40.0,77.0,3080.0,2022-02-26,2022-02-28,2022-01-03,2022-03-05,Switzerland,Blume2000,EUR,0.05,154.0,ROAD THEN AIR,44.84,23.5,0.0,nan,NAN,5.0,False,False,False,-56.0,61.0,False,False
RB-000243,Rift Bloom - Ziwa Farm,Explorer,50.0,B,10.0,119.0,1190.0,2023-12-13,2023-12-14,2023-12-17,2023-12-22,Japan,Dubai Flower Centre,KES,77.22,918918.0,AIR FREIGHT,273.36,3.5,0.0,nan,PAID,4.0,False,False,False,3.0,5.0,True,False
RB-000642,Rift Bloom - Timboroa Farm,High & Magic,80.0,A,10.0,23.0,230.0,2026-05-09,2026-11-05,2026-05-12,2026-05-18,USA,Carrefour Flowers,EUR,0.344,79.12,AIR FREIGHT,617.64,1.3,5.0,Cold Chain Break,PENDING,5.0,False,False,False,-177.0,6.0,False,False
RB-000697,Rift Bloom - Kapseret Farm,Tibet,70.0,UNKNOWN,40.0,60.0,2400.0,2023-11-05,2023-05-11,2023-05-13,2023-05-16,Norway,FloraHolland Auction,NAN,0.318,763.2,AIR FREIGHT,170.62,0.8,27.0,nan,PAID,4.0,False,False,False,2.0,3.0,True,False
RB-000754,Rift Bloom - Kesses Farm,Circus,80.0,A,25.0,144.0,3600.0,2023-10-25,2023-10-27,2023-10-31,,Switzerland,Carrefour Flowers,EUR,0.096,345.6,UNKNOWN,488.61,-1.0,0.0,nan,UNKNOWN,5.0,False,False,True,4.0,,False,False
RB-001564,Rift Bloom - Moiben Farm,Tibet,50.0,A,20.0,145.0,2900.0,2025-01-19,2025-01-20,2025-01-24,2025-01-25,Germany,Blume2000,UNKNOWN,0.092,266.8,NAN,196.97,,0.0,nan,PAID,2.0,False,False,False,4.0,1.0,True,False
RB-001935,Rift Bloom - Ziwa Farm,Cool Water,60.0,B,25.0,61.0,1525.0,2025-07-24,2025-07-25,2025-07-28,2025-07-29,Poland,Dubai Flower Centre,USD,0.474,722.85,AIR FREIGHT,357.91,3.4,0.0,nan,NAN,4.0,False,False,False,3.0,1.0,True,False
RB-000552,Rift Bloom - Kesses Farm,Sweetness,60.0,STANDARD,25.0,36.0,900.0,2024-06-07,2024-08-07,2024-07-12,2024-07-17,Germany,Aalsmeer Direct,EUR,0.493,443.7,NAN,212.8,1.5,0.0,nan,PENDING,3.0,False,False,False,-26.0,5.0,False,False
RB-002647,Rift Bloom - Ziwa Farm,Yellow Babe,70.0,STANDARD,25.0,241.0,6025.0,2024-07-23,2024-07-23,2024-07-26,2024-07-29,United Kingdom,Local Wholesaler - Eldoret,EUR,0.346,2084.65,AIR FREIGHT,115.81,,0.0,nan,PENDING,4.0,False,False,False,3.0,3.0,True,False
RB-000602,Rift Bloom - Ziwa Farm,Circus,90.0,STANDARD,40.0,74.0,2960.0,2022-08-25,2022-08-26,2022-08-28,2022-02-09,Netherlands,Whole Foods Market,EUR,0.492,1456.32,NAN,198.0,2.7,0.0,nan,NAN,4.0,False,False,False,2.0,-200.0,False,False
RB-001965,Rift Bloom - Kapseret Farm,Peach Avalanche,60.0,B,10.0,205.0,2050.0,2026-06-30,2026-02-07,2026-03-07,2026-07-05,France,Local Wholesaler - Eldoret,EUR,0.05,102.5,AIR FREIGHT,313.32,3.3,0.0,nan,PAID,5.0,False,False,False,28.0,120.0,True,False
RB-001014,Rift Bloom - Moiben Farm,Vendela,90.0,STANDARD,20.0,81.0,1620.0,2023-08-12,2023-09-12,2023-12-10,2023-12-16,France,Local Wholesaler - Eldoret,EUR,0.547,886.14,NAN,179.4,1.0,25.0,nan,NAN,4.0,False,False,False,89.0,6.0,True,False
RB-002503,Rift Bloom - Turbo Farm,Circus,70.0,B,10.0,83.0,830.0,2022-06-08,2022-08-06,2022-12-06,2022-06-17,Germany,Blume2000,USD,0.458,380.14,AIR FREIGHT,708.04,1.6,13.0,Petal Bruising,PENDING,3.0,False,False,False,122.0,-172.0,False,False
RB-001428,Rift Bloom - Turbo Farm,Sweetness,70.0,B,20.0,143.0,2860.0,2026-01-28,2026-01-28,2026-01-31,2026-03-02,United Arab Emirates,Blume2000,NAN,0.383,1095.38,AIR FREIGHT,513.18,2.9,0.0,nan,PAID,4.0,False,False,False,3.0,30.0,True,False
RB-002013,Rift Bloom - Ziwa Farm,Athena,50.0,B,40.0,302.0,12080.0,2025-02-02,2025-02-02,2025-05-02,2025-06-02,UAE,Interflora Russia,KES,41.86,505668.8,AIR FREIGHT,495.5,,0.0,nan,OVERDUE,3.0,False,False,False,89.0,31.0,True,False
RB-001387,Rift Bloom - Ziwa Farm,Red Naomi,50.0,STANDARD,40.0,75.0,3000.0,2026-07-29,2026-07-30,2026-07-31,2026-03-08,USA,Local Wholesaler - Eldoret,USD,0.303,909.0,AIR FREIGHT,408.35,-0.2,0.0,nan,OVERDUE,5.0,False,False,True,1.0,-145.0,False,False
RB-000467,Rift Bloom - Ziwa Farm,Cool Water,70.0,STANDARD,25.0,215.0,5375.0,2025-08-10,2025-10-08,2025-08-12,2025-08-14,Norway,Tokyo Flower Market,USD,0.219,1177.12,AIR FREIGHT,563.08,4.0,5.0,Botrytis,PENDING,4.0,False,False,False,-57.0,2.0,False,False
RB-001500,Rift Bloom - Moiben Farm,Cool Water,90.0,PREMIUM,10.0,39.0,390.0,2023-10-27,2023-10-28,2023-10-31,2023-06-11,France,Local Wholesaler - Eldoret,KES,16.77,6540.3,UNKNOWN,23.31,2.2,0.0,nan,PENDING,4.0,False,False,False,3.0,-142.0,False,False
RB-002982,Rift Bloom - Kesses Farm,Avalanche,60.0,STANDARD,10.0,58.0,580.0,2022-12-28,2022-12-28,2023-01-01,,Switzerland,FloraHolland Auction,EUR,0.21,121.8,AIR FREIGHT,396.04,-0.5,0.0,nan,PAID,3.0,False,False,True,4.0,,False,False
RB-000278,Rift Bloom - Ziwa Farm,Explorer,40.0,PREMIUM,25.0,62.0,1550.0,2024-04-09,2024-09-04,2024-04-10,2024-04-16,Netherlands,FloraHolland Auction,USD,0.333,516.15,AIR FREIGHT,98.45,0.8,0.0,nan,PAID,4.0,False,False,False,-147.0,6.0,False,False
RB-001549,Rift Bloom - Turbo Farm,Explorer,90.0,nan,10.0,107.0,1070.0,2026-01-06,2026-01-08,2026-09-01,2026-01-15,France,Blume2000,USD,0.409,437.63,ROAD THEN AIR,337.16,0.1,0.0,nan,PAID,4.0,False,False,False,236.0,-229.0,False,False
RB-001025,Rift Bloom - Ziwa Farm,Tibet,90.0,A,25.0,180.0,4500.0,,2024-12-11,2024-12-13,2024-12-14,United Kingdom,Marks & Spencer Flowers,EUR,0.436,1962.0,AIR FREIGHT,297.51,-0.2,0.0,nan,OVERDUE,4.0,False,False,True,2.0,1.0,True,False
RB-001466,Rift Bloom - Kapseret Farm,Peach Avalanche,60.0,A,40.0,83.0,3320.0,2022-06-16,2022-06-16,2022-06-17,2022-06-20,USA,M-Farm Traders,KES,47.97,159260.4,AIR FREIGHT,179.4,1.0,0.0,nan,PAID,4.0,False,False,False,1.0,3.0,True,False
RB-000941,Rift Bloom - Turbo Farm,High & Magic,80.0,A,10.0,73.0,730.0,2025-06-08,2025-06-08,2025-08-08,2025-10-08,Germany,Whole Foods Market,EUR,0.234,170.82,AIR FREIGHT,41.88,22.5,0.0,nan,PAID,5.0,False,False,False,61.0,61.0,True,False
RB-001467,Rift Bloom - Ziwa Farm,Peach Avalanche,70.0,A,10.0,150.0,1500.0,2023-02-02,,2023-06-02,2023-07-02,UK,Whole Foods Market,USD,0.233,3495.0,AIR FREIGHT,80.48,1.9,0.0,nan,PAID,5.0,False,False,False,,30.0,False,False
RB-001324,Rift Bloom - Kesses Farm,Peach Avalanche,90.0,B,40.0,75.0,3000.0,2022-07-17,2022-07-19,2022-07-23,2022-07-29,France,Bloomon BV,USD,0.19,570.0,UNKNOWN,75.55,,0.0,nan,OVERDUE,4.0,False,False,False,4.0,6.0,True,False
RB-002520,Rift Bloom - Kesses Farm,Explorer,70.0,PREMIUM,10.0,220.0,2200.0,2025-10-08,2025-11-08,2025-08-12,2025-08-14,USA,Blume2000,KES,65.0,143000.0,NAN,278.07,0.9,0.0,nan,PAID,4.0,False,False,False,-88.0,2.0,False,False
RB-001450,rift bloom turbo farm,Tibet,70.0,B,10.0,97.0,970.0,2026-06-13,2026-06-15,2026-06-19,2026-06-21,Russia,Dubai Flower Centre,KES,62.4,60528.0,AIR FREIGHT,51.44,1.1,0.0,nan,PAID,5.0,False,False,False,4.0,2.0,True,False
RB-002717,Rift Bloom - Kapseret Farm,Explorer,50.0,B,40.0,134.0,5360.0,2022-02-21,2022-02-23,2022-02-24,2022-03-02,Netherlands,Dubai Flower Centre,USD,0.279,1495.44,AIR FREIGHT,177.02,1.0,31.0,Wilting,PAID,3.0,False,False,False,1.0,6.0,True,False
RB-002404,Rift Bloom - Kesses Farm,Vendela,50.0,STANDARD,20.0,274.0,5480.0,2023-06-28,2023-06-30,2023-02-07,2023-07-05,USA,Dubai Flower Centre,EUR,0.166,909.68,NAN,164.65,1.8,0.0,nan,PAID,4.0,False,False,False,-143.0,148.0,False,False
RB-000051,Rift Bloom - Moiben Farm,Circus,50.0,A,25.0,36.0,900.0,2022-06-29,2022-06-29,2022-07-03,2022-07-09,Australia,Dubai Flower Centre,KES,50.7,45630.0,AIR FREIGHT,231.28,1.8,0.0,nan,NAN,5.0,False,False,False,4.0,6.0,True,False
RB-001888,Rift Bloom - Kesses Farm,Cool Water,90.0,C,20.0,37.0,740.0,2024-12-14,2024-12-14,2024-12-16,2024-12-17,Japan,Interflora Russia,EUR,0.178,131.72,AIR FREIGHT,427.35,2.2,0.0,nan,PAID,5.0,False,False,False,2.0,1.0,True,False
RB-000134,Rift Bloom - Kesses Farm,Red Naomi,60.0,STANDARD,10.0,68.0,680.0,2023-12-28,2023-12-29,2023-12-31,2024-02-01,Japan,M-Farm Traders,USD,0.333,226.44,AIR FREIGHT,160.69,2.8,0.0,nan,PENDING,4.0,False,False,False,2.0,32.0,True,False
RB-001106,Rift Bloom - Kesses Farm,Yellow Babe,80.0,PREMIUM,10.0,35.0,350.0,2022-04-08,2022-08-04,2022-09-04,2022-04-15,Germany,Blume2000,KES,26.78,9373.0,AIR FREIGHT,381.8,4.2,0.0,None,PAID,4.0,False,False,False,31.0,-142.0,False,False
RB-000704,Rift Bloom - Kapseret Farm,Avalanche,60.0,UNKNOWN,10.0,64.0,640.0,2024-11-22,2024-11-24,2024-11-27,2024-12-03,Germany,Tokyo Flower Market,USD,0.239,152.96,ROAD THEN AIR,175.18,3.0,0.0,nan,NAN,2.0,False,False,False,3.0,6.0,True,False
RB-000483,Rift Bloom - Ziwa Farm,Athena,70.0,STANDARD,25.0,75.0,1875.0,2025-11-02,2025-02-11,2025-11-04,2025-11-10,Australia,Carrefour Flowers,EUR,0.341,639.38,NAN,126.87,3.6,22.0,Petal Bruising,PENDING,3.0,False,False,False,266.0,6.0,True,False
RB-001146,Rift Bloom - Ziwa Farm,Athena,80.0,B,20.0,103.0,2060.0,2025-11-15,2025-11-17,2025-11-19,2025-11-23,Switzerland,M-Farm Traders,EUR,0.249,512.94,NAN,37.85,4.6,0.0,nan,PENDING,5.0,False,False,False,2.0,4.0,True,False
RB-002039,rift bloom turbo farm,Freedom,70.0,B,40.0,181.0,7240.0,2025-03-19,2025-03-20,2025-03-22,2025-03-23,France,Local Wholesaler - Eldoret,USD,0.326,2360.24,AIR FREIGHT,,2.1,0.0,nan,OVERDUE,4.0,False,False,False,2.0,1.0,True,False
RB-002985,Rift Bloom - Ziwa Farm,Sweetness,70.0,nan,25.0,74.0,1850.0,2024-03-14,2024-03-16,2024-03-20,2024-03-23,Poland,M-Farm Traders,NAN,0.271,5013.5,AIR FREIGHT,51.08,1.6,0.0,nan,PAID,5.0,False,False,False,4.0,3.0,True,False
RB-002314,Rift Bloom - Timboroa Farm,Mondial,80.0,nan,20.0,194.0,3880.0,2024-03-25,2024-03-25,2024-03-26,2024-01-04,Norway,M-Farm Traders,KES,44.2,171496.0,ROAD THEN AIR,,1.5,0.0,nan,PENDING,4.0,False,False,False,1.0,-82.0,False,False
RB-000908,Rift Bloom - Timboroa Farm,Athena,40.0,B,40.0,289.0,11560.0,2025-10-29,2025-10-30,2025-01-11,2025-06-11,Poland,Interflora Russia,KES,53.3,616148.0,NAN,609.66,1.2,0.0,nan,PAID,4.0,False,False,False,-292.0,151.0,False,False
RB-002877,Rift Bloom - Ziwa Farm,Tibet,70.0,B,40.0,59.0,2360.0,2025-08-25,2025-08-25,2025-08-28,2025-08-30,Germany,Bloomon BV,NAN,0.287,677.32,ROAD THEN AIR,,1.6,0.0,nan,PENDING,5.0,False,False,False,3.0,2.0,True,False
RB-000011,Rift Bloom - Kesses Farm,Tibet,70.0,C,40.0,58.0,2320.0,2024-03-25,2024-03-26,2024-03-28,2024-04-03,France,Marks & Spencer Flowers,NAN,0.314,728.48,AIR FREIGHT,84.05,3.0,0.0,nan,PAID,4.0,False,False,False,2.0,6.0,True,False
RB-000065,Rift Bloom - Ziwa Farm,Mondial,70.0,A,40.0,82.0,3280.0,2024-11-25,2024-11-25,2024-11-28,2024-11-30,United Arab Emirates,FloraHolland Auction,USD,0.216,708.48,AIR FREIGHT,195.25,2.9,0.0,nan,NAN,3.0,False,False,False,3.0,2.0,True,False
RB-000492,Rift Bloom - Timboroa Farm,Avalanche,50.0,PREMIUM,25.0,166.0,4150.0,2025-01-02,2025-03-02,2025-02-07,2025-02-13,United Arab Emirates,Blume2000,KES,49.14,203931.0,ROAD THEN AIR,224.66,1.7,39.0,nan,UNKNOWN,4.0,False,False,False,-23.0,6.0,False,False
RB-002114,Rift Bloom - Ziwa Farm,Yellow Babe,60.0,B,40.0,32.0,1280.0,2024-02-19,2024-02-20,2024-02-21,2024-02-23,Poland,M-Farm Traders,USD,0.372,476.16,UNKNOWN,304.03,0.4,0.0,nan,PAID,5.0,False,False,False,1.0,2.0,True,False
RB-000592,Rift Bloom - Ziwa Farm,Athena,60.0,B,40.0,93.0,3720.0,2022-11-14,2022-11-16,2022-11-18,2022-11-23,Netherlands,Aalsmeer Direct,USD,0.418,1554.96,AIR FREIGHT,141.46,,0.0,nan,PAID,3.0,False,False,False,2.0,5.0,True,False
RB-001286,Rift Bloom - Ziwa Farm,Sweetness,70.0,PREMIUM,25.0,157.0,3925.0,2022-03-17,2022-03-17,2022-03-19,2022-03-23,Germany,Marks & Spencer Flowers,NAN,0.317,1244.22,NAN,155.47,4.3,0.0,nan,NAN,5.0,False,False,False,2.0,4.0,True,False
RB-000725,Rift Bloom - Turbo Farm,Sweetness,80.0,A,25.0,14.0,350.0,2023-06-05,2023-05-07,2023-05-08,2023-05-14,Norway,Aalsmeer Direct,EUR,0.535,187.25,ROAD THEN AIR,487.66,1.2,0.0,nan,OVERDUE,4.0,False,False,False,1.0,6.0,True,False
RB-002555,Rift Bloom - Moiben Farm,Explorer,50.0,A,10.0,131.0,1310.0,2025-06-22,2025-06-23,2025-06-26,2025-06-30,The Netherlands,Aalsmeer Direct,KES,40.95,53644.5,AIR FREIGHT,74.05,,0.0,nan,PENDING,3.0,False,False,False,3.0,4.0,True,False
RB-001213,Rift Bloom - Moiben Farm,Yellow Babe,60.0,B,20.0,70.0,1400.0,2025-10-30,2025-10-30,2025-10-31,2025-03-11,France,Marks & Spencer Flowers,KES,45.24,63336.0,AIR FREIGHT,262.67,1.2,0.0,nan,PAID,5.0,False,False,False,1.0,-234.0,False,False
RB-002300,Rift Bloom - Kapseret Farm,Red-Naomi,50.0,STANDARD,25.0,67.0,1675.0,2025-11-12,2025-11-12,2025-11-15,2025-11-17,Germany,Carrefour Flowers,EUR,0.529,886.08,AIR FREIGHT,235.79,1.8,0.0,nan,OVERDUE,5.0,False,False,False,3.0,2.0,True,False
RB-002617,Rift Bloom - Kesses Farm,Circus,50.0,STANDARD,25.0,98.0,2450.0,2025-02-07,2025-07-03,2025-07-05,2025-06-07,Norway,FloraHolland Auction,USD,0.588,14406.0,NAN,,1.6,0.0,nan,NAN,5.0,False,False,False,2.0,-28.0,False,False
RB-001638,Rift Bloom - Kapseret Farm,Mondial,40.0,B,10.0,279.0,2790.0,2022-03-04,2022-03-06,2022-08-03,2022-12-03,Germany,FloraHolland Auction,NAN,0.474,1322.46,AIR FREIGHT,220.46,1.2,16.0,Petal Bruising,PAID,3.0,False,False,False,150.0,122.0,True,False
RB-002977,Rift Bloom - Turbo Farm,Cool Water,60.0,nan,10.0,48.0,480.0,2022-02-18,2022-02-20,2022-02-23,2022-02-28,Switzerland,M-Farm Traders,KES,49.14,23587.2,AIR FREIGHT,44.27,0.6,0.0,nan,PAID,2.0,False,False,False,3.0,5.0,True,False
RB-000707,Rift Bloom - Turbo Farm,Freedom,60.0,B,40.0,294.0,11760.0,2022-06-24,2022-06-25,2022-06-27,2022-06-30,Netherlands,Marks & Spencer Flowers,KES,9.49,111602.4,AIR FREIGHT,496.71,2.4,0.0,nan,OVERDUE,4.0,False,False,False,2.0,3.0,True,False
RB-000274,Rift Bloom - Kapseret Farm,Cool Water,80.0,PREMIUM,25.0,239.0,5975.0,2025-07-27,2025-07-27,2025-07-28,2025-07-30,United Kingdom,FloraHolland Auction,KES,62.92,375947.0,AIR FREIGHT,206.35,1.9,0.0,nan,PAID,4.0,False,False,False,1.0,2.0,True,False
RB-001710,Rift Bloom - Ziwa Farm,Tibet,40.0,PREMIUM,40.0,120.0,4800.0,2022-02-14,2022-02-14,2022-02-17,2022-02-23,Switzerland,Aalsmeer Direct,UNKNOWN,0.547,2625.6,NAN,,1.8,0.0,nan,PENDING,5.0,False,False,False,3.0,6.0,True,False
RB-002971,Rift Bloom - Kapseret Farm,freedom,70.0,A,20.0,137.0,2740.0,2022-06-10,2022-10-07,2022-11-10,2022-10-13,U.A.E,Bloomon BV,EUR,0.4,1096.0,ROAD THEN AIR,315.68,0.8,0.0,nan,NAN,5.0,False,False,False,34.0,-28.0,False,False
RB-002925,Rift Bloom - Moiben Farm,Tibet,90.0,STANDARD,10.0,285.0,2850.0,2025-06-04,2025-06-05,2025-06-07,2025-06-13,France,Interflora Russia,NAN,0.39,1111.5,AIR FREIGHT,341.68,0.8,0.0,nan,PAID,4.0,False,False,False,2.0,6.0,True,False
RB-002587,Rift Bloom - Kapseret Farm,Vendela,50.0,PREMIUM,20.0,121.0,2420.0,2022-04-26,2022-04-28,2022-01-05,2022-02-05,United Arab Emirates,Local Wholesaler - Eldoret,USD,0.178,430.76,ROAD THEN AIR,342.01,4.1,0.0,nan,NAN,4.0,True,False,False,-113.0,31.0,False,False
RB-002699,Rift Bloom - Moiben Farm,Explorer,60.0,PREMIUM,25.0,126.0,3150.0,2025-03-01,2025-01-03,2025-04-01,2025-01-07,Netherlands,Local Wholesaler - Eldoret,KES,27.3,85995.0,AIR FREIGHT,347.32,4.1,0.0,nan,PAID,5.0,False,False,False,88.0,-84.0,False,False
RB-002593,Rift Bloom - Kapseret Farm,High & Magic,70.0,STANDARD,40.0,103.0,4120.0,2022-12-19,2022-12-21,2022-12-25,2022-12-31,United States,M-Farm Traders,USD,0.247,1017.64,AIR FREIGHT,199.58,1.3,0.0,nan,PAID,3.0,False,False,False,4.0,6.0,True,False
RB-001453,Rift Bloom - Moiben Farm,Sweetness,40.0,A,20.0,144.0,2880.0,2023-09-04,2023-05-09,2023-09-08,2023-11-09,Poland,Aalsmeer Direct,KES,36.01,103708.8,NAN,251.23,1.0,0.0,nan,PAID,5.0,False,False,False,122.0,62.0,True,False
RB-000150,Rift Bloom - Timboroa Farm,Mondial,70.0,A,25.0,129.0,3225.0,2023-10-17,2023-10-17,2023-10-18,2023-10-23,USA,Whole Foods Market,EUR,0.279,899.78,AIR FREIGHT,141.55,0.8,0.0,nan,PAID,1.0,False,False,False,1.0,5.0,True,False
RB-000219,Rift Bloom - Timboroa Farm,Tibet,60.0,C,25.0,28.0,700.0,2025-05-30,2025-05-30,2025-01-06,2025-06-05,United Kingdom,M-Farm Traders,USD,0.389,272.3,ROAD THEN AIR,194.04,-1.7,3.0,nan,OVERDUE,4.0,False,False,True,-144.0,150.0,False,False
RB-001132,Rift Bloom - Moiben Farm,High & Magic,50.0,A,10.0,95.0,950.0,2025-12-08,2025-12-09,2025-12-12,2025-12-16,Japan,Dubai Flower Centre,KES,54.73,51993.5,NAN,,2.7,0.0,nan,NAN,4.0,False,False,False,3.0,4.0,True,False
RB-002744,Rift Bloom - Ziwa Farm,High & Magic,80.0,nan,40.0,241.0,9640.0,2022-10-19,2022-10-21,2022-10-23,2022-10-24,Netherlands,Carrefour Flowers,USD,0.296,2853.44,NAN,1445.18,1.6,0.0,nan,PAID,5.0,False,False,False,2.0,1.0,True,False
RB-002240,Rift Bloom - Turbo Farm,Avalanche,60.0,PREMIUM,40.0,138.0,5520.0,2026-01-19,2026-01-21,2026-01-22,2026-01-25,United Kingdom,Tokyo Flower Market,USD,0.329,1816.08,AIR FREIGHT,45.83,2.7,0.0,nan,PAID,5.0,False,False,False,1.0,3.0,True,False
RB-002382,Rift Bloom - Kapseret Farm,Circus,60.0,PREMIUM,20.0,136.0,2720.0,2026-01-19,2026-01-21,2026-01-24,2026-01-25,Switzerland,Whole Foods Market,NAN,0.48,1305.6,AIR FREIGHT,118.23,2.1,0.0,nan,PAID,2.0,False,False,False,3.0,1.0,True,False
RB-001054,Rift Bloom - Kesses Farm,Explorer,70.0,B,10.0,62.0,620.0,2024-11-30,2024-12-02,2024-05-12,2024-12-06,Norway,Blume2000,USD,0.408,252.96,AIR FREIGHT,856.89,0.0,0.0,nan,NAN,4.0,False,False,False,-204.0,208.0,False,False
RB-000899,Rift Bloom - Turbo Farm,Circus,70.0,B,40.0,125.0,5000.0,2022-12-27,2022-12-27,2022-12-30,2023-01-03,Japan,FloraHolland Auction,USD,0.331,1655.0,AIR FREIGHT,452.43,3.6,0.0,nan,NAN,5.0,False,False,False,3.0,4.0,True,False
RB-001358,Rift Bloom - Moiben Farm,freedom,50.0,A,10.0,86.0,860.0,2026-09-07,2026-07-11,2026-07-14,2026-07-19,Australia,Local Wholesaler - Eldoret,EUR,0.446,383.56,AIR FREIGHT,621.97,2.6,0.0,nan,PAID,4.0,False,False,False,3.0,5.0,True,False
RB-000776,Rift Bloom - Timboroa Farm,Yellow Babe,50.0,nan,20.0,119.0,2380.0,2025-04-17,2025-04-19,2025-04-21,2025-04-22,Switzerland,Marks & Spencer Flowers,KES,33.41,79515.8,AIR FREIGHT,705.52,0.4,0.0,nan,PAID,5.0,False,False,False,2.0,1.0,True,False
RB-000840,Rift Bloom - Moiben Farm,Explorer,70.0,PREMIUM,10.0,85.0,850.0,2022-11-08,2022-08-11,2022-12-08,2022-08-18,Switzerland,Whole Foods Market,EUR,0.48,408.0,AIR FREIGHT,229.65,0.9,35.0,-,PAID,4.0,False,False,False,119.0,-112.0,False,True
RB-000628,Rift Bloom - Timboroa Farm,Tibet,70.0,C,25.0,39.0,975.0,2023-07-27,2023-07-29,2023-07-30,2023-04-08,Japan,Blume2000,EUR,0.099,96.53,AIR FREIGHT,142.29,0.0,0.0,nan,NAN,4.0,False,False,False,1.0,-113.0,False,False
RB-000324,Rift Bloom - Kapseret Farm,Peach Avalanche,80.0,B,20.0,146.0,2920.0,2026-09-01,2026-09-01,2026-11-01,2026-01-14,Germany,Carrefour Flowers,EUR,0.465,1357.8,NAN,177.97,,0.0,nan,PAID,4.0,False,False,False,61.0,-291.0,False,False
RB-002756,Rift Bloom - Ziwa Farm,Avalanche,60.0,B,40.0,143.0,5720.0,2025-12-15,2025-12-17,2025-12-21,2025-12-22,Russia,Marks & Spencer Flowers,EUR,0.456,2608.32,NAN,201.29,,0.0,nan,PENDING,4.0,False,False,False,4.0,1.0,True,False
RB-001868,Rift Bloom - Turbo Farm,Tibet,90.0,B,20.0,69.0,1380.0,2025-03-13,2025-03-15,2025-03-18,2025-03-22,Netherlands,M-Farm Traders,USD,0.429,592.02,AIR FREIGHT,278.78,0.9,0.0,nan,UNKNOWN,2.0,False,False,False,3.0,4.0,True,False
RB-001161,Rift Bloom - Kapseret Farm,Explorer,50.0,B,10.0,246.0,2460.0,2025-11-04,2025-04-13,2025-04-16,2025-04-18,Germany,Carrefour Flowers,USD,0.243,597.78,UNKNOWN,431.22,-1.0,0.0,nan,PAID,4.0,True,False,True,3.0,2.0,True,False
RB-001077,Rift Bloom - Turbo Farm,Cool Water,50.0,STANDARD,25.0,121.0,3025.0,2022-02-21,2022-02-22,2022-02-26,2022-02-03,U.A.E,Tokyo Flower Market,USD,0.224,6776.0,AIR FREIGHT,47.27,22.9,0.0,nan,PAID,4.0,False,False,False,4.0,-23.0,False,False
RB-000120,Rift Bloom - Turbo Farm,Explorer,70.0,A,25.0,137.0,3425.0,2025-01-28,2025-01-28,2025-02-01,2025-07-02,Germany,Interflora Russia,EUR,0.298,1020.65,NAN,120.84,2.8,0.0,nan,NAN,3.0,False,False,False,4.0,151.0,True,False
RB-002685,Rift Bloom - Timboroa Farm,avalanche,90.0,A,40.0,72.0,2880.0,2023-08-27,2023-08-29,2023-01-09,2023-07-09,United Arab Emirates,Bloomon BV,KES,18.46,53164.8,NAN,67.5,2.1,0.0,nan,PAID,5.0,False,False,False,-232.0,181.0,False,False
RB-002511,Rift Bloom - Turbo Farm,Red Naomi,60.0,A,10.0,164.0,1640.0,2023-12-07,2023-07-14,2023-07-16,2023-07-18,Australia,Aalsmeer Direct,EUR,0.093,152.52,AIR FREIGHT,,0.2,0.0,nan,PENDING,4.0,False,False,False,2.0,2.0,True,False
RB-001815,Rift Bloom - Kesses Farm,Avalanche,80.0,PREMIUM,25.0,96.0,2400.0,2024-07-15,2024-07-17,2024-07-20,2024-07-24,United Kingdom,Interflora Russia,EUR,0.22,528.0,AIR FREIGHT,336.3,-0.4,0.0,nan,PAID,2.0,False,False,True,3.0,4.0,True,False
RB-001027,Rift Bloom - Turbo Farm,Mondial,50.0,B,20.0,128.0,2560.0,2023-05-19,2023-05-19,2023-05-20,2023-05-22,US,Marks & Spencer Flowers,USD,0.402,1029.12,ROAD THEN AIR,718.66,0.8,0.0,nan,OVERDUE,4.0,False,False,False,1.0,2.0,True,False
RB-000077,Rift Bloom - Ziwa Farm,Avalanche,70.0,B,40.0,27.0,1080.0,2022-09-27,2022-09-28,2022-09-30,2022-10-01,Japan,Local Wholesaler - Eldoret,UNKNOWN,0.254,274.32,ROAD THEN AIR,515.79,0.4,0.0,nan,PAID,5.0,False,False,False,2.0,1.0,True,False
RB-000372,Rift Bloom - Moiben Farm,Cool Water,60.0,STANDARD,10.0,171.0,1710.0,2026-06-05,2026-05-06,2026-05-07,2026-12-05,United Kingdom,Tokyo Flower Market,KES,43.55,74470.5,AIR FREIGHT,139.27,20.7,0.0,nan,PENDING,4.0,False,False,False,1.0,212.0,True,False
RB-001205,Rift Bloom - Timboroa Farm,Avalanche,80.0,B,10.0,110.0,1100.0,2022-01-07,2022-09-01,2022-01-10,2022-01-15,Switzerland,Local Wholesaler - Eldoret,NAN,0.293,322.3,AIR FREIGHT,291.69,-1.5,0.0,nan,NAN,5.0,False,False,True,-234.0,5.0,False,False
RB-000942,Rift Bloom - Ziwa Farm,Peach Avalanche,50.0,PREMIUM,40.0,78.0,3120.0,2024-05-21,2024-05-21,2024-05-24,2024-05-25,Russia,Whole Foods Market,USD,0.613,1912.56,AIR FREIGHT,178.3,-0.4,0.0,nan,PENDING,1.0,False,False,True,3.0,1.0,True,False
RB-000553,Rift Bloom - Turbo Farm,Pink Floyd,60.0,STANDARD,40.0,95.0,3800.0,2026-06-15,2026-06-16,2026-06-18,2026-06-20,United Arab Emirates,Dubai Flower Centre,EUR,0.366,1390.8,ROAD THEN AIR,69.79,0.6,0.0,nan,OVERDUE,4.0,False,False,False,2.0,2.0,True,False
RB-000407,Rift Bloom - Turbo Farm,Tibet,90.0,C,20.0,149.0,2980.0,2025-12-07,,2025-07-16,2025-07-19,Germany,Aalsmeer Direct,NAN,0.192,572.16,AIR FREIGHT,394.14,1.6,0.0,nan,PENDING,3.0,False,False,False,,3.0,False,False
RB-002118,rift bloom turbo farm,Vendela,60.0,PREMIUM,10.0,88.0,880.0,2022-09-27,,2022-09-30,2022-04-10,U.A.E,Tokyo Flower Market,NAN,0.363,319.44,AIR FREIGHT,941.64,1.2,0.0,nan,NAN,3.0,False,False,False,,-173.0,False,False
RB-001614,Rift Bloom - Turbo Farm,Tibet,40.0,A,25.0,117.0,2925.0,2023-09-13,2023-09-15,2023-09-19,2023-09-20,Germany,Aalsmeer Direct,USD,0.213,623.02,AIR FREIGHT,239.05,3.3,0.0,nan,PENDING,5.0,False,False,False,4.0,1.0,True,False
RB-000969,rift bloom turbo farm,Athena,50.0,nan,40.0,197.0,7880.0,2022-12-20,2022-12-20,2022-12-24,2022-12-29,uk,Blume2000,USD,0.546,43024.8,ROAD THEN AIR,347.74,1.0,0.0,nan,NAN,5.0,False,False,False,4.0,5.0,True,False
RB-002350,Rift Bloom - Ziwa Farm,Yellow Babe,60.0,B,20.0,84.0,1680.0,2025-03-22,2025-03-22,2025-03-24,2025-03-28,Germany,M-Farm Traders,USD,0.271,455.28,AIR FREIGHT,81.19,3.1,0.0,nan,OVERDUE,5.0,False,False,False,2.0,4.0,True,False
RB-001747,Rift Bloom - Kapseret Farm,Athena,70.0,PREMIUM,25.0,38.0,950.0,2022-10-27,2022-10-27,2022-10-29,2022-11-04,USA,Interflora Russia,KES,48.49,46065.5,AIR FREIGHT,465.16,3.4,0.0,nan,OVERDUE,4.0,False,False,False,2.0,6.0,True,False
RB-001739,Rift Bloom - Kesses Farm,Cool Water,60.0,A,40.0,129.0,5160.0,2024-05-02,2024-07-02,2024-09-02,2024-02-11,Netherlands,Whole Foods Market,USD,0.312,1609.92,AIR FREIGHT,363.23,2.3,0.0,nan,PAID,5.0,False,False,False,62.0,-204.0,False,False
RB-000237,Rift Bloom - Kapseret Farm,Sweetness,80.0,PREMIUM,25.0,184.0,4600.0,2024-03-03,2024-05-03,2024-03-07,2024-11-03,Switzerland,Dubai Flower Centre,USD,0.436,2005.6,ROAD THEN AIR,,1.7,0.0,nan,PAID,4.0,False,False,False,-57.0,241.0,False,False
RB-002914,Rift Bloom - Timboroa Farm,High & Magic,40.0,A,40.0,54.0,2160.0,2026-06-06,2026-08-06,,2026-06-15,Australia,Bloomon BV,KES,73.06,157809.6,ROAD THEN AIR,287.84,2.8,0.0,nan,PENDING,4.0,False,False,False,,,False,False
RB-001987,Rift Bloom - Ziwa Farm,Athena,60.0,PREMIUM,25.0,103.0,2575.0,2026-07-31,2026-08-01,2026-02-08,2026-03-08,Netherlands,FloraHolland Auction,NAN,0.385,991.38,AIR FREIGHT,,-0.1,53.0,Bud Blast,PAID,4.0,False,False,True,-174.0,28.0,False,False
RB-001984,Rift Bloom - Timboroa Farm,Avalanche,40.0,B,20.0,63.0,1260.0,2022-03-04,2022-03-06,2022-08-03,2022-10-03,U.S.A,Marks & Spencer Flowers,USD,0.529,666.54,AIR FREIGHT,136.36,3.5,0.0,nan,PENDING,2.0,False,False,False,150.0,61.0,True,False
RB-000500,Rift Bloom - Turbo Farm,High & Magic,80.0,A,10.0,188.0,1880.0,2022-01-15,2022-01-17,2022-01-21,2022-01-26,Poland,Marks & Spencer Flowers,NAN,0.408,767.04,AIR FREIGHT,,3.9,0.0,nan,NAN,4.0,False,False,False,4.0,5.0,True,False
RB-000823,Rift Bloom - Ziwa Farm,Mondial,80.0,STANDARD,10.0,45.0,450.0,2022-04-12,2022-12-05,2022-09-12,2022-12-10,Russia,Aalsmeer Direct,KES,48.1,21645.0,AIR FREIGHT,262.75,0.5,0.0,nan,NAN,5.0,False,False,False,-84.0,89.0,False,False
RB-000991,Rift Bloom - Timboroa Farm,Tibet,70.0,A,10.0,170.0,1700.0,2024-10-12,2024-10-13,2024-10-14,2024-10-20,Poland,Marks & Spencer Flowers,USD,0.443,753.1,UNKNOWN,712.85,2.3,0.0,nan,PAID,4.0,False,False,False,1.0,6.0,True,False
RB-000568,Rift Bloom - Moiben Farm,FREEDOM,80.0,nan,20.0,107.0,2140.0,2025-08-27,2025-08-29,2025-08-30,2025-09-02,USA,Local Wholesaler - Eldoret,EUR,0.213,455.82,NAN,179.29,3.7,0.0,nan,PAID,5.0,False,False,False,1.0,3.0,True,False
RB-002436,Rift Bloom - Ziwa Farm,Avalanche,70.0,nan,20.0,211.0,4220.0,2024-09-06,2024-11-06,2024-06-13,2024-06-14,US,M-Farm Traders,KES,45.76,193107.2,AIR FREIGHT,222.51,1.8,0.0,nan,PAID,2.0,False,False,False,-146.0,1.0,False,False
RB-000744,Rift Bloom - Kapseret Farm,Vendela,60.0,PREMIUM,10.0,112.0,1120.0,2025-10-15,2025-10-15,2025-10-17,2025-10-20,Germany,M-Farm Traders,NAN,0.182,203.84,AIR FREIGHT,86.37,2.0,0.0,nan,OVERDUE,5.0,False,False,False,2.0,3.0,True,False
RB-002401,Rift Bloom - Kesses Farm,Red Naomi,60.0,B,40.0,-136.0,-5440.0,2022-01-05,2022-05-01,2022-05-05,2022-05-09,Japan,Dubai Flower Centre,USD,0.36,-1958.4,NAN,423.77,1.0,0.0,nan,PAID,4.0,False,False,False,4.0,4.0,True,False
RB-001218,Rift Bloom - Kesses Farm,Pink Floyd,50.0,PREMIUM,10.0,219.0,2190.0,2024-12-29,2024-12-29,2025-02-01,2025-04-01,Japan,Dubai Flower Centre,KES,40.17,87972.3,AIR FREIGHT,454.28,2.6,0.0,nan,OVERDUE,4.0,False,False,False,34.0,59.0,True,False
RB-000236,Rift Bloom - Timboroa Farm,Peach Avalanche,90.0,B,20.0,106.0,2120.0,2022-01-02,2022-01-04,2022-08-01,2022-01-14,Switzerland,Carrefour Flowers,EUR,0.383,811.96,AIR FREIGHT,222.44,1.9,0.0,nan,PAID,2.0,False,False,False,209.0,-199.0,False,False
RB-002811,Rift Bloom - Ziwa Farm,avalanche,80.0,A,25.0,63.0,1575.0,2024-05-15,2024-05-15,2024-05-16,2024-05-22,Germany,FloraHolland Auction,USD,0.168,264.6,NAN,110.34,,0.0,nan,PENDING,1.0,False,False,False,1.0,6.0,True,False
RB-000481,Rift Bloom - Kesses Farm,Peach Avalanche,40.0,A,10.0,165.0,1650.0,2025-06-29,2025-06-30,2025-03-07,2025-07-07,Germany,Blume2000,USD,0.227,374.55,ROAD THEN AIR,35.86,1.3,0.0,nan,PENDING,4.0,False,False,False,-115.0,122.0,False,False
RB-002043,Rift Bloom - Ziwa Farm,Circus,90.0,A,40.0,123.0,4920.0,2022-11-15,2022-11-17,2022-11-20,2022-11-23,Netherlands,Dubai Flower Centre,UNKNOWN,0.27,1328.4,AIR FREIGHT,305.42,5.0,0.0,nan,PAID,5.0,False,False,False,3.0,3.0,True,False
RB-001678,Rift Bloom - Ziwa Farm,Sweetness,70.0,nan,20.0,158.0,3160.0,2023-07-04,2023-08-04,2023-10-04,2023-04-12,Poland,Local Wholesaler - Eldoret,EUR,0.161,508.76,NAN,369.87,,0.0,nan,PENDING,5.0,False,False,False,61.0,-175.0,False,False
RB-002634,Rift Bloom - Kesses Farm,Cool Water,70.0,C,25.0,139.0,3475.0,2025-11-23,2025-11-24,2025-11-25,2025-11-26,Norway,FloraHolland Auction,KES,49.27,171213.25,AIR FREIGHT,364.2,,0.0,nan,PAID,5.0,False,False,False,1.0,1.0,True,False
RB-001273,Rift Bloom - Moiben Farm,Pink Floyd,70.0,C,10.0,72.0,720.0,2023-03-24,2023-03-25,2023-03-29,2023-04-04,netherlands,Interflora Russia,EUR,0.329,236.88,AIR FREIGHT,432.58,0.2,0.0,nan,PENDING,3.0,False,False,False,4.0,6.0,True,False
RB-000927,Rift Bloom - Ziwa Farm,Peach Avalanche,50.0,B,25.0,210.0,5250.0,2023-10-31,2023-10-31,2023-04-11,2023-08-11,The Netherlands,Interflora Russia,EUR,0.325,1706.25,AIR FREIGHT,205.86,0.3,0.0,nan,PAID,5.0,False,False,False,-203.0,122.0,False,False
RB-001595,Rift Bloom - Turbo Farm,Sweetness,40.0,PREMIUM,20.0,72.0,1440.0,2022-07-07,2022-07-09,2022-07-13,2022-07-18,Norway,Blume2000,EUR,0.446,642.24,ROAD THEN AIR,45.96,2.5,0.0,nan,PAID,4.0,False,False,False,4.0,5.0,True,False
RB-000224,Rift Bloom - Moiben Farm,Circus,70.0,STANDARD,25.0,35.0,875.0,2023-07-13,2023-07-15,2023-07-16,2023-07-19,Japan,Tokyo Flower Market,NAN,0.334,292.25,AIR FREIGHT,262.54,-1.5,0.0,nan,OVERDUE,4.0,False,False,True,1.0,3.0,True,False
RB-001246,Rift Bloom - Kapseret Farm,Pink Floyd,60.0,A,10.0,57.0,570.0,,2026-02-25,2026-02-28,2026-03-01,Switzerland,Bloomon BV,KES,44.46,25342.2,AIR FREIGHT,86.04,3.5,0.0,nan,OVERDUE,1.0,False,False,False,3.0,1.0,True,False
RB-000053,Rift Bloom - Turbo Farm,Sweetness,50.0,B,10.0,-119.0,-1190.0,2022-06-30,2022-06-30,2022-01-07,2022-03-07,US,Blume2000,EUR,0.578,-687.82,NAN,212.62,-1.4,28.0,nan,UNKNOWN,4.0,False,False,True,-174.0,59.0,False,False
RB-000530,Rift Bloom - Moiben Farm,Yellow Babe,40.0,PREMIUM,25.0,423.0,10575.0,2025-09-15,2025-09-16,2025-09-19,2025-09-22,Switzerland,Tokyo Flower Market,USD,0.512,5414.4,NAN,546.96,4.1,0.0,nan,PAID,4.0,False,False,False,3.0,3.0,True,False
RB-002988,Rift Bloom - Ziwa Farm,Explorer,70.0,PREMIUM,40.0,78.0,3120.0,2026-06-27,2026-06-28,2026-06-30,2026-02-07,Japan,Whole Foods Market,USD,0.308,960.96,ROAD THEN AIR,274.59,,3.0,Undersized Stems,NAN,4.0,False,False,False,2.0,-143.0,False,False
RB-000156,Rift Bloom - Kesses Farm,Vendela,70.0,B,40.0,107.0,4280.0,2025-08-27,2025-08-29,2025-08-30,2025-05-09,United Kingdom,Local Wholesaler - Eldoret,EUR,0.33,1412.4,AIR FREIGHT,58.05,0.7,0.0,nan,PAID,4.0,False,False,False,1.0,-113.0,False,False
RB-002933,Rift Bloom - Turbo Farm,High & Magic,50.0,B,25.0,124.0,3100.0,2026-09-04,2026-04-10,2026-12-04,2026-04-17,Japan,Interflora Russia,USD,0.579,1794.9,AIR FREIGHT,271.76,-0.9,0.0,nan,PAID,4.0,False,False,True,238.0,-231.0,False,False
RB-000249,Rift Bloom - Turbo Farm,Tibet,40.0,B,25.0,131.0,3275.0,2025-01-23,2025-01-24,2025-01-27,2025-01-31,Netherlands,Blume2000,USD,0.279,913.73,ROAD THEN AIR,364.39,0.2,0.0,nan,OVERDUE,5.0,False,False,False,3.0,4.0,True,False
RB-001895,Rift Bloom - Ziwa Farm,Explorer,50.0,C,10.0,308.0,3080.0,2022-07-22,2022-07-22,2022-07-25,2022-07-29,Germany,Aalsmeer Direct,KES,30.03,92492.4,AIR FREIGHT,77.04,3.2,0.0,nan,PAID,5.0,False,False,False,3.0,4.0,True,False
RB-002030,Rift Bloom - Turbo Farm,Explorer,70.0,C,20.0,91.0,1820.0,2025-11-17,2025-11-19,2025-11-22,2025-11-26,Japan,Interflora Russia,KES,30.42,55364.4,AIR FREIGHT,297.3,1.8,0.0,nan,PAID,4.0,False,False,False,3.0,4.0,True,False
RB-000543,Rift Bloom - Timboroa Farm,Yellow Babe,70.0,B,10.0,98.0,980.0,2023-10-11,2023-11-12,2023-11-15,2023-11-20,Poland,Tokyo Flower Market,EUR,0.35,343.0,AIR FREIGHT,279.97,1.5,0.0,nan,PENDING,4.0,False,False,False,3.0,5.0,True,False
RB-000794,Rift Bloom - Moiben Farm,Peach Avalanche,60.0,STANDARD,40.0,118.0,4720.0,2025-06-11,2025-11-08,2025-12-11,2025-11-18,Russia,Carrefour Flowers,USD,0.324,1529.28,AIR FREIGHT,239.41,3.0,0.0,nan,OVERDUE,4.0,False,False,False,33.0,-23.0,False,False
RB-001726,Rift Bloom - Turbo Farm,Athena,80.0,C,20.0,49.0,980.0,2023-10-15,2023-10-17,2023-10-20,2023-10-21,Norway,Interflora Russia,KES,38.61,37837.8,AIR FREIGHT,26.17,3.3,0.0,nan,PAID,5.0,False,False,False,3.0,1.0,True,False
RB-000629,Rift Bloom - Timboroa Farm,Sweetness,40.0,A,20.0,42.0,840.0,2026-03-03,2026-03-03,2026-05-03,2026-10-03,United Kingdom,Whole Foods Market,NAN,0.386,324.24,ROAD THEN AIR,50.79,,0.0,nan,PAID,3.0,False,False,False,61.0,153.0,True,False
RB-002199,Rift Bloom - Timboroa Farm,Mondial,40.0,B,10.0,179.0,1790.0,2022-11-04,2022-04-13,2022-04-15,2022-04-17,USA,Marks & Spencer Flowers,KES,25.35,45376.5,AIR FREIGHT,634.25,0.9,32.0,Petal Bruising,OVERDUE,4.0,False,False,False,2.0,2.0,True,False
RB-002755,Rift Bloom - Timboroa Farm,Pink Floyd,70.0,B,25.0,48.0,1200.0,2023-06-03,2023-05-06,2023-06-06,2023-09-06,U.A.E,Carrefour Flowers,USD,0.316,379.2,AIR FREIGHT,98.11,2.5,0.0,nan,PAID,3.0,False,False,False,31.0,92.0,True,False
RB-002902,Rift Bloom - Kesses Farm,Vendela,60.0,PREMIUM,40.0,132.0,5280.0,2025-10-08,2025-10-08,2025-10-09,2025-10-15,USA,Carrefour Flowers,USD,0.393,2075.04,UNKNOWN,580.12,2.7,0.0,nan,PENDING,1.0,False,False,False,1.0,6.0,True,False
RB-001368,Rift Bloom - Kesses Farm,Vendela,60.0,B,20.0,154.0,3080.0,2022-04-05,2022-06-05,2022-05-07,2022-05-08,United Kingdom,Dubai Flower Centre,KES,43.94,135335.2,AIR FREIGHT,301.52,2.7,0.0,nan,PAID,4.0,False,False,False,-29.0,1.0,False,False
RB-001621,Rift Bloom - Kapseret Farm,Freedom,60.0,A,20.0,24.0,480.0,2022-05-10,2022-06-10,2022-10-08,2022-10-10,Australia,Dubai Flower Centre,USD,0.331,158.88,AIR FREIGHT,514.03,2.7,0.0,nan,PAID,4.0,False,False,False,120.0,2.0,True,False
RB-002839,Rift Bloom - Timboroa Farm,Explorer,80.0,STANDARD,40.0,37.0,1480.0,2025-04-19,2025-04-21,,2025-04-25,Norway,Bloomon BV,USD,0.27,399.6,AIR FREIGHT,558.96,4.0,0.0,nan,PENDING,4.0,False,False,False,,,False,False
RB-001072,Rift Bloom - Turbo Farm,Yellow Babe,60.0,UNKNOWN,25.0,73.0,1825.0,2024-07-10,2024-07-12,2024-07-13,2024-07-19,Russia,Carrefour Flowers,EUR,0.396,722.7,AIR FREIGHT,157.31,,0.0,nan,PAID,5.0,False,False,False,1.0,6.0,True,False
RB-001829,Rift Bloom - Kesses Farm,High & Magic,60.0,C,25.0,74.0,1850.0,2022-05-31,2022-02-06,2022-05-06,2022-08-06,US,Whole Foods Market,USD,0.424,784.4,AIR FREIGHT,530.08,4.4,0.0,nan,PAID,3.0,False,False,False,89.0,92.0,True,False
RB-000827,Rift Bloom - Kapseret Farm,Freedom,50.0,nan,25.0,49.0,1225.0,2023-05-14,2023-05-16,2023-05-19,2023-05-22,United Arab Emirates,Interflora Russia,EUR,0.461,564.73,NAN,62.58,3.0,0.0,nan,PENDING,5.0,False,False,False,3.0,3.0,True,False
RB-001069,Rift Bloom - Turbo Farm,Explorer,60.0,PREMIUM,10.0,43.0,430.0,2022-04-13,2022-04-15,2022-04-19,2022-04-22,United Kingdom,Blume2000,NAN,0.503,216.29,AIR FREIGHT,,2.8,16.0,-,PAID,4.0,False,False,False,4.0,3.0,True,True
RB-001985,Rift Bloom - Timboroa Farm,Tibet,60.0,PREMIUM,40.0,151.0,6040.0,2026-06-11,2026-06-13,2026-06-16,2026-06-18,usa,M-Farm Traders,EUR,0.214,1292.56,NAN,251.78,2.1,0.0,nan,NAN,5.0,False,False,False,3.0,2.0,True,False
RB-001838,Rift Bloom - Kapseret Farm,Freedom,90.0,B,20.0,165.0,3300.0,2023-10-01,2023-10-01,2023-01-13,2023-01-17,usa,Dubai Flower Centre,UNKNOWN,0.44,1452.0,AIR FREIGHT,239.64,0.3,0.0,nan,PAID,4.0,False,False,False,-261.0,4.0,False,False
RB-000536,Rift Bloom - Kapseret Farm,High & Magic,40.0,B,40.0,55.0,2200.0,2024-11-10,,2024-10-17,,United Arab Emirates,FloraHolland Auction,NAN,0.415,913.0,NAN,204.48,,0.0,nan,PENDING,5.0,False,False,False,,,False,False
RB-002746,Rift Bloom - Timboroa Farm,Tibet,70.0,A,20.0,371.0,7420.0,2025-07-25,2025-07-25,2025-07-28,2025-07-31,The Netherlands,Dubai Flower Centre,USD,0.572,4244.24,AIR FREIGHT,376.26,2.8,0.0,nan,PAID,4.0,False,False,False,3.0,3.0,True,False
RB-002632,Rift Bloom - Timboroa Farm,Circus,50.0,A,40.0,89.0,3560.0,,2022-09-10,2022-09-13,2022-09-17,France,Bloomon BV,NAN,0.278,989.68,AIR FREIGHT,230.42,,0.0,nan,PENDING,4.0,False,False,False,3.0,4.0,True,False
RB-002868,Rift Bloom - Turbo Farm,Freedom,70.0,PREMIUM,20.0,343.0,6860.0,2023-07-31,2023-07-31,2023-04-08,2023-08-05,Holland,Whole Foods Market,USD,0.421,2888.06,AIR FREIGHT,265.75,6.0,0.0,nan,PAID,5.0,False,False,False,-114.0,119.0,False,False
RB-001711,Rift Bloom - Moiben Farm,Red Naomi,40.0,A,40.0,17.0,680.0,2023-02-27,2023-02-28,2023-04-03,2023-06-03,Japan,Local Wholesaler - Eldoret,USD,0.285,193.8,AIR FREIGHT,,2.4,0.0,nan,PAID,4.0,False,False,False,34.0,61.0,True,False
RB-000083,Rift Bloom - Ziwa Farm,Athena,50.0,PREMIUM,20.0,70.0,1400.0,2024-04-02,2024-04-02,2024-03-04,2024-07-04,U.S.A,FloraHolland Auction,USD,0.221,309.4,ROAD THEN AIR,89.59,,0.0,nan,PAID,4.0,False,False,False,-29.0,122.0,False,False
RB-002561,Rift Bloom - Moiben Farm,Yellow Babe,60.0,A,40.0,42.0,1680.0,2025-10-12,2025-10-14,2025-10-17,2025-10-19,Russia,Dubai Flower Centre,EUR,0.562,944.16,AIR FREIGHT,993.75,,0.0,nan,NAN,3.0,False,False,False,3.0,2.0,True,False
RB-001989,Rift Bloom - Timboroa Farm,Yellow Babe,50.0,C,10.0,124.0,1240.0,2024-04-22,2024-04-23,2024-04-24,2024-04-29,Norway,Whole Foods Market,USD,0.305,3782.0,AIR FREIGHT,377.92,0.5,0.0,nan,NAN,3.0,False,False,False,1.0,5.0,True,False
RB-001384,Rift Bloom - Moiben Farm,Vendela,50.0,nan,20.0,288.0,5760.0,2025-04-14,2025-04-15,2025-04-17,2025-04-19,Australia,M-Farm Traders,NAN,0.371,2136.96,AIR FREIGHT,421.64,3.0,0.0,None,OVERDUE,3.0,False,False,False,2.0,2.0,True,False
RB-002081,Rift Bloom - Kesses Farm,Cool Water,60.0,A,25.0,47.0,1175.0,2024-11-18,2024-11-19,2024-11-20,2024-11-22,Switzerland,Marks & Spencer Flowers,EUR,0.212,249.1,AIR FREIGHT,378.6,3.8,0.0,nan,PAID,3.0,False,False,False,1.0,2.0,True,False
RB-001175,Rift Bloom - Timboroa Farm,Sweetness,60.0,C,25.0,354.0,8850.0,2023-12-24,2023-12-24,2023-12-26,2023-12-27,Japan,Blume2000,NAN,0.272,2407.2,NAN,218.93,-0.8,0.0,-,PAID,3.0,False,False,True,2.0,1.0,True,True
RB-000414,Rift Bloom - Kapseret Farm,Tibet,50.0,PREMIUM,10.0,217.0,2170.0,2026-04-23,2026-04-25,2026-04-26,2026-05-02,Switzerland,Interflora Russia,EUR,0.27,585.9,AIR FREIGHT,,0.8,17.0,unknown,NAN,3.0,False,False,False,1.0,6.0,True,True
RB-001818,Rift Bloom - Ziwa Farm,Explorer,50.0,STANDARD,10.0,58.0,580.0,2026-03-23,2026-03-24,2026-03-25,2026-03-27,United Kingdom,M-Farm Traders,USD,0.31,179.8,AIR FREIGHT,257.22,1.8,0.0,nan,UNKNOWN,5.0,False,False,False,1.0,2.0,True,False
RB-002630,Rift Bloom - Turbo Farm,Vendela,40.0,B,20.0,27.0,540.0,2024-12-25,2024-12-27,2024-12-31,2025-01-06,Germany,Interflora Russia,KES,59.8,32292.0,NAN,76.83,3.5,0.0,nan,UNKNOWN,5.0,False,False,False,4.0,6.0,True,False
RB-000615,Rift Bloom - Timboroa Farm,Avalanche,60.0,A,40.0,23.0,920.0,2023-10-30,2023-11-01,2023-11-03,,United Arab Emirates,Carrefour Flowers,KES,37.83,34803.6,AIR FREIGHT,29.75,4.1,0.0,nan,NAN,5.0,False,False,False,2.0,,False,False
RB-002138,Rift Bloom - Ziwa Farm,Cool Water,70.0,PREMIUM,25.0,161.0,4025.0,2025-12-26,2025-12-28,2025-12-29,2026-02-01,Australia,Marks & Spencer Flowers,EUR,0.323,1300.08,ROAD THEN AIR,179.19,1.3,0.0,nan,NAN,4.0,False,False,False,1.0,34.0,True,False
RB-002800,Rift Bloom - Moiben Farm,Avalanche,50.0,B,20.0,113.0,2260.0,2022-07-12,2022-07-12,2022-09-12,2022-12-14,Russia,Bloomon BV,EUR,0.268,605.68,ROAD THEN AIR,721.19,20.3,0.0,nan,OVERDUE,5.0,False,False,False,62.0,93.0,True,False
RB-001238,Rift Bloom - Timboroa Farm,RedNaomi,50.0,nan,20.0,40.0,800.0,2025-10-18,2025-10-19,2025-10-22,2025-10-27,Switzerland,Dubai Flower Centre,KES,66.43,53144.0,NAN,670.65,2.5,0.0,nan,PENDING,3.0,False,False,False,3.0,5.0,True,False
RB-002182,Rift Bloom - Ziwa Farm,Tibet,60.0,B,10.0,39.0,390.0,2023-08-31,2023-09-02,2023-09-05,2023-09-09,United Kingdom,M-Farm Traders,EUR,0.162,63.18,AIR FREIGHT,365.21,1.0,0.0,nan,PENDING,4.0,False,False,False,3.0,4.0,True,False
RB-000556,Rift Bloom - Timboroa Farm,Vendela,40.0,B,10.0,156.0,1560.0,2026-05-21,2026-05-22,2026-05-25,2026-05-26,Japan,Dubai Flower Centre,EUR,0.629,981.24,AIR FREIGHT,298.15,1.7,0.0,nan,PENDING,4.0,False,False,False,3.0,1.0,True,False
RB-002369,Rift Bloom - Moiben Farm,Peach Avalanche,70.0,PREMIUM,10.0,79.0,790.0,2022-02-14,2022-02-16,2022-02-17,2022-02-22,United Arab Emirates,Dubai Flower Centre,NAN,0.296,2338.4,UNKNOWN,,6.5,0.0,nan,PAID,4.0,False,False,False,1.0,5.0,True,False
RB-002861,Rift Bloom - Timboroa Farm,RedNaomi,80.0,B,25.0,-125.0,-3125.0,2022-07-24,2022-07-24,2022-07-28,2022-07-29,France,Carrefour Flowers,NAN,0.191,-596.88,AIR FREIGHT,128.51,,0.0,nan,NAN,5.0,False,False,False,4.0,1.0,True,False
RB-002838,Rift Bloom - Moiben Farm,Explorer,90.0,PREMIUM,10.0,125.0,1250.0,2023-10-05,2023-05-12,2023-05-13,2023-05-18,Poland,Whole Foods Market,USD,0.365,456.25,AIR FREIGHT,85.51,4.0,0.0,nan,PAID,4.0,False,False,False,1.0,5.0,True,False
RB-000635,Rift Bloom - Kesses Farm,Sweetness,50.0,PREMIUM,25.0,178.0,4450.0,2024-02-01,2024-02-01,2024-02-03,2024-05-02,Switzerland,Bloomon BV,USD,0.404,1797.8,ROAD THEN AIR,8.33,1.2,19.0,Undersized Stems,PENDING,4.0,False,False,False,2.0,89.0,True,False
RB-002601,Rift Bloom - Moiben Farm,Pink Floyd,50.0,A,25.0,69.0,1725.0,2023-03-19,2023-03-20,2023-03-21,2023-03-24,Switzerland,Bloomon BV,EUR,0.392,676.2,NAN,75.12,4.1,0.0,nan,OVERDUE,4.0,False,False,False,1.0,3.0,True,False
RB-001056,Rift Bloom - Timboroa Farm,Tibet,80.0,A,25.0,26.0,650.0,2022-07-29,2022-07-30,2022-07-31,2022-01-08,United Arab Emirates,Whole Foods Market,USD,0.161,104.65,AIR FREIGHT,493.07,,0.0,nan,OVERDUE,5.0,False,False,False,1.0,-204.0,False,False
RB-000797,Rift Bloom - Timboroa Farm,Circus,50.0,nan,40.0,77.0,3080.0,2023-12-24,2023-12-26,2023-12-27,2023-12-28,Russia,M-Farm Traders,UNKNOWN,0.393,1210.44,NAN,185.81,1.8,0.0,nan,PAID,5.0,False,False,False,1.0,1.0,True,False
RB-000175,Rift Bloom - Moiben Farm,Mondial,50.0,A,20.0,72.0,1440.0,2022-04-20,2022-04-21,2022-04-25,2022-04-27,United Kingdom,Tokyo Flower Market,KES,26.78,38563.2,ROAD THEN AIR,76.79,4.8,0.0,nan,PAID,4.0,False,False,False,4.0,2.0,True,False
RB-000246,Rift Bloom - Timboroa Farm,Vendela,50.0,C,20.0,61.0,1220.0,2023-09-24,2023-09-25,2023-09-26,2023-09-29,United States,Interflora Russia,EUR,0.259,315.98,AIR FREIGHT,213.15,0.7,0.0,nan,PAID,4.0,False,False,False,1.0,3.0,True,False
RB-001081,Rift Bloom - Moiben Farm,Athena,60.0,PREMIUM,25.0,218.0,5450.0,2025-10-14,2025-10-16,2025-10-18,2025-10-21,Japan,Interflora Russia,KES,46.93,255768.5,AIR FREIGHT,,3.9,14.0,Stem Bent,PAID,5.0,False,False,False,2.0,3.0,True,False
RB-001655,Rift Bloom - Timboroa Farm,Red Naomi,80.0,B,40.0,39.0,1560.0,2025-05-02,2025-04-05,2025-05-08,2025-05-13,Switzerland,FloraHolland Auction,EUR,0.279,435.24,ROAD THEN AIR,81.1,1.5,0.0,nan,PAID,4.0,False,False,False,33.0,5.0,True,False
RB-000469,Rift Bloom - Turbo Farm,Yellow Babe,70.0,B,10.0,150.0,1500.0,2024-05-19,2024-05-19,2024-05-21,2024-05-25,Russia,Local Wholesaler - Eldoret,USD,0.186,279.0,AIR FREIGHT,490.26,1.4,0.0,nan,OVERDUE,4.0,True,False,False,2.0,4.0,True,False
RB-000145,Rift Bloom - Ziwa Farm,Sweetness,80.0,C,20.0,102.0,2040.0,2023-06-19,2023-06-19,2023-06-21,2023-06-22,France,Whole Foods Market,USD,0.204,416.16,AIR FREIGHT,262.52,3.7,0.0,nan,PENDING,3.0,False,False,False,2.0,1.0,True,False
RB-000091,Rift Bloom - Timboroa Farm,RedNaomi,60.0,UNKNOWN,25.0,201.0,5025.0,2022-06-11,2022-06-13,2022-06-15,2022-06-18,Switzerland,Tokyo Flower Market,EUR,0.333,1673.33,AIR FREIGHT,208.79,3.4,0.0,nan,PAID,3.0,False,False,False,2.0,3.0,True,False
RB-000683,Rift Bloom - Turbo Farm,Tibet,50.0,nan,25.0,280.0,7000.0,2022-01-18,2022-01-18,2022-01-21,2022-01-24,Poland,Tokyo Flower Market,KES,32.89,230230.0,UNKNOWN,225.14,4.9,0.0,nan,PENDING,4.0,False,False,False,3.0,3.0,True,False
RB-002697,Rift Bloom - Ziwa Farm,Yellow Babe,80.0,PREMIUM,25.0,178.0,4450.0,2026-07-20,2026-07-20,2026-07-23,2026-07-29,US,Dubai Flower Centre,USD,0.511,2273.95,AIR FREIGHT,190.13,2.6,0.0,nan,PENDING,2.0,False,False,False,3.0,6.0,True,False
RB-001957,Rift Bloom - Moiben Farm,Red Naomi,70.0,A,20.0,220.0,4400.0,2023-10-12,2023-10-13,2023-10-16,2023-10-17,Netherlands,Interflora Russia,USD,0.357,1570.8,AIR FREIGHT,361.14,3.6,0.0,nan,PENDING,4.0,False,False,False,3.0,1.0,True,False
RB-000925,Rift Bloom - Timboroa Farm,Peach Avalanche,60.0,STANDARD,20.0,61.0,1220.0,2024-10-03,2024-03-12,2024-03-16,2024-03-18,Poland,Aalsmeer Direct,NAN,0.171,208.62,AIR FREIGHT,216.71,1.8,0.0,nan,PAID,4.0,False,False,False,4.0,2.0,True,False
RB-002797,Rift Bloom - Timboroa Farm,Yellow Babe,60.0,A,10.0,122.0,1220.0,2024-09-11,2024-11-09,2024-11-11,2024-11-16,Switzerland,M-Farm Traders,EUR,0.387,472.14,ROAD THEN AIR,108.64,3.5,0.0,nan,PAID,4.0,False,False,False,2.0,5.0,True,False
RB-001910,Rift Bloom - Kesses Farm,Avalanche,60.0,B,20.0,153.0,3060.0,2022-09-27,2022-09-27,2022-09-30,2022-10-01,USA,Carrefour Flowers,USD,0.137,419.22,AIR FREIGHT,17.72,0.3,0.0,nan,NAN,5.0,False,False,False,3.0,1.0,True,False
RB-001036,Rift Bloom - Kesses Farm,Red Naomi,90.0,A,40.0,156.0,6240.0,2023-04-25,2023-04-25,2023-04-28,2023-03-05,Australia,Aalsmeer Direct,USD,0.196,1223.04,NAN,178.42,2.5,0.0,nan,PENDING,4.0,False,False,False,3.0,-54.0,False,False
RB-001401,Rift Bloom - Kesses Farm,Explorer,60.0,B,20.0,217.0,4340.0,2024-07-11,2024-09-11,2024-11-13,2024-11-18,Netherlands,Whole Foods Market,EUR,0.525,2278.5,AIR FREIGHT,486.74,-0.7,0.0,nan,PAID,5.0,False,False,True,63.0,5.0,True,False
RB-002292,Rift Bloom - Moiben Farm,Tibet,40.0,C,10.0,47.0,470.0,2025-02-01,2025-02-02,2025-04-02,2025-07-02,Australia,Dubai Flower Centre,EUR,0.513,241.11,AIR FREIGHT,408.37,4.2,0.0,nan,PAID,5.0,False,False,False,59.0,91.0,True,False
RB-001501,Rift Bloom - Timboroa Farm,Red Naomi,60.0,PREMIUM,20.0,163.0,3260.0,2023-05-31,2023-01-06,2023-03-06,2023-05-06,NL,Dubai Flower Centre,EUR,0.414,1349.64,AIR FREIGHT,214.75,2.0,0.0,nan,OVERDUE,3.0,False,False,False,59.0,61.0,True,False
RB-002263,Rift Bloom - Kesses Farm,Cool Water,60.0,A,40.0,263.0,10520.0,2024-05-22,2024-05-22,2024-05-24,2024-05-29,Australia,Interflora Russia,USD,0.343,3608.36,AIR FREIGHT,497.82,2.6,0.0,nan,PAID,4.0,False,False,False,2.0,5.0,True,False
RB-001469,Rift Bloom - Kesses Farm,Circus,90.0,nan,10.0,94.0,940.0,2022-09-22,2022-09-22,2022-09-24,2022-09-27,Poland,Carrefour Flowers,NAN,0.366,344.04,AIR FREIGHT,201.95,2.7,0.0,nan,PAID,5.0,False,False,False,2.0,3.0,True,False
RB-000854,Rift Bloom - Kapseret Farm,Vendela,50.0,A,40.0,153.0,6120.0,2023-06-18,2023-06-19,,2023-06-28,Poland,Dubai Flower Centre,USD,0.197,1205.64,ROAD THEN AIR,279.23,2.5,0.0,nan,PAID,4.0,False,False,False,,,False,False
RB-002205,Rift Bloom - Kesses Farm,Peach Avalanche,40.0,PREMIUM,25.0,77.0,1925.0,2025-09-06,,2025-09-10,2025-09-14,Japan,Interflora Russia,NAN,0.356,685.3,AIR FREIGHT,309.86,2.2,0.0,nan,NAN,4.0,False,False,False,,4.0,False,False
RB-001143,Rift Bloom - Kesses Farm,Tibet,50.0,C,40.0,71.0,2840.0,2023-10-27,2023-10-27,2023-10-30,2023-04-11,Japan,M-Farm Traders,USD,0.402,1141.68,AIR FREIGHT,237.74,,0.0,nan,PAID,4.0,False,False,False,3.0,-202.0,False,False
RB-001144,Rift Bloom - Turbo Farm,Avalanche+,70.0,PREMIUM,40.0,19.0,760.0,2025-06-02,2025-03-06,2025-05-06,2025-08-06,Russia,Dubai Flower Centre,NAN,0.331,251.56,AIR FREIGHT,279.16,2.1,0.0,nan,PENDING,5.0,False,False,False,61.0,92.0,True,False
RB-002275,Rift Bloom - Ziwa Farm,Freedom,50.0,STANDARD,10.0,166.0,1660.0,2026-06-02,2026-02-06,2026-02-10,2026-12-02,Japan,Dubai Flower Centre,NAN,0.393,652.38,AIR FREIGHT,384.76,1.6,0.0,nan,NAN,5.0,False,False,False,4.0,295.0,True,False
RB-002049,Rift Bloom - Kesses Farm,High & Magic,60.0,A,20.0,71.0,1420.0,2023-11-10,2023-11-10,2023-11-11,2023-11-16,Germany,Carrefour Flowers,EUR,0.369,523.98,AIR FREIGHT,,4.0,0.0,nan,OVERDUE,3.0,False,False,False,1.0,5.0,True,False
RB-000402,Rift Bloom - Timboroa Farm,Freedom,50.0,nan,20.0,166.0,3320.0,2024-06-09,2024-10-06,2024-11-06,2024-06-16,Poland,Blume2000,KES,42.38,140701.6,AIR FREIGHT,677.5,1.0,0.0,None,OVERDUE,2.0,False,False,False,31.0,-143.0,False,False
RB-000085,Rift Bloom - Moiben Farm,Cool Water,90.0,B,25.0,154.0,3850.0,2024-03-21,2024-03-22,2024-03-23,2024-03-25,United Kingdom,Blume2000,KES,60.45,232732.5,NAN,190.55,3.1,0.0,nan,PENDING,4.0,False,False,False,1.0,2.0,True,False
RB-002939,Rift Bloom - Moiben Farm,Mondial,50.0,B,40.0,191.0,7640.0,2024-11-10,2024-10-13,,2024-10-15,United States,M-Farm Traders,USD,0.36,2750.4,AIR FREIGHT,714.78,2.3,0.0,nan,PAID,4.0,False,False,False,,,False,False
RB-000115,Rift Bloom - Timboroa Farm,Explorer,80.0,nan,20.0,127.0,2540.0,2024-10-08,2024-12-08,2024-08-13,2024-08-16,Japan,Bloomon BV,USD,0.526,1336.04,AIR FREIGHT,59.29,3.2,20.0,Stem Bent,OVERDUE,5.0,False,False,False,-117.0,3.0,False,False
RB-002662,Rift Bloom - Kesses Farm,Peach Avalanche,40.0,A,20.0,109.0,2180.0,2022-05-27,2022-05-28,2022-05-30,2022-05-31,UAE,Local Wholesaler - Eldoret,EUR,0.378,824.04,AIR FREIGHT,389.93,2.7,0.0,nan,NAN,3.0,False,False,False,2.0,1.0,True,False
RB-001502,Rift Bloom - Ziwa Farm,Avalanche,60.0,C,10.0,36.0,360.0,2026-01-26,2026-01-27,2026-01-30,2026-05-02,Poland,Blume2000,EUR,0.266,95.76,AIR FREIGHT,233.48,2.8,0.0,nan,PENDING,5.0,False,False,False,3.0,92.0,True,False
RB-001557,Rift Bloom - Kesses Farm,Cool Water,70.0,C,20.0,137.0,2740.0,2022-07-04,2022-09-04,,2022-04-13,Norway,Tokyo Flower Market,USD,0.177,484.98,AIR FREIGHT,534.29,0.8,0.0,nan,NAN,4.0,False,False,False,,,False,False
RB-002008,Rift Bloom - Moiben Farm,Pink Floyd,90.0,PREMIUM,10.0,113.0,1130.0,2024-02-03,2024-03-04,2024-03-05,2024-11-03,Australia,Marks & Spencer Flowers,EUR,0.557,629.41,NAN,44.16,1.2,0.0,nan,PAID,5.0,False,False,False,1.0,243.0,True,False
RB-001886,Rift Bloom - Turbo Farm,Athena,60.0,A,25.0,69.0,1725.0,2023-09-14,2023-09-14,2023-09-16,2023-09-18,Japan,Tokyo Flower Market,USD,0.409,705.52,AIR FREIGHT,396.43,2.9,0.0,nan,PAID,5.0,False,False,False,2.0,2.0,True,False
RB-001867,Rift Bloom - Timboroa Farm,Mondial,60.0,STANDARD,20.0,143.0,2860.0,2024-08-08,2024-08-08,2024-08-11,2024-08-12,Switzerland,Blume2000,USD,0.403,1152.58,AIR FREIGHT,323.39,3.7,0.0,nan,OVERDUE,4.0,False,False,False,3.0,1.0,True,False
RB-000953,Rift Bloom - Turbo Farm,Pink Floyd,90.0,B,20.0,230.0,4600.0,2023-01-29,2023-01-31,2023-01-02,2023-06-02,Norway,Interflora Russia,EUR,0.393,1807.8,AIR FREIGHT,257.11,-0.3,0.0,nan,OVERDUE,4.0,False,False,True,-29.0,151.0,False,False
RB-002307,Rift Bloom - Kapseret Farm,Yellow Babe,70.0,A,40.0,237.0,9480.0,2024-01-18,2024-01-20,2024-01-21,2024-01-26,Russia,Bloomon BV,EUR,0.331,3137.88,AIR FREIGHT,141.27,1.4,0.0,nan,PENDING,5.0,False,False,False,1.0,5.0,True,False
RB-000625,Rift Bloom - Kapseret Farm,High & Magic,40.0,A,40.0,169.0,6760.0,2025-01-06,2025-06-01,2025-01-10,2025-01-12,United Arab Emirates,Interflora Russia,EUR,0.091,615.16,AIR FREIGHT,247.44,,0.0,nan,PENDING,4.0,False,False,False,-142.0,2.0,False,False
RB-002184,Rift Bloom - Kesses Farm,Freedom,70.0,B,10.0,17.0,170.0,2023-09-13,2023-09-15,2023-09-18,2023-09-22,United Arab Emirates,Tokyo Flower Market,EUR,0.299,50.83,AIR FREIGHT,346.79,1.4,0.0,nan,NAN,5.0,False,False,False,3.0,4.0,True,False
RB-002641,Rift Bloom - Kapseret Farm,Mondial,50.0,B,20.0,89.0,1780.0,2022-01-18,2022-01-20,2022-01-21,2022-01-24,Russia,Tokyo Flower Market,USD,0.316,562.48,NAN,217.46,1.2,18.0,Bud Blast,NAN,4.0,False,False,False,1.0,3.0,True,False
RB-001315,Rift Bloom - Kesses Farm,Pink Floyd,40.0,A,20.0,151.0,3020.0,2026-02-12,2026-02-14,2026-02-17,,Norway,Bloomon BV,EUR,0.177,534.54,AIR FREIGHT,226.4,0.6,0.0,nan,PAID,4.0,False,False,False,3.0,,False,False
RB-001526,Rift Bloom - Timboroa Farm,Yellow Babe,70.0,B,10.0,59.0,590.0,2025-11-18,2025-11-20,2025-11-24,2025-11-28,Russia,Bloomon BV,USD,0.448,264.32,AIR FREIGHT,200.2,2.6,0.0,nan,PAID,5.0,False,False,False,4.0,4.0,True,False
RB-001563,Rift Bloom - Timboroa Farm,Circus,60.0,A,40.0,83.0,3320.0,2023-02-27,2023-02-27,2023-03-03,2023-03-09,France,Blume2000,EUR,0.311,1032.52,AIR FREIGHT,621.9,1.7,0.0,nan,PAID,5.0,False,False,False,4.0,6.0,True,False
RB-001753,Rift Bloom - Timboroa Farm,Peach Avalanche,60.0,B,20.0,62.0,1240.0,2023-11-03,2023-03-12,2023-03-13,,Poland,Blume2000,EUR,0.308,381.92,AIR FREIGHT,,4.1,0.0,Botrytis,OVERDUE,3.0,False,False,False,1.0,,False,False
RB-002413,Rift Bloom - Ziwa Farm,Pink Floyd,50.0,A,20.0,234.0,4680.0,2026-03-24,2026-03-25,2026-03-28,2026-03-30,Netherlands,Blume2000,UNKNOWN,0.427,1998.36,AIR FREIGHT,513.55,3.9,0.0,nan,PAID,4.0,False,False,False,3.0,2.0,True,False
RB-002063,Rift Bloom - Timboroa Farm,Vendela,70.0,C,25.0,65.0,1625.0,2024-03-01,2024-03-03,,,USA,Blume2000,KES,37.31,60628.75,ROAD THEN AIR,217.71,1.5,12.0,nan,NAN,5.0,False,False,False,,,False,False
RB-001111,Rift Bloom - Timboroa Farm,Red Naomi,50.0,C,40.0,75.0,3000.0,2026-05-21,2026-05-23,2026-05-26,2026-05-27,Japan,FloraHolland Auction,EUR,0.154,462.0,AIR FREIGHT,178.75,3.2,18.0,nan,PAID,5.0,False,False,False,3.0,1.0,True,False
RB-001360,Rift Bloom - Moiben Farm,Tibet,80.0,A,25.0,128.0,3200.0,2023-11-02,2023-04-11,2023-11-06,2023-11-11,USA,Carrefour Flowers,EUR,0.377,1206.4,ROAD THEN AIR,571.98,-1.7,0.0,nan,NAN,5.0,False,False,True,209.0,5.0,True,False
RB-000710,Rift Bloom - Kesses Farm,Red Naomi,70.0,PREMIUM,25.0,317.0,7925.0,2025-08-09,2025-08-11,2025-08-15,2025-08-16,Germany,FloraHolland Auction,USD,0.384,3043.2,AIR FREIGHT,967.79,0.4,0.0,nan,OVERDUE,5.0,False,False,False,4.0,1.0,True,False
RB-001879,Rift Bloom - Ziwa Farm,Pink Floyd,50.0,PREMIUM,40.0,79.0,3160.0,,2024-06-24,2024-06-27,2024-02-07,usa,Blume2000,EUR,0.345,1090.2,AIR FREIGHT,297.4,-0.3,0.0,nan,PENDING,5.0,False,False,True,3.0,-141.0,False,False
RB-001379,Rift Bloom - Kapseret Farm,Pink Floyd,60.0,B,10.0,118.0,1180.0,2024-05-12,2024-05-14,2024-05-17,2024-05-21,Poland,Marks & Spencer Flowers,EUR,0.364,429.52,NAN,174.09,,0.0,nan,NAN,5.0,False,False,False,3.0,4.0,True,False
RB-001066,Rift Bloom - Kapseret Farm,red naomi,90.0,PREMIUM,10.0,141.0,1410.0,2023-04-05,2023-06-05,2023-05-10,2023-05-11,France,M-Farm Traders,EUR,0.391,551.31,NAN,250.27,1.8,84.0,Bud Blast,PENDING,4.0,False,False,False,-26.0,1.0,False,False
RB-001639,Rift Bloom - Kapseret Farm,Cool Water,80.0,B,20.0,195.0,3900.0,2023-12-13,2023-12-14,2023-12-16,2023-12-18,Russia,Whole Foods Market,USD,0.49,1911.0,ROAD THEN AIR,595.67,1.2,0.0,nan,OVERDUE,3.0,False,False,False,2.0,2.0,True,False
RB-001013,Rift Bloom - Kapseret Farm,Explorer,50.0,PREMIUM,10.0,131.0,1310.0,2026-07-14,2026-07-16,2026-07-19,2026-07-24,Netherlands,Carrefour Flowers,EUR,0.308,403.48,AIR FREIGHT,873.58,2.6,0.0,nan,NAN,3.0,False,False,False,3.0,5.0,True,False
RB-002128,Rift Bloom - Ziwa Farm,FREEDOM,500.0,C,40.0,75.0,3000.0,2022-01-20,2022-01-22,2022-01-24,2022-01-25,Germany,FloraHolland Auction,USD,0.377,1131.0,AIR FREIGHT,239.62,2.6,0.0,nan,PENDING,4.0,False,False,False,2.0,1.0,True,False
RB-001718,Rift Bloom - Kapseret Farm,Athena,-50.0,A,20.0,123.0,2460.0,2023-06-19,2023-06-19,2023-06-22,2023-06-24,Poland,Interflora Russia,USD,0.371,912.66,AIR FREIGHT,310.23,3.2,0.0,nan,PENDING,5.0,False,False,False,3.0,2.0,True,False
RB-000938,Rift Bloom - Kapseret Farm,Peach Avalanche,80.0,B,20.0,61.0,1220.0,2025-08-09,2025-10-08,2025-08-14,2025-08-15,Poland,M-Farm Traders,USD,0.397,484.34,AIR FREIGHT,,4.7,0.0,nan,OVERDUE,4.0,False,False,False,-55.0,1.0,False,False
RB-000835,Rift Bloom - Kesses Farm,Freedom,80.0,nan,10.0,212.0,2120.0,2022-05-22,2022-05-23,2022-05-24,2022-05-28,France,Whole Foods Market,USD,0.243,515.16,AIR FREIGHT,,2.1,0.0,nan,PENDING,4.0,False,False,False,1.0,4.0,True,False
RB-000255,Rift Bloom - Timboroa Farm,Mondial,60.0,nan,20.0,76.0,1520.0,2024-09-01,2024-11-01,2024-12-01,2024-01-17,Norway,Interflora Russia,EUR,0.216,328.32,AIR FREIGHT,19.28,-0.2,0.0,nan,PENDING,4.0,False,False,True,30.0,-319.0,False,False
RB-001408,Rift Bloom - Timboroa Farm,Circus,70.0,nan,25.0,227.0,5675.0,2025-11-22,2025-11-22,2025-11-26,2025-11-30,Australia,Aalsmeer Direct,EUR,0.408,2315.4,AIR FREIGHT,279.54,,12.0,Botrytis,PAID,2.0,False,False,False,4.0,4.0,True,False
RB-002961,Rift Bloom - Kesses Farm,Vendela,50.0,A,40.0,26.0,1040.0,2025-02-23,2025-02-24,2025-02-28,2025-04-03,Poland,Whole Foods Market,UNKNOWN,0.586,609.44,AIR FREIGHT,606.46,2.6,0.0,nan,NAN,2.0,False,False,False,4.0,34.0,True,False
RB-002185,Rift Bloom - Turbo Farm,Vendela,80.0,PREMIUM,40.0,237.0,9480.0,2025-11-18,2025-11-19,2025-11-21,2025-11-25,Australia,Aalsmeer Direct,EUR,0.5,4740.0,AIR FREIGHT,166.67,2.6,0.0,nan,PENDING,4.0,False,False,False,2.0,4.0,True,False
RB-000724,Rift Bloom - Ziwa Farm,Circus,90.0,UNKNOWN,25.0,100.0,2500.0,2026-01-13,2026-01-14,2026-01-16,2026-01-19,United Kingdom,Interflora Russia,USD,0.39,975.0,NAN,344.82,1.1,21.0,Petal Bruising,PAID,4.0,False,False,False,2.0,3.0,True,False
RB-000951,Rift Bloom - Ziwa Farm,Circus,50.0,B,10.0,136.0,1360.0,2024-03-26,2024-03-27,2024-03-28,2024-01-04,Germany,Marks & Spencer Flowers,EUR,0.353,480.08,NAN,305.83,-0.6,0.0,nan,PAID,2.0,False,False,True,1.0,-84.0,False,False
RB-000806,Rift Bloom - Kesses Farm,Pink Floyd,60.0,B,40.0,135.0,5400.0,2023-06-28,2023-06-29,2023-01-07,2023-03-07,Germany,Interflora Russia,USD,0.252,1360.8,AIR FREIGHT,115.92,0.1,0.0,nan,NAN,4.0,False,False,False,-173.0,59.0,False,False
RB-001830,Rift Bloom - Timboroa Farm,Pink Floyd,60.0,B,10.0,121.0,1210.0,2024-03-28,,2024-03-31,2024-01-04,Germany,Interflora Russia,KES,52.65,63706.5,NAN,610.33,1.0,0.0,nan,PENDING,4.0,False,False,False,,-87.0,False,False
RB-002178,Rift Bloom - Turbo Farm,Explorer,50.0,A,20.0,161.0,3220.0,2022-03-15,2022-03-15,2022-03-16,2022-03-21,Germany,Whole Foods Market,EUR,0.272,875.84,AIR FREIGHT,325.35,2.1,0.0,nan,PAID,3.0,False,False,False,1.0,5.0,True,False
RB-000338,Rift Bloom - Timboroa Farm,Freedom,60.0,PREMIUM,20.0,114.0,2280.0,2024-08-20,2024-08-21,2024-08-22,2024-08-27,France,Dubai Flower Centre,USD,0.434,989.52,AIR FREIGHT,292.4,1.6,0.0,nan,PAID,5.0,False,False,False,1.0,5.0,True,False
RB-000731,Rift Bloom - Timboroa Farm,Red Naomi,70.0,PREMIUM,40.0,-99.0,-3960.0,2022-03-05,2022-04-05,,2022-10-05,Australia,Aalsmeer Direct,USD,0.359,-1421.64,AIR FREIGHT,225.96,2.8,0.0,nan,PAID,2.0,False,False,False,,,False,False
RB-001714,Rift Bloom - Kapseret Farm,Mondial,70.0,A,20.0,65.0,1300.0,2022-03-21,2022-03-21,2022-03-22,2022-03-28,Poland,Marks & Spencer Flowers,NAN,0.319,414.7,NAN,700.28,1.9,0.0,nan,PAID,1.0,False,False,False,1.0,6.0,True,False
RB-002884,Rift Bloom - Kapseret Farm,High & Magic,40.0,B,10.0,129.0,1290.0,2026-07-03,2026-07-04,2026-07-05,2026-08-07,Norway,Whole Foods Market,EUR,0.434,559.86,AIR FREIGHT,375.12,0.1,0.0,nan,PAID,5.0,False,False,False,1.0,33.0,True,False
RB-002152,Rift Bloom - Ziwa Farm,Red Naomi,50.0,A,25.0,19.0,475.0,2023-02-01,2023-03-01,2023-01-04,2023-09-01,Japan,FloraHolland Auction,EUR,0.4,190.0,AIR FREIGHT,848.29,1.9,0.0,nan,NAN,5.0,True,False,False,-56.0,240.0,False,False
RB-002011,Rift Bloom - Kapseret Farm,Tibet,60.0,nan,10.0,90.0,900.0,2024-06-26,2024-06-27,2024-06-30,2024-04-07,USA,M-Farm Traders,KES,56.68,51012.0,ROAD THEN AIR,705.6,0.4,0.0,nan,PAID,5.0,False,False,False,3.0,-84.0,False,False
RB-002492,Rift Bloom - Turbo Farm,Circus,50.0,C,25.0,128.0,3200.0,2026-02-12,2026-12-02,2026-02-16,2026-02-18,NL,Whole Foods Market,KES,44.59,142688.0,AIR FREIGHT,328.36,2.8,0.0,nan,PAID,5.0,False,False,False,-289.0,2.0,False,False
RB-001811,Rift Bloom - Turbo Farm,Avalanche,60.0,nan,20.0,162.0,3240.0,2024-12-26,2024-12-28,2024-12-29,2024-12-31,Norway,Marks & Spencer Flowers,USD,0.055,178.2,AIR FREIGHT,642.59,0.9,0.0,nan,PAID,5.0,False,False,False,1.0,2.0,True,False
RB-001995,Rift Bloom - Ziwa Farm,Athena,50.0,A,20.0,148.0,2960.0,2024-10-11,2024-12-11,2024-11-14,2024-11-19,Switzerland,Marks & Spencer Flowers,NAN,0.106,313.76,NAN,,,0.0,nan,PENDING,2.0,False,False,False,-27.0,5.0,False,False
RB-000720,Rift Bloom - Kesses Farm,Circus,70.0,A,10.0,136.0,1360.0,2024-06-07,2024-07-06,2024-07-09,2024-07-14,Australia,Tokyo Flower Market,KES,63.83,86808.8,ROAD THEN AIR,380.41,3.6,0.0,nan,PENDING,4.0,False,False,False,3.0,5.0,True,False
RB-001570,Rift Bloom - Kesses Farm,Circus,60.0,A,25.0,66.0,1650.0,2024-12-05,2024-12-07,2024-08-12,2024-12-09,Australia,FloraHolland Auction,USD,0.355,585.75,AIR FREIGHT,670.16,1.7,0.0,nan,PAID,5.0,False,False,False,-117.0,119.0,False,False
RB-002276,Rift Bloom - Ziwa Farm,Vendela,70.0,PREMIUM,40.0,200.0,8000.0,2026-05-01,2026-05-03,2026-05-04,2026-07-05,Switzerland,Carrefour Flowers,USD,0.168,1344.0,AIR FREIGHT,242.85,2.6,0.0,nan,PENDING,4.0,False,False,False,1.0,62.0,True,False
RB-001300,Rift Bloom - Timboroa Farm,Vendela,80.0,C,40.0,218.0,8720.0,2022-06-03,2022-06-05,2022-09-06,2022-06-15,France,Carrefour Flowers,KES,63.31,552063.2,AIR FREIGHT,361.81,,0.0,nan,NAN,4.0,False,False,False,93.0,-83.0,False,False
RB-002175,Rift Bloom - Ziwa Farm,Pink Floyd,80.0,STANDARD,10.0,98.0,980.0,2022-08-06,2022-08-06,2022-10-08,2022-08-13,Australia,Marks & Spencer Flowers,USD,0.274,268.52,AIR FREIGHT,266.65,2.2,0.0,nan,OVERDUE,4.0,False,False,False,63.0,-56.0,False,False
RB-000406,Rift Bloom - Kapseret Farm,Explorer,90.0,A,10.0,31.0,310.0,2025-01-30,2025-01-31,2025-02-02,2025-04-02,Poland,Carrefour Flowers,NAN,0.103,31.93,AIR FREIGHT,107.9,2.4,0.0,nan,PENDING,5.0,False,False,False,2.0,59.0,True,False
RB-000822,Rift Bloom - Timboroa Farm,Yellow Babe,50.0,A,20.0,232.0,4640.0,2024-12-28,2024-12-28,2024-12-29,2025-01-03,Poland,Dubai Flower Centre,NAN,0.37,1716.8,AIR FREIGHT,355.7,5.2,0.0,nan,PAID,4.0,False,False,False,1.0,5.0,True,False
RB-001790,Rift Bloom - Moiben Farm,Peach Avalanche,50.0,UNKNOWN,40.0,122.0,4880.0,2024-03-05,2024-03-05,2024-08-03,2024-03-13,France,Tokyo Flower Market,EUR,0.144,702.72,AIR FREIGHT,353.11,-0.4,0.0,nan,PAID,4.0,False,False,True,151.0,-143.0,False,False
RB-002316,rift bloom turbo farm,Circus,50.0,STANDARD,10.0,288.0,2880.0,2026-06-04,2026-04-07,2026-09-04,2026-04-13,Germany,Interflora Russia,USD,0.173,498.24,ROAD THEN AIR,90.56,,0.0,nan,UNKNOWN,5.0,False,False,False,150.0,-144.0,False,False
RB-001859,Rift Bloom - Kesses Farm,Pink Floyd,60.0,nan,20.0,145.0,2900.0,2022-03-16,2022-03-18,2022-03-22,2022-03-28,United Kingdom,Tokyo Flower Market,USD,0.459,1331.1,AIR FREIGHT,,2.6,0.0,nan,PAID,2.0,False,False,False,4.0,6.0,True,False
RB-001558,Rift Bloom - Moiben Farm,Mondial,40.0,PREMIUM,40.0,83.0,3320.0,2025-03-02,2025-02-04,2025-07-02,2025-12-02,U.K.,Bloomon BV,USD,0.416,1381.12,AIR FREIGHT,158.42,1.0,0.0,nan,OVERDUE,3.0,False,False,False,148.0,153.0,True,False
RB-000546,Rift Bloom - Kapseret Farm,Tibet,40.0,C,20.0,216.0,4320.0,2025-12-07,,2025-07-18,2025-07-24,Japan,Whole Foods Market,USD,0.233,1006.56,AIR FREIGHT,239.76,1.5,0.0,nan,PAID,4.0,False,False,False,,6.0,False,False
RB-000213,Rift Bloom - Turbo Farm,Tibet,70.0,B,10.0,48.0,480.0,2022-03-29,2022-03-31,2022-02-04,2022-04-03,Australia,Whole Foods Market,EUR,0.168,80.64,AIR FREIGHT,94.68,5.7,0.0,nan,PENDING,5.0,False,False,False,-55.0,58.0,False,False
RB-000897,Rift Bloom - Ziwa Farm,Circus,80.0,PREMIUM,10.0,58.0,580.0,2026-07-08,2026-09-07,2026-07-12,2026-07-14,Australia,Tokyo Flower Market,USD,0.268,155.44,NAN,425.61,3.7,0.0,nan,PENDING,4.0,False,False,False,-57.0,2.0,False,False
RB-001942,Rift Bloom - Ziwa Farm,Mondial,80.0,A,20.0,137.0,2740.0,2026-03-05,2026-05-04,2026-05-05,2026-05-11,United Arab Emirates,Marks & Spencer Flowers,KES,34.19,93680.6,AIR FREIGHT,231.47,3.5,0.0,nan,NAN,5.0,False,False,False,1.0,6.0,True,False
RB-001892,Rift Bloom - Ziwa Farm,Sweetness,40.0,PREMIUM,10.0,137.0,1370.0,2023-08-16,2023-08-17,2023-08-18,2023-08-22,Germany,Tokyo Flower Market,EUR,0.361,494.57,NAN,223.19,-1.2,0.0,nan,PAID,4.0,False,False,True,1.0,4.0,True,False
RB-000917,Rift Bloom - Kapseret Farm,Explorer,60.0,STANDARD,10.0,110.0,1100.0,2025-12-08,2025-12-08,2025-08-16,2025-08-18,Poland,Marks & Spencer Flowers,KES,41.34,45474.0,AIR FREIGHT,179.16,2.4,0.0,nan,NAN,4.0,False,False,False,-114.0,2.0,False,False
RB-002724,Rift Bloom - Kapseret Farm,Yellow Babe,40.0,PREMIUM,25.0,178.0,4450.0,2025-10-02,2025-12-02,2025-02-14,2025-02-19,Germany,Whole Foods Market,USD,0.249,1108.05,AIR FREIGHT,369.6,,0.0,nan,PENDING,4.0,False,False,False,-291.0,5.0,False,False
RB-001290,Rift Bloom - Turbo Farm,Pink Floyd,40.0,PREMIUM,20.0,68.0,1360.0,2025-01-24,2025-01-24,2025-01-26,2025-01-30,Australia,Bloomon BV,EUR,0.412,560.32,AIR FREIGHT,403.72,2.8,0.0,nan,OVERDUE,4.0,False,False,False,2.0,4.0,True,False
RB-000815,Rift Bloom - Kapseret Farm,Avalanche,80.0,PREMIUM,20.0,162.0,3240.0,2022-02-14,2022-02-15,2022-02-19,2022-02-20,United Kingdom,Marks & Spencer Flowers,USD,0.305,988.2,AIR FREIGHT,244.34,,0.0,nan,NAN,3.0,False,False,False,4.0,1.0,True,False
RB-001266,Rift Bloom - Moiben Farm,Red Naomi,60.0,nan,40.0,203.0,8120.0,2024-03-22,2024-03-24,2024-03-26,2024-03-27,Poland,Tokyo Flower Market,KES,52.78,428573.6,AIR FREIGHT,88.59,1.9,0.0,nan,PENDING,5.0,False,False,False,2.0,1.0,True,False
RB-000343,Rift Bloom - Timboroa Farm,Pink Floyd,40.0,A,20.0,49.0,980.0,2023-12-22,2023-12-24,2023-12-28,2024-03-01,Russia,Tokyo Flower Market,EUR,0.304,297.92,AIR FREIGHT,161.96,1.4,0.0,nan,PENDING,4.0,False,False,False,4.0,64.0,True,False
RB-002598,Rift Bloom - Timboroa Farm,Vendela,60.0,B,10.0,80.0,800.0,2025-09-26,2025-09-27,2025-09-28,2025-09-30,France,Interflora Russia,KES,52.0,41600.0,AIR FREIGHT,583.92,,40.0,Bud Blast,NAN,3.0,False,False,False,1.0,2.0,True,False
RB-001411,Rift Bloom - Kesses Farm,High & Magic,90.0,PREMIUM,20.0,18.0,360.0,2024-02-02,2024-02-03,2024-02-05,2024-10-02,United Kingdom,Interflora Russia,EUR,0.433,155.88,AIR FREIGHT,337.41,3.2,0.0,nan,NAN,2.0,False,False,False,2.0,240.0,True,False
RB-001215,Rift Bloom - Kapseret Farm,Peach Avalanche,70.0,A,20.0,137.0,2740.0,2022-06-26,2022-06-26,2022-06-30,2022-06-07,Netherlands,FloraHolland Auction,USD,0.476,1304.24,ROAD THEN AIR,246.91,4.1,0.0,nan,PENDING,3.0,False,False,False,4.0,-23.0,False,False
RB-000967,Rift Bloom - Timboroa Farm,Freedom,70.0,B,40.0,71.0,2840.0,2024-11-15,,2024-11-19,2024-11-22,Australia,Aalsmeer Direct,USD,0.18,511.2,AIR FREIGHT,227.08,1.7,0.0,nan,OVERDUE,4.0,False,False,False,,3.0,False,False
RB-001231,Rift Bloom - Moiben Farm,Pink Floyd,40.0,C,10.0,30.0,300.0,2022-11-29,2022-01-12,2022-03-12,2022-12-05,Japan,Bloomon BV,USD,0.406,121.8,AIR FREIGHT,31.69,2.5,0.0,nan,PAID,4.0,False,False,False,59.0,268.0,True,False
RB-002344,Rift Bloom - Ziwa Farm,Circus,90.0,A,10.0,144.0,1440.0,2022-09-23,2022-09-24,2022-09-28,2022-03-10,United Arab Emirates,Tokyo Flower Market,UNKNOWN,0.327,470.88,AIR FREIGHT,246.9,-0.2,0.0,nan,PAID,1.0,False,False,True,4.0,-202.0,False,False
RB-000696,Rift Bloom - Kesses Farm,Tibet,60.0,STANDARD,10.0,227.0,2270.0,2024-07-25,2024-07-27,2024-07-31,2024-02-08,United Arab Emirates,FloraHolland Auction,KES,55.77,126597.9,NAN,460.92,-0.3,0.0,nan,OVERDUE,3.0,False,False,True,4.0,-174.0,False,False
RB-002122,Rift Bloom - Timboroa Farm,High & Magic,70.0,PREMIUM,40.0,61.0,2440.0,2022-06-28,2022-06-28,2022-02-07,2022-05-07,France,Local Wholesaler - Eldoret,USD,0.232,566.08,AIR FREIGHT,287.98,0.3,0.0,nan,NAN,4.0,False,False,False,-141.0,89.0,False,False
RB-000606,Rift Bloom - Turbo Farm,Pink Floyd,500.0,A,10.0,165.0,1650.0,2024-01-15,2024-01-17,2024-01-21,2024-01-25,Netherlands,M-Farm Traders,USD,0.225,371.25,ROAD THEN AIR,153.03,2.0,0.0,nan,PAID,3.0,False,False,False,4.0,4.0,True,False
RB-000646,Rift Bloom - Ziwa Farm,Athena,60.0,PREMIUM,10.0,81.0,810.0,2022-04-07,2022-07-06,2022-10-07,2022-12-07,Switzerland,Bloomon BV,EUR,0.224,181.44,AIR FREIGHT,374.0,-0.9,0.0,nan,PAID,2.0,False,False,True,93.0,61.0,True,False
RB-001405,Rift Bloom - Kesses Farm,Peach Avalanche,70.0,A,20.0,168.0,3360.0,2023-11-29,2023-11-29,2023-02-12,2023-12-04,USA,Bloomon BV,EUR,0.265,890.4,NAN,206.76,-1.4,0.0,nan,PAID,4.0,False,False,True,-290.0,295.0,False,False
RB-000495,Rift Bloom - Turbo Farm,Pink Floyd,40.0,PREMIUM,40.0,112.0,4480.0,2023-09-23,2023-09-24,2023-09-26,2023-09-29,United Kingdom,Whole Foods Market,UNKNOWN,0.336,1505.28,AIR FREIGHT,743.68,,24.0,Botrytis,PAID,4.0,False,False,False,2.0,3.0,True,False
RB-001020,Rift Bloom - Turbo Farm,Tibet,50.0,nan,40.0,169.0,6760.0,2022-05-11,2022-12-05,2022-05-16,2022-05-17,U.K.,Carrefour Flowers,KES,62.14,420066.4,ROAD THEN AIR,629.48,1.4,0.0,nan,OVERDUE,5.0,False,False,False,-203.0,1.0,False,False
RB-000092,Rift Bloom - Timboroa Farm,Tibet,50.0,A,20.0,79.0,1580.0,2026-07-14,2026-07-16,2026-07-19,2026-07-25,U.K.,Aalsmeer Direct,NAN,0.334,527.72,AIR FREIGHT,53.98,,0.0,nan,OVERDUE,4.0,False,False,False,3.0,6.0,True,False
RB-001113,Rift Bloom - Moiben Farm,Yellow Babe,-50.0,C,20.0,249.0,4980.0,2024-02-22,2024-02-24,2024-02-28,2024-01-03,Poland,Marks & Spencer Flowers,USD,0.24,1195.2,AIR FREIGHT,,,0.0,nan,PAID,5.0,False,False,False,4.0,-56.0,False,False
RB-001475,Rift Bloom - Kapseret Farm,High & Magic,60.0,STANDARD,10.0,50.0,500.0,2022-07-31,2022-07-31,2022-02-08,2022-08-07,Switzerland,Local Wholesaler - Eldoret,USD,0.252,126.0,AIR FREIGHT,53.46,,57.0,Stem Bent,PAID,5.0,False,False,False,-173.0,180.0,False,False
RB-001742,Rift Bloom - Ziwa Farm,High & Magic,60.0,B,10.0,20.0,200.0,2024-01-11,2024-11-01,,2024-05-11,The Netherlands,Marks & Spencer Flowers,USD,0.361,72.2,AIR FREIGHT,318.37,1.9,0.0,nan,NAN,4.0,False,False,False,,,False,False
RB-002151,Rift Bloom - Ziwa Farm,Yellow Babe,70.0,STANDARD,20.0,151.0,3020.0,2022-09-24,2022-09-25,2022-09-29,2022-09-30,France,Carrefour Flowers,EUR,0.212,640.24,AIR FREIGHT,202.14,0.9,0.0,nan,PAID,4.0,False,False,False,4.0,1.0,True,False
RB-000239,Rift Bloom - Ziwa Farm,Pink Floyd,60.0,STANDARD,20.0,124.0,2480.0,2023-06-23,,2023-06-27,2023-06-30,U.K.,M-Farm Traders,KES,52.52,1302496.0,ROAD THEN AIR,252.56,1.4,0.0,nan,UNKNOWN,5.0,False,False,False,,3.0,False,False
RB-000943,Rift Bloom - Moiben Farm,Peach Avalanche,60.0,B,20.0,223.0,4460.0,2026-03-06,,2026-06-06,2026-11-06,US,M-Farm Traders,KES,47.06,209887.6,AIR FREIGHT,366.76,0.4,0.0,nan,NAN,5.0,False,False,False,,153.0,False,False
RB-001271,Rift Bloom - Kapseret Farm,High & Magic,40.0,B,25.0,24.0,600.0,2024-07-15,2024-07-16,2024-07-17,2024-07-23,Russia,Local Wholesaler - Eldoret,KES,59.93,35958.0,AIR FREIGHT,,1.8,0.0,nan,PAID,4.0,False,False,False,1.0,6.0,True,False
RB-000939,Rift Bloom - Kesses Farm,Pink Floyd,50.0,C,20.0,75.0,1500.0,2024-01-30,2024-01-31,2024-02-03,2024-06-02,Norway,Bloomon BV,KES,45.76,68640.0,ROAD THEN AIR,19.62,,0.0,nan,NAN,3.0,False,False,False,3.0,120.0,True,False
RB-001425,Rift Bloom - Turbo Farm,Mondial,70.0,nan,25.0,189.0,4725.0,2026-02-06,2026-06-02,2026-06-04,2026-10-06,United Arab Emirates,Interflora Russia,USD,0.567,2679.07,AIR FREIGHT,222.95,4.9,0.0,nan,PENDING,5.0,False,False,False,2.0,124.0,True,False
RB-001863,Rift Bloom - Timboroa Farm,Mondial,50.0,PREMIUM,10.0,166.0,1660.0,2025-02-11,2025-11-03,2025-04-11,2025-11-06,United Kingdom,Tokyo Flower Market,USD,0.159,263.94,AIR FREIGHT,386.25,3.5,0.0,nan,OVERDUE,4.0,False,False,False,-206.0,209.0,False,False
RB-001670,Rift Bloom - Kapseret Farm,Peach Avalanche,40.0,nan,40.0,21.0,840.0,2025-03-01,2025-04-01,2025-01-05,2025-01-07,Switzerland,Aalsmeer Direct,NAN,0.434,364.56,AIR FREIGHT,141.08,2.4,0.0,nan,PAID,4.0,False,False,False,-86.0,2.0,False,False
RB-000006,Rift Bloom - Kesses Farm,Avalanche,60.0,nan,25.0,27.0,675.0,2022-02-23,2022-02-25,2022-02-28,2022-06-03,Germany,M-Farm Traders,USD,0.511,344.93,AIR FREIGHT,77.4,4.6,0.0,nan,PENDING,4.0,False,False,False,3.0,95.0,True,False
RB-000248,Rift Bloom - Ziwa Farm,Peach Avalanche,70.0,PREMIUM,20.0,217.0,4340.0,2023-03-17,2023-03-19,2023-03-21,2023-03-22,Switzerland,Marks & Spencer Flowers,KES,40.04,173773.6,AIR FREIGHT,233.0,2.6,0.0,nan,OVERDUE,5.0,False,False,False,2.0,1.0,True,False
RB-000019,Rift Bloom - Kesses Farm,Avalanche,70.0,A,10.0,83.0,830.0,2024-03-26,2024-03-26,2024-03-28,2024-03-04,Netherlands,Interflora Russia,USD,0.248,205.84,AIR FREIGHT,,1.6,0.0,nan,PAID,5.0,False,False,False,2.0,-24.0,False,False
RB-002170,Rift Bloom - Ziwa Farm,Freedom,90.0,A,40.0,247.0,9880.0,2026-07-15,2026-07-15,2026-07-17,2026-07-18,Norway,Blume2000,EUR,0.342,3378.96,AIR FREIGHT,79.14,0.7,0.0,nan,PENDING,4.0,False,False,False,2.0,1.0,True,False
RB-001971,Rift Bloom - Kapseret Farm,High & Magic,50.0,nan,25.0,80.0,2000.0,2026-04-11,2026-04-12,2026-04-14,2026-04-16,Russia,Carrefour Flowers,EUR,0.3,600.0,ROAD THEN AIR,458.62,1.1,0.0,nan,PAID,4.0,False,False,False,2.0,2.0,True,False
RB-002710,Rift Bloom - Kesses Farm,Cool Water,50.0,A,40.0,150.0,6000.0,2024-03-15,2024-03-15,2024-03-18,2024-03-21,Russia,Aalsmeer Direct,EUR,0.31,1860.0,AIR FREIGHT,78.21,1.9,0.0,nan,NAN,3.0,False,False,False,3.0,3.0,True,False
RB-002233,Rift Bloom - Kesses Farm,High & Magic,50.0,A,25.0,100.0,2500.0,2024-06-04,2024-06-04,2024-06-06,2024-06-09,France,Aalsmeer Direct,USD,0.273,682.5,AIR FREIGHT,48.98,1.6,0.0,nan,PENDING,4.0,False,False,False,2.0,3.0,True,False
RB-002323,Rift Bloom - Kesses Farm,Sweetness,80.0,PREMIUM,20.0,81.0,1620.0,2025-01-26,2025-01-26,2025-01-30,2025-02-04,USA,Blume2000,USD,0.213,345.06,AIR FREIGHT,659.37,1.2,0.0,nan,NAN,5.0,False,False,False,4.0,5.0,True,False
RB-002482,Rift Bloom - Moiben Farm,Red Naomi,40.0,B,40.0,47.0,1880.0,2026-07-19,2026-07-19,2026-07-23,2026-07-27,Australia,Bloomon BV,KES,48.1,90428.0,AIR FREIGHT,768.64,2.3,0.0,nan,PAID,5.0,False,False,False,4.0,4.0,True,False
RB-000812,Rift Bloom - Kapseret Farm,Sweetness,50.0,nan,25.0,113.0,2825.0,2025-08-18,2025-08-20,2025-08-24,2025-08-29,Russia,Carrefour Flowers,EUR,0.634,1791.05,ROAD THEN AIR,584.19,0.2,0.0,nan,PENDING,4.0,False,False,False,4.0,5.0,True,False
RB-001336,Rift Bloom - Turbo Farm,Freedom,50.0,PREMIUM,25.0,129.0,3225.0,2023-10-27,2023-10-29,2023-10-30,2023-02-11,Russia,Dubai Flower Centre,EUR,0.323,1041.67,AIR FREIGHT,95.2,0.6,0.0,nan,NAN,5.0,False,False,False,1.0,-261.0,False,False
RB-002949,Rift Bloom - Turbo Farm,Sweetness,50.0,A,10.0,104.0,1040.0,2024-05-29,2024-05-31,2024-04-06,2024-07-06,Germany,Marks & Spencer Flowers,NAN,0.523,543.92,AIR FREIGHT,,2.5,0.0,nan,PAID,4.0,False,False,False,-55.0,91.0,False,False
RB-000261,Rift Bloom - Kapseret Farm,Athena,50.0,PREMIUM,25.0,97.0,2425.0,2024-05-25,2024-05-27,2024-05-30,2024-04-06,Norway,Interflora Russia,USD,0.191,463.18,AIR FREIGHT,129.66,1.7,0.0,nan,PENDING,4.0,False,False,False,3.0,-54.0,False,False
RB-001571,Rift Bloom - Timboroa Farm,Yellow Babe,50.0,A,10.0,226.0,2260.0,2023-09-08,2023-08-10,2023-08-13,2023-08-14,France,Aalsmeer Direct,EUR,0.175,395.5,AIR FREIGHT,313.52,3.6,0.0,nan,PAID,5.0,False,False,False,3.0,1.0,True,False
RB-001744,Rift Bloom - Ziwa Farm,Peach Avalanche,90.0,PREMIUM,20.0,443.0,8860.0,2025-06-07,2025-06-07,2025-08-07,2025-07-09,Australia,Carrefour Flowers,NAN,0.273,2418.78,AIR FREIGHT,306.63,3.2,1.0,Bud Blast,PAID,3.0,False,False,False,61.0,-29.0,False,False
RB-001631,Rift Bloom - Moiben Farm,Yellow Babe,50.0,B,40.0,58.0,2320.0,2026-03-24,2026-03-26,2026-03-27,,Japan,M-Farm Traders,USD,0.366,849.12,AIR FREIGHT,178.1,19.8,0.0,nan,OVERDUE,2.0,False,False,False,1.0,,False,False
RB-000521,Rift Bloom - Turbo Farm,Mondial,70.0,C,25.0,71.0,1775.0,2025-10-11,2025-11-11,2025-11-15,2025-11-16,USA,Marks & Spencer Flowers,USD,0.437,775.67,NAN,312.58,0.9,0.0,nan,PENDING,2.0,False,False,False,4.0,1.0,True,False
RB-002429,Rift Bloom - Timboroa Farm,Tibet,60.0,B,40.0,43.0,1720.0,2026-05-13,2026-05-14,2026-05-17,2026-05-19,France,Carrefour Flowers,EUR,0.6,1032.0,AIR FREIGHT,694.69,2.6,0.0,nan,NAN,4.0,False,False,False,3.0,2.0,True,False
RB-002017,Rift Bloom - Turbo Farm,Circus,70.0,UNKNOWN,20.0,82.0,1640.0,2025-02-26,2025-02-27,2025-03-02,2025-07-03,Norway,Whole Foods Market,EUR,0.41,672.4,AIR FREIGHT,418.79,1.3,0.0,nan,NAN,3.0,False,False,False,3.0,123.0,True,False
RB-001659,Rift Bloom - Turbo Farm,Yellow Babe,80.0,STANDARD,10.0,24.0,240.0,2024-12-30,2025-01-01,2025-05-01,2025-07-01,Germany,FloraHolland Auction,NAN,0.213,51.12,AIR FREIGHT,,3.5,34.0,Cold Chain Break,NAN,4.0,False,False,False,120.0,61.0,True,False
RB-001613,Rift Bloom - Kesses Farm,Vendela,70.0,B,40.0,172.0,6880.0,2022-11-13,2022-11-14,2022-11-15,2022-11-17,United Arab Emirates,Bloomon BV,USD,0.333,2291.04,NAN,132.57,2.9,0.0,nan,PENDING,4.0,False,False,False,1.0,2.0,True,False
RB-002476,Rift Bloom - Kapseret Farm,Explorer,70.0,A,10.0,96.0,960.0,2025-03-15,2025-03-17,2025-03-19,2025-03-24,United Kingdom,Carrefour Flowers,EUR,0.336,322.56,ROAD THEN AIR,692.83,2.5,0.0,nan,PAID,5.0,False,False,False,2.0,5.0,True,False
RB-002127,Rift Bloom - Timboroa Farm,Peach Avalanche,90.0,B,40.0,40.0,1600.0,2025-04-24,2025-04-24,2025-04-28,2025-03-05,Russia,Blume2000,USD,0.438,700.8,AIR FREIGHT,598.51,2.8,0.0,nan,NAN,4.0,False,False,False,4.0,-54.0,False,False
RB-002152,Rift Bloom - Ziwa Farm,Red Naomi,50.0,A,25.0,19.0,475.0,2023-02-01,2023-03-01,2023-01-04,2023-09-01,Japan,FloraHolland Auction,EUR,0.4,190.0,AIR FREIGHT,848.29,1.9,0.0,nan,UNKNOWN,5.0,True,False,False,-56.0,240.0,False,False
RB-000231,Rift Bloom - Turbo Farm,Peach Avalanche,40.0,PREMIUM,25.0,98.0,2450.0,2025-04-25,2025-04-26,2025-04-30,2025-05-02,Netherlands,M-Farm Traders,KES,60.45,148102.5,NAN,3.89,,0.0,nan,OVERDUE,4.0,False,False,False,4.0,2.0,True,False
RB-000332,Rift Bloom - Moiben Farm,Pink Floyd,70.0,C,25.0,320.0,8000.0,2023-07-23,2023-07-23,2023-07-25,2023-07-29,United Kingdom,Interflora Russia,USD,0.257,2056.0,AIR FREIGHT,345.7,1.7,0.0,nan,NAN,4.0,False,False,False,2.0,4.0,True,False
RB-001441,Rift Bloom - Kapseret Farm,Explorer,60.0,UNKNOWN,10.0,282.0,2820.0,,2022-07-23,2022-07-24,,Australia,Local Wholesaler - Eldoret,USD,0.235,662.7,AIR FREIGHT,108.48,-0.8,0.0,nan,NAN,5.0,False,False,True,1.0,,False,False
RB-001928,Rift Bloom - Kesses Farm,High & Magic,60.0,STANDARD,20.0,318.0,6360.0,2022-12-17,2022-12-19,2022-12-20,2022-12-24,Netherlands,Blume2000,USD,0.589,3746.04,NAN,,2.3,0.0,nan,PENDING,4.0,False,False,False,1.0,4.0,True,False
RB-001092,Rift Bloom - Kapseret Farm,Explorer,70.0,C,40.0,39.0,1560.0,2022-12-25,2022-12-26,2022-12-29,2023-02-01,The Netherlands,Blume2000,EUR,0.259,404.04,AIR FREIGHT,113.4,1.8,0.0,nan,PAID,4.0,False,False,False,3.0,34.0,True,False
RB-001102,Rift Bloom - Ziwa Farm,Explorer,70.0,nan,40.0,186.0,7440.0,2022-12-14,2022-12-16,2022-12-18,2022-12-21,Poland,Carrefour Flowers,EUR,0.206,1532.64,AIR FREIGHT,1240.84,3.2,0.0,nan,NAN,5.0,False,False,False,2.0,3.0,True,False
RB-001130,Rift Bloom - Kapseret Farm,Vendela,60.0,PREMIUM,10.0,169.0,1690.0,2025-05-27,2025-05-28,2025-05-30,2025-03-06,United Arab Emirates,M-Farm Traders,EUR,0.26,439.4,AIR FREIGHT,371.67,1.8,95.0,Petal Bruising,PAID,4.0,True,False,False,2.0,-85.0,False,False
RB-000959,Rift Bloom - Ziwa Farm,High & Magic,60.0,PREMIUM,25.0,121.0,3025.0,2022-05-19,2022-05-21,2022-05-25,2022-05-26,Australia,M-Farm Traders,EUR,0.368,1113.2,AIR FREIGHT,238.37,0.7,46.0,Botrytis,NAN,4.0,False,False,False,4.0,1.0,True,False
RB-001663,Rift Bloom - Timboroa Farm,AVALANCHE,40.0,B,20.0,66.0,1320.0,2022-10-26,2022-10-28,2022-11-01,2022-07-11,Japan,Aalsmeer Direct,USD,0.409,539.88,AIR FREIGHT,560.11,1.8,0.0,nan,PENDING,4.0,False,False,False,4.0,-113.0,False,False
RB-000560,Rift Bloom - Timboroa Farm,Cool Water,60.0,C,20.0,53.0,1060.0,2022-02-14,2022-02-15,2022-02-17,2022-02-22,France,Carrefour Flowers,EUR,0.25,265.0,NAN,111.62,1.4,0.0,nan,UNKNOWN,5.0,False,False,False,2.0,5.0,True,False
RB-002858,Rift Bloom - Turbo Farm,Athena,80.0,A,20.0,279.0,5580.0,2024-11-01,2024-11-01,2024-11-03,2024-08-11,Netherlands,Local Wholesaler - Eldoret,NAN,0.386,2153.88,AIR FREIGHT,130.25,1.8,0.0,nan,PENDING,4.0,False,False,False,2.0,-84.0,False,False
RB-001520,Rift Bloom - Ziwa Farm,Circus,80.0,PREMIUM,20.0,46.0,920.0,2023-11-07,2023-11-07,2023-11-08,2023-11-11,UK,FloraHolland Auction,USD,0.325,299.0,ROAD THEN AIR,109.15,2.1,0.0,nan,NAN,5.0,False,False,False,1.0,3.0,True,False
RB-002141,Rift Bloom - Kesses Farm,High & Magic,50.0,PREMIUM,40.0,137.0,5480.0,2024-10-04,2024-04-10,2024-06-10,2024-08-10,Netherlands,FloraHolland Auction,USD,0.372,20385.6,AIR FREIGHT,128.59,2.9,0.0,nan,PENDING,3.0,False,False,False,61.0,61.0,True,False
RB-002948,Rift Bloom - Timboroa Farm,Vendela,60.0,B,40.0,167.0,6680.0,2025-05-06,2025-06-07,2025-11-06,2025-06-14,Japan,Whole Foods Market,USD,0.263,1756.84,AIR FREIGHT,431.42,1.7,4.0,nan,PAID,5.0,False,False,False,152.0,-145.0,False,False
RB-002033,Rift Bloom - Kesses Farm,Tibet,-50.0,STANDARD,40.0,101.0,4040.0,2026-05-20,2026-05-22,2026-05-25,2026-05-27,United kingdom,Carrefour Flowers,KES,44.98,181719.2,AIR FREIGHT,176.65,3.8,0.0,nan,PAID,4.0,False,False,False,3.0,2.0,True,False
RB-002098,Rift Bloom - Ziwa Farm,Mondial,50.0,PREMIUM,40.0,171.0,6840.0,2022-03-08,2022-08-03,2022-05-08,2022-07-08,Australia,FloraHolland Auction,EUR,0.286,1956.24,AIR FREIGHT,306.69,,0.0,nan,OVERDUE,1.0,False,False,False,-87.0,61.0,False,False
RB-002889,Rift Bloom - Turbo Farm,Yellow Babe,50.0,A,25.0,47.0,1175.0,2025-01-04,2025-04-01,2025-04-04,2025-09-04,Russia,Tokyo Flower Market,USD,0.2,235.0,NAN,95.88,0.2,0.0,None,OVERDUE,5.0,False,False,False,3.0,153.0,True,False
RB-000070,Rift Bloom - Ziwa Farm,Cool Water,60.0,PREMIUM,40.0,193.0,7720.0,2022-02-22,2022-02-22,2022-02-25,2022-02-03,US,Interflora Russia,KES,46.93,362299.6,NAN,206.34,2.2,0.0,nan,PAID,2.0,False,False,False,3.0,-22.0,False,False
RB-001573,Rift Bloom - Moiben Farm,Tibet,90.0,A,10.0,66.0,660.0,2023-01-16,2023-01-16,2023-01-17,2023-01-21,UAE,Aalsmeer Direct,USD,0.271,178.86,NAN,620.21,4.9,0.0,nan,OVERDUE,5.0,False,False,False,1.0,4.0,True,False
RB-000809,Rift Bloom - Moiben Farm,High & Magic,40.0,PREMIUM,20.0,105.0,2100.0,2024-12-29,2024-12-29,2025-02-01,2025-01-06,USA,Blume2000,NAN,0.2,420.0,AIR FREIGHT,222.76,1.4,0.0,nan,NAN,5.0,False,False,False,34.0,-26.0,False,False
RB-000012,Rift Bloom - Turbo Farm,Freedom,50.0,C,40.0,153.0,6120.0,2023-06-13,2023-06-14,2023-06-16,2023-06-21,Australia,Carrefour Flowers,EUR,0.392,2399.04,NAN,302.48,1.7,1.0,Botrytis,PAID,5.0,False,False,False,2.0,5.0,True,False
RB-002026,Rift Bloom - Timboroa Farm,Avalanche+,70.0,B,10.0,162.0,1620.0,2026-04-05,2026-05-05,2026-05-09,2026-05-11,netherlands,Interflora Russia,EUR,0.458,741.96,ROAD THEN AIR,155.09,6.8,0.0,nan,PAID,4.0,False,False,False,4.0,2.0,True,False
RB-001452,Rift Bloom - Timboroa Farm,Vendela,60.0,B,20.0,116.0,2320.0,2024-11-19,2024-11-19,2024-11-23,2024-11-25,U.S.A,FloraHolland Auction,USD,0.372,863.04,ROAD THEN AIR,654.9,-0.4,0.0,nan,NAN,5.0,False,False,True,4.0,2.0,True,False
RB-002688,Rift Bloom - Timboroa Farm,Tibet,70.0,C,20.0,87.0,1740.0,2022-06-07,2022-07-08,2022-07-09,2022-07-10,France,Whole Foods Market,USD,0.194,337.56,AIR FREIGHT,281.71,2.4,0.0,nan,NAN,5.0,False,False,False,1.0,1.0,True,False
RB-000177,Rift Bloom - Timboroa Farm,Circus,60.0,PREMIUM,40.0,164.0,6560.0,2024-02-17,2024-02-18,2024-02-20,2024-02-25,Switzerland,Marks & Spencer Flowers,KES,26.65,174824.0,AIR FREIGHT,384.23,2.9,0.0,nan,PENDING,2.0,False,False,False,2.0,5.0,True,False
RB-002570,Rift Bloom - Kapseret Farm,Red Naomi,70.0,B,20.0,173.0,3460.0,,,2022-03-06,2022-03-08,Holland,FloraHolland Auction,USD,0.544,1882.24,AIR FREIGHT,379.81,1.0,0.0,nan,OVERDUE,5.0,False,False,False,,2.0,False,False
RB-001665,Rift Bloom - Moiben Farm,Peach Avalanche,50.0,A,20.0,71.0,1420.0,2024-10-27,2024-10-29,2024-01-11,2024-07-11,United Arab Emirates,Whole Foods Market,EUR,0.524,744.08,AIR FREIGHT,186.03,1.3,0.0,nan,PENDING,4.0,False,False,False,-292.0,182.0,False,False
RB-002192,Rift Bloom - Turbo Farm,Sweetness,50.0,C,10.0,174.0,1740.0,2024-11-05,2024-05-13,2024-05-17,2024-05-18,USA,Dubai Flower Centre,EUR,0.3,522.0,AIR FREIGHT,63.47,2.7,0.0,nan,PENDING,3.0,False,False,False,4.0,1.0,True,False
RB-001791,Rift Bloom - Kesses Farm,Red Naomi,80.0,A,40.0,127.0,5080.0,2025-09-28,2025-09-28,2025-09-30,2025-05-10,usa,Blume2000,USD,0.44,2235.2,AIR FREIGHT,383.06,3.6,0.0,nan,PAID,4.0,False,False,False,2.0,-143.0,False,False
RB-002661,Rift Bloom - Timboroa Farm,Mondial,90.0,A,10.0,183.0,1830.0,2023-07-31,2023-01-08,2023-08-03,2023-08-05,Switzerland,Carrefour Flowers,EUR,0.355,649.65,AIR FREIGHT,32.22,1.0,0.0,nan,PENDING,5.0,False,False,False,207.0,2.0,True,False
RB-000157,Rift Bloom - Timboroa Farm,Circus,70.0,PREMIUM,10.0,44.0,440.0,2025-05-30,2025-06-01,2025-06-04,2025-06-05,Japan,Dubai Flower Centre,USD,0.251,110.44,AIR FREIGHT,310.14,1.2,0.0,nan,PAID,4.0,False,False,False,3.0,1.0,True,False
RB-002588,Rift Bloom - Moiben Farm,Sweetness,60.0,B,40.0,95.0,3800.0,2026-07-14,,2026-07-19,2026-07-21,Russia,Marks & Spencer Flowers,USD,0.23,874.0,AIR FREIGHT,298.57,1.9,0.0,nan,NAN,5.0,False,False,False,,2.0,False,False
RB-001461,Rift Bloom - Turbo Farm,Vendela,80.0,STANDARD,20.0,142.0,2840.0,2025-08-12,2025-12-08,2025-08-15,2025-08-21,Russia,Carrefour Flowers,EUR,0.332,942.88,AIR FREIGHT,224.14,2.1,0.0,nan,PAID,5.0,False,False,False,-115.0,6.0,False,False
RB-001851,Rift Bloom - Moiben Farm,Circus,90.0,B,40.0,143.0,5720.0,2026-11-01,2026-01-13,2026-01-15,2026-01-19,Germany,Aalsmeer Direct,UNKNOWN,0.557,3186.04,ROAD THEN AIR,526.79,0.6,0.0,nan,PAID,4.0,False,False,False,2.0,4.0,True,False
RB-002510,Rift Bloom - Moiben Farm,Red Naomi,60.0,B,25.0,189.0,4725.0,2022-07-11,2022-12-07,2022-07-15,2022-07-21,Russia,Carrefour Flowers,NAN,0.435,2055.38,AIR FREIGHT,375.02,,0.0,nan,PENDING,5.0,False,False,False,-145.0,6.0,False,False
RB-002625,Rift Bloom - Kapseret Farm,Pink Floyd,70.0,B,25.0,92.0,2300.0,2023-06-24,2023-06-24,2023-06-27,2023-02-07,Australia,Bloomon BV,EUR,0.264,607.2,AIR FREIGHT,565.99,2.7,0.0,nan,OVERDUE,2.0,False,False,False,3.0,-140.0,False,False
RB-001186,Rift Bloom - Kesses Farm,Explorer,80.0,A,20.0,70.0,1400.0,2023-06-01,2023-01-07,2023-01-10,2023-01-13,United Arab Emirates,FloraHolland Auction,EUR,0.565,791.0,AIR FREIGHT,,3.2,36.0,Bud Blast,PAID,4.0,False,False,False,3.0,3.0,True,False
RB-001007,Rift Bloom - Moiben Farm,Yellow Babe,40.0,B,10.0,93.0,930.0,2024-02-22,2024-02-23,2024-02-25,2024-02-03,Germany,Bloomon BV,KES,69.94,65044.2,AIR FREIGHT,795.39,0.3,0.0,nan,PENDING,5.0,False,False,False,2.0,-22.0,False,False
RB-000561,Rift Bloom - Timboroa Farm,Yellow Babe,70.0,PREMIUM,25.0,133.0,3325.0,2024-05-01,2024-07-01,2024-08-01,2024-01-09,Norway,Dubai Flower Centre,UNKNOWN,0.446,1482.95,AIR FREIGHT,541.74,2.4,0.0,nan,PAID,4.0,False,False,False,31.0,-205.0,False,False
RB-002257,Rift Bloom - Kapseret Farm,Athena,50.0,B,40.0,92.0,3680.0,2022-11-28,,2022-12-02,2022-12-04,Japan,Carrefour Flowers,USD,0.432,1589.76,AIR FREIGHT,210.04,,31.0,nan,PAID,4.0,False,False,False,,2.0,False,False
RB-000911,Rift Bloom - Kesses Farm,Explorer,70.0,C,10.0,97.0,970.0,2023-02-08,2023-08-03,2023-06-08,2023-11-08,Japan,Whole Foods Market,KES,40.82,39595.4,AIR FREIGHT,82.42,2.4,22.0,Wilting,PENDING,4.0,False,False,False,-56.0,153.0,False,False
RB-001312,Rift Bloom - Turbo Farm,red naomi,60.0,PREMIUM,20.0,89.0,1780.0,,2022-10-27,2022-10-28,2022-10-30,Norway,Blume2000,KES,30.29,53916.2,AIR FREIGHT,173.64,1.6,0.0,nan,PENDING,5.0,False,False,False,1.0,2.0,True,False
RB-002050,Rift Bloom - Ziwa Farm,Cool Water,50.0,A,20.0,175.0,3500.0,2023-06-07,2023-07-06,2023-07-10,2023-11-07,France,Local Wholesaler - Eldoret,UNKNOWN,0.543,1900.5,AIR FREIGHT,53.85,1.6,0.0,nan,PAID,3.0,False,False,False,4.0,120.0,True,False
RB-000270,Rift Bloom - Kesses Farm,Tibet,50.0,PREMIUM,40.0,171.0,6840.0,2025-10-02,2025-12-02,2025-02-16,2025-02-17,United Kingdom,Marks & Spencer Flowers,USD,0.3,2052.0,AIR FREIGHT,,1.1,0.0,nan,NAN,3.0,False,False,False,-289.0,1.0,False,False
RB-001994,Rift Bloom - Moiben Farm,Peach Avalanche,80.0,B,10.0,133.0,1330.0,2023-12-26,2023-12-26,2023-12-29,2024-02-01,U.A.E,Interflora Russia,USD,0.381,506.73,AIR FREIGHT,,4.3,0.0,nan,OVERDUE,4.0,False,False,False,3.0,34.0,True,False
RB-000266,Rift Bloom - Moiben Farm,Explorer,90.0,C,20.0,166.0,3320.0,2023-12-31,2023-12-31,2024-01-01,2024-01-06,U.K.,Aalsmeer Direct,USD,0.229,760.28,ROAD THEN AIR,322.58,-0.3,0.0,nan,PAID,5.0,False,False,True,1.0,5.0,True,False
RB-000915,Rift Bloom - Turbo Farm,Red Naomi,70.0,nan,20.0,45.0,900.0,2025-10-04,2025-12-04,2025-04-14,2025-04-16,United Kingdom,Dubai Flower Centre,EUR,0.217,195.3,AIR FREIGHT,,2.5,29.0,Undersized Stems,NAN,4.0,False,False,False,-234.0,2.0,False,False
RB-002279,Rift Bloom - Kesses Farm,red naomi,70.0,C,10.0,119.0,1190.0,2024-03-01,2024-03-03,2024-07-03,2024-03-08,United Kingdom,Whole Foods Market,USD,0.562,668.78,ROAD THEN AIR,208.45,4.0,0.0,nan,NAN,4.0,False,False,False,122.0,-117.0,False,False
RB-002232,Rift Bloom - Timboroa Farm,Pink Floyd,60.0,PREMIUM,10.0,169.0,1690.0,2025-10-11,2025-10-11,2025-11-13,2025-11-14,Japan,Tokyo Flower Market,USD,0.262,442.78,AIR FREIGHT,77.62,-0.6,0.0,nan,PAID,5.0,False,False,True,33.0,1.0,True,False
RB-001950,Rift Bloom - Turbo Farm,Yellow Babe,50.0,B,10.0,89.0,890.0,2023-11-06,2023-07-11,2023-11-09,2023-11-13,Germany,Carrefour Flowers,KES,48.49,43156.1,NAN,479.95,1.7,0.0,nan,PENDING,5.0,False,False,False,121.0,4.0,True,False
RB-002094,Rift Bloom - Timboroa Farm,Cool Water,70.0,PREMIUM,10.0,100.0,1000.0,2022-08-22,2022-08-22,2022-08-24,2022-08-28,Norway,Marks & Spencer Flowers,USD,0.289,289.0,AIR FREIGHT,681.2,3.3,27.0,Petal Bruising,PAID,5.0,False,False,False,2.0,4.0,True,False
RB-002447,Rift Bloom - Timboroa Farm,Circus,60.0,B,10.0,44.0,440.0,2025-03-18,2025-03-18,2025-03-21,2025-03-22,France,Marks & Spencer Flowers,EUR,0.45,198.0,AIR FREIGHT,,3.0,0.0,nan,PENDING,5.0,False,False,False,3.0,1.0,True,False
RB-001653,Rift Bloom - Timboroa Farm,FREEDOM,60.0,nan,40.0,73.0,2920.0,2026-01-27,2026-01-28,2026-01-31,2026-04-02,usa,Dubai Flower Centre,USD,0.392,1144.64,AIR FREIGHT,116.45,1.1,26.0,Cold Chain Break,OVERDUE,3.0,False,False,False,3.0,61.0,True,False
RB-001961,Rift Bloom - Kesses Farm,Cool Water,50.0,A,25.0,103.0,2575.0,2024-07-16,2024-07-17,2024-07-20,2024-07-23,Poland,Dubai Flower Centre,USD,0.359,924.42,AIR FREIGHT,49.58,1.0,0.0,nan,NAN,4.0,False,False,False,3.0,3.0,True,False
RB-000046,Rift Bloom - Kesses Farm,Vendela,0.0,nan,25.0,102.0,2550.0,2023-03-05,2023-03-07,2023-09-03,2023-03-13,Australia,Bloomon BV,NAN,0.517,1318.35,AIR FREIGHT,281.0,,0.0,nan,OVERDUE,5.0,False,False,False,180.0,-174.0,False,False
RB-002776,Rift Bloom - Ziwa Farm,Cool Water,70.0,STANDARD,20.0,232.0,4640.0,2024-08-18,2024-08-20,2024-08-23,2024-08-28,Japan,FloraHolland Auction,KES,51.87,240676.8,AIR FREIGHT,648.06,1.6,0.0,nan,PENDING,5.0,False,False,False,3.0,5.0,True,False
RB-002678,Rift Bloom - Ziwa Farm,Mondial,60.0,A,10.0,269.0,2690.0,2024-05-07,2024-06-07,2024-07-07,2024-10-07,Germany,Local Wholesaler - Eldoret,USD,0.152,408.88,AIR FREIGHT,365.61,0.3,0.0,None,NAN,4.0,False,False,False,30.0,92.0,True,False
RB-000289,Rift Bloom - Moiben Farm,Sweetness,60.0,STANDARD,40.0,154.0,6160.0,2026-05-05,2026-05-05,2026-06-05,2026-09-05,Norway,FloraHolland Auction,USD,0.411,2531.76,AIR FREIGHT,300.32,1.9,0.0,nan,NAN,4.0,False,False,False,31.0,92.0,True,False
RB-000576,Rift Bloom - Moiben Farm,Peach Avalanche,40.0,PREMIUM,10.0,25.0,250.0,2024-07-30,2024-01-08,2024-08-05,2024-08-10,Japan,Marks & Spencer Flowers,EUR,0.285,71.25,AIR FREIGHT,548.15,0.0,0.0,nan,OVERDUE,3.0,False,False,False,210.0,5.0,True,False
RB-000851,Rift Bloom - Ziwa Farm,Tibet,80.0,STANDARD,20.0,116.0,2320.0,2025-12-23,2025-12-25,2025-12-29,2026-01-04,France,FloraHolland Auction,NAN,0.263,610.16,AIR FREIGHT,189.0,2.9,0.0,nan,NAN,5.0,False,False,False,4.0,6.0,True,False
RB-000912,Rift Bloom - Timboroa Farm,Yellow Babe,50.0,PREMIUM,40.0,86.0,3440.0,2024-10-13,,2024-10-19,2024-10-21,United Kingdom,Aalsmeer Direct,UNKNOWN,0.221,760.24,AIR FREIGHT,173.36,2.9,0.0,nan,NAN,5.0,False,False,False,,2.0,False,False
RB-001834,Rift Bloom - Timboroa Farm,Athena,60.0,A,10.0,92.0,920.0,2022-06-06,2022-08-06,2022-10-06,2022-06-11,Norway,FloraHolland Auction,EUR,0.383,352.36,AIR FREIGHT,436.94,2.6,0.0,nan,PAID,4.0,False,False,False,61.0,-117.0,False,False
RB-001723,Rift Bloom - Kapseret Farm,avalanche,50.0,A,10.0,142.0,1420.0,2025-05-13,2025-05-15,2025-05-19,2025-05-24,United Kingdom,FloraHolland Auction,UNKNOWN,0.504,715.68,UNKNOWN,289.33,4.2,0.0,nan,PENDING,4.0,False,False,False,4.0,5.0,True,False
RB-002134,Rift Bloom - Timboroa Farm,Cool Water,70.0,A,20.0,172.0,3440.0,2024-09-27,2024-09-28,2024-09-29,2024-09-30,United Arab Emirates,Tokyo Flower Market,NAN,0.406,1396.64,ROAD THEN AIR,559.58,,0.0,nan,OVERDUE,5.0,False,False,False,1.0,1.0,True,False
RB-001736,Rift Bloom - Kesses Farm,Yellow Babe,40.0,A,40.0,117.0,4680.0,2025-03-22,2025-03-22,2025-03-24,2025-03-30,United Kingdom,Bloomon BV,USD,0.326,1525.68,AIR FREIGHT,334.23,1.5,0.0,nan,NAN,5.0,False,False,False,2.0,6.0,True,False
RB-000933,rift bloom turbo farm,red naomi,60.0,A,40.0,119.0,4760.0,2024-03-18,2024-03-19,2024-03-20,2024-03-24,Poland,Dubai Flower Centre,USD,0.178,847.28,AIR FREIGHT,220.1,3.3,0.0,nan,NAN,4.0,False,False,False,1.0,4.0,True,False
RB-001101,Rift Bloom - Moiben Farm,Explorer,40.0,PREMIUM,40.0,143.0,5720.0,2026-04-23,2026-04-23,2026-04-27,2026-01-05,Norway,Interflora Russia,NAN,0.351,2007.72,NAN,105.05,2.1,0.0,nan,NAN,4.0,False,False,False,4.0,-112.0,False,False
RB-001844,Rift Bloom - Moiben Farm,Explorer,70.0,B,10.0,17.0,170.0,2022-04-13,2022-04-15,2022-04-19,2022-04-25,United Arab Emirates,Whole Foods Market,EUR,0.131,22.27,AIR FREIGHT,372.91,-0.6,0.0,nan,PAID,4.0,False,False,True,4.0,6.0,True,False
RB-001849,Rift Bloom - Turbo Farm,Yellow Babe,80.0,A,25.0,53.0,1325.0,2025-04-06,2025-06-05,2025-08-06,2025-06-10,Russia,Interflora Russia,USD,0.332,439.9,AIR FREIGHT,96.45,2.5,0.0,nan,PAID,4.0,False,False,False,62.0,-57.0,False,False
RB-002525,Rift Bloom - Kapseret Farm,Freedom,-50.0,A,25.0,103.0,2575.0,2024-10-18,2024-10-20,2024-10-24,2024-10-30,Russia,Bloomon BV,USD,0.494,1272.05,NAN,360.97,1.5,7.0,Undersized Stems,PENDING,4.0,False,False,False,4.0,6.0,True,False
RB-001695,Rift Bloom - Turbo Farm,Peach Avalanche,60.0,PREMIUM,25.0,46.0,1150.0,2022-04-16,2022-04-16,2022-04-17,2022-04-21,Switzerland,Marks & Spencer Flowers,EUR,0.064,73.6,AIR FREIGHT,46.46,2.7,0.0,nan,PAID,4.0,False,False,False,1.0,4.0,True,False
RB-000470,Rift Bloom - Moiben Farm,Vendela,-50.0,B,25.0,298.0,7450.0,2025-03-22,2025-03-22,2025-03-23,,Poland,Aalsmeer Direct,KES,36.4,271180.0,ROAD THEN AIR,477.28,0.6,0.0,nan,PAID,4.0,False,False,False,1.0,,False,False
RB-002274,Rift Bloom - Turbo Farm,Red Naomi,40.0,A,25.0,94.0,2350.0,2024-03-15,2024-03-16,2024-03-19,2024-03-25,Netherlands,M-Farm Traders,USD,0.167,392.45,AIR FREIGHT,285.24,,0.0,nan,PAID,4.0,False,False,False,3.0,6.0,True,False
RB-002823,Rift Bloom - Turbo Farm,Explorer,80.0,B,25.0,110.0,2750.0,2026-07-17,2026-07-17,2026-07-18,2026-07-23,Japan,M-Farm Traders,EUR,0.446,1226.5,AIR FREIGHT,560.31,3.3,0.0,nan,OVERDUE,4.0,False,False,False,1.0,5.0,True,False
RB-002380,Rift Bloom - Moiben Farm,Circus,50.0,nan,20.0,121.0,2420.0,2026-07-19,2026-07-20,,2026-07-25,Switzerland,Dubai Flower Centre,USD,0.256,619.52,AIR FREIGHT,458.17,3.3,0.0,nan,PAID,2.0,False,False,False,,,False,False
RB-000234,Rift Bloom - Turbo Farm,High & Magic,70.0,nan,20.0,221.0,4420.0,,2024-04-27,,2024-02-05,Norway,Carrefour Flowers,EUR,0.314,1387.88,AIR FREIGHT,474.66,0.9,0.0,nan,PENDING,5.0,False,False,False,,,False,False
RB-002524,Rift Bloom - Kapseret Farm,Vendela,60.0,PREMIUM,25.0,75.0,1875.0,2026-01-26,2026-01-28,2026-01-02,2026-02-05,Australia,Dubai Flower Centre,NAN,0.409,766.88,AIR FREIGHT,602.79,0.7,6.0,nan,PENDING,5.0,False,False,False,-26.0,34.0,False,False
RB-000882,Rift Bloom - Moiben Farm,RedNaomi,60.0,B,40.0,224.0,8960.0,2022-01-14,2022-01-14,2022-01-17,2022-01-23,uk,Interflora Russia,EUR,0.392,3512.32,AIR FREIGHT,416.44,1.5,0.0,nan,PAID,4.0,False,False,False,3.0,6.0,True,False
RB-002648,Rift Bloom - Turbo Farm,Peach Avalanche,70.0,B,20.0,110.0,2200.0,2022-09-10,2022-10-09,2022-12-10,2022-10-15,Russia,Aalsmeer Direct,USD,0.242,532.4,AIR FREIGHT,311.94,0.3,0.0,nan,PAID,5.0,False,False,False,62.0,-56.0,False,False
RB-001712,Rift Bloom - Ziwa Farm,High & Magic,500.0,PREMIUM,20.0,108.0,2160.0,2024-06-30,2024-06-30,2024-03-07,2024-09-07,Poland,Aalsmeer Direct,EUR,0.314,678.24,ROAD THEN AIR,588.42,3.4,0.0,nan,PENDING,4.0,False,False,False,-115.0,184.0,False,False
RB-000183,Rift Bloom - Ziwa Farm,High & Magic,80.0,A,40.0,155.0,6200.0,2026-02-06,2026-08-02,2026-02-12,2026-02-14,Australia,Marks & Spencer Flowers,EUR,0.469,2907.8,AIR FREIGHT,164.69,0.1,0.0,nan,OVERDUE,5.0,False,False,False,-171.0,2.0,False,False
RB-000989,Rift Bloom - Timboroa Farm,Tibet,70.0,C,10.0,150.0,1500.0,2025-01-26,2025-01-28,2025-01-29,2025-02-02,UAE,FloraHolland Auction,NAN,0.355,532.5,AIR FREIGHT,135.98,,7.0,Cold Chain Break,NAN,5.0,False,False,False,1.0,4.0,True,False
RB-001642,Rift Bloom - Ziwa Farm,Explorer,70.0,PREMIUM,25.0,203.0,5075.0,2024-09-21,2024-09-21,2024-09-24,2024-09-26,Germany,Carrefour Flowers,KES,99.97,507347.75,UNKNOWN,200.31,1.2,0.0,nan,PENDING,5.0,False,False,False,3.0,2.0,True,False
RB-001357,Rift Bloom - Ziwa Farm,Freedom,50.0,UNKNOWN,25.0,84.0,2100.0,2022-01-18,2022-01-18,2022-01-19,2022-01-22,USA,Dubai Flower Centre,EUR,0.344,722.4,ROAD THEN AIR,407.2,0.6,0.0,nan,PAID,5.0,False,False,False,1.0,3.0,True,False
RB-001463,Rift Bloom - Ziwa Farm,Explorer,70.0,B,25.0,68.0,1700.0,2025-05-19,2025-05-19,2025-05-22,2025-05-27,Japan,Aalsmeer Direct,EUR,0.255,433.5,AIR FREIGHT,280.35,2.0,0.0,nan,PAID,5.0,False,False,False,3.0,5.0,True,False
RB-001259,Rift Bloom - Turbo Farm,Sweetness,90.0,PREMIUM,10.0,61.0,610.0,2022-09-20,2022-09-22,2022-09-23,2022-09-28,Norway,FloraHolland Auction,EUR,0.464,283.04,AIR FREIGHT,917.61,1.0,0.0,nan,PENDING,5.0,False,False,False,1.0,5.0,True,False
RB-000611,Rift Bloom - Ziwa Farm,Freedom,70.0,C,20.0,55.0,1100.0,2023-09-26,2023-09-27,2023-09-29,2023-10-05,Japan,Whole Foods Market,USD,0.328,360.8,ROAD THEN AIR,305.19,2.2,0.0,nan,PAID,3.0,True,False,False,2.0,6.0,True,False
RB-002546,Rift Bloom - Moiben Farm,Explorer,40.0,STANDARD,20.0,97.0,1940.0,2025-08-03,2025-08-03,2025-09-03,2025-03-13,United kingdom,Blume2000,EUR,0.186,360.84,AIR FREIGHT,84.44,1.4,0.0,nan,NAN,5.0,False,False,False,31.0,-174.0,False,False
RB-001909,Rift Bloom - Ziwa Farm,Yellow Babe,40.0,B,40.0,161.0,6440.0,2022-08-30,2022-08-30,2022-09-03,2022-08-09,Norway,Bloomon BV,EUR,0.401,2582.44,UNKNOWN,56.69,0.7,0.0,nan,NAN,5.0,False,False,False,4.0,-25.0,False,False
RB-000107,Rift Bloom - Moiben Farm,Tibet,60.0,nan,20.0,35.0,700.0,2023-02-26,2023-02-28,2023-01-03,2023-03-05,Germany,Blume2000,USD,0.322,225.4,AIR FREIGHT,35.08,1.3,0.0,nan,PAID,4.0,False,False,False,-56.0,61.0,False,False
RB-000444,Rift Bloom - Timboroa Farm,Circus,500.0,B,10.0,105.0,1050.0,2022-03-15,2022-03-15,2022-03-18,2022-03-20,Australia,Whole Foods Market,USD,0.441,463.05,AIR FREIGHT,299.92,1.3,0.0,nan,PAID,4.0,False,False,False,3.0,2.0,True,False
RB-001955,Rift Bloom - Ziwa Farm,High & Magic,80.0,A,20.0,110.0,2200.0,2023-09-13,2023-09-14,2023-09-15,2023-09-21,Poland,Blume2000,EUR,0.178,391.6,AIR FREIGHT,368.98,5.0,0.0,nan,NAN,4.0,False,False,False,1.0,6.0,True,False
RB-000647,Rift Bloom - Moiben Farm,Tibet,50.0,C,40.0,30.0,1200.0,2022-12-07,2022-07-12,2022-11-12,2022-12-12,Switzerland,Local Wholesaler - Eldoret,EUR,0.332,398.4,UNKNOWN,589.17,2.6,52.0,Undersized Stems,NAN,5.0,False,False,False,123.0,30.0,True,False
RB-001763,Rift Bloom - Moiben Farm,High & Magic,60.0,B,10.0,90.0,900.0,2022-08-10,,2022-08-12,2022-08-16,Russia,Tokyo Flower Market,USD,0.461,414.9,AIR FREIGHT,548.92,18.7,0.0,nan,NAN,5.0,False,False,False,,4.0,False,False
RB-000727,Rift Bloom - Moiben Farm,Avalanche,50.0,C,10.0,99.0,990.0,2026-02-02,2026-02-02,2026-03-02,2026-04-02,Netherlands,Tokyo Flower Market,EUR,0.479,474.21,NAN,31.17,1.8,0.0,nan,PENDING,5.0,False,False,False,28.0,31.0,True,False
RB-002239,Rift Bloom - Moiben Farm,Tibet,50.0,C,40.0,79.0,3160.0,2023-03-29,2023-03-29,2023-04-01,2023-04-04,France,Whole Foods Market,NAN,0.27,853.2,AIR FREIGHT,188.36,1.4,33.0,Botrytis,PAID,4.0,False,False,False,3.0,3.0,True,False
RB-001857,Rift Bloom - Turbo Farm,Vendela,70.0,A,25.0,264.0,6600.0,2023-07-29,2023-07-31,2023-08-02,2023-08-03,Poland,Blume2000,USD,0.353,2329.8,NAN,104.37,2.8,0.0,nan,OVERDUE,4.0,False,False,False,2.0,1.0,True,False
RB-000030,Rift Bloom - Ziwa Farm,Red-Naomi,90.0,B,10.0,245.0,2450.0,2022-11-11,2022-11-13,2022-11-14,2022-11-20,U.K.,Dubai Flower Centre,USD,0.257,629.65,NAN,626.96,1.5,0.0,nan,OVERDUE,5.0,False,False,False,1.0,6.0,True,False
RB-000170,Rift Bloom - Kapseret Farm,Freedom,70.0,B,10.0,174.0,1740.0,2024-01-16,2024-01-17,2024-01-19,2024-01-22,Norway,Local Wholesaler - Eldoret,USD,0.512,890.88,ROAD THEN AIR,,,0.0,None,PAID,3.0,False,False,False,2.0,3.0,True,False
RB-002149,Rift Bloom - Ziwa Farm,Circus,60.0,STANDARD,10.0,55.0,550.0,2022-12-07,2022-07-12,2022-09-12,2022-10-12,Japan,Marks & Spencer Flowers,EUR,0.42,231.0,AIR FREIGHT,97.54,4.1,0.0,nan,OVERDUE,4.0,False,False,False,62.0,30.0,True,False
RB-002027,Rift Bloom - Ziwa Farm,Pink Floyd,70.0,PREMIUM,25.0,69.0,1725.0,2023-03-05,2023-03-07,2023-03-08,2023-03-13,Norway,Interflora Russia,NAN,0.477,822.82,NAN,211.93,,0.0,nan,PENDING,4.0,False,False,False,1.0,5.0,True,False
RB-000648,Rift Bloom - Moiben Farm,Pink Floyd,70.0,PREMIUM,20.0,100.0,2000.0,2025-02-04,2025-02-04,2025-05-02,2025-02-07,U.K.,Blume2000,KES,27.82,55640.0,AIR FREIGHT,74.86,1.9,0.0,nan,NAN,5.0,False,False,False,87.0,-84.0,False,False
RB-000045,Rift Bloom - Kapseret Farm,Pink Floyd,70.0,B,40.0,53.0,2120.0,2025-12-28,2025-12-30,2026-01-01,2026-01-04,United Arab Emirates,FloraHolland Auction,KES,60.32,127878.4,AIR FREIGHT,51.32,,0.0,nan,PAID,5.0,False,False,False,2.0,3.0,True,False
RB-002759,Rift Bloom - Kesses Farm,Athena,90.0,STANDARD,25.0,159.0,3975.0,2026-01-27,2026-01-28,2026-01-29,2026-01-30,Russia,Whole Foods Market,EUR,0.158,628.05,NAN,94.99,1.2,0.0,nan,NAN,4.0,False,False,False,1.0,1.0,True,False
RB-000679,Rift Bloom - Turbo Farm,freedom,60.0,nan,10.0,118.0,1180.0,2024-07-25,,2024-07-30,2024-08-05,Japan,Interflora Russia,KES,9.62,11351.6,AIR FREIGHT,258.63,3.7,0.0,nan,NAN,5.0,False,False,False,,6.0,False,False
RB-000567,Rift Bloom - Timboroa Farm,High & Magic,60.0,STANDARD,25.0,83.0,2075.0,2024-04-02,2024-04-02,2024-04-04,2024-07-04,Netherlands,Aalsmeer Direct,EUR,0.352,730.4,AIR FREIGHT,,2.7,0.0,nan,PAID,5.0,False,False,False,2.0,91.0,True,False
RB-000461,Rift Bloom - Kesses Farm,High & Magic,80.0,B,40.0,165.0,6600.0,2023-07-26,2023-07-26,2023-07-28,2023-08-02,Norway,Carrefour Flowers,KES,41.47,273702.0,AIR FREIGHT,69.54,,0.0,nan,PAID,4.0,False,False,False,2.0,5.0,True,False
RB-001933,Rift Bloom - Moiben Farm,Sweetness,50.0,C,10.0,49.0,490.0,2026-01-01,2026-01-01,2026-04-01,2026-01-06,Poland,Bloomon BV,UNKNOWN,0.338,165.62,AIR FREIGHT,311.09,0.8,0.0,nan,PENDING,4.0,False,False,False,90.0,-85.0,False,False
RB-001156,Rift Bloom - Moiben Farm,Cool Water,80.0,A,10.0,225.0,2250.0,2026-02-15,2026-02-15,2026-02-16,2026-02-20,United Arab Emirates,Carrefour Flowers,EUR,0.492,1107.0,AIR FREIGHT,62.86,1.6,0.0,nan,NAN,4.0,False,False,False,1.0,4.0,True,False
RB-000040,Rift Bloom - Moiben Farm,Tibet,40.0,A,10.0,233.0,2330.0,2023-11-02,2023-02-13,2023-02-14,2023-02-20,UAE,Blume2000,USD,0.358,834.14,UNKNOWN,412.01,1.1,0.0,nan,PENDING,3.0,False,False,False,1.0,6.0,True,False
RB-002483,Rift Bloom - Turbo Farm,Mondial,50.0,PREMIUM,40.0,101.0,4040.0,2022-03-17,2022-03-17,2022-03-19,2022-03-20,Japan,Blume2000,USD,0.458,1850.32,AIR FREIGHT,512.83,-2.0,0.0,None,PAID,5.0,False,False,True,2.0,1.0,True,False
RB-000974,Rift Bloom - Kapseret Farm,Athena,70.0,A,20.0,344.0,6880.0,2023-10-04,2023-06-10,2023-10-10,2023-11-10,Japan,Bloomon BV,UNKNOWN,0.442,3040.96,AIR FREIGHT,145.39,2.0,0.0,nan,NAN,3.0,False,False,False,122.0,31.0,True,False
RB-001499,Rift Bloom - Ziwa Farm,Red-Naomi,70.0,A,25.0,41.0,1025.0,2023-10-18,2023-10-19,2023-10-21,2023-10-25,USA,M-Farm Traders,EUR,0.304,311.6,AIR FREIGHT,43.03,0.8,0.0,nan,NAN,3.0,False,False,False,2.0,4.0,True,False
RB-001836,Rift Bloom - Ziwa Farm,Yellow Babe,60.0,B,10.0,103.0,1030.0,2025-10-08,2025-11-08,2025-08-13,2025-08-19,Switzerland,Bloomon BV,USD,0.245,252.35,NAN,490.74,2.2,7.0,Undersized Stems,PAID,4.0,False,False,False,-87.0,6.0,False,False
RB-001841,Rift Bloom - Ziwa Farm,Tibet,40.0,nan,20.0,78.0,1560.0,2023-12-07,2023-07-13,2023-07-17,,USA,Blume2000,EUR,0.501,781.56,AIR FREIGHT,100.97,,0.0,nan,PENDING,4.0,False,False,False,4.0,,False,False
RB-000828,Rift Bloom - Kapseret Farm,Sweetness,50.0,STANDARD,20.0,144.0,2880.0,2025-07-10,2025-11-07,2025-07-14,2025-07-17,United Arab Emirates,Aalsmeer Direct,NAN,0.349,1005.12,NAN,65.85,2.4,0.0,nan,PAID,4.0,False,False,False,-116.0,3.0,False,False
RB-002045,Rift Bloom - Moiben Farm,Athena,70.0,STANDARD,10.0,248.0,2480.0,2025-03-01,2025-01-04,2025-08-01,2025-01-13,USA,Bloomon BV,USD,0.47,1165.6,NAN,73.34,2.5,0.0,nan,PENDING,5.0,False,False,False,209.0,-200.0,False,False
RB-000277,Rift Bloom - Ziwa Farm,High & Magic,90.0,C,25.0,136.0,3400.0,2022-08-12,2022-08-13,2022-08-15,2022-08-19,Switzerland,Dubai Flower Centre,EUR,0.223,758.2,ROAD THEN AIR,119.0,-0.5,0.0,nan,PENDING,5.0,False,False,True,2.0,4.0,True,False
RB-000637,Rift Bloom - Turbo Farm,Circus,60.0,nan,10.0,143.0,1430.0,2023-01-18,2023-01-20,2023-01-21,2023-01-22,Holland,Carrefour Flowers,EUR,0.281,401.83,ROAD THEN AIR,493.36,1.5,0.0,nan,PAID,3.0,False,False,False,1.0,1.0,True,False
RB-000655,Rift Bloom - Kapseret Farm,Cool Water,70.0,PREMIUM,20.0,35.0,700.0,2025-07-25,2025-07-27,2025-07-29,2025-07-30,Netherlands,Carrefour Flowers,EUR,0.119,83.3,AIR FREIGHT,95.96,6.1,33.0,Stem Bent,PENDING,4.0,False,False,False,2.0,1.0,True,False
RB-001860,Rift Bloom - Kapseret Farm,Explorer,40.0,STANDARD,40.0,183.0,7320.0,2023-08-12,2023-12-10,2023-11-12,2023-12-16,Russia,Interflora Russia,EUR,0.234,1712.88,AIR FREIGHT,181.51,2.4,0.0,nan,NAN,3.0,False,False,False,-28.0,34.0,False,False
RB-000845,Rift Bloom - Kapseret Farm,Tibet,90.0,A,20.0,140.0,2800.0,2024-11-25,2024-11-26,2024-11-28,2024-12-01,Germany,Interflora Russia,KES,71.37,199836.0,UNKNOWN,947.03,4.7,18.0,nan,PENDING,5.0,False,False,False,2.0,3.0,True,False
RB-000394,Rift Bloom - Kesses Farm,Vendela,80.0,A,20.0,67.0,1340.0,2024-08-11,2024-08-13,2024-08-16,2024-08-17,Poland,Bloomon BV,EUR,0.503,674.02,AIR FREIGHT,539.4,1.2,0.0,nan,PAID,4.0,False,False,False,3.0,1.0,True,False
RB-000785,Rift Bloom - Turbo Farm,Freedom,50.0,PREMIUM,40.0,65.0,2600.0,2021-12-31,2022-01-02,2022-03-01,2022-01-08,Switzerland,Blume2000,USD,0.355,923.0,AIR FREIGHT,175.1,0.8,0.0,nan,NAN,1.0,False,False,False,58.0,-52.0,False,False
RB-000048,Rift Bloom - Ziwa Farm,Avalanche,70.0,A,20.0,59.0,1180.0,2025-07-04,2025-07-04,2025-08-04,2025-10-04,Germany,Local Wholesaler - Eldoret,USD,0.276,325.68,AIR FREIGHT,856.78,3.1,0.0,nan,PAID,5.0,False,False,False,31.0,61.0,True,False
RB-002252,Rift Bloom - Turbo Farm,Athena,70.0,A,40.0,235.0,9400.0,2025-06-07,2025-07-06,2025-11-06,2025-06-12,Switzerland,Tokyo Flower Market,KES,34.58,325052.0,AIR FREIGHT,231.56,2.3,0.0,nan,PENDING,5.0,False,False,False,123.0,-147.0,False,False
RB-002070,Rift Bloom - Kapseret Farm,Explorer,60.0,A,20.0,166.0,3320.0,2026-01-31,2026-02-01,2026-02-02,2026-02-05,Switzerland,Local Wholesaler - Eldoret,KES,17.42,57834.4,NAN,164.77,1.7,0.0,nan,NAN,4.0,False,False,False,1.0,3.0,True,False
RB-000403,Rift Bloom - Timboroa Farm,Circus,50.0,PREMIUM,40.0,377.0,15080.0,2023-02-15,2023-02-16,2023-02-17,2023-02-19,United Kingdom,Carrefour Flowers,EUR,0.363,5474.04,UNKNOWN,532.29,,35.0,Wilting,PAID,4.0,False,False,False,1.0,2.0,True,False
RB-002002,Rift Bloom - Ziwa Farm,Mondial,80.0,A,20.0,32.0,640.0,2024-08-03,2024-03-08,2024-05-08,2024-08-09,Russia,Aalsmeer Direct,KES,35.23,22547.2,NAN,282.53,0.9,0.0,nan,OVERDUE,4.0,False,False,False,61.0,93.0,True,False
RB-000990,Rift Bloom - Kapseret Farm,Explorer,50.0,UNKNOWN,25.0,166.0,4150.0,2023-11-05,2023-05-11,2023-11-07,2023-11-10,Australia,Marks & Spencer Flowers,EUR,0.434,1801.1,AIR FREIGHT,198.3,2.5,0.0,nan,PAID,3.0,False,False,False,180.0,3.0,True,False
RB-001866,Rift Bloom - Kesses Farm,Mondial,90.0,STANDARD,40.0,108.0,4320.0,2024-02-21,2024-02-23,2024-02-24,2024-02-27,NL,FloraHolland Auction,USD,0.202,872.64,AIR FREIGHT,200.57,3.2,0.0,nan,NAN,3.0,False,False,False,1.0,3.0,True,False
RB-002790,Rift Bloom - Turbo Farm,Mondial,50.0,B,40.0,57.0,2280.0,2025-05-24,2025-05-24,2025-05-25,,United Kingdom,Bloomon BV,USD,0.488,1112.64,AIR FREIGHT,423.49,0.0,0.0,nan,PENDING,5.0,False,False,False,1.0,,False,False
RB-001311,Rift Bloom - Turbo Farm,Mondial,50.0,B,40.0,118.0,4720.0,2025-08-29,2025-08-30,2025-09-01,2025-02-09,Australia,Whole Foods Market,NAN,0.282,1331.04,AIR FREIGHT,138.46,1.1,0.0,nan,PENDING,3.0,False,False,False,2.0,-204.0,False,False
RB-000034,rift bloom turbo farm,Explorer,50.0,PREMIUM,10.0,58.0,580.0,2023-06-01,2023-01-06,2023-04-06,2023-09-06,Russia,Whole Foods Market,EUR,0.327,189.66,AIR FREIGHT,247.7,1.8,10.0,Stem Bent,PENDING,5.0,False,False,False,90.0,153.0,True,False
RB-000788,Rift Bloom - Ziwa Farm,Explorer,60.0,PREMIUM,20.0,66.0,1320.0,2026-02-18,2026-02-20,2026-02-24,,Germany,FloraHolland Auction,EUR,0.467,616.44,AIR FREIGHT,137.48,1.2,0.0,nan,PENDING,4.0,False,False,False,4.0,,False,False
RB-002972,Rift Bloom - Timboroa Farm,Explorer,40.0,A,10.0,77.0,770.0,2026-10-02,2026-02-10,2026-02-13,2026-02-17,Germany,Tokyo Flower Market,KES,63.31,48748.7,UNKNOWN,243.45,4.0,0.0,nan,PENDING,4.0,False,False,False,3.0,4.0,True,False
RB-001044,Rift Bloom - Timboroa Farm,Avalanche,40.0,STANDARD,20.0,159.0,3180.0,2022-06-24,2022-06-24,2022-06-26,2022-06-30,Australia,Marks & Spencer Flowers,USD,0.326,1036.68,UNKNOWN,238.38,1.7,0.0,nan,PAID,1.0,False,False,False,2.0,4.0,True,False
RB-000482,Rift Bloom - Kapseret Farm,Freedom,50.0,C,25.0,180.0,4500.0,2025-02-11,2025-04-11,2025-05-11,,United Kingdom,Whole Foods Market,EUR,0.599,2695.5,AIR FREIGHT,471.03,0.5,0.0,nan,PAID,3.0,False,False,False,30.0,,False,False
RB-002530,Rift Bloom - Kesses Farm,Freedom,40.0,A,25.0,254.0,6350.0,2026-11-01,2026-01-12,2026-01-15,2026-01-18,Switzerland,Bloomon BV,EUR,0.125,793.75,AIR FREIGHT,90.03,-0.1,0.0,nan,PAID,4.0,False,False,True,3.0,3.0,True,False
RB-000932,Rift Bloom - Kapseret Farm,Vendela,60.0,PREMIUM,20.0,83.0,1660.0,2022-08-07,2022-07-10,2022-07-12,2022-07-15,Russia,Carrefour Flowers,EUR,0.429,712.14,NAN,558.7,1.1,39.0,Cold Chain Break,PENDING,3.0,False,False,False,2.0,3.0,True,False
RB-002405,Rift Bloom - Turbo Farm,Peach Avalanche,60.0,A,20.0,52.0,1040.0,2025-09-17,2025-09-18,2025-09-22,2025-09-25,United Arab Emirates,Marks & Spencer Flowers,USD,0.406,422.24,AIR FREIGHT,718.61,1.9,0.0,nan,NAN,4.0,False,False,False,4.0,3.0,True,False
RB-001249,Rift Bloom - Kapseret Farm,Tibet,60.0,B,10.0,157.0,1570.0,2025-03-31,2025-04-02,2025-04-05,2025-04-07,Australia,Dubai Flower Centre,USD,0.462,725.34,AIR FREIGHT,173.94,1.7,0.0,nan,NAN,3.0,False,False,False,3.0,2.0,True,False
RB-000760,Rift Bloom - Timboroa Farm,Red Naomi,70.0,PREMIUM,20.0,59.0,1180.0,2025-09-02,2025-02-11,2025-02-13,2025-02-18,USA,Bloomon BV,USD,0.296,349.28,ROAD THEN AIR,259.26,,0.0,nan,PAID,3.0,False,False,False,2.0,5.0,True,False
RB-001176,Rift Bloom - Moiben Farm,Mondial,50.0,PREMIUM,25.0,22.0,550.0,,2025-09-28,2025-09-29,2025-03-10,Norway,Bloomon BV,EUR,0.318,174.9,ROAD THEN AIR,169.54,,0.0,nan,PENDING,4.0,False,False,False,1.0,-203.0,False,False
RB-001416,Rift Bloom - Turbo Farm,High & Magic,60.0,B,40.0,40.0,1600.0,2025-06-21,2025-06-22,2025-06-23,2025-06-29,Netherlands,FloraHolland Auction,EUR,0.169,270.4,AIR FREIGHT,,0.4,0.0,nan,PAID,4.0,False,False,False,1.0,6.0,True,False
RB-001342,Rift Bloom - Ziwa Farm,Freedom,60.0,STANDARD,10.0,80.0,800.0,2022-01-18,2022-01-20,2022-01-24,2022-01-25,UAE,Aalsmeer Direct,EUR,0.495,396.0,ROAD THEN AIR,850.16,,0.0,nan,PENDING,4.0,False,False,False,4.0,1.0,True,False
RB-002852,Rift Bloom - Kesses Farm,Explorer,40.0,B,20.0,66.0,1320.0,2023-05-24,2023-05-26,2023-05-27,2023-05-31,Japan,M-Farm Traders,USD,0.206,271.92,AIR FREIGHT,702.86,3.6,10.0,Wilting,NAN,4.0,False,False,False,1.0,4.0,True,False
RB-002794,Rift Bloom - Moiben Farm,Explorer,70.0,A,20.0,58.0,1160.0,2024-10-21,2024-10-21,2024-10-24,2024-10-28,Switzerland,Local Wholesaler - Eldoret,EUR,0.248,287.68,AIR FREIGHT,364.52,1.6,0.0,nan,NAN,5.0,False,False,False,3.0,4.0,True,False
RB-001608,Rift Bloom - Kapseret Farm,High & Magic,50.0,C,20.0,152.0,3040.0,2022-01-08,2022-01-08,2022-11-01,2022-01-16,USA,Tokyo Flower Market,EUR,0.193,586.72,ROAD THEN AIR,348.73,2.7,0.0,nan,OVERDUE,5.0,False,False,False,297.0,-289.0,False,False
RB-000765,Rift Bloom - Kapseret Farm,Vendela,60.0,A,40.0,108.0,4320.0,2023-06-07,2023-07-07,2023-07-11,2023-07-16,Poland,Bloomon BV,USD,0.337,1455.84,AIR FREIGHT,334.33,0.2,30.0,nan,PAID,4.0,False,False,False,4.0,5.0,True,False
RB-002653,Rift Bloom - Moiben Farm,RedNaomi,40.0,STANDARD,25.0,90.0,2250.0,2025-12-20,2025-12-21,2025-12-22,2025-12-25,Switzerland,Dubai Flower Centre,EUR,0.331,744.75,AIR FREIGHT,146.26,4.2,0.0,nan,NAN,4.0,False,False,False,1.0,3.0,True,False
RB-000310,Rift Bloom - Ziwa Farm,Avalanche+,50.0,nan,10.0,210.0,2100.0,2025-05-29,2025-05-29,2025-05-30,2025-05-06,Germany,M-Farm Traders,NAN,0.599,1257.9,AIR FREIGHT,332.01,2.8,0.0,nan,PENDING,5.0,False,False,False,1.0,-24.0,False,False
RB-001374,Rift Bloom - Moiben Farm,Athena,40.0,A,10.0,96.0,960.0,2025-02-24,2025-02-26,2025-02-27,2025-03-01,Australia,FloraHolland Auction,USD,0.195,187.2,AIR FREIGHT,,2.9,0.0,nan,PENDING,5.0,False,False,False,1.0,2.0,True,False
RB-001952,Rift Bloom - Kapseret Farm,Freedom,70.0,C,20.0,80.0,1600.0,2023-09-24,2023-09-25,2023-09-26,2023-09-27,Switzerland,Local Wholesaler - Eldoret,KES,39.91,63856.0,AIR FREIGHT,246.14,1.4,0.0,nan,NAN,4.0,False,False,False,1.0,1.0,True,False
RB-001729,Rift Bloom - Timboroa Farm,Explorer,80.0,A,10.0,161.0,1610.0,2026-02-17,2026-02-18,2026-02-19,2026-02-24,Poland,Tokyo Flower Market,EUR,0.346,5570.6,AIR FREIGHT,6.21,0.5,17.0,Bud Blast,PAID,3.0,False,False,False,1.0,5.0,True,False
RB-000258,Rift Bloom - Moiben Farm,Circus,70.0,A,40.0,108.0,4320.0,2025-12-13,2025-12-13,2025-12-15,2025-12-18,Australia,Dubai Flower Centre,USD,0.694,2998.08,ROAD THEN AIR,225.9,,0.0,nan,OVERDUE,2.0,False,False,False,2.0,3.0,True,False
RB-001220,Rift Bloom - Ziwa Farm,Red-Naomi,60.0,STANDARD,10.0,76.0,760.0,2025-02-23,,2025-02-24,2025-02-25,Norway,FloraHolland Auction,EUR,0.322,244.72,AIR FREIGHT,347.94,,0.0,None,PAID,4.0,False,False,False,,1.0,False,False
RB-001162,Rift Bloom - Moiben Farm,Yellow Babe,70.0,C,40.0,59.0,2360.0,2023-11-15,2023-11-15,2023-11-19,2023-11-20,Germany,Tokyo Flower Market,EUR,0.207,488.52,ROAD THEN AIR,413.34,3.4,0.0,nan,PAID,3.0,False,False,False,4.0,1.0,True,False
RB-000773,Rift Bloom - Ziwa Farm,Athena,50.0,UNKNOWN,20.0,113.0,2260.0,2026-06-23,2026-06-23,2026-06-24,2026-06-25,Germany,Tokyo Flower Market,EUR,0.293,662.18,ROAD THEN AIR,,1.0,0.0,nan,NAN,5.0,False,False,False,1.0,1.0,True,False
RB-002599,Rift Bloom - Timboroa Farm,Athena,40.0,A,10.0,234.0,2340.0,2022-11-07,2022-07-11,2022-07-15,2022-07-16,Japan,Aalsmeer Direct,EUR,0.279,652.86,AIR FREIGHT,747.51,0.0,0.0,nan,PAID,4.0,False,False,False,4.0,1.0,True,False
RB-002250,Rift Bloom - Timboroa Farm,Mondial,50.0,A,10.0,166.0,1660.0,2024-12-30,2025-01-01,2025-01-05,2025-10-01,Germany,Dubai Flower Centre,EUR,0.336,557.76,NAN,163.09,2.5,0.0,nan,NAN,4.0,False,False,False,4.0,269.0,True,False
RB-000313,Rift Bloom - Ziwa Farm,RedNaomi,70.0,C,40.0,127.0,5080.0,2022-10-24,2022-10-25,2022-10-26,2022-10-29,Poland,Carrefour Flowers,EUR,0.496,2519.68,AIR FREIGHT,145.82,2.3,0.0,nan,PAID,4.0,False,False,False,1.0,3.0,True,False
RB-000291,Rift Bloom - Turbo Farm,Cool Water,50.0,C,40.0,89.0,3560.0,2025-05-09,2025-07-09,2025-09-09,2025-09-14,Australia,Interflora Russia,USD,0.501,1783.56,NAN,702.7,0.7,0.0,nan,PENDING,4.0,False,False,False,62.0,5.0,True,False
RB-002998,Rift Bloom - Moiben Farm,Explorer,60.0,C,10.0,138.0,1380.0,2025-12-29,,2026-01-04,2026-09-01,Netherlands,Whole Foods Market,USD,0.299,412.62,AIR FREIGHT,473.69,2.7,6.0,Undersized Stems,NAN,4.0,False,False,False,,240.0,False,False
RB-000184,Rift Bloom - Ziwa Farm,Explorer,50.0,C,20.0,109.0,2180.0,2026-05-28,2026-05-30,2026-03-06,2026-07-06,United Arab Emirates,M-Farm Traders,EUR,0.297,647.46,AIR FREIGHT,288.61,3.7,0.0,nan,PAID,4.0,False,False,False,-85.0,122.0,False,False
RB-001177,Rift Bloom - Kapseret Farm,Mondial,50.0,B,20.0,205.0,4100.0,2023-10-12,2023-10-13,2023-10-16,2023-10-19,USA,Interflora Russia,NAN,0.353,1447.3,AIR FREIGHT,188.64,0.2,21.0,-,OVERDUE,3.0,False,False,False,3.0,3.0,True,True
RB-001350,Rift Bloom - Moiben Farm,Circus,70.0,nan,20.0,126.0,2520.0,2024-02-14,2024-02-14,2024-02-16,2024-02-19,United Kingdom,Bloomon BV,USD,0.41,1033.2,AIR FREIGHT,197.97,3.9,15.0,Stem Bent,PAID,4.0,False,False,False,2.0,3.0,True,False
RB-002299,Rift Bloom - Kesses Farm,Vendela,60.0,A,40.0,46.0,1840.0,2025-12-25,2025-12-26,2025-12-30,2026-03-01,Norway,Interflora Russia,EUR,0.197,362.48,AIR FREIGHT,356.79,1.1,0.0,nan,NAN,4.0,False,False,False,4.0,61.0,True,False
RB-002872,Rift Bloom - Moiben Farm,RedNaomi,50.0,PREMIUM,40.0,34.0,1360.0,2024-12-08,2024-08-14,2024-08-18,2024-08-21,Germany,Aalsmeer Direct,KES,51.87,70543.2,AIR FREIGHT,508.51,2.2,0.0,nan,PENDING,5.0,False,False,False,4.0,3.0,True,False
RB-002989,Rift Bloom - Timboroa Farm,Pink Floyd,90.0,nan,20.0,124.0,2480.0,2022-01-13,2022-01-13,2022-01-16,2022-01-19,Japan,FloraHolland Auction,NAN,0.454,1125.92,ROAD THEN AIR,318.27,3.3,0.0,nan,OVERDUE,2.0,False,False,False,3.0,3.0,True,False
RB-000392,Rift Bloom - Kapseret Farm,Yellow Babe,70.0,A,40.0,117.0,4680.0,2024-08-09,2024-11-08,2024-08-15,2024-08-17,France,Marks & Spencer Flowers,KES,53.69,251269.2,ROAD THEN AIR,91.49,0.5,0.0,nan,PAID,3.0,False,False,False,-85.0,2.0,False,False
RB-001920,Rift Bloom - Ziwa Farm,Avalanche,70.0,A,25.0,118.0,2950.0,2023-08-23,2023-08-24,2023-08-28,2023-03-09,USA,Carrefour Flowers,USD,0.295,870.25,ROAD THEN AIR,386.84,1.6,0.0,nan,PENDING,4.0,False,False,False,4.0,-172.0,False,False
RB-001457,Rift Bloom - Turbo Farm,Avalanche,50.0,C,40.0,118.0,4720.0,2023-10-27,2023-10-28,2023-10-29,2023-11-02,Norway,Tokyo Flower Market,USD,0.42,1982.4,AIR FREIGHT,314.31,1.3,0.0,nan,PENDING,4.0,False,False,False,1.0,4.0,True,False
RB-002023,Rift Bloom - Moiben Farm,Mondial,60.0,PREMIUM,10.0,170.0,1700.0,2025-03-16,2025-03-17,2025-03-18,2025-03-20,France,Blume2000,KES,43.16,73372.0,AIR FREIGHT,405.44,1.4,0.0,nan,PAID,5.0,False,False,False,1.0,2.0,True,False
RB-002779,Rift Bloom - Turbo Farm,High & Magic,60.0,B,25.0,222.0,5550.0,2023-06-06,2023-08-06,2023-10-06,2023-11-06,United Arab Emirates,Bloomon BV,EUR,0.479,2658.45,NAN,512.55,0.3,0.0,nan,PAID,4.0,False,False,False,61.0,31.0,True,False
RB-002603,Rift Bloom - Kesses Farm,Explorer,70.0,B,40.0,89.0,3560.0,2024-01-22,2024-01-24,2024-01-26,2024-01-30,uk,Dubai Flower Centre,EUR,0.489,1740.84,AIR FREIGHT,193.15,1.1,0.0,nan,PAID,4.0,False,False,False,2.0,4.0,True,False
RB-002584,Rift Bloom - Turbo Farm,Sweetness,40.0,B,25.0,186.0,4650.0,2026-03-18,2026-03-19,2026-03-20,2026-03-21,netherlands,Tokyo Flower Market,USD,0.504,2343.6,AIR FREIGHT,,3.9,0.0,nan,OVERDUE,3.0,False,False,False,1.0,1.0,True,False
RB-001640,Rift Bloom - Moiben Farm,Explorer,70.0,B,40.0,105.0,4200.0,2022-11-27,2022-11-28,2022-11-29,2022-11-30,Switzerland,Dubai Flower Centre,EUR,0.328,1377.6,NAN,202.95,3.1,48.0,nan,NAN,5.0,False,False,False,1.0,1.0,True,False
RB-000920,Rift Bloom - Kesses Farm,Athena,70.0,A,20.0,88.0,1760.0,2024-11-15,2024-11-15,2024-11-16,2024-11-20,Norway,FloraHolland Auction,USD,0.272,478.72,AIR FREIGHT,378.79,1.1,0.0,nan,PENDING,5.0,False,False,False,1.0,4.0,True,False
RB-001604,Rift Bloom - Kesses Farm,Circus,40.0,A,20.0,39.0,780.0,2026-07-30,2026-07-31,2026-03-08,2026-08-08,USA,Blume2000,USD,0.202,157.56,AIR FREIGHT,,2.1,0.0,nan,PAID,5.0,False,False,False,-145.0,153.0,False,False
RB-002551,Rift Bloom - Timboroa Farm,Explorer,70.0,A,40.0,131.0,5240.0,2026-05-08,2026-08-06,2026-08-10,2026-12-08,United Kingdom,Tokyo Flower Market,KES,22.62,118528.8,AIR FREIGHT,459.86,,0.0,None,PAID,4.0,False,False,False,4.0,120.0,True,False
RB-001221,Rift Bloom - Timboroa Farm,Explorer,90.0,A,25.0,80.0,2000.0,2025-01-24,2025-01-24,2025-01-28,2025-01-29,Japan,Dubai Flower Centre,USD,0.25,500.0,AIR FREIGHT,310.37,16.5,0.0,nan,PENDING,3.0,False,False,False,4.0,1.0,True,False
RB-000176,Rift Bloom - Timboroa Farm,Tibet,60.0,PREMIUM,20.0,350.0,7000.0,2025-03-21,2025-03-22,2025-03-23,2025-03-24,Switzerland,Tokyo Flower Market,KES,72.41,506870.0,AIR FREIGHT,18.97,3.8,0.0,nan,PENDING,4.0,False,False,False,1.0,1.0,True,False
